transaction_id,portfolio_id,instrument_id,txn_date,txn_type,quantity,price,fees,amount
1,1,35,2025-01-28,BUY,3513.0,148.47,569.98,-522145.09
2,1,2,2025-01-30,BUY,253.0,710.53,135.47,-179899.56
3,1,27,2025-01-30,BUY,183.0,1295.42,212.58,-237274.44
4,3,69,2025-02-06,BUY,121.0,2808.03,717.24,-340488.87
5,3,8,2025-02-07,BUY,321.0,598.35,501.13,-192571.48
6,3,73,2025-02-07,BUY,429.0,671.47,451.47,-288512.1
7,1,35,2025-02-10,DIVIDEND,0.0,0.0,0.0,1650.57
8,2,36,2025-02-10,BUY,526.0,549.32,275.2,-289217.52
9,3,63,2025-02-10,BUY,1403.0,137.86,544.46,-193962.04
10,4,31,2025-02-10,BUY,186.0,2129.32,907.19,-396960.71
11,1,17,2025-02-11,BUY,173.0,2386.68,786.65,-413682.29
12,2,29,2025-02-12,BUY,162.0,1585.4,330.23,-257165.03
13,1,24,2025-02-13,BUY,433.0,419.19,333.25,-181842.52
14,2,14,2025-02-13,BUY,371.0,829.78,427.21,-308275.59
15,3,15,2025-02-14,BUY,210.0,587.78,288.46,-123722.26
16,3,69,2025-02-14,SELL,104.0,2693.38,253.6,279857.92
17,5,17,2025-02-14,BUY,195.0,2458.52,575.25,-479986.65
18,5,17,2025-02-17,DIVIDEND,0.0,0.0,0.0,5694.86
19,2,14,2025-02-21,DIVIDEND,0.0,0.0,0.0,3782.21
20,2,51,2025-02-21,BUY,327.0,1295.66,1148.01,-424828.83
21,3,16,2025-02-21,BUY,470.0,419.06,205.43,-197163.63
22,2,49,2025-02-24,BUY,225.0,1821.1,825.15,-410572.65
23,4,31,2025-02-25,DIVIDEND,0.0,0.0,0.0,2378.31
24,7,98,2025-02-27,BUY,918.0,329.9,733.68,-303581.88
25,7,98,2025-02-27,DIVIDEND,0.0,0.0,0.0,2378.41
26,1,17,2025-02-28,DIVIDEND,0.0,0.0,0.0,4461.17
27,2,5,2025-02-28,BUY,265.0,787.94,458.48,-209262.58
28,4,85,2025-02-28,BUY,614.0,733.26,834.67,-451056.31
29,3,69,2025-03-04,SELL,16.0,2794.86,26.01,44691.75
30,3,78,2025-03-04,BUY,77.0,1494.16,174.17,-115224.49
31,7,98,2025-03-04,SELL,427.0,344.49,402.54,146694.69
32,8,26,2025-03-04,BUY,185.0,2764.73,1403.5,-512878.55
33,8,51,2025-03-04,BUY,320.0,1167.46,396.26,-373983.46
34,8,51,2025-03-05,SELL,311.0,1203.24,266.43,373941.21
35,3,64,2025-03-06,BUY,158.0,1569.46,730.37,-248705.05
36,4,31,2025-03-06,SELL,62.0,2201.95,94.65,136426.25
37,5,17,2025-03-06,DIVIDEND,0.0,0.0,0.0,2175.79
38,7,41,2025-03-06,BUY,117.0,2791.34,641.2,-327227.98
39,8,52,2025-03-06,BUY,168.0,1013.3,114.99,-170349.39
40,2,14,2025-03-07,DIVIDEND,0.0,0.0,0.0,1254.61
41,3,63,2025-03-07,SELL,1041.0,112.02,135.26,116477.56
42,2,5,2025-03-10,SELL,153.0,778.34,309.69,118776.33
43,6,33,2025-03-10,BUY,522.0,1056.76,1098.06,-552726.78
44,7,32,2025-03-10,BUY,420.0,743.98,576.26,-313047.86
45,7,98,2025-03-10,SELL,108.0,363.81,76.63,39214.85
46,3,73,2025-03-11,SELL,409.0,679.35,800.09,277054.06
47,5,3,2025-03-14,BUY,101.0,2075.63,597.57,-210236.2
48,6,33,2025-03-17,DIVIDEND,0.0,0.0,0.0,5083.36
49,2,38,2025-03-18,BUY,3430.0,125.67,1213.6,-432261.7
50,3,63,2025-03-18,SELL,355.0,109.83,37.12,38952.53
51,8,60,2025-03-18,BUY,1834.0,262.27,455.39,-481458.57
52,3,37,2025-03-19,BUY,127.0,2350.67,381.21,-298916.3
53,2,18,2025-03-20,BUY,515.0,223.53,171.07,-115289.02
54,7,32,2025-03-20,SELL,182.0,752.53,300.95,136659.51
55,2,49,2025-03-21,DIVIDEND,0.0,0.0,0.0,2519.5
56,3,22,2025-03-21,BUY,2516.0,117.5,256.26,-295886.26
57,4,91,2025-03-21,BUY,353.0,554.17,150.65,-195772.66
58,8,46,2025-03-24,BUY,849.0,478.03,229.87,-406077.34
59,9,7,2025-03-24,BUY,1294.0,141.27,487.52,-183290.9
60,9,20,2025-03-24,BUY,782.0,579.43,1180.21,-454294.47
61,2,42,2025-03-25,BUY,87.0,3149.3,197.96,-274187.06
62,3,22,2025-03-25,SELL,1368.0,121.99,484.12,166398.2
63,3,74,2025-03-25,BUY,100.0,1563.02,314.67,-156616.67
64,8,60,2025-03-25,DIVIDEND,0.0,0.0,0.0,2067.21
65,2,44,2025-03-26,BUY,1813.0,112.78,592.94,-205063.08
66,3,16,2025-03-26,SELL,305.0,426.87,368.33,129827.02
67,7,36,2025-03-26,BUY,442.0,584.65,516.52,-258931.82
68,4,31,2025-03-27,DIVIDEND,0.0,0.0,0.0,2955.75
69,4,75,2025-03-27,BUY,343.0,804.31,711.9,-276590.23
70,5,17,2025-03-28,DIVIDEND,0.0,0.0,0.0,4240.5
71,10,96,2025-03-28,BUY,2142.0,143.92,807.74,-309084.38
72,10,96,2025-03-28,DIVIDEND,0.0,0.0,0.0,1591.61
73,7,23,2025-03-31,BUY,113.0,1753.82,150.97,-198332.63
74,8,51,2025-04-02,DIVIDEND,0.0,0.0,0.0,152.68
75,3,62,2025-04-03,BUY,137.0,2155.42,381.79,-295674.33
76,6,6,2025-04-03,BUY,229.0,2506.51,456.55,-574447.34
77,3,64,2025-04-04,BUY,135.0,1569.17,535.53,-212373.48
78,3,73,2025-04-04,BUY,114.0,647.95,60.1,-73926.4
79,7,32,2025-04-04,SELL,127.0,782.22,261.54,99080.4
80,5,17,2025-04-07,DIVIDEND,0.0,0.0,0.0,3481.92
81,9,20,2025-04-07,DIVIDEND,0.0,0.0,0.0,5114.44
82,9,49,2025-04-07,BUY,142.0,1879.41,528.08,-267404.3
83,7,56,2025-04-08,BUY,222.0,1837.83,1107.27,-409105.53
84,8,46,2025-04-08,SELL,380.0,488.09,243.8,185230.4
85,12,65,2025-04-08,BUY,2456.0,98.61,223.65,-242409.81
86,1,27,2025-04-09,DIVIDEND,0.0,0.0,0.0,1826.93
87,7,41,2025-04-09,DIVIDEND,0.0,0.0,0.0,4345.86
88,1,27,2025-04-10,SELL,41.0,1560.79,41.51,63950.88
89,2,38,2025-04-11,SELL,1452.0,125.07,174.04,181427.6
90,8,26,2025-04-11,SELL,148.0,3417.84,846.16,504994.16
91,8,56,2025-04-11,BUY,86.0,1615.48,306.32,-139237.6
92,8,60,2025-04-11,SELL,920.0,320.8,803.41,294332.59
93,11,7,2025-04-11,BUY,1257.0,142.29,531.84,-179390.37
94,12,65,2025-04-11,DIVIDEND,0.0,0.0,0.0,1690.37
95,4,77,2025-04-14,BUY,578.0,574.16,326.42,-332190.9
96,8,26,2025-04-14,SELL,18.0,3509.79,90.98,63085.24
97,3,73,2025-04-15,SELL,105.0,626.4,158.46,65613.54
98,6,6,2025-04-15,SELL,90.0,2731.78,318.05,245542.15
99,8,52,2025-04-15,SELL,155.0,1041.86,427.72,161060.58
100,8,54,2025-04-15,BUY,2387.0,128.02,476.19,-306059.93
101,8,56,2025-04-15,SELL,75.0,1569.76,166.99,117565.01
102,6,6,2025-04-16,DIVIDEND,0.0,0.0,0.0,2511.16
103,10,96,2025-04-16,DIVIDEND,0.0,0.0,0.0,1354.81
104,13,13,2025-04-16,BUY,4760.0,150.03,549.18,-714691.98
105,7,36,2025-04-17,DIVIDEND,0.0,0.0,0.0,2292.0
106,5,3,2025-04-21,DIVIDEND,0.0,0.0,0.0,1059.72
107,6,6,2025-04-21,DIVIDEND,0.0,0.0,0.0,4404.99
108,2,51,2025-04-22,SELL,155.0,1572.43,625.63,243101.02
109,3,16,2025-04-22,SELL,114.0,382.34,71.69,43515.07
110,4,70,2025-04-22,BUY,416.0,1078.89,1157.35,-449975.59
111,13,13,2025-04-22,DIVIDEND,0.0,0.0,0.0,5238.89
112,8,55,2025-04-23,BUY,510.0,849.48,758.66,-433993.46
113,9,7,2025-04-23,DIVIDEND,0.0,0.0,0.0,2164.24
114,1,35,2025-04-24,SELL,976.0,140.21,73.19,136771.77
115,3,62,2025-04-24,BUY,176.0,2137.94,1021.31,-377298.75
116,3,78,2025-04-24,BUY,69.0,1385.29,262.47,-95847.48
117,4,85,2025-04-24,DIVIDEND,0.0,0.0,0.0,1435.76
118,6,30,2025-04-24,BUY,342.0,1740.46,920.31,-596157.63
119,4,66,2025-04-25,BUY,354.0,1202.85,370.16,-426179.06
120,9,20,2025-04-25,DIVIDEND,0.0,0.0,0.0,4590.08
121,9,68,2025-04-25,BUY,3782.0,168.99,1364.55,-640484.73
122,2,29,2025-04-28,DIVIDEND,0.0,0.0,0.0,1638.71
123,13,68,2025-04-28,BUY,2342.0,169.06,227.37,-396165.89
124,5,58,2025-04-29,BUY,3684.0,140.38,808.95,-517968.87
125,7,89,2025-04-29,BUY,1146.0,308.46,911.54,-354406.7
126,7,90,2025-04-29,BUY,957.0,420.49,362.54,-402771.47
127,1,21,2025-04-30,BUY,2147.0,276.83,418.6,-594772.61
128,8,60,2025-04-30,DIVIDEND,0.0,0.0,0.0,2553.96
129,11,1,2025-04-30,BUY,467.0,273.57,369.1,-128126.29
130,11,21,2025-04-30,BUY,1684.0,276.83,1214.3,-467396.02
131,8,77,2025-05-01,BUY,147.0,587.17,60.39,-86374.38
132,2,12,2025-05-02,BUY,158.0,1912.75,502.56,-302717.06
133,9,96,2025-05-02,BUY,1040.0,151.26,381.99,-157692.39
134,11,19,2025-05-02,BUY,1044.0,344.95,491.86,-360619.66
135,5,57,2025-05-05,BUY,533.0,335.05,525.19,-179106.84
136,7,89,2025-05-06,SELL,497.0,331.99,294.2,164704.83
137,9,7,2025-05-06,SELL,623.0,143.2,110.43,89103.17
138,2,36,2025-05-07,DIVIDEND,0.0,0.0,0.0,3049.67
139,2,39,2025-05-07,BUY,236.0,1938.53,901.85,-458394.93
140,5,61,2025-05-07,BUY,924.0,284.95,164.53,-263458.33
141,8,77,2025-05-07,SELL,146.0,578.67,198.19,84287.63
142,9,96,2025-05-07,SELL,404.0,151.85,66.76,61280.64
143,1,4,2025-05-08,BUY,126.0,2795.33,382.37,-352593.95
144,3,22,2025-05-08,SELL,1003.0,118.04,252.33,118141.79
145,1,27,2025-05-09,SELL,39.0,1605.67,123.16,62497.97
146,13,50,2025-05-09,BUY,1340.0,364.12,931.46,-488852.26
147,2,9,2025-05-12,BUY,366.0,885.19,237.58,-324217.12
148,14,6,2025-05-13,BUY,64.0,2517.22,413.74,-161515.82
149,14,6,2025-05-13,DIVIDEND,0.0,0.0,0.0,1317.66
150,5,17,2025-05-14,DIVIDEND,0.0,0.0,0.0,3332.95
151,7,90,2025-05-14,SELL,490.0,449.65,125.37,220203.13
152,8,56,2025-05-14,DIVIDEND,0.0,0.0,0.0,74.64
153,9,96,2025-05-14,DIVIDEND,0.0,0.0,0.0,1174.25
154,2,26,2025-05-15,BUY,42.0,3452.33,266.01,-145263.87
155,6,31,2025-05-15,BUY,265.0,1795.55,917.95,-476738.7
156,7,98,2025-05-15,DIVIDEND,0.0,0.0,0.0,1227.79
157,12,2,2025-05-16,BUY,605.0,831.53,1334.09,-504409.74
158,14,6,2025-05-16,DIVIDEND,0.0,0.0,0.0,1720.02
159,3,63,2025-05-19,DIVIDEND,0.0,0.0,0.0,4.88
160,2,36,2025-05-20,SELL,236.0,604.09,360.99,142204.25
161,8,51,2025-05-20,SELL,7.0,1945.63,32.52,13586.89
162,11,100,2025-05-20,BUY,102.0,3523.53,683.63,-360083.69
163,12,12,2025-05-20,BUY,354.0,1915.62,1807.34,-679936.82
164,3,64,2025-05-21,SELL,174.0,1772.35,710.87,307678.03
165,6,31,2025-05-21,SELL,91.0,1859.28,363.0,168831.48
166,8,26,2025-05-21,SELL,11.0,3183.37,68.83,34948.24
167,2,39,2025-05-22,DIVIDEND,0.0,0.0,0.0,2509.17
168,7,32,2025-05-22,SELL,39.0,735.76,51.26,28643.38
169,3,15,2025-05-23,BUY,721.0,496.4,993.88,-358898.28
170,3,64,2025-05-23,SELL,113.0,1774.97,547.74,200023.87
171,4,11,2025-05-23,BUY,70.0,3008.87,236.74,-210857.64
172,2,38,2025-05-26,SELL,1056.0,129.3,295.89,136244.91
173,3,63,2025-05-26,BUY,3571.0,113.77,443.71,-406716.38
174,4,11,2025-05-26,DIVIDEND,0.0,0.0,0.0,2031.26
175,7,41,2025-05-26,SELL,62.0,2944.86,236.88,182344.44
176,4,71,2025-05-27,BUY,368.0,1309.52,841.91,-482745.27
177,9,20,2025-05-28,DIVIDEND,0.0,0.0,0.0,1912.38
178,2,51,2025-05-29,SELL,49.0,2073.62,173.01,101434.37
179,10,96,2025-05-29,DIVIDEND,0.0,0.0,0.0,1656.54
180,6,68,2025-05-30,BUY,2400.0,177.83,525.78,-427317.78
181,11,19,2025-05-30,DIVIDEND,0.0,0.0,0.0,4277.82
182,12,17,2025-05-30,BUY,225.0,2396.11,412.81,-539537.56
183,2,36,2025-06-02,BUY,241.0,626.4,102.05,-151064.45
184,5,61,2025-06-02,DIVIDEND,0.0,0.0,0.0,1938.89
185,11,58,2025-06-02,BUY,1650.0,143.66,524.07,-237563.07
186,2,49,2025-06-03,BUY,134.0,1894.73,629.51,-254523.33
187,3,73,2025-06-03,SELL,15.0,443.74,19.54,6636.56
188,3,74,2025-06-03,BUY,298.0,1265.9,700.3,-377938.5
189,12,65,2025-06-03,SELL,813.0,109.51,186.22,88845.41
190,4,70,2025-06-04,SELL,132.0,967.78,102.99,127643.97
191,5,17,2025-06-04,SELL,44.0,2477.96,110.22,108920.02
192,5,19,2025-06-04,BUY,744.0,359.83,558.76,-268272.28
193,11,90,2025-06-04,BUY,785.0,471.43,629.29,-370701.84
194,2,38,2025-06-06,BUY,1044.0,132.9,98.07,-138845.67
195,3,69,2025-06-06,SELL,1.0,3060.13,8.62,3051.51
196,4,66,2025-06-06,SELL,206.0,1262.42,346.22,259712.3
197,11,7,2025-06-06,DIVIDEND,0.0,0.0,0.0,1153.75
198,12,12,2025-06-06,SELL,145.0,1944.26,783.37,281134.33
199,13,13,2025-06-06,DIVIDEND,0.0,0.0,0.0,6300.34
200,2,9,2025-06-09,SELL,201.0,1209.96,501.64,242700.32
201,8,51,2025-06-09,SELL,2.0,2046.21,10.23,4082.19
202,1,3,2025-06-10,BUY,84.0,2201.15,262.17,-185158.77
203,1,6,2025-06-10,BUY,217.0,2618.1,714.31,-568842.01
204,3,74,2025-06-10,BUY,60.0,1183.76,162.04,-71187.64
205,7,56,2025-06-10,SELL,56.0,1619.92,270.88,90444.64
206,11,58,2025-06-10,DIVIDEND,0.0,0.0,0.0,2204.0
207,13,13,2025-06-10,SELL,1437.0,150.35,630.94,215422.01
208,1,6,2025-06-11,DIVIDEND,0.0,0.0,0.0,4084.02
209,5,17,2025-06-11,DIVIDEND,0.0,0.0,0.0,3581.05
210,11,33,2025-06-11,BUY,125.0,1073.22,267.02,-134419.52
211,7,38,2025-06-12,BUY,1247.0,133.33,156.87,-166419.38
212,7,90,2025-06-12,DIVIDEND,0.0,0.0,0.0,1083.49
213,8,10,2025-06-12,BUY,2038.0,166.16,496.38,-339130.46
214,16,18,2025-06-12,BUY,1305.0,246.26,624.95,-321994.25
215,1,24,2025-06-13,DIVIDEND,0.0,0.0,0.0,1787.25
216,2,36,2025-06-13,BUY,713.0,624.03,1275.63,-446209.02
217,3,8,2025-06-13,DIVIDEND,0.0,0.0,0.0,2040.62
218,4,75,2025-06-13,DIVIDEND,0.0,0.0,0.0,3091.58
219,7,36,2025-06-13,SELL,166.0,624.03,222.36,103366.62
220,8,56,2025-06-13,SELL,6.0,1691.27,14.08,10133.54
221,6,30,2025-06-16,SELL,125.0,1721.05,598.24,214533.01
222,7,36,2025-06-16,SELL,78.0,630.35,26.7,49140.6
223,15,90,2025-06-16,BUY,715.0,441.92,887.42,-316860.22
224,16,34,2025-06-16,BUY,520.0,623.78,284.01,-324649.61
225,2,14,2025-06-17,SELL,103.0,653.16,176.98,67098.5
226,3,15,2025-06-17,SELL,744.0,546.93,655.31,406260.61
227,4,31,2025-06-17,SELL,44.0,2005.02,120.52,88100.36
228,7,8,2025-06-17,BUY,594.0,604.65,487.12,-359649.22
229,16,18,2025-06-17,DIVIDEND,0.0,0.0,0.0,1412.93
230,17,48,2025-06-17,BUY,1290.0,212.68,513.88,-274871.08
231,17,80,2025-06-17,BUY,91.0,818.19,199.17,-74654.46
232,2,44,2025-06-18,DIVIDEND,0.0,0.0,0.0,2079.92
233,6,6,2025-06-18,DIVIDEND,0.0,0.0,0.0,1789.99
234,7,98,2025-06-18,DIVIDEND,0.0,0.0,0.0,1121.53
235,8,56,2025-06-18,SELL,2.0,1655.37,2.42,3308.32
236,9,75,2025-06-18,BUY,732.0,792.01,894.11,-580645.43
237,15,52,2025-06-18,BUY,430.0,1211.31,1129.01,-521992.31
238,3,62,2025-06-19,DIVIDEND,0.0,0.0,0.0,3982.86
239,4,87,2025-06-19,BUY,1670.0,160.58,666.37,-268834.97
240,6,39,2025-06-19,BUY,242.0,1900.19,945.88,-460791.86
241,8,52,2025-06-20,SELL,9.0,1225.47,10.08,11019.15
242,16,34,2025-06-20,DIVIDEND,0.0,0.0,0.0,3624.35
243,7,23,2025-06-23,DIVIDEND,0.0,0.0,0.0,2461.12
244,17,80,2025-06-23,SELL,61.0,864.06,115.79,52591.87
245,2,10,2025-06-24,BUY,2155.0,167.86,1006.06,-362744.36
246,3,8,2025-06-24,BUY,105.0,631.04,154.61,-66413.81
247,7,98,2025-06-24,DIVIDEND,0.0,0.0,0.0,887.09
248,8,43,2025-06-24,BUY,1615.0,343.07,737.68,-554795.73
249,8,52,2025-06-24,SELL,4.0,1196.52,8.48,4777.6
250,3,69,2025-06-25,BUY,83.0,3348.63,790.19,-278726.48
251,11,31,2025-06-25,BUY,180.0,1967.73,741.46,-354932.86
252,13,68,2025-06-25,SELL,517.0,179.43,51.54,92713.77
253,3,22,2025-06-26,SELL,135.0,114.37,13.4,15426.55
254,17,85,2025-06-26,BUY,500.0,683.02,864.0,-342374.0
255,18,89,2025-06-26,BUY,633.0,381.08,719.88,-241943.52
256,5,58,2025-06-27,DIVIDEND,0.0,0.0,0.0,6133.79
257,6,33,2025-06-27,DIVIDEND,0.0,0.0,0.0,1167.45
258,6,40,2025-06-27,BUY,693.0,400.1,157.01,-277426.31
259,9,68,2025-06-27,SELL,1507.0,179.07,208.8,269649.69
260,1,1,2025-06-30,BUY,1126.0,307.5,540.5,-346785.5
261,1,2,2025-06-30,DIVIDEND,0.0,0.0,0.0,513.57
262,2,18,2025-06-30,SELL,137.0,237.7,95.81,32469.09
263,9,7,2025-06-30,DIVIDEND,0.0,0.0,0.0,1081.25
264,13,13,2025-06-30,DIVIDEND,0.0,0.0,0.0,2577.35
265,18,57,2025-06-30,BUY,1077.0,382.33,923.02,-412692.43
266,5,19,2025-07-01,DIVIDEND,0.0,0.0,0.0,2409.82
267,15,88,2025-07-01,BUY,3176.0,215.68,924.96,-685924.64
268,18,89,2025-07-01,DIVIDEND,0.0,0.0,0.0,1510.82
269,15,86,2025-07-02,BUY,1342.0,173.92,278.65,-233679.29
270,18,57,2025-07-02,DIVIDEND,0.0,0.0,0.0,4675.24
271,18,79,2025-07-02,BUY,582.0,750.94,1189.15,-438236.23
272,8,14,2025-07-03,BUY,286.0,694.3,537.55,-199107.35
273,10,34,2025-07-03,BUY,674.0,601.78,523.35,-406123.07
274,17,48,2025-07-03,SELL,965.0,213.57,151.12,205943.93
275,17,63,2025-07-03,BUY,3246.0,111.28,997.75,-362212.63
276,19,68,2025-07-03,BUY,3849.0,179.41,1373.92,-691923.01
277,4,40,2025-07-04,BUY,623.0,398.73,168.31,-248577.1
278,17,63,2025-07-04,SELL,2379.0,109.95,342.37,261228.68
279,19,87,2025-07-04,BUY,5491.0,153.09,1876.76,-842493.95
280,5,19,2025-07-07,DIVIDEND,0.0,0.0,0.0,2108.51
281,1,2,2025-07-08,SELL,44.0,718.78,35.02,31591.3
282,7,84,2025-07-08,BUY,2374.0,145.05,515.35,-344864.05
283,10,34,2025-07-08,DIVIDEND,0.0,0.0,0.0,4362.63
284,16,27,2025-07-08,BUY,257.0,1560.05,1097.0,-402029.85
285,4,94,2025-07-09,BUY,166.0,922.08,370.42,-153435.7
286,6,40,2025-07-09,SELL,236.0,395.78,162.55,93241.53
287,7,28,2025-07-09,BUY,394.0,1140.84,1167.22,-450658.18
288,18,85,2025-07-09,BUY,292.0,659.69,376.78,-193006.26
289,20,83,2025-07-09,BUY,1269.0,318.11,587.57,-404269.16
290,6,31,2025-07-10,SELL,60.0,2205.35,163.73,132157.27
291,7,84,2025-07-10,SELL,1034.0,144.84,313.62,149450.94
292,9,7,2025-07-10,DIVIDEND,0.0,0.0,0.0,205.11
293,17,63,2025-07-10,SELL,588.0,108.89,44.37,63982.95
294,20,46,2025-07-10,BUY,1190.0,396.57,787.44,-472705.74
295,10,34,2025-07-11,DIVIDEND,0.0,0.0,0.0,3236.86
296,4,75,2025-07-14,SELL,118.0,748.71,216.84,88130.94
297,8,43,2025-07-14,DIVIDEND,0.0,0.0,0.0,4681.79
298,8,78,2025-07-14,BUY,156.0,1418.18,554.17,-221790.25
299,11,95,2025-07-14,BUY,308.0,1378.14,554.1,-425021.22
300,12,45,2025-07-14,BUY,1013.0,490.77,1413.2,-498563.21
301,20,83,2025-07-14,DIVIDEND,0.0,0.0,0.0,4459.14
302,2,26,2025-07-15,SELL,24.0,3518.76,120.31,84329.93
303,4,87,2025-07-15,SELL,814.0,151.51,302.45,123026.69
304,5,61,2025-07-15,DIVIDEND,0.0,0.0,0.0,870.07
305,7,98,2025-07-15,SELL,169.0,359.12,60.08,60631.2
306,8,26,2025-07-15,BUY,155.0,3518.76,833.6,-546241.4
307,8,60,2025-07-15,BUY,275.0,350.75,216.4,-96672.65
308,13,68,2025-07-15,DIVIDEND,0.0,0.0,0.0,2324.64
309,3,69,2025-07-16,BUY,73.0,3530.89,374.99,-258129.96
310,6,37,2025-07-16,BUY,143.0,2572.24,866.4,-368696.72
311,10,34,2025-07-16,DIVIDEND,0.0,0.0,0.0,2562.65
312,10,96,2025-07-16,DIVIDEND,0.0,0.0,0.0,3136.53
313,15,88,2025-07-16,SELL,906.0,234.15,401.18,211738.72
314,17,63,2025-07-16,DIVIDEND,0.0,0.0,0.0,137.66
315,3,62,2025-07-17,BUY,92.0,2240.86,503.22,-206662.34
316,4,80,2025-07-17,BUY,417.0,815.9,976.08,-341206.38
317,9,21,2025-07-17,BUY,1722.0,241.32,951.35,-416504.39
318,3,64,2025-07-18,SELL,4.0,1447.91,4.91,5786.73
319,5,24,2025-07-18,BUY,1075.0,391.55,1104.32,-422020.57
320,8,43,2025-07-18,BUY,1596.0,353.95,1613.37,-566517.57
321,15,71,2025-07-18,BUY,452.0,1289.18,919.59,-583628.95
322,2,44,2025-07-21,BUY,1412.0,121.27,194.53,-171427.77
323,17,80,2025-07-21,SELL,19.0,787.68,10.5,14955.42
324,21,61,2025-07-21,BUY,3036.0,291.85,2399.87,-888456.47
325,3,16,2025-07-22,BUY,729.0,429.01,254.74,-313003.03
326,3,74,2025-07-22,SELL,336.0,1235.67,688.88,414496.24
327,17,29,2025-07-22,BUY,161.0,1978.28,918.86,-319421.94
328,17,54,2025-07-22,BUY,1193.0,113.08,162.62,-135067.06
329,17,77,2025-07-22,BUY,594.0,637.87,998.71,-379893.49
330,18,39,2025-07-22,BUY,122.0,1850.78,510.74,-226305.9
331,3,63,2025-07-23,SELL,3489.0,108.83,962.63,378745.24
332,3,73,2025-07-23,BUY,773.0,419.56,967.05,-325286.93
333,16,27,2025-07-23,DIVIDEND,0.0,0.0,0.0,4387.97
334,3,37,2025-07-24,SELL,85.0,2670.94,231.47,226798.43
335,9,96,2025-07-24,DIVIDEND,0.0,0.0,0.0,224.87
336,13,13,2025-07-24,SELL,1157.0,151.02,106.07,174624.07
337,15,88,2025-07-24,SELL,804.0,238.28,171.39,191405.73
338,20,96,2025-07-24,BUY,1049.0,166.58,145.63,-174888.05
339,2,44,2025-07-25,DIVIDEND,0.0,0.0,0.0,993.81
340,4,40,2025-07-25,SELL,133.0,401.04,104.63,53233.69
341,10,92,2025-07-25,BUY,1647.0,176.66,700.31,-291659.33
342,18,9,2025-07-25,BUY,330.0,977.4,244.8,-322786.8
343,3,37,2025-07-28,SELL,41.0,2624.94,211.42,107411.12
344,17,48,2025-07-28,SELL,197.0,171.41,81.46,33686.31
345,17,48,2025-07-28,SELL,87.0,171.41,17.99,14894.68
346,18,39,2025-07-28,DIVIDEND,0.0,0.0,0.0,1414.64
347,2,44,2025-07-29,BUY,1636.0,114.77,281.31,-188045.03
348,3,63,2025-07-29,SELL,81.0,118.59,19.9,9585.89
349,4,31,2025-07-29,SELL,38.0,2294.67,214.47,86982.99
350,7,22,2025-07-29,BUY,3197.0,119.31,892.1,-382326.17
351,8,55,2025-07-29,SELL,211.0,750.97,457.96,157996.71
352,15,52,2025-07-29,DIVIDEND,0.0,0.0,0.0,2048.64
353,18,41,2025-07-29,BUY,76.0,2520.85,554.05,-192138.65
354,20,44,2025-07-29,BUY,1440.0,114.77,413.87,-165682.67
355,8,46,2025-07-30,SELL,468.0,413.35,235.69,193212.11
356,11,21,2025-07-30,DIVIDEND,0.0,0.0,0.0,1961.93
357,11,31,2025-07-30,DIVIDEND,0.0,0.0,0.0,4228.02
358,14,100,2025-07-30,BUY,111.0,3516.02,446.23,-390724.45
359,16,36,2025-07-30,BUY,634.0,617.97,316.08,-392109.06
360,2,42,2025-07-31,DIVIDEND,0.0,0.0,0.0,1691.21
361,5,17,2025-07-31,DIVIDEND,0.0,0.0,0.0,3358.08
362,10,92,2025-07-31,SELL,590.0,180.21,295.99,106027.91
363,12,44,2025-08-01,BUY,4761.0,109.14,1331.63,-520947.17
364,17,51,2025-08-01,BUY,54.0,2171.01,146.51,-117381.05
365,17,54,2025-08-01,SELL,1104.0,107.04,111.64,118060.52
366,17,80,2025-08-01,SELL,8.0,789.13,4.51,6308.53
367,3,16,2025-08-05,BUY,431.0,404.82,97.99,-174575.41
368,13,50,2025-08-05,DIVIDEND,0.0,0.0,0.0,1531.28
369,12,45,2025-08-06,SELL,286.0,484.33,370.95,138147.43
370,8,14,2025-08-07,SELL,196.0,652.45,348.2,127532.0
371,16,24,2025-08-07,BUY,1639.0,362.91,1115.59,-595925.08
372,17,29,2025-08-07,SELL,141.0,1875.31,335.77,264082.94
373,18,41,2025-08-07,SELL,24.0,2486.14,133.32,59534.04
374,21,45,2025-08-07,BUY,1493.0,479.94,537.74,-717088.16
375,24,91,2025-08-07,BUY,575.0,508.25,428.69,-292672.44
376,14,6,2025-08-08,DIVIDEND,0.0,0.0,0.0,1068.81
377,16,24,2025-08-08,DIVIDEND,0.0,0.0,0.0,5827.83
378,18,54,2025-08-08,BUY,1732.0,100.94,133.63,-174961.71
379,20,44,2025-08-08,SELL,300.0,108.82,64.26,32581.74
380,4,40,2025-08-11,SELL,183.0,401.04,137.13,73253.19
381,7,2,2025-08-11,BUY,208.0,740.32,404.11,-154390.67
382,17,99,2025-08-11,BUY,31.0,3734.93,193.52,-115976.35
383,25,4,2025-08-11,BUY,179.0,3094.4,943.77,-554841.37
384,2,49,2025-08-12,BUY,92.0,1921.45,272.26,-177045.66
385,14,17,2025-08-12,BUY,153.0,2819.42,390.82,-431762.08
386,20,71,2025-08-12,BUY,243.0,1287.04,300.92,-313051.64
387,21,4,2025-08-12,BUY,88.0,3122.43,789.0,-275562.84
388,2,14,2025-08-13,DIVIDEND,0.0,0.0,0.0,2289.51
389,15,25,2025-08-13,BUY,289.0,2014.22,718.85,-582828.43
390,21,13,2025-08-13,BUY,5247.0,146.97,2302.5,-773454.09
391,3,62,2025-08-14,SELL,372.0,2120.41,2004.12,786788.4
392,8,43,2025-08-14,SELL,2599.0,322.43,1278.12,836717.45
393,21,45,2025-08-14,DIVIDEND,0.0,0.0,0.0,5359.93
394,24,80,2025-08-14,BUY,224.0,862.98,398.72,-193706.24
395,25,72,2025-08-14,BUY,478.0,1231.48,1009.69,-589657.13
396,1,45,2025-08-15,BUY,696.0,493.15,904.1,-344136.5
397,3,16,2025-08-15,SELL,694.0,418.53,646.42,289813.4
398,3,64,2025-08-15,SELL,2.0,1490.29,4.45,2976.13
399,5,46,2025-08-15,BUY,740.0,404.87,295.16,-299898.96
400,10,93,2025-08-15,BUY,168.0,2444.73,408.63,-411123.27
401,12,39,2025-08-15,BUY,208.0,1747.37,964.78,-364417.74
402,12,45,2025-08-15,DIVIDEND,0.0,0.0,0.0,3202.6
403,19,87,2025-08-15,DIVIDEND,0.0,0.0,0.0,7788.09
404,20,52,2025-08-15,BUY,659.0,1048.47,1501.02,-692442.75
405,24,91,2025-08-15,SELL,452.0,548.45,398.01,247501.39
406,26,35,2025-08-15,BUY,1809.0,155.04,550.7,-281018.06
407,15,71,2025-08-18,DIVIDEND,0.0,0.0,0.0,6932.55
408,16,34,2025-08-18,DIVIDEND,0.0,0.0,0.0,1117.27
409,18,29,2025-08-18,BUY,224.0,1564.98,303.59,-350859.11
410,24,67,2025-08-18,BUY,923.0,408.98,553.12,-378041.66
411,24,80,2025-08-18,SELL,121.0,858.87,116.51,103806.76
412,3,22,2025-08-19,SELL,8.0,129.89,0.98,1038.14
413,13,50,2025-08-19,DIVIDEND,0.0,0.0,0.0,3050.37
414,14,6,2025-08-19,SELL,20.0,2721.34,126.41,54300.39
415,22,59,2025-08-19,BUY,9029.0,130.04,1965.67,-1176096.83
416,24,47,2025-08-19,BUY,465.0,588.91,756.74,-274599.89
417,9,70,2025-08-20,BUY,419.0,1050.46,272.11,-440414.85
418,20,40,2025-08-20,BUY,418.0,380.78,427.45,-159593.49
419,22,72,2025-08-20,BUY,771.0,1263.18,1284.08,-975195.86
420,23,94,2025-08-20,BUY,313.0,920.83,640.65,-288860.44
421,23,94,2025-08-20,DIVIDEND,0.0,0.0,0.0,2595.58
422,5,17,2025-08-21,SELL,46.0,2721.99,324.59,124886.95
423,11,58,2025-08-21,DIVIDEND,0.0,0.0,0.0,610.52
424,13,66,2025-08-21,BUY,309.0,1236.89,493.37,-382692.38
425,15,76,2025-08-21,BUY,62.0,3088.22,197.66,-191667.3
426,17,29,2025-08-21,SELL,10.0,1587.46,26.94,15847.66
427,18,16,2025-08-21,BUY,477.0,396.67,187.72,-189399.31
428,22,71,2025-08-21,BUY,597.0,1291.43,983.84,-771967.55
429,2,13,2025-08-22,BUY,3381.0,147.73,1413.68,-500888.81
430,3,16,2025-08-22,SELL,497.0,392.16,505.01,194398.51
431,6,39,2025-08-22,DIVIDEND,0.0,0.0,0.0,4925.38
432,17,29,2025-08-22,SELL,10.0,1571.98,23.75,15696.05
433,19,58,2025-08-22,BUY,6018.0,142.06,735.48,-855652.56
434,21,61,2025-08-22,DIVIDEND,0.0,0.0,0.0,2257.81
435,1,2,2025-08-25,DIVIDEND,0.0,0.0,0.0,1305.7
436,4,82,2025-08-25,BUY,1114.0,437.01,1443.59,-488272.73
437,17,48,2025-08-25,SELL,41.0,207.14,7.22,8485.52
438,1,4,2025-08-26,SELL,23.0,3269.67,76.49,75125.92
439,5,57,2025-08-26,DIVIDEND,0.0,0.0,0.0,1243.63
440,17,9,2025-08-26,BUY,100.0,1025.08,245.68,-102753.68
441,20,82,2025-08-26,BUY,1205.0,440.4,1013.23,-531695.23
442,21,57,2025-08-26,BUY,2145.0,343.59,382.1,-737382.65
443,26,35,2025-08-26,SELL,954.0,157.91,159.42,150486.72
444,2,49,2025-08-27,BUY,238.0,1890.05,790.9,-450622.8
445,8,10,2025-08-27,SELL,1344.0,163.01,195.69,218889.75
446,8,43,2025-08-27,BUY,400.0,305.7,73.54,-122353.54
447,10,92,2025-08-27,DIVIDEND,0.0,0.0,0.0,2315.54
448,17,85,2025-08-27,SELL,492.0,583.83,829.23,286415.13
449,21,57,2025-08-27,DIVIDEND,0.0,0.0,0.0,6039.72
450,2,42,2025-08-28,BUY,151.0,3288.55,1222.65,-497793.7
451,3,63,2025-08-28,SELL,7.0,105.36,1.61,735.91
452,4,71,2025-08-28,SELL,112.0,1296.78,355.99,144883.37
453,8,55,2025-08-28,BUY,264.0,825.13,367.75,-218202.07
454,11,21,2025-08-28,DIVIDEND,0.0,0.0,0.0,2120.73
455,17,26,2025-08-28,BUY,68.0,3780.46,348.0,-257419.28
456,17,63,2025-08-28,SELL,158.0,105.36,13.05,16633.83
457,22,50,2025-08-28,BUY,1475.0,394.4,1727.77,-583467.77
458,26,35,2025-08-28,DIVIDEND,0.0,0.0,0.0,1342.72
459,4,70,2025-08-29,SELL,106.0,1075.19,160.17,113809.97
460,12,2,2025-08-29,SELL,97.0,698.85,138.51,67649.94
461,12,10,2025-08-29,BUY,3575.0,160.31,995.92,-574104.17
462,13,66,2025-08-29,DIVIDEND,0.0,0.0,0.0,1113.46
463,18,74,2025-08-29,BUY,104.0,1560.42,356.37,-162640.05
464,20,32,2025-08-29,BUY,797.0,714.9,1265.34,-571040.64
465,20,82,2025-08-29,DIVIDEND,0.0,0.0,0.0,5421.22
466,3,8,2025-09-01,SELL,280.0,694.22,427.47,193954.13
467,15,25,2025-09-01,DIVIDEND,0.0,0.0,0.0,3997.85
468,15,86,2025-09-01,DIVIDEND,0.0,0.0,0.0,2102.43
469,15,88,2025-09-01,DIVIDEND,0.0,0.0,0.0,2273.31
470,16,100,2025-09-01,BUY,58.0,3618.56,555.56,-210432.04
471,17,54,2025-09-01,SELL,82.0,110.11,8.06,9020.96
472,17,85,2025-09-01,SELL,5.0,611.17,6.33,3049.52
473,18,9,2025-09-01,DIVIDEND,0.0,0.0,0.0,748.7
474,18,99,2025-09-01,BUY,73.0,3659.81,470.48,-267636.61
475,20,44,2025-09-01,DIVIDEND,0.0,0.0,0.0,663.28
476,20,45,2025-09-01,BUY,344.0,527.01,389.17,-181680.61
477,20,82,2025-09-01,SELL,316.0,442.3,362.19,139404.61
478,23,94,2025-09-01,DIVIDEND,0.0,0.0,0.0,3113.71
479,26,35,2025-09-01,SELL,570.0,156.43,87.27,89077.83
480,4,19,2025-09-02,BUY,889.0,371.79,948.47,-331469.78
481,8,51,2025-09-02,BUY,114.0,2363.6,135.01,-269585.41
482,11,43,2025-09-02,BUY,1249.0,311.79,307.12,-389732.83
483,17,73,2025-09-02,BUY,1056.0,419.5,1326.39,-444318.39
484,27,97,2025-09-02,BUY,615.0,596.18,494.82,-367145.52
485,27,97,2025-09-02,DIVIDEND,0.0,0.0,0.0,3807.37
486,2,9,2025-09-03,DIVIDEND,0.0,0.0,0.0,823.84
487,2,42,2025-09-03,SELL,107.0,3300.66,889.6,352281.02
488,3,22,2025-09-03,BUY,2764.0,132.53,1036.62,-367349.54
489,3,37,2025-09-03,SELL,1.0,2667.68,2.07,2665.61
490,4,47,2025-09-03,BUY,196.0,626.26,70.55,-122817.51
491,21,45,2025-09-03,DIVIDEND,0.0,0.0,0.0,2565.42
492,22,19,2025-09-03,BUY,3212.0,370.42,2236.43,-1192025.47
493,24,14,2025-09-03,BUY,554.0,643.6,872.95,-357427.35
494,26,35,2025-09-03,SELL,58.0,155.74,22.99,9009.93
495,27,46,2025-09-03,BUY,1276.0,395.23,1102.49,-505415.97
496,3,60,2025-09-04,BUY,179.0,402.46,204.53,-72244.87
497,5,24,2025-09-04,DIVIDEND,0.0,0.0,0.0,1994.36
498,13,13,2025-09-04,DIVIDEND,0.0,0.0,0.0,2958.91
499,17,26,2025-09-04,SELL,48.0,3814.47,294.56,182800.0
500,18,85,2025-09-04,DIVIDEND,0.0,0.0,0.0,1010.69
501,24,56,2025-09-04,BUY,140.0,1775.57,192.04,-248771.84
502,26,35,2025-09-04,DIVIDEND,0.0,0.0,0.0,124.12
503,18,57,2025-09-05,SELL,255.0,322.32,43.09,82148.51
504,20,96,2025-09-05,SELL,336.0,169.79,83.99,56965.45
505,21,40,2025-09-05,BUY,2083.0,370.13,603.98,-771584.77
506,22,72,2025-09-05,DIVIDEND,0.0,0.0,0.0,2305.72
507,23,94,2025-09-05,DIVIDEND,0.0,0.0,0.0,2908.61
508,24,48,2025-09-05,BUY,464.0,223.0,255.09,-103727.09
509,27,46,2025-09-05,DIVIDEND,0.0,0.0,0.0,3926.15
510,11,82,2025-09-08,BUY,458.0,461.45,251.61,-211595.71
511,23,94,2025-09-08,DIVIDEND,0.0,0.0,0.0,1305.65
512,3,60,2025-09-09,BUY,755.0,361.17,415.57,-273098.92
513,7,56,2025-09-09,SELL,67.0,1782.88,222.06,119230.9
514,9,68,2025-09-09,DIVIDEND,0.0,0.0,0.0,3879.46
515,10,81,2025-09-09,BUY,412.0,574.13,559.51,-237101.07
516,14,5,2025-09-09,BUY,268.0,861.64,173.2,-231092.72
517,20,86,2025-09-09,BUY,2375.0,175.3,512.64,-416850.14
518,25,7,2025-09-09,BUY,4922.0,139.27,1745.88,-687232.82
519,9,66,2025-09-10,BUY,211.0,1290.58,453.56,-272765.94
520,17,63,2025-09-10,SELL,115.0,108.1,22.81,12408.69
521,17,84,2025-09-10,BUY,666.0,143.57,200.12,-95817.74
522,21,7,2025-09-10,BUY,2742.0,137.76,424.64,-378162.56
523,24,56,2025-09-10,SELL,129.0,1812.25,445.77,233334.48
524,24,62,2025-09-10,BUY,89.0,1987.7,140.92,-177046.22
525,24,80,2025-09-10,SELL,90.0,852.34,174.72,76535.88
526,27,97,2025-09-10,DIVIDEND,0.0,0.0,0.0,2716.21
527,4,50,2025-09-11,BUY,1171.0,397.0,793.12,-465680.12
528,4,70,2025-09-11,SELL,71.0,1085.29,160.87,76894.72
529,5,1,2025-09-11,BUY,540.0,328.13,210.02,-177400.22
530,6,18,2025-09-11,BUY,1679.0,206.31,773.61,-347168.1
531,8,56,2025-09-11,SELL,2.0,1848.1,9.55,3686.65
532,5,95,2025-09-12,BUY,165.0,1322.05,209.05,-218347.3
533,8,10,2025-09-12,SELL,349.0,139.89,66.42,48755.19
534,16,36,2025-09-12,SELL,66.0,638.13,25.63,42090.95
535,17,77,2025-09-12,SELL,471.0,594.9,750.21,279447.69
536,18,74,2025-09-12,DIVIDEND,0.0,0.0,0.0,982.11
537,18,85,2025-09-12,SELL,105.0,680.03,89.02,71314.13
538,24,62,2025-09-12,SELL,49.0,2036.62,243.86,99550.52
539,2,36,2025-09-15,SELL,387.0,635.02,317.99,245434.75
540,3,73,2025-09-15,DIVIDEND,0.0,0.0,0.0,2764.96
541,4,19,2025-09-15,DIVIDEND,0.0,0.0,0.0,1358.16
542,7,22,2025-09-15,BUY,2767.0,128.1,183.84,-354636.54
543,7,32,2025-09-15,BUY,280.0,772.33,229.97,-216482.37
544,20,95,2025-09-15,BUY,524.0,1318.01,935.87,-691573.11
545,24,28,2025-09-15,BUY,234.0,1450.67,426.62,-339883.4
546,24,47,2025-09-15,SELL,400.0,616.9,509.53,246250.47
547,5,3,2025-09-16,DIVIDEND,0.0,0.0,0.0,1323.22
548,8,14,2025-09-16,SELL,85.0,663.67,152.2,56259.75
549,16,38,2025-09-16,BUY,3916.0,148.45,1041.25,-582371.45
550,8,43,2025-09-17,BUY,622.0,314.47,238.35,-195838.69
551,13,7,2025-09-17,BUY,2800.0,137.19,329.11,-384461.11
552,18,28,2025-09-17,BUY,274.0,1439.98,691.64,-395246.16
553,22,4,2025-09-17,BUY,250.0,3517.61,1675.37,-881077.87
554,24,26,2025-09-17,BUY,24.0,3591.2,202.83,-86391.63
555,24,62,2025-09-17,BUY,212.0,1984.84,791.41,-421577.49
556,3,16,2025-09-18,SELL,19.0,398.28,14.72,7552.6
557,9,66,2025-09-18,SELL,65.0,1272.09,49.97,82635.88
558,24,62,2025-09-18,BUY,222.0,2008.35,490.39,-446344.09
559,27,64,2025-09-18,BUY,289.0,1526.43,1140.39,-442278.66
560,28,16,2025-09-18,BUY,1409.0,398.28,327.35,-561503.87
561,12,34,2025-09-19,BUY,1080.0,621.32,618.63,-671644.23
562,15,65,2025-09-19,BUY,1515.0,129.0,376.15,-195811.15
563,24,28,2025-09-19,SELL,123.0,1373.39,433.65,168493.32
564,3,16,2025-09-22,BUY,746.0,404.11,562.96,-302029.02
565,4,80,2025-09-22,SELL,101.0,876.6,113.99,88422.61
566,12,43,2025-09-22,BUY,1215.0,318.94,891.48,-388403.58
567,13,61,2025-09-22,BUY,1601.0,303.78,962.99,-487314.77
568,3,15,2025-09-23,BUY,209.0,703.43,162.58,-147179.45
569,3,63,2025-09-23,SELL,1.0,110.1,0.25,109.85
570,13,68,2025-09-23,DIVIDEND,0.0,0.0,0.0,3736.02
571,17,63,2025-09-23,SELL,3.0,110.1,0.58,329.72
572,18,29,2025-09-23,DIVIDEND,0.0,0.0,0.0,4312.61
573,18,79,2025-09-23,SELL,277.0,708.95,352.24,196026.91
574,19,57,2025-09-23,BUY,2055.0,327.3,1187.01,-673788.51
575,19,66,2025-09-23,BUY,196.0,1310.53,330.23,-257194.11
576,21,61,2025-09-23,DIVIDEND,0.0,0.0,0.0,7901.7
577,24,62,2025-09-23,BUY,78.0,1982.3,302.52,-154921.92
578,24,91,2025-09-23,SELL,78.0,592.81,23.12,46216.06
579,26,35,2025-09-23,DIVIDEND,0.0,0.0,0.0,339.41
580,8,78,2025-09-24,BUY,261.0,1619.67,911.5,-423645.37
581,9,42,2025-09-24,BUY,162.0,3440.02,368.62,-557651.86
582,13,68,2025-09-24,DIVIDEND,0.0,0.0,0.0,3263.02
583,18,8,2025-09-24,BUY,292.0,559.92,294.69,-163791.33
584,19,57,2025-09-24,DIVIDEND,0.0,0.0,0.0,3613.18
585,24,47,2025-09-24,SELL,49.0,541.7,43.7,26499.6
586,24,48,2025-09-24,SELL,387.0,231.16,165.52,89293.4
587,25,13,2025-09-24,BUY,1996.0,152.82,489.33,-305518.05
588,28,16,2025-09-24,DIVIDEND,0.0,0.0,0.0,3856.19
589,3,78,2025-09-25,SELL,132.0,1661.14,590.64,218679.84
590,8,60,2025-09-25,SELL,809.0,368.64,776.73,297453.03
591,17,26,2025-09-25,SELL,18.0,3157.08,89.54,56737.9
592,28,16,2025-09-25,SELL,1087.0,417.21,631.67,452875.6
593,1,45,2025-09-26,DIVIDEND,0.0,0.0,0.0,2117.69
594,2,18,2025-09-26,BUY,2275.0,214.35,306.4,-487952.65
595,9,66,2025-09-26,SELL,73.0,1316.21,156.83,95926.5
596,12,38,2025-09-26,BUY,1863.0,148.51,592.24,-277266.37
597,17,63,2025-09-26,BUY,4084.0,104.69,508.3,-428062.26
598,20,83,2025-09-26,SELL,561.0,297.08,291.57,166370.31
599,24,47,2025-09-26,BUY,621.0,525.51,634.0,-326975.71
600,8,77,2025-09-29,BUY,348.0,590.63,555.88,-206095.12
601,10,34,2025-09-29,SELL,175.0,634.02,300.85,110652.65
602,19,92,2025-09-29,BUY,2505.0,204.48,1453.25,-513675.65
603,20,46,2025-09-29,SELL,478.0,390.3,415.79,186147.61
604,20,83,2025-09-29,DIVIDEND,0.0,0.0,0.0,2191.15
605,26,24,2025-09-29,BUY,1690.0,374.16,407.25,-632737.65
606,26,35,2025-09-29,SELL,92.0,175.39,23.11,16112.77
607,8,54,2025-09-30,BUY,2280.0,109.84,411.38,-250846.58
608,10,96,2025-09-30,DIVIDEND,0.0,0.0,0.0,3324.2
609,16,27,2025-09-30,SELL,71.0,1609.02,198.9,114041.52
610,23,94,2025-09-30,DIVIDEND,0.0,0.0,0.0,2581.48
611,24,80,2025-09-30,BUY,310.0,894.07,189.23,-277350.93
612,28,16,2025-09-30,SELL,294.0,408.75,242.81,119929.69
613,4,59,2025-10-01,BUY,847.0,133.85,151.19,-113522.14
614,8,78,2025-10-01,SELL,286.0,1758.87,760.62,502276.2
615,10,93,2025-10-01,DIVIDEND,0.0,0.0,0.0,4043.63
616,12,10,2025-10-01,DIVIDEND,0.0,0.0,0.0,3249.39
617,16,24,2025-10-01,DIVIDEND,0.0,0.0,0.0,5871.64
618,9,7,2025-10-02,BUY,3620.0,138.61,1212.35,-502980.55
619,13,68,2025-10-02,DIVIDEND,0.0,0.0,0.0,1833.02
620,16,36,2025-10-02,DIVIDEND,0.0,0.0,0.0,1372.24
621,20,46,2025-10-02,SELL,147.0,403.52,91.31,59226.13
622,24,47,2025-10-02,BUY,269.0,531.88,107.52,-143183.24
623,24,62,2025-10-02,SELL,360.0,2081.14,751.54,748458.86
624,26,18,2025-10-02,BUY,1123.0,219.14,632.12,-246726.34
625,28,16,2025-10-02,SELL,11.0,413.56,8.93,4540.23
626,28,16,2025-10-02,SELL,7.0,413.56,1.8,2893.12
627,28,77,2025-10-02,BUY,776.0,582.02,267.63,-451915.15
628,6,40,2025-10-03,DIVIDEND,0.0,0.0,0.0,572.77
629,15,30,2025-10-03,BUY,266.0,1700.33,442.48,-452730.26
630,18,41,2025-10-03,DIVIDEND,0.0,0.0,0.0,419.19
631,20,86,2025-10-03,DIVIDEND,0.0,0.0,0.0,2671.52
632,21,20,2025-10-03,BUY,552.0,552.17,685.29,-305483.13
633,26,90,2025-10-03,BUY,1052.0,407.98,541.83,-429736.79
634,20,52,2025-10-06,SELL,249.0,1030.49,176.07,256415.94
635,21,20,2025-10-06,SELL,105.0,551.25,114.96,57766.29
636,22,34,2025-10-06,BUY,1115.0,650.93,910.94,-726697.89
637,28,16,2025-10-06,SELL,6.0,399.74,2.59,2395.85
638,2,12,2025-10-07,DIVIDEND,0.0,0.0,0.0,1249.61
639,8,26,2025-10-07,SELL,73.0,3202.49,613.33,233168.44
640,11,25,2025-10-07,BUY,224.0,2158.73,297.0,-483852.52
641,12,10,2025-10-07,BUY,3453.0,135.05,733.49,-467061.14
642,16,36,2025-10-07,SELL,198.0,642.84,337.27,126945.05
643,17,77,2025-10-07,SELL,89.0,585.12,139.49,51936.19
644,21,4,2025-10-07,DIVIDEND,0.0,0.0,0.0,3581.17
645,24,80,2025-10-07,SELL,257.0,909.34,620.77,233079.61
646,28,16,2025-10-07,DIVIDEND,0.0,0.0,0.0,17.05
647,28,81,2025-10-07,BUY,466.0,624.79,689.62,-291841.76
648,11,37,2025-10-08,BUY,49.0,2644.22,289.29,-129856.07
649,20,93,2025-10-08,BUY,257.0,2488.77,792.29,-640406.18
650,22,34,2025-10-08,BUY,1787.0,650.81,1147.34,-1164144.81
651,26,2,2025-10-08,BUY,755.0,717.56,1004.37,-542762.17
652,28,84,2025-10-08,BUY,2000.0,150.18,179.51,-300539.51
653,7,38,2025-10-09,SELL,323.0,150.85,145.18,48579.37
654,18,85,2025-10-09,SELL,74.0,747.62,85.42,55238.46
655,22,34,2025-10-09,BUY,1088.0,656.31,1409.44,-715474.72
656,9,20,2025-10-10,SELL,483.0,561.87,285.32,271097.89
657,17,85,2025-10-10,SELL,3.0,745.84,3.8,2233.72
658,20,42,2025-10-10,BUY,94.0,3514.54,557.52,-330924.28
659,24,28,2025-10-10,SELL,111.0,1469.88,399.92,162756.76
660,24,56,2025-10-10,BUY,170.0,2009.49,463.57,-342076.87
661,24,91,2025-10-10,BUY,184.0,668.23,212.43,-123166.75
662,13,66,2025-10-13,DIVIDEND,0.0,0.0,0.0,3761.05
663,14,46,2025-10-13,BUY,803.0,431.11,1033.58,-347214.91
664,23,94,2025-10-13,DIVIDEND,0.0,0.0,0.0,2891.86
665,24,80,2025-10-13,BUY,370.0,921.87,563.29,-341655.19
666,25,72,2025-10-13,DIVIDEND,0.0,0.0,0.0,4199.87
667,26,18,2025-10-13,SELL,746.0,229.96,305.86,171244.3
668,28,77,2025-10-13,SELL,318.0,555.0,146.16,176343.84
669,6,18,2025-10-14,DIVIDEND,0.0,0.0,0.0,1053.39
670,13,68,2025-10-14,DIVIDEND,0.0,0.0,0.0,3399.98
671,17,51,2025-10-14,SELL,52.0,2470.41,294.79,128166.53
672,17,51,2025-10-14,BUY,160.0,2470.41,563.04,-395828.64
673,18,21,2025-10-14,BUY,1924.0,201.21,1093.74,-388221.78
674,20,32,2025-10-14,DIVIDEND,0.0,0.0,0.0,1722.92
675,20,42,2025-10-14,DIVIDEND,0.0,0.0,0.0,1554.76
676,20,95,2025-10-14,DIVIDEND,0.0,0.0,0.0,6243.14
677,21,11,2025-10-14,BUY,166.0,2952.44,635.61,-490740.65
678,23,94,2025-10-14,DIVIDEND,0.0,0.0,0.0,3603.74
679,24,47,2025-10-14,BUY,376.0,470.71,517.3,-177504.26
680,26,35,2025-10-14,DIVIDEND,0.0,0.0,0.0,83.14
681,28,16,2025-10-14,SELL,3.0,376.82,2.25,1128.21
682,2,29,2025-10-15,SELL,87.0,1672.16,419.0,145058.92
683,16,100,2025-10-15,DIVIDEND,0.0,0.0,0.0,2009.55
684,27,82,2025-10-15,BUY,1096.0,489.87,1499.29,-538396.81
685,1,7,2025-10-16,BUY,2216.0,145.06,385.07,-321838.03
686,2,38,2025-10-16,DIVIDEND,0.0,0.0,0.0,1302.42
687,3,65,2025-10-16,BUY,949.0,120.97,303.76,-115104.29
688,9,42,2025-10-16,SELL,68.0,3450.23,614.09,234001.55
689,19,58,2025-10-16,DIVIDEND,0.0,0.0,0.0,2869.0
690,25,13,2025-10-16,SELL,668.0,148.64,287.28,99004.24
691,28,16,2025-10-16,SELL,1.0,374.31,0.33,373.98
692,8,56,2025-10-17,SELL,1.0,2101.42,3.34,2098.08
693,15,87,2025-10-17,BUY,2710.0,163.11,821.44,-442849.54
694,18,8,2025-10-17,DIVIDEND,0.0,0.0,0.0,710.34
695,1,3,2025-10-20,SELL,32.0,2149.57,57.03,68729.21
696,3,74,2025-10-20,BUY,255.0,1643.07,668.95,-419651.8
697,16,36,2025-10-20,DIVIDEND,0.0,0.0,0.0,2651.09
698,17,73,2025-10-20,BUY,607.0,422.72,429.98,-257021.02
699,20,32,2025-10-20,SELL,190.0,786.05,236.74,149112.76
700,20,93,2025-10-20,BUY,188.0,2426.99,867.26,-457141.38
701,15,88,2025-10-21,SELL,509.0,230.96,127.89,117430.75
702,3,78,2025-10-22,BUY,78.0,1866.03,112.94,-145663.28
703,3,78,2025-10-22,SELL,82.0,1866.03,437.13,152577.33
704,6,12,2025-10-22,BUY,242.0,1942.71,1070.83,-471206.65
705,12,38,2025-10-22,BUY,2304.0,154.02,805.58,-355667.66
706,28,27,2025-10-22,BUY,237.0,1592.14,201.51,-377538.69
707,5,13,2025-10-23,BUY,3206.0,148.81,908.02,-477992.88
708,8,54,2025-10-23,BUY,2123.0,128.78,233.8,-273633.74
709,16,38,2025-10-23,DIVIDEND,0.0,0.0,0.0,6779.84
710,17,9,2025-10-23,SELL,55.0,989.27,105.36,54304.49
711,20,96,2025-10-23,DIVIDEND,0.0,0.0,0.0,748.19
712,27,76,2025-10-23,BUY,127.0,2538.44,870.04,-323251.92
713,1,24,2025-10-24,DIVIDEND,0.0,0.0,0.0,1524.36
714,4,75,2025-10-24,DIVIDEND,0.0,0.0,0.0,1989.07
715,6,35,2025-10-24,BUY,944.0,162.67,135.18,-153695.66
716,11,58,2025-10-24,DIVIDEND,0.0,0.0,0.0,537.61
717,14,100,2025-10-24,DIVIDEND,0.0,0.0,0.0,4530.34
718,18,97,2025-10-24,BUY,655.0,645.91,1226.85,-424297.9
719,25,66,2025-10-24,BUY,466.0,1335.49,1321.56,-623659.9
720,10,92,2025-10-27,DIVIDEND,0.0,0.0,0.0,658.27
721,17,77,2025-10-27,SELL,20.0,538.89,23.92,10753.88
722,24,47,2025-10-27,SELL,679.0,516.47,514.23,350168.9
723,28,27,2025-10-27,SELL,153.0,1536.1,296.75,234726.55
724,2,39,2025-10-28,BUY,205.0,1876.95,638.39,-385413.14
725,16,87,2025-10-28,BUY,3175.0,162.56,442.13,-516570.13
726,17,80,2025-10-28,SELL,2.0,1017.98,4.7,2031.26
727,24,47,2025-10-28,SELL,469.0,503.5,136.78,236004.72
728,24,62,2025-10-28,BUY,186.0,1912.21,1057.79,-356728.85
729,2,51,2025-10-29,BUY,170.0,2129.65,782.24,-362822.74
730,8,51,2025-10-29,BUY,151.0,2129.65,513.91,-322091.06
731,10,94,2025-10-29,BUY,240.0,1050.01,326.99,-252329.39
732,15,58,2025-10-29,BUY,2752.0,148.95,632.54,-410542.94
733,19,92,2025-10-29,DIVIDEND,0.0,0.0,0.0,4577.96
734,23,94,2025-10-29,DIVIDEND,0.0,0.0,0.0,1718.93
735,23,94,2025-10-29,DIVIDEND,0.0,0.0,0.0,3499.73
736,26,33,2025-10-29,BUY,471.0,1053.3,325.1,-496429.4
737,26,64,2025-10-29,BUY,112.0,1349.8,348.54,-151526.14
738,28,27,2025-10-29,SELL,66.0,1536.83,196.69,101234.09
739,28,29,2025-10-29,BUY,48.0,1800.77,57.48,-86494.44
740,3,8,2025-10-30,BUY,525.0,576.15,717.81,-303196.56
741,12,6,2025-10-30,BUY,301.0,2236.58,1107.76,-674318.34
742,17,54,2025-10-30,BUY,493.0,135.87,97.36,-67081.27
743,21,11,2025-10-30,BUY,247.0,2884.42,1818.51,-714270.25
744,24,47,2025-10-30,BUY,364.0,475.54,441.22,-173537.78
745,25,68,2025-10-30,BUY,2473.0,181.19,816.95,-448899.82
746,27,58,2025-10-30,BUY,2509.0,149.14,387.41,-374579.67
747,28,15,2025-10-30,BUY,885.0,644.29,1396.79,-571593.44
748,15,11,2025-10-31,BUY,149.0,2878.54,383.07,-429285.53
749,17,54,2025-10-31,SELL,480.0,138.27,34.78,66334.82
750,25,49,2025-10-31,BUY,392.0,1632.35,1449.5,-641330.7
751,27,75,2025-10-31,BUY,219.0,740.88,170.19,-162422.91
752,28,51,2025-10-31,BUY,247.0,2154.9,1589.83,-533850.13
753,28,51,2025-10-31,SELL,87.0,2154.9,372.78,187103.52
754,1,33,2025-11-03,BUY,415.0,1083.69,1035.86,-450767.21
755,4,91,2025-11-03,SELL,97.0,722.84,156.79,69958.69
756,7,28,2025-11-03,DIVIDEND,0.0,0.0,0.0,1792.03
757,8,67,2025-11-03,BUY,614.0,421.93,774.18,-259839.2
758,13,68,2025-11-03,DIVIDEND,0.0,0.0,0.0,1136.71
759,19,61,2025-11-03,BUY,2355.0,306.26,1839.35,-723081.65
760,20,75,2025-11-03,BUY,690.0,743.2,1118.02,-513926.02
761,8,43,2025-11-04,BUY,507.0,315.94,266.09,-160447.67
762,13,61,2025-11-04,SELL,228.0,303.8,110.52,69155.88
763,24,47,2025-11-04,BUY,670.0,512.99,816.42,-344519.72
764,9,66,2025-11-05,SELL,50.0,1317.73,119.23,65767.27
765,17,80,2025-11-05,SELL,1.0,1004.26,1.66,1002.6
766,20,95,2025-11-05,BUY,499.0,1388.05,1574.18,-694211.13
767,26,18,2025-11-05,DIVIDEND,0.0,0.0,0.0,278.02
768,28,15,2025-11-05,DIVIDEND,0.0,0.0,0.0,6164.29
769,1,2,2025-11-06,DIVIDEND,0.0,0.0,0.0,460.77
770,4,40,2025-11-06,BUY,354.0,410.99,84.02,-145574.48
771,9,49,2025-11-06,BUY,323.0,1719.28,1236.62,-556564.06
772,15,76,2025-11-06,DIVIDEND,0.0,0.0,0.0,1534.97
773,17,54,2025-11-06,SELL,19.0,131.93,5.22,2501.45
774,24,14,2025-11-06,BUY,281.0,627.47,254.81,-176573.88
775,26,2,2025-11-06,SELL,422.0,790.61,195.43,333441.99
776,28,29,2025-11-06,SELL,29.0,1746.59,35.74,50615.37
777,1,7,2025-11-07,DIVIDEND,0.0,0.0,0.0,1899.97
778,3,16,2025-11-07,BUY,252.0,357.57,175.58,-90283.22
779,8,14,2025-11-07,BUY,558.0,633.23,213.67,-353556.01
780,9,68,2025-11-07,BUY,2528.0,181.86,1370.52,-461112.6
781,13,72,2025-11-07,BUY,247.0,1205.09,270.53,-297927.76
782,20,40,2025-11-07,BUY,814.0,412.53,651.32,-336450.74
783,21,11,2025-11-07,DIVIDEND,0.0,0.0,0.0,5140.77
784,24,47,2025-11-07,BUY,748.0,560.75,1098.87,-420539.87
785,26,31,2025-11-07,BUY,269.0,2009.62,459.1,-541046.88
786,8,26,2025-11-10,BUY,83.0,3489.47,591.73,-290217.74
787,19,58,2025-11-10,DIVIDEND,0.0,0.0,0.0,6921.65
788,20,96,2025-11-10,SELL,250.0,174.2,121.89,43428.11
789,3,8,2025-11-11,DIVIDEND,0.0,0.0,0.0,929.95
790,3,73,2025-11-11,SELL,620.0,444.49,346.61,275237.19
791,3,74,2025-11-11,BUY,113.0,1573.7,529.1,-178357.2
792,8,46,2025-11-11,BUY,1319.0,438.22,547.29,-578559.47
793,13,95,2025-11-11,BUY,261.0,1349.21,833.38,-352977.19
794,14,10,2025-11-11,BUY,1917.0,146.51,335.67,-281195.34
795,17,63,2025-11-11,SELL,2534.0,92.28,190.97,233646.55
796,17,99,2025-11-11,BUY,68.0,3677.87,197.58,-250292.74
797,27,32,2025-11-11,BUY,469.0,813.19,847.32,-382233.43
798,3,62,2025-11-12,SELL,29.0,2011.91,61.39,58284.0
799,17,9,2025-11-12,SELL,25.0,1045.38,54.56,26079.94
800,21,59,2025-11-12,BUY,5260.0,136.45,1490.46,-719217.46
801,24,80,2025-11-12,BUY,340.0,1046.61,739.27,-356586.67
802,10,94,2025-11-13,DIVIDEND,0.0,0.0,0.0,925.74
803,15,71,2025-11-13,SELL,101.0,1262.45,343.8,127163.65
804,18,41,2025-11-13,SELL,25.0,2782.01,45.71,69504.54
805,21,11,2025-11-13,SELL,108.0,2909.03,349.25,313825.99
806,24,26,2025-11-13,DIVIDEND,0.0,0.0,0.0,474.79
807,10,34,2025-11-14,DIVIDEND,0.0,0.0,0.0,3829.57
808,13,93,2025-11-14,BUY,138.0,2415.22,332.64,-333633.0
809,17,63,2025-11-14,BUY,2693.0,92.43,434.44,-249348.43
810,21,7,2025-11-14,BUY,5657.0,143.52,1214.88,-813107.52
811,24,47,2025-11-14,DIVIDEND,0.0,0.0,0.0,2548.94
812,28,15,2025-11-14,SELL,436.0,635.34,161.85,276846.39
813,28,77,2025-11-14,SELL,198.0,573.95,333.19,113308.91
814,30,17,2025-11-14,BUY,96.0,3292.79,837.32,-316945.16
815,30,98,2025-11-14,BUY,1662.0,384.52,1049.51,-640121.75
816,7,22,2025-11-17,SELL,3018.0,132.8,241.32,400549.08
817,8,51,2025-11-17,SELL,207.0,2086.11,497.36,431327.41
818,17,77,2025-11-17,BUY,539.0,568.68,531.89,-307050.41
819,24,48,2025-11-17,BUY,832.0,266.75,208.51,-222144.51
820,24,48,2025-11-17,SELL,460.0,266.75,310.79,122394.21
821,25,7,2025-11-17,DIVIDEND,0.0,0.0,0.0,5700.04
822,2,39,2025-11-18,SELL,102.0,1821.83,345.95,185480.71
823,3,60,2025-11-18,DIVIDEND,0.0,0.0,0.0,830.34
824,8,54,2025-11-18,BUY,3546.0,127.02,901.56,-451314.48
825,8,77,2025-11-18,SELL,340.0,565.48,245.41,192017.79
826,10,34,2025-11-18,DIVIDEND,0.0,0.0,0.0,3548.54
827,17,9,2025-11-18,SELL,15.0,1074.22,9.62,16103.68
828,18,97,2025-11-18,SELL,233.0,668.87,419.14,155427.57
829,19,57,2025-11-18,DIVIDEND,0.0,0.0,0.0,5212.62
830,28,29,2025-11-18,SELL,7.0,1919.91,16.84,13422.53
831,30,55,2025-11-18,BUY,150.0,1019.29,245.43,-153138.93
832,2,20,2025-11-19,BUY,754.0,560.0,895.06,-423135.06
833,3,15,2025-11-19,SELL,371.0,624.23,550.23,231039.1
834,16,24,2025-11-19,DIVIDEND,0.0,0.0,0.0,6015.6
835,19,57,2025-11-19,BUY,2069.0,351.4,400.5,-727447.1
836,22,19,2025-11-19,DIVIDEND,0.0,0.0,0.0,8829.93
837,22,59,2025-11-19,BUY,7950.0,132.66,1370.34,-1056017.34
838,25,100,2025-11-19,BUY,204.0,3394.49,1537.8,-694013.76
839,2,26,2025-11-20,SELL,4.0,3572.56,11.7,14278.54
840,3,60,2025-11-20,BUY,249.0,368.13,89.33,-91753.7
841,16,34,2025-11-20,DIVIDEND,0.0,0.0,0.0,877.36
842,17,9,2025-11-20,BUY,397.0,1029.3,451.78,-409083.88
843,28,70,2025-11-20,BUY,221.0,875.45,127.96,-193602.41
844,3,78,2025-11-21,SELL,5.0,1660.7,21.5,8282.0
845,6,53,2025-11-21,BUY,1228.0,248.88,384.1,-306008.74
846,16,19,2025-11-21,BUY,890.0,374.07,948.2,-333870.5
847,17,63,2025-11-21,DIVIDEND,0.0,0.0,0.0,1838.56
848,18,41,2025-11-21,SELL,6.0,2944.74,28.17,17640.27
849,20,96,2025-11-21,BUY,1277.0,180.03,263.58,-230161.89
850,21,13,2025-11-21,DIVIDEND,0.0,0.0,0.0,9052.17
851,28,29,2025-11-21,SELL,9.0,1893.01,32.9,17004.19
852,30,83,2025-11-21,BUY,500.0,329.41,99.29,-164804.29
853,1,24,2025-11-24,DIVIDEND,0.0,0.0,0.0,725.8
854,3,22,2025-11-24,DIVIDEND,0.0,0.0,0.0,2468.6
855,3,69,2025-11-24,SELL,123.0,3138.91,813.52,385272.41
856,9,21,2025-11-24,SELL,892.0,209.26,188.36,186471.56
857,10,83,2025-11-24,BUY,1781.0,328.01,770.94,-584956.75
858,15,25,2025-11-24,DIVIDEND,0.0,0.0,0.0,2452.95
859,23,35,2025-11-24,BUY,1686.0,148.73,277.08,-251035.86
860,24,26,2025-11-24,SELL,23.0,3693.49,83.52,84866.75
861,27,52,2025-11-24,BUY,283.0,1042.73,814.35,-295906.94
862,1,3,2025-11-25,SELL,12.0,2306.0,67.91,27604.09
863,24,62,2025-11-25,BUY,197.0,2090.96,819.42,-412738.54
864,30,78,2025-11-25,BUY,167.0,1688.28,665.71,-282608.47
865,7,84,2025-11-26,SELL,479.0,152.42,42.03,72967.15
866,8,51,2025-11-26,BUY,80.0,2057.62,115.27,-164724.87
867,16,38,2025-11-26,SELL,1486.0,159.94,486.95,237183.89
868,17,26,2025-11-26,SELL,1.0,3577.9,8.42,3569.48
869,24,62,2025-11-26,BUY,114.0,2032.68,657.4,-232382.92
870,24,91,2025-11-26,BUY,110.0,642.56,71.56,-70753.16
871,29,11,2025-11-26,BUY,222.0,2870.16,1647.88,-638823.4
872,29,11,2025-11-26,DIVIDEND,0.0,0.0,0.0,4001.31
873,31,55,2025-11-26,BUY,339.0,1053.55,239.5,-357392.95
874,4,11,2025-11-27,BUY,104.0,2886.11,395.05,-300550.49
875,4,11,2025-11-27,BUY,66.0,2886.11,394.2,-190877.46
876,8,55,2025-11-27,BUY,531.0,1005.12,1263.89,-534982.61
877,8,60,2025-11-27,BUY,1077.0,344.15,1068.56,-371718.11
878,9,20,2025-11-27,BUY,426.0,547.34,689.51,-233856.35
879,17,54,2025-11-27,SELL,1.0,129.77,0.23,129.54
880,19,58,2025-11-27,DIVIDEND,0.0,0.0,0.0,7396.42
881,32,69,2025-11-27,BUY,64.0,3465.18,284.47,-222055.99
882,2,20,2025-11-28,SELL,370.0,551.44,424.99,203607.81
883,3,62,2025-11-28,SELL,3.0,1924.72,11.15,5763.01
884,8,74,2025-11-28,BUY,351.0,1629.61,809.62,-572802.73
885,11,86,2025-11-28,BUY,3295.0,161.43,353.04,-532264.89
886,15,30,2025-11-28,BUY,375.0,1651.62,443.68,-619801.18
887,19,58,2025-11-28,SELL,911.0,153.94,392.29,139847.05
888,20,44,2025-11-28,SELL,400.0,85.21,46.7,34037.3
889,22,4,2025-11-28,BUY,207.0,3411.47,1498.99,-707673.28
890,24,62,2025-11-28,SELL,649.0,1924.72,912.14,1248231.14
891,28,51,2025-11-28,DIVIDEND,0.0,0.0,0.0,3594.83
892,28,81,2025-11-28,DIVIDEND,0.0,0.0,0.0,1249.94
893,31,55,2025-11-28,DIVIDEND,0.0,0.0,0.0,2372.51
894,32,67,2025-11-28,BUY,750.0,412.65,295.07,-309782.57
895,3,22,2025-12-01,BUY,1674.0,130.13,491.97,-218329.59
896,4,87,2025-12-01,SELL,196.0,169.25,72.9,33100.1
897,15,25,2025-12-01,SELL,129.0,2074.8,574.11,267075.09
898,22,72,2025-12-01,BUY,845.0,1239.56,1823.43,-1049251.63
899,28,15,2025-12-01,SELL,265.0,620.04,352.58,163958.02
900,1,24,2025-12-02,DIVIDEND,0.0,0.0,0.0,964.27
901,2,18,2025-12-02,BUY,546.0,211.13,160.71,-115437.69
902,3,22,2025-12-02,BUY,935.0,130.68,143.56,-122329.36
903,3,65,2025-12-02,SELL,937.0,124.77,303.11,116606.38
904,4,50,2025-12-02,DIVIDEND,0.0,0.0,0.0,4867.99
905,6,39,2025-12-02,SELL,44.0,1820.62,115.78,79991.5
906,18,54,2025-12-02,SELL,412.0,132.54,49.42,54557.06
907,18,99,2025-12-02,SELL,17.0,3720.46,117.68,63130.14
908,24,47,2025-12-02,BUY,198.0,535.24,277.63,-106255.15
909,24,91,2025-12-02,SELL,179.0,621.98,86.81,111247.61
910,2,26,2025-12-03,SELL,7.0,3876.27,27.92,27105.97
911,2,26,2025-12-03,DIVIDEND,0.0,0.0,0.0,172.93
912,10,94,2025-12-03,DIVIDEND,0.0,0.0,0.0,1942.9
913,23,94,2025-12-03,DIVIDEND,0.0,0.0,0.0,2733.81
914,26,2,2025-12-03,DIVIDEND,0.0,0.0,0.0,1007.55
915,28,15,2025-12-03,DIVIDEND,0.0,0.0,0.0,1041.13
916,31,55,2025-12-03,SELL,67.0,982.26,150.16,65661.26
917,32,67,2025-12-03,SELL,344.0,438.37,134.99,150664.29
918,10,34,2025-12-04,SELL,71.0,711.66,74.94,50452.92
919,20,32,2025-12-04,SELL,244.0,822.81,356.9,200408.74
920,32,67,2025-12-04,SELL,171.0,435.79,118.6,74401.49
921,32,84,2025-12-04,BUY,2486.0,158.42,923.13,-394755.25
922,32,85,2025-12-04,BUY,620.0,653.1,822.11,-405744.11
923,2,18,2025-12-05,BUY,1119.0,210.33,452.6,-235811.87
924,2,39,2025-12-05,SELL,191.0,1819.99,509.05,347109.04
925,2,51,2025-12-05,BUY,229.0,1991.65,741.41,-456829.26
926,3,60,2025-12-05,BUY,513.0,356.5,232.21,-183116.71
927,4,75,2025-12-05,BUY,198.0,760.19,92.05,-150609.67
928,4,80,2025-12-05,BUY,215.0,985.45,406.23,-212277.98
929,8,10,2025-12-05,BUY,4034.0,137.46,382.78,-554896.42
930,17,9,2025-12-05,SELL,313.0,1042.49,802.72,325496.65
931,18,57,2025-12-05,BUY,968.0,342.3,791.28,-332137.68
932,18,74,2025-12-05,BUY,213.0,1600.7,284.03,-341233.13
933,20,32,2025-12-05,DIVIDEND,0.0,0.0,0.0,1414.81
934,20,46,2025-12-05,SELL,111.0,390.69,82.74,43283.85
935,24,89,2025-12-05,BUY,660.0,469.9,813.81,-310947.81
936,28,15,2025-12-05,SELL,118.0,609.3,155.94,71741.46
937,31,55,2025-12-05,SELL,72.0,954.94,187.02,68568.66
938,7,98,2025-12-08,SELL,70.0,363.22,56.25,25369.15
939,15,53,2025-12-08,BUY,687.0,229.66,346.33,-158122.75
940,18,29,2025-12-08,SELL,75.0,1882.35,148.65,141027.6
941,22,59,2025-12-08,BUY,3332.0,130.93,749.85,-437008.61
942,32,2,2025-12-08,BUY,145.0,831.68,355.47,-120949.07
943,6,39,2025-12-09,BUY,232.0,1828.92,463.85,-424773.29
944,13,5,2025-12-09,BUY,542.0,842.6,902.01,-457591.21
945,18,89,2025-12-09,SELL,330.0,477.48,132.19,157436.21
946,20,83,2025-12-09,SELL,117.0,316.7,66.35,36987.55
947,22,50,2025-12-09,BUY,2067.0,413.09,1583.5,-855440.53
948,27,42,2025-12-09,BUY,95.0,3178.15,650.03,-302574.28
949,28,62,2025-12-09,BUY,208.0,1957.33,387.69,-407512.33
950,28,67,2025-12-09,BUY,1311.0,421.87,557.33,-553628.9
951,32,51,2025-12-09,BUY,88.0,1976.33,201.73,-174118.77
952,33,9,2025-12-09,BUY,369.0,1114.91,306.2,-411707.99
953,1,21,2025-12-10,DIVIDEND,0.0,0.0,0.0,3007.5
954,3,16,2025-12-10,SELL,877.0,428.26,362.17,375221.85
955,7,41,2025-12-10,BUY,62.0,2926.35,201.69,-181635.39
956,7,84,2025-12-10,DIVIDEND,0.0,0.0,0.0,1089.23
957,19,66,2025-12-10,DIVIDEND,0.0,0.0,0.0,1826.86
958,24,62,2025-12-10,SELL,37.0,1949.6,118.91,72016.29
959,24,89,2025-12-10,BUY,696.0,498.96,434.03,-347710.19
960,28,77,2025-12-10,SELL,204.0,548.5,186.15,111707.85
961,31,55,2025-12-10,DIVIDEND,0.0,0.0,0.0,1383.45
962,31,55,2025-12-10,DIVIDEND,0.0,0.0,0.0,625.89
963,8,74,2025-12-11,SELL,273.0,1651.56,376.05,450499.83
964,20,82,2025-12-11,BUY,1404.0,490.91,968.35,-690205.99
965,24,80,2025-12-11,SELL,501.0,1014.89,903.46,507556.43
966,26,90,2025-12-11,SELL,443.0,428.26,404.84,189314.34
967,28,15,2025-12-11,SELL,40.0,599.56,57.79,23924.61
968,29,11,2025-12-11,DIVIDEND,0.0,0.0,0.0,5900.83
969,33,46,2025-12-11,BUY,467.0,400.13,265.01,-187125.72
970,8,74,2025-12-12,SELL,78.0,1675.58,314.77,130380.47
971,22,72,2025-12-12,BUY,714.0,1249.95,2224.3,-894688.6
972,25,4,2025-12-12,BUY,214.0,3490.53,1104.19,-748077.61
973,28,62,2025-12-12,SELL,142.0,1965.4,369.98,278716.82
974,1,17,2025-12-15,DIVIDEND,0.0,0.0,0.0,4348.21
975,2,29,2025-12-15,SELL,31.0,1851.11,84.1,57300.31
976,17,77,2025-12-15,SELL,513.0,560.64,783.59,286824.73
977,18,39,2025-12-15,BUY,209.0,1840.83,910.51,-385643.98
978,19,61,2025-12-15,SELL,268.0,311.13,147.81,83235.03
979,23,94,2025-12-15,SELL,98.0,1028.49,141.91,100650.11
980,28,65,2025-12-15,BUY,2259.0,123.32,163.59,-278743.47
981,28,80,2025-12-15,BUY,167.0,1035.53,111.66,-173045.17
982,30,93,2025-12-15,BUY,103.0,2393.92,739.29,-247313.05
983,31,55,2025-12-15,DIVIDEND,0.0,0.0,0.0,530.32
984,31,55,2025-12-15,SELL,45.0,924.57,113.01,41492.64
985,17,54,2025-12-16,BUY,2133.0,131.48,791.82,-281238.66
986,18,99,2025-12-16,BUY,61.0,3205.08,132.58,-195642.46
987,27,44,2025-12-16,BUY,3873.0,95.69,1108.78,-371716.15
988,3,15,2025-12-17,BUY,224.0,587.23,301.6,-131841.12
989,3,15,2025-12-17,BUY,107.0,587.23,137.3,-62970.91
990,3,69,2025-12-17,SELL,21.0,3167.93,190.89,66335.64
991,5,1,2025-12-17,DIVIDEND,0.0,0.0,0.0,500.65
992,6,35,2025-12-17,BUY,1684.0,141.09,694.81,-238290.37
993,6,68,2025-12-17,DIVIDEND,0.0,0.0,0.0,949.73
994,8,55,2025-12-17,SELL,983.0,924.06,989.06,907361.92
995,11,58,2025-12-17,DIVIDEND,0.0,0.0,0.0,1188.5
996,13,61,2025-12-17,BUY,2506.0,310.15,1711.04,-778946.94
997,13,95,2025-12-17,DIVIDEND,0.0,0.0,0.0,1791.01
998,14,53,2025-12-17,BUY,2308.0,213.72,706.16,-493971.92
999,19,58,2025-12-17,DIVIDEND,0.0,0.0,0.0,5707.78
1000,26,33,2025-12-17,DIVIDEND,0.0,0.0,0.0,6255.97
1001,28,62,2025-12-17,DIVIDEND,0.0,0.0,0.0,432.97
1002,29,97,2025-12-17,BUY,1226.0,684.71,526.55,-839981.01
1003,30,83,2025-12-17,DIVIDEND,0.0,0.0,0.0,1535.49
1004,32,51,2025-12-17,DIVIDEND,0.0,0.0,0.0,599.83
1005,32,74,2025-12-17,BUY,84.0,1702.86,277.08,-143317.32
1006,33,9,2025-12-17,DIVIDEND,0.0,0.0,0.0,4570.11
1007,33,99,2025-12-17,BUY,90.0,3192.61,804.42,-288139.32
1008,2,13,2025-12-18,SELL,1805.0,166.21,326.59,299682.46
1009,5,58,2025-12-18,DIVIDEND,0.0,0.0,0.0,5565.69
1010,8,60,2025-12-18,SELL,1393.0,383.81,841.2,533806.13
1011,9,75,2025-12-18,BUY,274.0,757.84,141.55,-207789.71
1012,15,53,2025-12-18,BUY,1507.0,216.0,773.79,-326285.79
1013,17,77,2025-12-18,SELL,25.0,554.66,36.49,13830.01
1014,18,85,2025-12-18,SELL,33.0,659.97,65.25,21713.76
1015,20,75,2025-12-18,DIVIDEND,0.0,0.0,0.0,4165.9
1016,23,33,2025-12-18,BUY,511.0,1163.05,1634.67,-595953.22
1017,27,52,2025-12-18,BUY,386.0,938.73,280.81,-362630.59
1018,27,52,2025-12-18,DIVIDEND,0.0,0.0,0.0,5860.4
1019,27,58,2025-12-18,BUY,3773.0,149.08,342.58,-562821.42
1020,30,12,2025-12-18,BUY,329.0,1828.14,1639.31,-603097.37
1021,31,94,2025-12-18,BUY,122.0,1020.57,372.56,-124882.1
1022,9,66,2025-12-19,BUY,398.0,1398.07,1164.8,-557596.66
1023,18,22,2025-12-19,BUY,2752.0,138.24,498.5,-380934.98
1024,27,32,2025-12-19,BUY,671.0,881.11,481.9,-591706.71
1025,28,56,2025-12-19,BUY,209.0,2489.37,1320.51,-521598.84
1026,28,65,2025-12-19,DIVIDEND,0.0,0.0,0.0,1088.66
1027,33,23,2025-12-19,BUY,65.0,1794.55,219.12,-116864.87
1028,34,92,2025-12-19,BUY,3024.0,200.29,1368.35,-607045.31
1029,3,64,2025-12-22,BUY,208.0,1534.63,668.32,-319871.36
1030,17,63,2025-12-22,BUY,3108.0,105.81,959.5,-329816.98
1031,20,71,2025-12-22,DIVIDEND,0.0,0.0,0.0,2754.92
1032,24,26,2025-12-22,BUY,102.0,4209.16,1223.09,-430557.41
1033,24,89,2025-12-22,BUY,333.0,489.81,341.68,-163448.41
1034,28,62,2025-12-22,SELL,52.0,1938.72,171.75,100641.69
1035,29,95,2025-12-22,BUY,208.0,1365.87,269.98,-284370.94
1036,2,5,2025-12-23,SELL,62.0,869.72,84.35,53838.29
1037,11,1,2025-12-23,DIVIDEND,0.0,0.0,0.0,591.86
1038,17,9,2025-12-23,BUY,415.0,1043.8,610.63,-433787.63
1039,17,80,2025-12-23,BUY,165.0,985.66,126.49,-162760.39
1040,19,87,2025-12-23,BUY,2835.0,161.65,876.19,-459153.94
1041,25,66,2025-12-23,BUY,637.0,1378.86,823.96,-879157.78
1042,27,46,2025-12-23,DIVIDEND,0.0,0.0,0.0,3272.74
1043,28,27,2025-12-23,SELL,18.0,1660.38,50.53,29836.31
1044,28,70,2025-12-23,BUY,614.0,905.22,728.75,-556533.83
1045,28,99,2025-12-23,BUY,71.0,3404.41,267.31,-241980.42
1046,29,11,2025-12-23,DIVIDEND,0.0,0.0,0.0,5499.62
1047,3,16,2025-12-24,BUY,145.0,451.1,115.06,-65524.56
1048,3,22,2025-12-24,SELL,2787.0,129.86,297.25,361622.57
1049,6,11,2025-12-24,BUY,83.0,2925.26,419.83,-243216.41
1050,11,40,2025-12-24,BUY,1195.0,406.89,956.82,-487190.37
1051,15,76,2025-12-24,DIVIDEND,0.0,0.0,0.0,1526.02
1052,21,20,2025-12-24,BUY,1210.0,581.62,470.51,-704230.71
1053,22,50,2025-12-24,SELL,1700.0,416.79,640.6,707902.4
1054,24,47,2025-12-24,SELL,2005.0,679.8,2496.53,1360502.47
1055,24,56,2025-12-24,SELL,145.0,2513.37,544.52,363894.13
1056,32,26,2025-12-24,BUY,125.0,3890.11,1367.59,-487631.34
1057,32,26,2025-12-24,SELL,66.0,3890.11,280.14,256467.12
1058,1,7,2025-12-25,BUY,1948.0,151.14,324.54,-294745.26
1059,3,22,2025-12-25,BUY,3242.0,132.95,511.89,-431535.79
1060,3,60,2025-12-25,SELL,1060.0,377.77,372.67,400063.53
1061,5,46,2025-12-25,DIVIDEND,0.0,0.0,0.0,1764.52
1062,7,32,2025-12-25,DIVIDEND,0.0,0.0,0.0,3470.95
1063,8,46,2025-12-25,BUY,594.0,402.91,556.61,-239885.15
1064,18,85,2025-12-25,SELL,22.0,680.15,31.24,14932.06
1065,24,56,2025-12-25,BUY,138.0,2502.68,304.12,-345673.96
1066,24,91,2025-12-25,SELL,103.0,540.23,41.18,55602.51
1067,32,41,2025-12-25,BUY,114.0,3049.87,994.64,-348679.82
1068,32,67,2025-12-25,SELL,54.0,464.86,31.02,25071.42
1069,2,36,2025-12-26,SELL,314.0,646.28,233.73,202698.19
1070,6,37,2025-12-26,SELL,56.0,2517.31,215.23,140754.13
1071,7,32,2025-12-26,BUY,411.0,843.49,181.14,-346855.53
1072,9,68,2025-12-26,BUY,1238.0,182.96,257.08,-226761.56
1073,15,86,2025-12-26,DIVIDEND,0.0,0.0,0.0,2025.4
1074,24,14,2025-12-26,SELL,620.0,746.6,505.23,462386.77
1075,27,46,2025-12-26,SELL,537.0,399.67,270.08,214352.71
1076,32,26,2025-12-26,DIVIDEND,0.0,0.0,0.0,2363.44
1077,33,74,2025-12-26,BUY,69.0,1750.31,128.26,-120899.65
1078,2,13,2025-12-29,BUY,1540.0,162.8,235.88,-250947.88
1079,4,70,2025-12-29,SELL,52.0,873.71,56.14,45376.78
1080,7,84,2025-12-29,BUY,2443.0,177.41,544.16,-433956.79
1081,9,66,2025-12-29,BUY,429.0,1395.91,1190.15,-600035.54
1082,13,61,2025-12-29,BUY,2275.0,314.96,515.89,-717049.89
1083,14,12,2025-12-29,BUY,200.0,1845.54,214.83,-369322.83
1084,15,58,2025-12-29,BUY,4097.0,151.28,808.21,-620602.37
1085,17,51,2025-12-29,DIVIDEND,0.0,0.0,0.0,3154.78
1086,20,75,2025-12-29,DIVIDEND,0.0,0.0,0.0,5302.13
1087,24,14,2025-12-29,BUY,310.0,752.68,667.5,-233998.3
1088,31,33,2025-12-29,BUY,291.0,1110.78,248.12,-323485.1
1089,31,55,2025-12-29,DIVIDEND,0.0,0.0,0.0,714.48
1090,2,12,2025-12-30,SELL,49.0,1849.06,255.27,90348.67
1091,3,78,2025-12-30,SELL,5.0,1532.82,8.4,7655.7
1092,9,61,2025-12-30,BUY,680.0,315.48,520.99,-215047.39
1093,11,43,2025-12-30,DIVIDEND,0.0,0.0,0.0,4406.68
1094,17,84,2025-12-30,BUY,1257.0,177.21,658.12,-223411.09
1095,20,83,2025-12-30,BUY,776.0,299.64,224.05,-232744.69
1096,21,57,2025-12-30,BUY,2458.0,333.21,964.23,-819994.41
1097,23,33,2025-12-30,DIVIDEND,0.0,0.0,0.0,2458.55
1098,24,47,2025-12-30,BUY,600.0,725.4,1084.53,-436324.53
1099,24,56,2025-12-30,BUY,146.0,2690.8,774.6,-393631.4
1100,28,70,2025-12-30,SELL,317.0,875.18,604.66,276827.4
1101,29,95,2025-12-30,DIVIDEND,0.0,0.0,0.0,761.25
1102,30,78,2025-12-30,DIVIDEND,0.0,0.0,0.0,2738.36
1103,32,99,2025-12-30,BUY,66.0,3658.7,463.76,-241937.96
1104,7,41,2025-12-31,BUY,69.0,3121.09,597.09,-215952.3
1105,10,94,2025-12-31,DIVIDEND,0.0,0.0,0.0,2369.11
1106,17,9,2025-12-31,BUY,121.0,1161.04,412.01,-140897.85
1107,24,14,2025-12-31,BUY,326.0,757.6,388.28,-247365.88
1108,26,17,2025-12-31,BUY,136.0,3235.63,1215.86,-441261.54
1109,26,24,2025-12-31,SELL,500.0,349.21,307.75,174297.25
1110,32,69,2025-12-31,SELL,20.0,3000.6,114.14,59897.86
1111,34,92,2025-12-31,SELL,893.0,208.66,245.9,186087.48
1112,3,73,2026-01-01,BUY,839.0,464.47,901.38,-390591.71
1113,3,73,2026-01-01,BUY,280.0,464.47,330.85,-130382.45
1114,18,23,2026-01-01,BUY,138.0,1645.1,316.73,-227340.53
1115,30,10,2026-01-01,BUY,2183.0,136.34,516.95,-298147.17
1116,31,25,2026-01-01,BUY,224.0,2205.95,713.69,-494846.49
1117,32,16,2026-01-01,BUY,388.0,474.4,416.84,-184484.04
1118,33,37,2026-01-01,BUY,151.0,2601.88,584.96,-393468.84
1119,8,26,2026-01-02,SELL,148.0,3984.11,1534.53,588113.75
1120,12,43,2026-01-02,DIVIDEND,0.0,0.0,0.0,3096.28
1121,24,14,2026-01-02,SELL,788.0,750.23,1033.61,590147.63
1122,24,91,2026-01-02,DIVIDEND,0.0,0.0,0.0,106.09
1123,30,98,2026-01-02,BUY,1024.0,333.0,293.0,-341285.0
1124,3,16,2026-01-05,SELL,140.0,492.81,60.06,68933.34
1125,18,74,2026-01-05,SELL,148.0,1735.51,558.43,256297.05
1126,33,9,2026-01-05,SELL,91.0,1202.43,236.3,109184.83
1127,34,59,2026-01-05,BUY,6939.0,133.7,1207.45,-928951.75
1128,2,29,2026-01-06,BUY,196.0,1669.5,919.4,-328141.4
1129,3,16,2026-01-06,SELL,89.0,480.13,70.67,42660.9
1130,7,41,2026-01-06,BUY,107.0,3209.24,360.17,-343748.85
1131,18,39,2026-01-06,DIVIDEND,0.0,0.0,0.0,5453.08
1132,27,64,2026-01-06,BUY,371.0,1520.47,1304.85,-565399.22
1133,34,49,2026-01-06,BUY,343.0,1758.23,406.59,-603479.48
1134,3,8,2026-01-07,SELL,572.0,625.34,905.37,356789.11
1135,9,61,2026-01-07,BUY,2074.0,309.62,1003.63,-643155.51
1136,18,21,2026-01-07,DIVIDEND,0.0,0.0,0.0,2007.01
1137,28,56,2026-01-07,SELL,164.0,2609.07,240.55,427646.93
1138,30,93,2026-01-07,DIVIDEND,0.0,0.0,0.0,1782.08
1139,31,94,2026-01-07,DIVIDEND,0.0,0.0,0.0,487.71
1140,7,89,2026-01-08,SELL,209.0,459.99,252.53,95885.38
1141,8,55,2026-01-08,BUY,141.0,953.42,300.09,-134732.31
1142,14,100,2026-01-08,DIVIDEND,0.0,0.0,0.0,2460.32
1143,17,77,2026-01-08,DIVIDEND,0.0,0.0,0.0,79.97
1144,24,67,2026-01-08,DIVIDEND,0.0,0.0,0.0,5111.38
1145,30,17,2026-01-08,SELL,36.0,3494.54,122.53,125680.91
1146,30,78,2026-01-08,BUY,163.0,1547.44,404.47,-252637.19
1147,32,23,2026-01-08,BUY,110.0,1576.84,263.91,-173716.31
1148,7,84,2026-01-09,SELL,1690.0,188.58,452.82,318247.38
1149,8,14,2026-01-09,BUY,328.0,748.72,192.53,-245772.69
1150,8,43,2026-01-09,SELL,1542.0,319.87,507.14,492732.4
1151,20,44,2026-01-09,DIVIDEND,0.0,0.0,0.0,776.29
1152,21,57,2026-01-09,DIVIDEND,0.0,0.0,0.0,7870.85
1153,26,36,2026-01-09,BUY,677.0,682.41,749.42,-462740.99
1154,29,38,2026-01-09,BUY,5165.0,163.06,1380.51,-843585.41
1155,29,61,2026-01-09,BUY,2518.0,309.18,2311.98,-780827.22
1156,33,60,2026-01-09,BUY,933.0,393.38,650.77,-367674.31
1157,35,90,2026-01-09,BUY,1406.0,440.79,816.04,-620566.78
1158,3,64,2026-01-12,SELL,200.0,1531.19,547.16,305690.84
1159,14,59,2026-01-12,BUY,2766.0,136.58,306.82,-378087.1
1160,32,34,2026-01-12,BUY,586.0,777.94,811.75,-456684.59
1161,34,57,2026-01-12,BUY,3402.0,349.83,3321.88,-1193443.54
1162,3,69,2026-01-13,BUY,141.0,2867.97,764.31,-405148.08
1163,8,14,2026-01-13,BUY,264.0,789.3,193.19,-208568.39
1164,10,71,2026-01-13,BUY,353.0,1276.38,334.53,-450896.67
1165,11,1,2026-01-13,DIVIDEND,0.0,0.0,0.0,1519.85
1166,17,48,2026-01-13,BUY,1166.0,198.94,287.63,-232251.67
1167,20,82,2026-01-13,SELL,415.0,537.13,654.51,222254.44
1168,25,4,2026-01-13,BUY,100.0,3780.81,439.85,-378520.85
1169,28,62,2026-01-13,SELL,8.0,1726.44,16.18,13795.34
1170,28,70,2026-01-13,BUY,311.0,923.38,813.14,-287984.32
1171,30,78,2026-01-13,DIVIDEND,0.0,0.0,0.0,4041.31
1172,33,99,2026-01-13,SELL,32.0,3619.21,78.86,115735.86
1173,3,62,2026-01-14,SELL,1.0,1690.52,3.18,1687.34
1174,8,43,2026-01-14,SELL,370.0,338.03,290.1,124781.0
1175,9,7,2026-01-14,BUY,2382.0,146.58,193.9,-349347.46
1176,12,43,2026-01-14,BUY,1749.0,338.03,1320.67,-592535.14
1177,13,95,2026-01-14,DIVIDEND,0.0,0.0,0.0,3478.95
1178,20,32,2026-01-14,BUY,171.0,961.09,143.01,-164489.4
1179,22,72,2026-01-14,DIVIDEND,0.0,0.0,0.0,13819.3
1180,24,80,2026-01-14,SELL,236.0,828.38,272.72,195224.96
1181,28,70,2026-01-14,SELL,648.0,916.13,1455.49,592196.75
1182,28,84,2026-01-14,SELL,919.0,184.21,376.54,168912.45
1183,32,15,2026-01-14,BUY,218.0,584.72,210.88,-127679.84
1184,2,14,2026-01-15,BUY,483.0,795.99,923.65,-385386.82
1185,6,40,2026-01-15,DIVIDEND,0.0,0.0,0.0,610.4
1186,7,89,2026-01-15,BUY,911.0,461.44,1257.28,-421629.12
1187,14,59,2026-01-15,DIVIDEND,0.0,0.0,0.0,2844.4
1188,17,84,2026-01-15,SELL,1650.0,183.08,162.03,301919.97
1189,23,35,2026-01-15,DIVIDEND,0.0,0.0,0.0,577.91
1190,24,47,2026-01-15,SELL,628.0,650.88,319.83,408432.81
1191,27,46,2026-01-15,BUY,694.0,415.45,756.06,-289078.36
1192,28,15,2026-01-15,SELL,14.0,591.03,19.96,8254.46
1193,36,32,2026-01-15,BUY,109.0,946.9,97.66,-103309.76
1194,36,77,2026-01-15,BUY,470.0,694.97,599.67,-327235.57
1195,36,84,2026-01-15,BUY,554.0,183.08,154.43,-101580.75
1196,1,6,2026-01-16,DIVIDEND,0.0,0.0,0.0,2843.42
1197,5,13,2026-01-16,DIVIDEND,0.0,0.0,0.0,4994.92
1198,10,57,2026-01-16,BUY,581.0,354.15,388.56,-206149.71
1199,11,25,2026-01-16,DIVIDEND,0.0,0.0,0.0,4422.29
1200,15,58,2026-01-16,BUY,3731.0,154.03,588.45,-575274.38
1201,27,32,2026-01-16,SELL,705.0,929.62,1587.28,653794.82
1202,30,17,2026-01-16,BUY,71.0,3178.94,578.64,-226283.38
1203,32,14,2026-01-16,BUY,504.0,801.77,975.99,-405068.07
1204,35,39,2026-01-16,BUY,160.0,2028.25,716.41,-325236.41
1205,35,90,2026-01-16,DIVIDEND,0.0,0.0,0.0,7043.3
1206,3,15,2026-01-19,SELL,198.0,614.63,65.67,121631.07
1207,8,55,2026-01-19,BUY,297.0,1014.61,289.76,-301628.93
1208,14,1,2026-01-19,BUY,388.0,357.01,281.32,-138801.2
1209,14,78,2026-01-19,BUY,271.0,1694.43,291.18,-459481.71
1210,24,48,2026-01-19,BUY,549.0,190.32,173.13,-104658.81
1211,32,26,2026-01-19,DIVIDEND,0.0,0.0,0.0,1759.91
1212,32,34,2026-01-19,BUY,501.0,796.16,1160.1,-400036.26
1213,1,1,2026-01-20,DIVIDEND,0.0,0.0,0.0,4699.32
1214,3,8,2026-01-20,BUY,663.0,581.73,663.09,-386350.08
1215,5,92,2026-01-20,BUY,1987.0,208.23,433.26,-414186.27
1216,9,66,2026-01-20,BUY,400.0,1399.02,363.7,-559971.7
1217,27,75,2026-01-20,DIVIDEND,0.0,0.0,0.0,1556.25
1218,28,15,2026-01-20,BUY,572.0,610.49,755.7,-349955.98
1219,31,70,2026-01-20,BUY,587.0,907.23,275.85,-532819.86
1220,31,94,2026-01-20,DIVIDEND,0.0,0.0,0.0,1254.06
1221,37,16,2026-01-20,BUY,292.0,445.65,206.91,-130336.71
1222,1,1,2026-01-21,BUY,511.0,363.18,394.01,-185978.99
1223,6,53,2026-01-21,DIVIDEND,0.0,0.0,0.0,962.4
1224,16,27,2026-01-21,DIVIDEND,0.0,0.0,0.0,2821.23
1225,17,63,2026-01-21,BUY,4184.0,99.14,792.51,-415594.27
1226,17,63,2026-01-21,BUY,1012.0,99.14,232.6,-100562.28
1227,17,77,2026-01-21,SELL,14.0,692.94,15.61,9685.55
1228,17,77,2026-01-21,BUY,267.0,692.94,442.69,-185457.67
1229,24,91,2026-01-21,SELL,46.0,538.65,60.7,24717.2
1230,25,4,2026-01-21,BUY,129.0,3906.41,1380.68,-505307.57
1231,30,55,2026-01-21,SELL,100.0,965.39,288.14,96250.86
1232,31,94,2026-01-21,DIVIDEND,0.0,0.0,0.0,733.15
1233,32,34,2026-01-21,BUY,520.0,776.66,968.52,-404831.72
1234,37,16,2026-01-21,SELL,107.0,462.08,35.91,49406.65
1235,3,74,2026-01-22,BUY,82.0,1525.65,335.21,-125438.51
1236,3,74,2026-01-22,BUY,211.0,1525.65,954.43,-322866.58
1237,7,28,2026-01-22,SELL,134.0,1767.57,244.46,236609.92
1238,7,32,2026-01-22,SELL,393.0,953.12,263.75,374312.41
1239,11,11,2026-01-22,BUY,53.0,2803.53,278.54,-148865.63
1240,22,34,2026-01-22,BUY,528.0,785.99,902.34,-415905.06
1241,32,85,2026-01-22,SELL,265.0,653.16,276.23,172811.17
1242,2,18,2026-01-23,DIVIDEND,0.0,0.0,0.0,8916.45
1243,18,57,2026-01-23,BUY,774.0,366.01,499.44,-283791.18
1244,24,26,2026-01-23,BUY,74.0,3481.32,257.91,-257875.59
1245,24,80,2026-01-23,SELL,29.0,771.76,47.26,22333.78
1246,35,1,2026-01-23,BUY,1189.0,357.64,1028.9,-426262.86
1247,3,15,2026-01-26,SELL,130.0,587.69,72.91,76326.79
1248,3,22,2026-01-26,BUY,1981.0,120.18,512.18,-238588.76
1249,3,73,2026-01-26,DIVIDEND,0.0,0.0,0.0,4650.47
1250,4,31,2026-01-26,DIVIDEND,0.0,0.0,0.0,224.73
1251,10,57,2026-01-26,SELL,134.0,369.02,85.69,49362.99
1252,17,80,2026-01-26,SELL,148.0,768.58,210.31,113539.53
1253,20,93,2026-01-26,SELL,170.0,2279.99,208.2,387390.1
1254,24,47,2026-01-26,DIVIDEND,0.0,0.0,0.0,396.6
1255,35,90,2026-01-26,DIVIDEND,0.0,0.0,0.0,7562.89
1256,36,28,2026-01-26,BUY,194.0,1802.47,833.14,-350512.32
1257,37,15,2026-01-26,BUY,392.0,587.69,182.73,-230557.21
1258,3,65,2026-01-27,SELL,9.0,127.29,1.83,1143.78
1259,3,73,2026-01-27,SELL,987.0,455.78,780.28,449074.58
1260,5,46,2026-01-27,DIVIDEND,0.0,0.0,0.0,1788.04
1261,5,61,2026-01-27,DIVIDEND,0.0,0.0,0.0,3250.1
1262,8,14,2026-01-27,BUY,515.0,801.01,471.8,-412991.95
1263,17,47,2026-01-27,BUY,603.0,610.72,329.21,-368593.37
1264,18,79,2026-01-27,BUY,132.0,814.15,247.52,-107715.32
1265,18,99,2026-01-27,SELL,34.0,3574.82,67.43,121476.45
1266,20,44,2026-01-27,BUY,2852.0,94.49,341.17,-269826.65
1267,22,71,2026-01-27,DIVIDEND,0.0,0.0,0.0,4159.69
1268,24,56,2026-01-27,DIVIDEND,0.0,0.0,0.0,7552.09
1269,24,62,2026-01-27,SELL,3.0,1626.06,12.66,4865.52
1270,27,44,2026-01-27,BUY,5093.0,94.49,1243.05,-482480.62
1271,33,44,2026-01-27,BUY,2941.0,94.49,805.47,-278700.56
1272,2,42,2026-01-28,SELL,58.0,3356.95,135.58,194567.52
1273,8,14,2026-01-28,SELL,1515.0,818.39,3583.1,1236277.75
1274,8,51,2026-01-28,BUY,282.0,1460.18,297.1,-412067.86
1275,17,73,2026-01-28,BUY,838.0,470.26,996.84,-395074.72
1276,19,57,2026-01-28,BUY,1103.0,369.25,667.65,-407950.4
1277,28,67,2026-01-28,SELL,509.0,449.89,685.7,228308.31
1278,32,67,2026-01-28,SELL,70.0,449.89,91.4,31400.9
1279,34,49,2026-01-28,DIVIDEND,0.0,0.0,0.0,5363.66
1280,1,45,2026-01-29,BUY,578.0,452.22,199.34,-261582.5
1281,3,15,2026-01-29,BUY,386.0,575.88,504.27,-222793.95
1282,3,69,2026-01-29,BUY,83.0,3034.62,416.36,-252289.82
1283,10,50,2026-01-29,BUY,904.0,438.65,802.03,-397341.63
1284,15,52,2026-01-29,BUY,209.0,951.71,116.62,-199024.01
1285,19,92,2026-01-29,BUY,2121.0,199.42,1251.94,-424221.76
1286,20,45,2026-01-29,DIVIDEND,0.0,0.0,0.0,1496.01
1287,27,64,2026-01-29,DIVIDEND,0.0,0.0,0.0,5501.9
1288,28,29,2026-01-29,SELL,3.0,1645.75,4.29,4932.96
1289,28,70,2026-01-29,BUY,316.0,902.37,850.54,-285999.46
1290,36,53,2026-01-29,BUY,2052.0,212.52,1210.96,-437302.0
1291,2,20,2026-01-30,SELL,93.0,560.4,77.26,52039.94
1292,3,65,2026-01-30,SELL,3.0,132.36,0.92,396.16
1293,8,46,2026-01-30,BUY,1116.0,424.71,1132.71,-475109.07
1294,9,66,2026-01-30,DIVIDEND,0.0,0.0,0.0,15037.8
1295,17,47,2026-01-30,BUY,193.0,581.59,66.2,-112313.07
1296,28,80,2026-01-30,BUY,299.0,771.19,271.58,-230857.39
1297,30,17,2026-01-30,BUY,173.0,3219.88,821.27,-557860.51
1298,33,56,2026-01-30,BUY,148.0,2537.92,517.82,-376129.98
1299,35,1,2026-01-30,SELL,359.0,349.79,166.35,125408.26
1300,1,27,2026-02-02,DIVIDEND,0.0,0.0,0.0,1329.31
1301,2,13,2026-02-02,SELL,1679.0,154.71,306.73,259451.36
1302,9,70,2026-02-02,BUY,270.0,876.1,417.73,-236964.73
1303,12,43,2026-02-02,SELL,1364.0,349.5,550.61,476167.39
1304,17,54,2026-02-02,SELL,1271.0,117.22,433.89,148552.73
1305,17,54,2026-02-02,SELL,720.0,117.22,196.32,84202.08
1306,21,57,2026-02-02,BUY,1413.0,370.99,628.16,-524837.03
1307,26,39,2026-02-02,BUY,173.0,2093.93,332.1,-362581.99
1308,30,17,2026-02-02,SELL,107.0,3173.28,656.42,338884.54
1309,32,14,2026-02-02,SELL,173.0,786.96,164.32,135979.76
1310,32,16,2026-02-02,BUY,283.0,468.97,301.98,-133020.49
1311,33,99,2026-02-02,SELL,28.0,3724.97,143.45,104155.71
1312,37,3,2026-02-02,BUY,217.0,2189.38,655.48,-475750.94
1313,37,3,2026-02-02,DIVIDEND,0.0,0.0,0.0,4332.64
1314,37,15,2026-02-02,SELL,131.0,580.2,84.05,75922.15
1315,3,37,2026-02-03,BUY,28.0,2724.2,137.22,-76414.82
1316,3,63,2026-02-03,BUY,2908.0,96.31,366.01,-280435.49
1317,11,11,2026-02-03,BUY,116.0,2742.37,951.27,-319066.19
1318,17,77,2026-02-03,BUY,385.0,696.28,567.77,-268635.57
1319,18,8,2026-02-03,SELL,139.0,657.05,75.47,91254.48
1320,28,98,2026-02-03,BUY,519.0,361.19,556.86,-188014.47
1321,30,93,2026-02-03,DIVIDEND,0.0,0.0,0.0,773.01
1322,36,32,2026-02-03,DIVIDEND,0.0,0.0,0.0,352.83
1323,2,13,2026-02-04,BUY,2689.0,159.12,709.7,-428583.38
1324,6,68,2026-02-04,BUY,2265.0,192.18,359.21,-435646.91
1325,16,19,2026-02-04,DIVIDEND,0.0,0.0,0.0,2818.89
1326,18,39,2026-02-04,SELL,70.0,2082.29,106.01,145654.29
1327,20,40,2026-02-04,SELL,233.0,413.28,273.87,96020.37
1328,26,17,2026-02-04,BUY,71.0,3139.92,502.03,-223436.35
1329,33,74,2026-02-04,DIVIDEND,0.0,0.0,0.0,501.23
1330,7,90,2026-02-05,BUY,816.0,514.35,1015.41,-420725.01
1331,12,43,2026-02-05,BUY,687.0,345.95,610.72,-238278.37
1332,28,51,2026-02-05,DIVIDEND,0.0,0.0,0.0,581.69
1333,28,98,2026-02-05,DIVIDEND,0.0,0.0,0.0,2078.75
1334,33,23,2026-02-05,SELL,21.0,1577.34,19.06,33105.08
1335,37,16,2026-02-05,SELL,40.0,505.66,13.93,20212.47
1336,8,43,2026-02-06,BUY,1520.0,345.43,1134.12,-526187.72
1337,8,55,2026-02-06,DIVIDEND,0.0,0.0,0.0,4675.47
1338,12,38,2026-02-06,DIVIDEND,0.0,0.0,0.0,6709.33
1339,28,84,2026-02-06,BUY,2633.0,186.26,778.84,-491201.42
1340,33,99,2026-02-06,SELL,12.0,3687.23,50.47,44196.29
1341,4,40,2026-02-09,BUY,1138.0,416.99,1121.88,-475656.5
1342,7,41,2026-02-09,DIVIDEND,0.0,0.0,0.0,2840.87
1343,17,47,2026-02-09,BUY,327.0,588.39,499.69,-192903.22
1344,18,9,2026-02-09,DIVIDEND,0.0,0.0,0.0,5152.37
1345,21,4,2026-02-09,SELL,35.0,3860.65,91.27,135031.48
1346,24,48,2026-02-09,BUY,2420.0,176.46,1092.26,-428125.46
1347,24,67,2026-02-09,SELL,887.0,417.59,946.04,369456.29
1348,27,97,2026-02-09,SELL,425.0,624.93,755.17,264840.08
1349,28,80,2026-02-09,SELL,382.0,840.11,327.4,320594.62
1350,32,14,2026-02-09,SELL,114.0,804.81,50.18,91698.16
1351,33,30,2026-02-09,BUY,129.0,2070.57,148.95,-267252.48
1352,35,83,2026-02-09,BUY,2352.0,269.62,1097.59,-635243.83
1353,36,28,2026-02-09,DIVIDEND,0.0,0.0,0.0,2475.44
1354,37,12,2026-02-09,BUY,281.0,1719.89,879.21,-484168.3
1355,4,77,2026-02-10,BUY,518.0,752.35,714.86,-390432.16
1356,8,56,2026-02-10,BUY,166.0,2662.55,1074.42,-443057.72
1357,8,77,2026-02-10,BUY,684.0,752.35,355.71,-514963.11
1358,25,49,2026-02-10,BUY,243.0,1707.7,1024.78,-415995.88
1359,28,77,2026-02-10,SELL,48.0,752.35,99.98,36012.82
1360,28,84,2026-02-10,SELL,3445.0,192.23,1081.67,661150.68
1361,28,98,2026-02-10,BUY,1458.0,366.88,490.65,-535401.69
1362,35,1,2026-02-10,SELL,126.0,354.71,26.09,44667.37
1363,37,3,2026-02-10,DIVIDEND,0.0,0.0,0.0,5256.38
1364,5,17,2026-02-11,SELL,29.0,3121.18,59.37,90454.85
1365,13,49,2026-02-11,BUY,500.0,1701.62,1303.48,-852113.48
1366,18,54,2026-02-11,DIVIDEND,0.0,0.0,0.0,1441.25
1367,23,3,2026-02-11,BUY,253.0,2211.88,1391.81,-560997.45
1368,25,88,2026-02-11,BUY,2152.0,227.08,1159.22,-489835.38
1369,33,60,2026-02-11,SELL,301.0,401.47,124.55,120717.92
1370,35,39,2026-02-11,SELL,53.0,2140.56,89.7,113359.98
1371,36,23,2026-02-11,BUY,230.0,1540.98,639.69,-355065.09
1372,36,77,2026-02-11,SELL,165.0,765.31,151.92,126124.23
1373,36,84,2026-02-11,SELL,198.0,196.99,68.72,38935.3
1374,37,62,2026-02-11,BUY,136.0,1720.95,556.75,-234605.95
1375,38,88,2026-02-11,BUY,3957.0,227.08,1207.25,-899762.81
1376,16,36,2026-02-12,DIVIDEND,0.0,0.0,0.0,961.45
1377,23,3,2026-02-12,SELL,47.0,2186.18,288.08,102462.38
1378,26,1,2026-02-12,BUY,717.0,351.15,399.97,-252174.52
1379,27,76,2026-02-12,SELL,34.0,2399.83,120.01,81474.21
1380,36,23,2026-02-12,DIVIDEND,0.0,0.0,0.0,3100.02
1381,36,53,2026-02-12,SELL,466.0,200.72,88.74,93446.78
1382,3,37,2026-02-13,BUY,43.0,2729.27,200.54,-117559.15
1383,8,10,2026-02-13,DIVIDEND,0.0,0.0,0.0,5099.54
1384,11,86,2026-02-13,DIVIDEND,0.0,0.0,0.0,2381.01
1385,12,6,2026-02-13,DIVIDEND,0.0,0.0,0.0,1918.37
1386,18,9,2026-02-13,BUY,94.0,1646.26,403.74,-155152.18
1387,21,40,2026-02-13,SELL,653.0,424.35,590.84,276509.71
1388,28,81,2026-02-13,SELL,424.0,697.84,471.42,295412.74
1389,30,83,2026-02-13,BUY,1077.0,265.13,554.42,-286099.43
1390,32,51,2026-02-13,DIVIDEND,0.0,0.0,0.0,1239.27
1391,33,35,2026-02-13,BUY,627.0,170.85,265.34,-107388.29
1392,35,69,2026-02-13,BUY,213.0,3246.13,785.78,-692211.47
1393,37,17,2026-02-13,BUY,69.0,3106.38,554.58,-214894.8
1394,38,97,2026-02-13,BUY,1517.0,618.7,1922.66,-940490.56
1395,2,49,2026-02-16,DIVIDEND,0.0,0.0,0.0,7462.01
1396,8,10,2026-02-16,BUY,1072.0,151.24,215.97,-162345.25
1397,9,70,2026-02-16,BUY,506.0,786.92,396.64,-398578.16
1398,11,86,2026-02-16,BUY,1633.0,182.41,192.87,-298068.4
1399,14,70,2026-02-16,BUY,174.0,786.92,271.79,-137195.87
1400,20,95,2026-02-16,BUY,374.0,1325.27,1020.45,-496671.43
1401,28,51,2026-02-16,SELL,123.0,1597.25,404.23,196057.52
1402,31,70,2026-02-16,DIVIDEND,0.0,0.0,0.0,4047.68
1403,37,17,2026-02-16,SELL,26.0,3113.55,108.56,80843.74
1404,37,62,2026-02-16,SELL,30.0,1760.8,27.08,52796.92
1405,37,79,2026-02-16,BUY,695.0,576.48,1136.77,-401790.37
1406,39,16,2026-02-16,BUY,425.0,443.22,115.86,-188484.36
1407,7,8,2026-02-17,BUY,427.0,634.67,307.67,-271311.76
1408,8,56,2026-02-17,BUY,102.0,2859.12,480.6,-292110.84
1409,25,4,2026-02-17,DIVIDEND,0.0,0.0,0.0,17106.91
1410,27,64,2026-02-17,BUY,395.0,1348.52,1563.27,-534228.67
1411,28,62,2026-02-17,SELL,3.0,1746.8,6.42,5233.98
1412,28,84,2026-02-17,SELL,115.0,209.23,63.32,23998.13
1413,29,58,2026-02-17,BUY,3455.0,158.02,747.52,-546706.62
1414,33,20,2026-02-17,BUY,391.0,542.68,519.44,-212707.32
1415,37,16,2026-02-17,DIVIDEND,0.0,0.0,0.0,263.29
1416,37,16,2026-02-17,SELL,78.0,458.54,90.03,35676.09
1417,37,17,2026-02-17,SELL,25.0,3165.93,51.99,79096.26
1418,3,69,2026-02-18,SELL,145.0,3377.85,1351.58,488436.67
1419,8,41,2026-02-18,BUY,78.0,3455.36,507.12,-270025.2
1420,8,51,2026-02-18,BUY,178.0,1602.94,685.2,-286008.52
1421,8,56,2026-02-18,BUY,57.0,2915.52,141.16,-166325.8
1422,12,12,2026-02-18,BUY,135.0,1646.93,647.78,-222983.33
1423,17,47,2026-02-18,DIVIDEND,0.0,0.0,0.0,3362.28
1424,20,83,2026-02-18,BUY,813.0,261.91,312.8,-213245.63
1425,24,14,2026-02-18,SELL,36.0,754.34,15.92,27140.32
1426,26,39,2026-02-18,BUY,165.0,2106.33,963.18,-348507.63
1427,28,99,2026-02-18,SELL,65.0,3623.99,530.26,235029.09
1428,29,95,2026-02-18,DIVIDEND,0.0,0.0,0.0,2535.2
1429,34,71,2026-02-18,BUY,827.0,1240.85,1639.54,-1027822.49
1430,35,90,2026-02-18,DIVIDEND,0.0,0.0,0.0,6213.27
1431,37,6,2026-02-18,BUY,127.0,2634.88,668.05,-335297.81
1432,37,17,2026-02-18,SELL,10.0,3168.08,38.43,31642.37
1433,39,64,2026-02-18,BUY,285.0,1337.69,1110.62,-382352.27
1434,17,99,2026-02-19,SELL,60.0,3795.33,225.9,227493.9
1435,18,54,2026-02-19,SELL,557.0,104.89,151.89,58271.84
1436,20,75,2026-02-19,BUY,583.0,737.3,553.44,-430399.34
1437,24,48,2026-02-19,BUY,1637.0,172.72,513.48,-283256.12
1438,29,38,2026-02-19,SELL,949.0,162.34,350.82,153709.84
1439,35,42,2026-02-19,BUY,114.0,3315.36,955.3,-378906.34
1440,36,86,2026-02-19,BUY,948.0,176.28,277.81,-167391.25
1441,39,64,2026-02-19,SELL,142.0,1353.45,567.93,191621.97
1442,4,19,2026-02-20,BUY,982.0,338.04,804.55,-332759.83
1443,8,26,2026-02-20,BUY,26.0,3443.47,86.6,-89616.82
1444,17,26,2026-02-20,SELL,1.0,3443.47,7.14,3436.33
1445,17,73,2026-02-20,SELL,1502.0,519.6,1781.16,778658.04
1446,24,56,2026-02-20,BUY,127.0,2890.33,288.73,-367360.64
1447,25,13,2026-02-20,DIVIDEND,0.0,0.0,0.0,941.57
1448,30,12,2026-02-20,BUY,238.0,1658.3,836.48,-395511.88
1449,39,64,2026-02-20,DIVIDEND,0.0,0.0,0.0,1283.89
1450,17,51,2026-02-23,BUY,193.0,1527.73,522.99,-295374.88
1451,17,73,2026-02-23,DIVIDEND,0.0,0.0,0.0,2389.6
1452,24,91,2026-02-23,BUY,907.0,491.09,664.26,-446082.89
1453,25,4,2026-02-23,BUY,81.0,3582.09,504.96,-290654.25
1454,31,55,2026-02-23,DIVIDEND,0.0,0.0,0.0,1112.53
1455,32,89,2026-02-23,BUY,683.0,321.17,546.56,-219905.67
1456,35,65,2026-02-23,BUY,3821.0,138.75,1586.58,-531750.33
1457,35,75,2026-02-23,BUY,284.0,733.01,446.64,-208621.48
1458,37,16,2026-02-23,SELL,18.0,439.93,16.47,7902.27
1459,37,89,2026-02-23,BUY,1116.0,321.17,577.88,-359003.6
1460,3,8,2026-02-24,DIVIDEND,0.0,0.0,0.0,3019.26
1461,3,73,2026-02-24,SELL,230.0,520.58,292.44,119440.96
1462,13,68,2026-02-24,SELL,651.0,198.92,263.97,129232.95
1463,19,61,2026-02-24,BUY,845.0,313.65,708.97,-265743.22
1464,28,51,2026-02-24,SELL,18.0,1473.05,55.49,26459.41
1465,32,89,2026-02-24,SELL,200.0,315.67,156.3,62977.7
1466,36,79,2026-02-24,BUY,408.0,545.76,330.56,-223000.64
1467,37,3,2026-02-24,SELL,120.0,2318.33,804.27,277395.33
1468,37,10,2026-02-24,BUY,2744.0,152.71,390.43,-419426.67
1469,39,64,2026-02-24,SELL,106.0,1312.88,267.7,138897.58
1470,2,29,2026-02-25,BUY,220.0,1592.94,999.05,-351445.85
1471,3,8,2026-02-25,SELL,478.0,605.82,408.51,289173.45
1472,4,80,2026-02-25,BUY,211.0,801.51,234.37,-169352.98
1473,4,93,2026-02-25,BUY,123.0,2299.65,785.3,-283642.25
1474,5,3,2026-02-25,DIVIDEND,0.0,0.0,0.0,1300.46
1475,18,85,2026-02-25,SELL,26.0,794.02,60.87,20583.65
1476,25,100,2026-02-25,BUY,106.0,3786.88,636.07,-402045.35
1477,28,80,2026-02-25,SELL,62.0,801.51,88.91,49604.71
1478,28,84,2026-02-25,BUY,2392.0,211.88,836.79,-507653.75
1479,33,47,2026-02-25,BUY,597.0,572.71,319.37,-342227.24
1480,36,84,2026-02-25,DIVIDEND,0.0,0.0,0.0,166.53
1481,18,89,2026-02-26,BUY,522.0,292.53,361.15,-153061.81
1482,18,97,2026-02-26,BUY,507.0,640.78,650.2,-325525.66
1483,32,85,2026-02-26,BUY,249.0,802.71,450.41,-200325.2
1484,36,77,2026-02-26,DIVIDEND,0.0,0.0,0.0,2124.21
1485,39,16,2026-02-26,SELL,175.0,425.17,115.92,74288.83
1486,1,45,2026-02-27,DIVIDEND,0.0,0.0,0.0,4899.63
1487,7,8,2026-02-27,BUY,364.0,623.93,434.57,-227545.09
1488,8,54,2026-02-27,BUY,4215.0,93.56,796.02,-395151.42
1489,9,49,2026-02-27,BUY,111.0,1746.57,165.05,-194034.32
1490,11,90,2026-02-27,DIVIDEND,0.0,0.0,0.0,4040.51
1491,12,43,2026-02-27,BUY,1197.0,331.17,498.4,-396908.89
1492,17,47,2026-02-27,SELL,1002.0,565.68,1009.69,565801.67
1493,18,39,2026-02-27,BUY,61.0,2060.77,363.84,-126070.81
1494,18,54,2026-02-27,SELL,370.0,93.56,31.37,34585.83
1495,18,84,2026-02-27,BUY,1364.0,209.26,358.84,-285789.48
1496,28,56,2026-02-27,BUY,37.0,2749.97,172.81,-101921.7
1497,28,81,2026-02-27,SELL,34.0,691.63,38.94,23476.48
1498,28,84,2026-02-27,BUY,1012.0,209.26,218.21,-211989.33
1499,30,6,2026-02-27,BUY,175.0,2612.04,1340.63,-458447.63
1500,32,85,2026-02-27,BUY,533.0,800.26,1059.55,-427598.13
1501,33,30,2026-02-27,SELL,40.0,2085.8,54.27,83377.73
1502,38,97,2026-02-27,DIVIDEND,0.0,0.0,0.0,10533.14
1503,2,14,2026-03-02,DIVIDEND,0.0,0.0,0.0,3130.88
1504,12,12,2026-03-02,SELL,59.0,1596.1,101.9,94068.0
1505,17,9,2026-03-02,SELL,477.0,1558.3,1785.98,741523.12
1506,19,87,2026-03-02,SELL,2613.0,167.49,1245.5,436405.87
1507,23,33,2026-03-02,SELL,155.0,981.7,273.94,151889.56
1508,23,82,2026-03-02,BUY,829.0,524.5,971.39,-435781.89
1509,28,98,2026-03-02,DIVIDEND,0.0,0.0,0.0,2939.32
1510,33,22,2026-03-02,BUY,3351.0,118.94,1044.84,-399612.78
1511,35,42,2026-03-02,DIVIDEND,0.0,0.0,0.0,3190.63
1512,35,70,2026-03-02,BUY,286.0,751.74,424.33,-215421.97
1513,36,84,2026-03-02,SELL,76.0,211.75,29.59,16063.41
1514,39,79,2026-03-02,BUY,1155.0,514.59,906.91,-595258.36
1515,39,79,2026-03-02,DIVIDEND,0.0,0.0,0.0,1980.07
1516,7,56,2026-03-03,BUY,126.0,2747.09,732.48,-346865.82
1517,27,52,2026-03-03,SELL,193.0,967.42,319.94,186392.12
1518,28,60,2026-03-03,BUY,530.0,415.77,526.12,-220884.22
1519,28,98,2026-03-03,BUY,1199.0,365.14,354.25,-438157.11
1520,34,68,2026-03-03,BUY,2661.0,197.43,1454.43,-526815.66
1521,39,9,2026-03-03,BUY,347.0,1563.42,1430.66,-543937.4
1522,39,79,2026-03-03,SELL,719.0,513.04,959.65,367916.11
1523,4,85,2026-03-04,SELL,214.0,767.04,205.2,163941.36
1524,6,33,2026-03-04,DIVIDEND,0.0,0.0,0.0,1181.02
1525,20,52,2026-03-04,DIVIDEND,0.0,0.0,0.0,3275.02
1526,21,59,2026-03-04,DIVIDEND,0.0,0.0,0.0,8511.15
1527,23,3,2026-03-04,DIVIDEND,0.0,0.0,0.0,1507.45
1528,24,80,2026-03-04,SELL,10.0,787.73,5.44,7871.86
1529,24,89,2026-03-04,SELL,873.0,261.35,672.71,227485.84
1530,27,46,2026-03-04,DIVIDEND,0.0,0.0,0.0,3483.54
1531,28,70,2026-03-04,SELL,457.0,762.39,916.87,347495.36
1532,30,55,2026-03-04,BUY,598.0,934.17,363.73,-558997.39
1533,31,53,2026-03-04,BUY,1695.0,182.83,468.33,-310365.18
1534,36,53,2026-03-04,SELL,470.0,182.83,85.15,85844.95
1535,9,20,2026-03-05,SELL,434.0,567.06,144.25,245959.79
1536,11,86,2026-03-05,DIVIDEND,0.0,0.0,0.0,8497.34
1537,24,89,2026-03-05,SELL,428.0,256.69,65.63,109797.69
1538,25,7,2026-03-05,DIVIDEND,0.0,0.0,0.0,8476.16
1539,25,68,2026-03-05,BUY,4018.0,197.44,488.85,-793802.77
1540,28,48,2026-03-05,BUY,1905.0,155.7,377.3,-296985.8
1541,28,62,2026-03-05,BUY,288.0,1799.28,345.44,-518538.08
1542,28,77,2026-03-05,BUY,283.0,700.4,146.26,-198359.46
1543,28,84,2026-03-05,BUY,447.0,209.55,103.43,-93772.28
1544,39,79,2026-03-05,SELL,161.0,501.21,98.64,80596.17
1545,3,69,2026-03-06,SELL,83.0,3338.76,215.43,276901.65
1546,7,28,2026-03-06,BUY,212.0,1688.4,277.09,-358217.89
1547,10,57,2026-03-06,DIVIDEND,0.0,0.0,0.0,2012.73
1548,11,82,2026-03-06,SELL,102.0,520.58,114.81,52984.35
1549,13,5,2026-03-06,BUY,723.0,939.29,1789.95,-680896.62
1550,17,47,2026-03-06,DIVIDEND,0.0,0.0,0.0,335.44
1551,17,84,2026-03-06,BUY,1567.0,209.32,940.44,-328944.88
1552,27,42,2026-03-06,DIVIDEND,0.0,0.0,0.0,2851.85
1553,33,60,2026-03-06,DIVIDEND,0.0,0.0,0.0,2753.96
1554,35,65,2026-03-06,SELL,1294.0,144.42,539.04,186340.44
1555,36,28,2026-03-06,SELL,59.0,1688.4,112.62,99502.98
1556,39,64,2026-03-06,SELL,23.0,1239.45,37.01,28470.34
1557,39,80,2026-03-06,BUY,587.0,815.66,401.84,-479194.26
1558,9,7,2026-03-09,BUY,2918.0,156.71,1229.49,-458509.27
1559,17,51,2026-03-09,SELL,324.0,1669.65,642.46,540324.14
1560,24,56,2026-03-09,BUY,120.0,2484.0,372.07,-298452.07
1561,28,48,2026-03-09,SELL,1592.0,161.94,137.8,257670.68
1562,31,33,2026-03-09,SELL,72.0,1031.5,79.51,74188.49
1563,35,70,2026-03-09,SELL,93.0,789.35,174.96,73234.59
1564,35,90,2026-03-09,BUY,910.0,505.32,512.98,-460354.18
1565,7,84,2026-03-10,SELL,405.0,209.64,138.3,84765.9
1566,10,50,2026-03-10,BUY,1329.0,450.37,325.26,-598866.99
1567,15,71,2026-03-10,DIVIDEND,0.0,0.0,0.0,3900.81
1568,18,21,2026-03-10,DIVIDEND,0.0,0.0,0.0,3302.45
1569,19,68,2026-03-10,SELL,1187.0,195.65,277.91,231958.64
1570,23,94,2026-03-10,DIVIDEND,0.0,0.0,0.0,1554.55
1571,24,47,2026-03-10,SELL,43.0,573.1,52.92,24590.38
1572,27,92,2026-03-10,BUY,1021.0,185.4,353.52,-189646.92
1573,28,27,2026-03-10,BUY,198.0,1581.75,286.37,-313472.87
1574,28,48,2026-03-10,SELL,194.0,155.01,46.03,30025.91
1575,28,80,2026-03-10,SELL,9.0,830.62,22.15,7453.43
1576,29,38,2026-03-10,SELL,1091.0,164.69,204.01,179472.78
1577,36,85,2026-03-10,BUY,304.0,790.91,585.19,-241021.83
1578,37,6,2026-03-10,DIVIDEND,0.0,0.0,0.0,2317.44
1579,39,51,2026-03-10,BUY,115.0,1712.17,551.44,-197450.99
1580,39,98,2026-03-10,BUY,1248.0,354.6,590.34,-443131.14
1581,40,45,2026-03-10,BUY,2334.0,482.05,2581.81,-1127686.51
1582,8,67,2026-03-11,SELL,571.0,342.33,544.23,194926.2
1583,13,49,2026-03-11,DIVIDEND,0.0,0.0,0.0,1695.0
1584,24,89,2026-03-11,SELL,249.0,232.84,153.68,57823.48
1585,28,65,2026-03-11,SELL,1126.0,140.13,364.64,157421.74
1586,32,26,2026-03-11,DIVIDEND,0.0,0.0,0.0,582.49
1587,35,1,2026-03-11,BUY,1319.0,331.87,1047.43,-438783.96
1588,35,69,2026-03-11,DIVIDEND,0.0,0.0,0.0,3552.72
1589,39,98,2026-03-11,SELL,1189.0,353.09,255.82,419568.19
1590,3,73,2026-03-12,SELL,66.0,511.6,94.49,33671.11
1591,26,39,2026-03-12,BUY,77.0,1971.39,202.52,-151999.55
1592,27,97,2026-03-12,BUY,226.0,669.27,91.26,-151346.28
1593,30,83,2026-03-12,DIVIDEND,0.0,0.0,0.0,3820.27
1594,32,23,2026-03-12,SELL,32.0,1419.93,118.8,45318.96
1595,32,67,2026-03-12,BUY,808.0,340.8,255.71,-275622.11
1596,33,99,2026-03-12,SELL,7.0,3683.76,54.9,25731.42
1597,37,47,2026-03-12,BUY,274.0,575.25,334.87,-157953.37
1598,37,67,2026-03-12,BUY,1303.0,340.8,1269.98,-445332.38
1599,39,9,2026-03-12,SELL,191.0,1659.96,570.71,316481.65
1600,39,98,2026-03-12,DIVIDEND,0.0,0.0,0.0,196.66
1601,2,14,2026-03-13,BUY,563.0,665.62,391.1,-375135.16
1602,7,90,2026-03-13,BUY,787.0,489.9,762.97,-386314.27
1603,13,72,2026-03-13,DIVIDEND,0.0,0.0,0.0,1504.36
1604,15,71,2026-03-13,BUY,373.0,1242.19,343.44,-463680.31
1605,16,100,2026-03-13,DIVIDEND,0.0,0.0,0.0,1994.08
1606,24,67,2026-03-13,SELL,24.0,350.18,18.74,8385.58
1607,26,64,2026-03-13,BUY,510.0,1260.12,1550.46,-644211.66
1608,28,62,2026-03-13,SELL,231.0,1873.16,316.11,432383.85
1609,28,98,2026-03-13,SELL,1168.0,354.64,941.17,413278.35
1610,37,14,2026-03-13,BUY,384.0,665.62,359.88,-255957.96
1611,37,14,2026-03-13,DIVIDEND,0.0,0.0,0.0,981.64
1612,37,63,2026-03-13,BUY,3062.0,97.71,195.65,-299383.67
1613,37,67,2026-03-13,SELL,495.0,350.18,258.67,173080.43
1614,39,48,2026-03-13,BUY,2165.0,147.65,744.77,-320407.02
1615,40,75,2026-03-13,BUY,482.0,725.49,1025.1,-350711.28
1616,3,22,2026-03-16,BUY,2156.0,118.38,544.11,-255771.39
1617,6,31,2026-03-16,DIVIDEND,0.0,0.0,0.0,1263.74
1618,7,8,2026-03-16,DIVIDEND,0.0,0.0,0.0,8826.41
1619,7,22,2026-03-16,SELL,891.0,118.38,93.9,105382.68
1620,13,5,2026-03-16,DIVIDEND,0.0,0.0,0.0,5466.23
1621,15,87,2026-03-16,SELL,1190.0,181.71,419.61,215815.29
1622,20,93,2026-03-16,SELL,104.0,2271.29,650.05,235564.11
1623,20,93,2026-03-16,BUY,121.0,2271.29,245.55,-275071.64
1624,21,20,2026-03-16,DIVIDEND,0.0,0.0,0.0,7877.77
1625,24,47,2026-03-16,DIVIDEND,0.0,0.0,0.0,116.0
1626,35,69,2026-03-16,DIVIDEND,0.0,0.0,0.0,4294.61
1627,36,16,2026-03-16,BUY,424.0,522.46,519.15,-222042.19
1628,39,79,2026-03-16,SELL,103.0,515.4,100.72,52985.48
1629,40,59,2026-03-16,BUY,7004.0,128.8,1884.2,-903999.4
1630,10,92,2026-03-17,DIVIDEND,0.0,0.0,0.0,845.27
1631,10,98,2026-03-17,BUY,730.0,359.23,136.09,-262373.99
1632,12,10,2026-03-17,DIVIDEND,0.0,0.0,0.0,5815.69
1633,13,66,2026-03-17,BUY,440.0,1365.16,1591.8,-602262.2
1634,20,32,2026-03-17,SELL,198.0,873.5,447.22,172505.78
1635,20,45,2026-03-17,BUY,1019.0,460.72,551.33,-470025.01
1636,40,59,2026-03-17,SELL,1549.0,131.71,397.58,203621.21
1637,40,72,2026-03-17,BUY,232.0,1342.74,871.07,-312386.75
1638,2,14,2026-03-18,SELL,403.0,658.78,702.0,264786.34
1639,8,43,2026-03-18,BUY,694.0,315.03,344.96,-218975.78
1640,16,69,2026-03-18,BUY,182.0,3259.35,783.0,-593984.7
1641,18,21,2026-03-18,SELL,960.0,213.83,182.97,205093.83
1642,20,65,2026-03-18,BUY,3778.0,148.45,1595.19,-562439.29
1643,26,18,2026-03-18,BUY,1915.0,203.33,211.1,-389588.05
1644,28,56,2026-03-18,SELL,52.0,2309.7,106.22,119998.18
1645,32,85,2026-03-18,SELL,633.0,751.05,444.24,474970.41
1646,35,90,2026-03-18,DIVIDEND,0.0,0.0,0.0,5962.71
1647,37,16,2026-03-18,DIVIDEND,0.0,0.0,0.0,103.96
1648,38,88,2026-03-18,DIVIDEND,0.0,0.0,0.0,7940.71
1649,40,68,2026-03-18,BUY,4612.0,194.93,645.13,-899662.29
1650,2,13,2026-03-19,BUY,2580.0,163.99,322.66,-423416.86
1651,14,24,2026-03-19,BUY,1421.0,318.21,984.24,-453160.65
1652,16,34,2026-03-19,DIVIDEND,0.0,0.0,0.0,3814.81
1653,20,46,2026-03-19,BUY,1403.0,383.54,472.34,-538578.96
1654,21,61,2026-03-19,DIVIDEND,0.0,0.0,0.0,10844.99
1655,25,68,2026-03-19,BUY,1399.0,195.28,808.61,-274005.33
1656,26,64,2026-03-19,BUY,488.0,1326.63,412.73,-647808.17
1657,28,56,2026-03-19,SELL,26.0,2243.05,126.44,58192.86
1658,28,80,2026-03-19,BUY,654.0,853.02,987.02,-558862.1
1659,31,90,2026-03-19,BUY,986.0,484.72,437.33,-478371.25
1660,37,12,2026-03-19,DIVIDEND,0.0,0.0,0.0,4819.28
1661,37,52,2026-03-19,BUY,187.0,913.32,289.89,-171080.73
1662,40,68,2026-03-19,DIVIDEND,0.0,0.0,0.0,9645.33
1663,8,67,2026-03-20,BUY,1431.0,335.22,633.43,-480333.25
1664,16,19,2026-03-20,DIVIDEND,0.0,0.0,0.0,2268.75
1665,20,44,2026-03-20,BUY,3698.0,106.7,659.87,-395236.47
1666,23,35,2026-03-20,DIVIDEND,0.0,0.0,0.0,3477.04
1667,24,47,2026-03-20,SELL,19.0,600.78,14.97,11399.85
1668,28,60,2026-03-20,SELL,210.0,407.05,137.75,85342.75
1669,32,41,2026-03-20,BUY,51.0,3339.39,157.43,-170466.32
1670,35,69,2026-03-20,BUY,108.0,3357.65,767.54,-363393.74
1671,39,18,2026-03-20,BUY,1962.0,198.37,893.27,-390095.21
1672,39,48,2026-03-20,SELL,1526.0,159.33,276.63,242860.95
1673,39,99,2026-03-20,BUY,131.0,3451.33,790.09,-452914.32
1674,40,40,2026-03-20,BUY,959.0,415.62,847.49,-399427.07
1675,3,8,2026-03-23,SELL,166.0,653.65,224.5,108281.4
1676,3,8,2026-03-23,DIVIDEND,0.0,0.0,0.0,286.58
1677,4,77,2026-03-23,BUY,173.0,721.3,139.19,-124924.09
1678,7,8,2026-03-23,BUY,397.0,653.65,445.88,-259944.93
1679,7,32,2026-03-23,DIVIDEND,0.0,0.0,0.0,1363.24
1680,8,54,2026-03-23,DIVIDEND,0.0,0.0,0.0,12452.0
1681,17,63,2026-03-23,SELL,7003.0,100.65,1234.08,703617.87
1682,24,47,2026-03-23,BUY,739.0,599.33,276.54,-443181.41
1683,27,76,2026-03-23,DIVIDEND,0.0,0.0,0.0,1702.82
1684,40,75,2026-03-23,BUY,1659.0,719.02,1296.59,-1194150.77
1685,7,25,2026-03-24,BUY,223.0,1996.55,784.43,-446015.08
1686,10,92,2026-03-24,BUY,935.0,179.86,267.3,-168436.4
1687,27,32,2026-03-24,DIVIDEND,0.0,0.0,0.0,3894.19
1688,28,16,2026-03-24,BUY,848.0,481.21,488.3,-408554.38
1689,28,84,2026-03-24,BUY,1837.0,217.66,1032.09,-400873.51
1690,35,75,2026-03-24,DIVIDEND,0.0,0.0,0.0,1420.01
1691,39,18,2026-03-24,SELL,1273.0,198.81,350.64,252734.49
1692,6,31,2026-03-25,BUY,220.0,2338.51,793.86,-515266.06
1693,8,51,2026-03-25,SELL,348.0,1686.22,642.5,586162.06
1694,17,47,2026-03-25,SELL,61.0,603.69,63.28,36761.81
1695,20,75,2026-03-25,BUY,580.0,706.05,1056.6,-410565.6
1696,21,7,2026-03-25,DIVIDEND,0.0,0.0,0.0,12300.84
1697,30,12,2026-03-25,BUY,306.0,1610.31,1443.44,-494198.3
1698,30,98,2026-03-25,DIVIDEND,0.0,0.0,0.0,11661.42
1699,32,99,2026-03-25,BUY,115.0,3568.22,1068.28,-411413.58
1700,34,71,2026-03-25,DIVIDEND,0.0,0.0,0.0,9020.77
1701,35,69,2026-03-25,BUY,170.0,3329.86,939.12,-567015.32
1702,39,9,2026-03-25,BUY,46.0,1897.47,242.95,-87526.57
1703,39,15,2026-03-25,BUY,796.0,746.58,1564.87,-595842.55
1704,39,48,2026-03-25,BUY,2434.0,163.68,250.64,-398647.76
1705,39,80,2026-03-25,SELL,284.0,843.89,431.64,239233.12
1706,3,64,2026-03-26,SELL,8.0,1342.82,10.36,10732.2
1707,7,8,2026-03-26,BUY,545.0,665.07,937.8,-363400.95
1708,8,54,2026-03-26,SELL,9844.0,97.34,492.91,957722.05
1709,8,77,2026-03-26,BUY,841.0,689.83,673.17,-580820.2
1710,13,61,2026-03-26,BUY,1589.0,331.86,534.68,-527860.22
1711,18,16,2026-03-26,BUY,401.0,507.72,450.48,-204046.2
1712,18,57,2026-03-26,BUY,486.0,351.81,283.84,-171263.5
1713,25,49,2026-03-26,BUY,496.0,1630.85,2426.04,-811327.64
1714,32,26,2026-03-26,BUY,123.0,3291.97,532.08,-405444.39
1715,34,68,2026-03-26,BUY,5048.0,194.83,2824.53,-986326.37
1716,35,39,2026-03-26,SELL,17.0,1949.94,35.73,33113.25
1717,39,51,2026-03-26,BUY,243.0,1601.46,459.79,-389614.57
1718,41,26,2026-03-26,BUY,134.0,3291.97,615.94,-441739.92
1719,10,57,2026-03-27,DIVIDEND,0.0,0.0,0.0,603.72
1720,14,55,2026-03-27,BUY,356.0,1061.53,433.34,-378338.02
1721,18,8,2026-03-27,BUY,165.0,664.73,167.32,-109847.77
1722,28,77,2026-03-27,BUY,346.0,676.2,277.24,-234242.44
1723,35,1,2026-03-27,BUY,1199.0,361.38,611.27,-433905.89
1724,39,9,2026-03-27,BUY,226.0,1856.8,453.13,-420089.93
1725,39,16,2026-03-27,SELL,120.0,503.89,54.99,60411.81
1726,39,21,2026-03-27,BUY,2658.0,213.26,522.2,-567367.28
1727,39,99,2026-03-27,SELL,103.0,3764.81,786.16,386989.27
1728,41,29,2026-03-27,BUY,68.0,1805.4,243.51,-123010.71
1729,3,16,2026-03-30,SELL,19.0,498.77,27.32,9449.31
1730,8,41,2026-03-30,BUY,165.0,3240.12,654.3,-535274.1
1731,24,26,2026-03-30,BUY,106.0,3178.56,570.26,-337497.62
1732,28,67,2026-03-30,SELL,673.0,313.5,416.87,210568.63
1733,35,1,2026-03-30,BUY,1901.0,363.24,922.68,-691441.92
1734,39,9,2026-03-30,BUY,214.0,1979.89,616.17,-424312.63
1735,3,60,2026-03-31,SELL,625.0,454.53,734.2,283347.05
1736,6,37,2026-03-31,DIVIDEND,0.0,0.0,0.0,1664.68
1737,18,99,2026-03-31,BUY,81.0,3781.99,848.54,-307189.73
1738,26,36,2026-03-31,DIVIDEND,0.0,0.0,0.0,1485.07
1739,27,97,2026-03-31,BUY,830.0,672.14,567.59,-558443.79
1740,28,15,2026-03-31,SELL,209.0,749.45,315.63,156319.42
1741,35,50,2026-03-31,BUY,1265.0,462.54,586.52,-585699.62
1742,40,75,2026-03-31,SELL,687.0,698.17,940.22,478702.57
1743,41,31,2026-03-31,BUY,101.0,2266.8,451.44,-229398.24
1744,2,5,2026-04-01,BUY,509.0,971.43,481.17,-494939.04
1745,2,20,2026-04-01,SELL,98.0,563.19,104.49,55088.13
1746,3,60,2026-04-01,BUY,395.0,446.71,166.18,-176616.63
1747,9,66,2026-04-01,BUY,448.0,1382.08,1559.19,-620731.03
1748,15,65,2026-04-01,BUY,1743.0,143.42,488.67,-250469.73
1749,16,100,2026-04-01,DIVIDEND,0.0,0.0,0.0,1969.43
1750,24,89,2026-04-01,BUY,860.0,291.94,710.64,-251779.04
1751,26,36,2026-04-01,BUY,347.0,631.1,506.03,-219497.73
1752,28,15,2026-04-01,BUY,285.0,766.39,440.79,-218861.94
1753,28,15,2026-04-01,BUY,519.0,766.39,839.99,-398596.4
1754,28,65,2026-04-01,DIVIDEND,0.0,0.0,0.0,621.93
1755,28,81,2026-04-01,BUY,380.0,662.42,199.85,-251919.45
1756,36,56,2026-04-01,BUY,168.0,2159.37,455.45,-363229.61
1757,39,21,2026-04-01,DIVIDEND,0.0,0.0,0.0,4183.11
1758,39,79,2026-04-01,BUY,686.0,468.6,549.33,-322008.93
1759,41,29,2026-04-01,DIVIDEND,0.0,0.0,0.0,849.81
1760,3,15,2026-04-02,SELL,296.0,765.72,565.97,226087.15
1761,4,40,2026-04-02,SELL,444.0,410.74,194.58,182173.98
1762,5,3,2026-04-02,DIVIDEND,0.0,0.0,0.0,1856.18
1763,8,54,2026-04-02,BUY,2272.0,102.12,448.71,-232465.35
1764,15,83,2026-04-02,BUY,1784.0,312.84,1558.27,-559664.83
1765,19,58,2026-04-02,DIVIDEND,0.0,0.0,0.0,1853.68
1766,25,7,2026-04-02,BUY,3880.0,154.38,1034.97,-600029.37
1767,32,15,2026-04-02,SELL,104.0,765.72,226.09,79408.79
1768,32,85,2026-04-02,BUY,219.0,753.93,127.81,-165238.48
1769,39,51,2026-04-02,SELL,235.0,1571.11,856.18,368354.67
1770,41,31,2026-04-02,DIVIDEND,0.0,0.0,0.0,1698.55
1771,4,47,2026-04-03,SELL,112.0,724.13,215.57,80886.99
1772,7,90,2026-04-03,DIVIDEND,0.0,0.0,0.0,2683.68
1773,12,45,2026-04-03,BUY,500.0,456.91,609.42,-229064.42
1774,24,48,2026-04-03,SELL,3747.0,154.43,1624.5,577024.71
1775,28,62,2026-04-03,BUY,258.0,1652.49,477.57,-426819.99
1776,32,51,2026-04-03,BUY,124.0,1495.81,399.68,-185880.12
1777,39,21,2026-04-03,BUY,1667.0,214.09,385.5,-357273.53
1778,41,26,2026-04-03,DIVIDEND,0.0,0.0,0.0,4164.32
1779,41,29,2026-04-03,DIVIDEND,0.0,0.0,0.0,750.86
1780,41,31,2026-04-03,SELL,40.0,2233.48,107.18,89232.02
1781,1,27,2026-04-06,DIVIDEND,0.0,0.0,0.0,890.68
1782,2,38,2026-04-06,SELL,742.0,177.08,262.79,131130.57
1783,7,41,2026-04-06,DIVIDEND,0.0,0.0,0.0,3872.9
1784,20,93,2026-04-06,SELL,103.0,2410.59,597.63,247693.14
1785,23,30,2026-04-06,BUY,115.0,2072.88,678.9,-239060.1
1786,29,97,2026-04-06,DIVIDEND,0.0,0.0,0.0,8687.18
1787,36,85,2026-04-06,SELL,123.0,769.43,61.44,94578.45
1788,39,16,2026-04-06,DIVIDEND,0.0,0.0,0.0,629.66
1789,2,9,2026-04-07,BUY,161.0,1935.67,623.7,-312266.57
1790,2,9,2026-04-07,BUY,255.0,1935.67,1369.23,-494965.08
1791,2,20,2026-04-07,BUY,631.0,557.0,446.48,-351913.48
1792,8,55,2026-04-07,BUY,516.0,1041.17,912.71,-538156.43
1793,10,92,2026-04-07,BUY,2998.0,173.88,1339.64,-522631.88
1794,10,96,2026-04-07,DIVIDEND,0.0,0.0,0.0,2849.81
1795,26,64,2026-04-07,SELL,631.0,1459.5,2722.7,918221.8
1796,27,64,2026-04-07,DIVIDEND,0.0,0.0,0.0,17634.53
1797,28,60,2026-04-07,SELL,119.0,455.79,121.16,54117.85
1798,32,2,2026-04-07,SELL,56.0,820.3,99.14,45837.66
1799,34,71,2026-04-07,BUY,958.0,1228.36,2625.14,-1179394.02
1800,39,51,2026-04-07,BUY,173.0,1442.48,602.91,-250151.95
1801,39,80,2026-04-07,SELL,224.0,859.39,438.98,192064.38
1802,40,40,2026-04-07,BUY,1832.0,416.85,689.9,-764359.1
1803,41,26,2026-04-07,DIVIDEND,0.0,0.0,0.0,3144.47
1804,41,26,2026-04-07,SELL,34.0,3057.2,62.31,103882.49
1805,2,36,2026-04-08,BUY,277.0,608.21,339.68,-168813.85
1806,15,90,2026-04-08,BUY,1150.0,504.28,1663.51,-581585.51
1807,18,84,2026-04-08,SELL,290.0,217.87,96.59,63085.71
1808,19,57,2026-04-08,SELL,2024.0,345.52,479.81,698852.67
1809,23,33,2026-04-08,SELL,137.0,1143.08,190.58,156411.38
1810,24,26,2026-04-08,BUY,55.0,3218.14,170.42,-177168.12
1811,32,99,2026-04-08,SELL,62.0,4101.36,311.0,253973.32
1812,41,22,2026-04-08,BUY,844.0,124.81,217.31,-105556.95
1813,41,57,2026-04-08,BUY,974.0,345.52,563.01,-337099.49
1814,3,37,2026-04-09,DIVIDEND,0.0,0.0,0.0,1032.43
1815,3,74,2026-04-09,SELL,677.0,1873.08,2489.41,1265585.75
1816,6,30,2026-04-09,BUY,83.0,2132.8,343.38,-177365.78
1817,12,6,2026-04-09,SELL,68.0,2763.96,562.92,187386.36
1818,15,52,2026-04-09,SELL,216.0,953.88,413.63,205624.45
1819,22,59,2026-04-09,BUY,7743.0,130.66,2004.37,-1013704.75
1820,32,14,2026-04-09,SELL,97.0,741.22,81.27,71817.07
1821,32,89,2026-04-09,SELL,171.0,297.65,39.56,50858.59
1822,35,1,2026-04-09,BUY,1210.0,355.81,1177.14,-431707.24
1823,38,96,2026-04-09,BUY,5827.0,182.63,2024.64,-1066209.65
1824,7,25,2026-04-10,BUY,125.0,2030.29,528.3,-254314.55
1825,8,46,2026-04-10,BUY,509.0,420.98,275.18,-214554.0
1826,24,26,2026-04-10,DIVIDEND,0.0,0.0,0.0,9172.15
1827,29,97,2026-04-10,DIVIDEND,0.0,0.0,0.0,6498.96
1828,31,31,2026-04-10,BUY,61.0,2084.37,233.08,-127379.65
1829,35,83,2026-04-10,BUY,1029.0,322.8,805.86,-332967.06
1830,36,23,2026-04-10,DIVIDEND,0.0,0.0,0.0,1023.38
1831,38,97,2026-04-10,DIVIDEND,0.0,0.0,0.0,12603.6
1832,4,66,2026-04-13,BUY,276.0,1355.35,992.57,-375069.17
1833,12,35,2026-04-13,BUY,3377.0,165.74,1397.6,-561101.58
1834,14,10,2026-04-13,DIVIDEND,0.0,0.0,0.0,2238.93
1835,28,56,2026-04-13,BUY,241.0,2263.54,1321.79,-546834.93
1836,28,60,2026-04-13,SELL,109.0,468.38,35.28,51018.14
1837,33,37,2026-04-13,DIVIDEND,0.0,0.0,0.0,3160.85
1838,41,31,2026-04-13,DIVIDEND,0.0,0.0,0.0,470.65
1839,3,73,2026-04-14,BUY,231.0,434.69,101.83,-100515.22
1840,7,36,2026-04-14,BUY,208.0,590.64,65.32,-122918.44
1841,9,96,2026-04-14,SELL,151.0,175.87,52.43,26503.94
1842,24,14,2026-04-14,BUY,649.0,669.4,1286.2,-435726.8
1843,25,13,2026-04-14,BUY,2931.0,161.05,881.76,-472919.31
1844,25,100,2026-04-14,BUY,110.0,4101.96,1074.9,-452290.5
1845,30,93,2026-04-14,SELL,64.0,2434.77,354.62,155470.66
1846,32,69,2026-04-14,SELL,9.0,3047.48,17.63,27409.69
1847,33,37,2026-04-14,SELL,42.0,2594.36,94.53,108868.59
1848,39,21,2026-04-14,SELL,2032.0,232.38,1082.23,471113.93
1849,39,21,2026-04-14,BUY,1060.0,232.38,537.06,-246859.86
1850,41,19,2026-04-14,BUY,1003.0,385.87,1119.24,-388146.85
1851,43,8,2026-04-14,BUY,897.0,639.19,1544.89,-574898.32
1852,9,70,2026-04-15,BUY,420.0,882.78,428.89,-371196.49
1853,12,12,2026-04-15,BUY,345.0,1638.62,848.23,-566172.13
1854,29,66,2026-04-15,BUY,195.0,1371.72,243.45,-267728.85
1855,30,93,2026-04-15,DIVIDEND,0.0,0.0,0.0,870.7
1856,32,34,2026-04-15,BUY,182.0,787.21,241.53,-143513.75
1857,33,47,2026-04-15,DIVIDEND,0.0,0.0,0.0,1797.44
1858,35,1,2026-04-15,SELL,3040.0,353.42,1609.35,1072787.45
1859,37,10,2026-04-15,SELL,741.0,162.06,105.95,119980.51
1860,39,21,2026-04-15,DIVIDEND,0.0,0.0,0.0,5797.45
1861,8,46,2026-04-16,SELL,3515.0,435.57,2436.91,1528591.64
1862,9,68,2026-04-16,SELL,2870.0,200.5,1109.71,574325.29
1863,10,81,2026-04-16,SELL,135.0,669.81,93.02,90331.33
1864,11,11,2026-04-16,DIVIDEND,0.0,0.0,0.0,2711.19
1865,23,94,2026-04-16,DIVIDEND,0.0,0.0,0.0,437.91
1866,26,36,2026-04-16,SELL,297.0,574.97,257.15,170508.94
1867,27,58,2026-04-16,DIVIDEND,0.0,0.0,0.0,5955.24
1868,29,92,2026-04-16,BUY,1962.0,176.04,718.2,-346108.68
1869,32,69,2026-04-16,SELL,21.0,2956.38,58.14,62025.84
1870,35,65,2026-04-16,SELL,512.0,138.55,171.01,70766.59
1871,43,3,2026-04-16,BUY,47.0,2162.3,291.16,-101919.26
1872,2,42,2026-04-17,SELL,44.0,3356.88,215.35,147487.37
1873,8,26,2026-04-17,BUY,51.0,3405.68,487.93,-174177.61
1874,9,75,2026-04-17,BUY,790.0,710.61,1265.06,-562646.96
1875,9,75,2026-04-17,SELL,724.0,710.61,1130.69,513350.95
1876,14,3,2026-04-17,BUY,184.0,2156.91,641.68,-397513.12
1877,20,32,2026-04-17,BUY,636.0,858.32,1057.91,-546949.43
1878,39,99,2026-04-17,BUY,63.0,4532.87,206.23,-285777.04
1879,39,99,2026-04-17,BUY,43.0,4532.87,521.55,-195434.96
1880,40,59,2026-04-17,BUY,8980.0,130.66,902.44,-1174229.24
1881,43,3,2026-04-17,SELL,33.0,2156.91,35.81,71142.22
1882,9,42,2026-04-20,DIVIDEND,0.0,0.0,0.0,2326.2
1883,12,35,2026-04-20,DIVIDEND,0.0,0.0,0.0,2242.09
1884,15,58,2026-04-20,SELL,3118.0,166.25,1310.16,517057.34
1885,22,4,2026-04-20,BUY,194.0,3658.72,520.18,-710311.86
1886,24,26,2026-04-20,SELL,232.0,3446.73,1580.63,798060.73
1887,31,18,2026-04-20,BUY,2283.0,192.07,601.25,-439097.06
1888,34,92,2026-04-20,BUY,2319.0,174.83,1111.93,-406542.7
1889,40,68,2026-04-20,BUY,4415.0,199.28,1935.37,-881756.57
1890,42,33,2026-04-20,BUY,107.0,1201.3,332.96,-128872.06
1891,43,6,2026-04-20,BUY,129.0,2731.3,417.91,-352755.61
1892,2,9,2026-04-21,DIVIDEND,0.0,0.0,0.0,4163.0
1893,14,2,2026-04-21,BUY,170.0,815.09,251.97,-138817.27
1894,16,34,2026-04-21,DIVIDEND,0.0,0.0,0.0,4701.38
1895,16,69,2026-04-21,BUY,55.0,2854.0,268.12,-157238.12
1896,17,99,2026-04-21,SELL,33.0,5015.88,159.64,165364.4
1897,20,83,2026-04-21,BUY,602.0,304.39,215.56,-183458.34
1898,30,6,2026-04-21,DIVIDEND,0.0,0.0,0.0,4360.68
1899,32,16,2026-04-21,BUY,652.0,504.49,271.66,-329199.14
1900,36,56,2026-04-21,SELL,48.0,2038.56,81.8,97769.08
1901,39,16,2026-04-21,DIVIDEND,0.0,0.0,0.0,640.18
1902,43,67,2026-04-21,BUY,2002.0,292.47,1490.98,-587015.92
1903,3,69,2026-04-22,SELL,8.0,2841.15,49.17,22680.03
1904,3,78,2026-04-22,BUY,218.0,1968.4,639.65,-429750.85
1905,9,61,2026-04-22,SELL,1726.0,319.0,1396.78,549197.22
1906,10,34,2026-04-22,DIVIDEND,0.0,0.0,0.0,3893.29
1907,10,92,2026-04-22,DIVIDEND,0.0,0.0,0.0,7816.62
1908,28,80,2026-04-22,BUY,244.0,879.86,458.8,-215144.64
1909,29,11,2026-04-22,DIVIDEND,0.0,0.0,0.0,1563.31
1910,30,55,2026-04-22,DIVIDEND,0.0,0.0,0.0,6355.21
1911,32,14,2026-04-22,BUY,614.0,690.4,1186.38,-425091.98
1912,35,83,2026-04-22,BUY,674.0,312.22,408.98,-210845.26
1913,36,8,2026-04-22,BUY,326.0,630.25,386.22,-205847.72
1914,39,64,2026-04-22,BUY,289.0,1596.88,908.5,-462406.82
1915,43,78,2026-04-22,BUY,233.0,1968.4,1154.15,-459791.35
1916,2,44,2026-04-23,DIVIDEND,0.0,0.0,0.0,1414.73
1917,3,63,2026-04-23,SELL,2880.0,99.2,373.23,285322.77
1918,3,63,2026-04-23,BUY,2632.0,99.2,326.04,-261420.44
1919,5,24,2026-04-23,DIVIDEND,0.0,0.0,0.0,2200.89
1920,8,67,2026-04-23,SELL,1124.0,292.91,812.41,328418.43
1921,18,29,2026-04-23,SELL,81.0,1730.2,185.98,139960.22
1922,21,7,2026-04-23,BUY,4206.0,158.36,542.26,-666604.42
1923,24,14,2026-04-23,BUY,210.0,666.63,256.67,-140248.97
1924,24,89,2026-04-23,SELL,555.0,325.74,128.98,180656.72
1925,27,76,2026-04-23,BUY,257.0,1804.3,1344.96,-465050.06
1926,29,38,2026-04-23,DIVIDEND,0.0,0.0,0.0,5288.33
1927,35,42,2026-04-23,BUY,181.0,3400.27,1166.67,-616615.54
1928,36,53,2026-04-23,DIVIDEND,0.0,0.0,0.0,2027.17
1929,39,79,2026-04-23,DIVIDEND,0.0,0.0,0.0,3936.04
1930,43,67,2026-04-23,SELL,1645.0,292.91,642.89,481194.06
1931,43,81,2026-04-23,BUY,518.0,642.91,380.86,-333408.24
1932,9,66,2026-04-24,SELL,1161.0,1297.09,1328.12,1504593.37
1933,10,81,2026-04-24,DIVIDEND,0.0,0.0,0.0,662.79
1934,17,54,2026-04-24,BUY,3443.0,95.71,519.64,-330049.17
1935,24,14,2026-04-24,BUY,147.0,653.8,57.46,-96166.06
1936,24,89,2026-04-24,BUY,528.0,319.33,288.49,-168894.73
1937,26,33,2026-04-24,DIVIDEND,0.0,0.0,0.0,6421.72
1938,27,75,2026-04-24,BUY,660.0,707.14,807.26,-467519.66
1939,30,98,2026-04-24,BUY,606.0,433.22,595.46,-263126.78
1940,32,15,2026-04-24,SELL,59.0,705.31,124.82,41488.47
1941,37,95,2026-04-24,BUY,275.0,1189.33,875.1,-327940.85
1942,39,51,2026-04-24,BUY,218.0,1321.92,191.66,-288370.22
1943,39,64,2026-04-24,BUY,340.0,1599.55,404.31,-544251.31
1944,2,9,2026-04-27,BUY,55.0,1974.55,178.8,-108779.05
1945,3,60,2026-04-27,BUY,311.0,510.98,430.14,-159344.92
1946,6,33,2026-04-27,DIVIDEND,0.0,0.0,0.0,2512.75
1947,7,32,2026-04-27,BUY,286.0,862.54,643.52,-247329.96
1948,12,43,2026-04-27,BUY,1037.0,363.91,784.44,-378159.11
1949,23,33,2026-04-27,DIVIDEND,0.0,0.0,0.0,750.13
1950,25,7,2026-04-27,BUY,4034.0,160.02,627.18,-646147.86
1951,26,2,2026-04-27,BUY,366.0,774.21,829.25,-284190.11
1952,28,67,2026-04-27,DIVIDEND,0.0,0.0,0.0,419.02
1953,28,98,2026-04-27,BUY,853.0,428.29,663.3,-365994.67
1954,29,61,2026-04-27,DIVIDEND,0.0,0.0,0.0,4135.57
1955,31,31,2026-04-27,DIVIDEND,0.0,0.0,0.0,514.03
1956,34,49,2026-04-27,BUY,302.0,1610.84,386.02,-486859.7
1957,35,70,2026-04-27,SELL,51.0,866.85,27.67,44181.68
1958,35,76,2026-04-27,BUY,320.0,1869.05,1677.66,-599773.66
1959,36,55,2026-04-27,BUY,240.0,1090.08,586.96,-262206.16
1960,39,15,2026-04-27,DIVIDEND,0.0,0.0,0.0,3136.97
1961,41,9,2026-04-27,BUY,140.0,1974.55,529.47,-276966.47
1962,41,23,2026-04-27,BUY,117.0,1516.74,510.46,-177969.04
1963,41,29,2026-04-27,SELL,25.0,1835.35,75.34,45808.41
1964,41,57,2026-04-27,DIVIDEND,0.0,0.0,0.0,3343.48
1965,43,99,2026-04-27,BUY,66.0,5084.98,863.16,-336471.84
1966,2,5,2026-04-28,BUY,230.0,947.65,204.2,-218163.7
1967,12,34,2026-04-28,BUY,791.0,807.03,662.56,-639023.29
1968,21,11,2026-04-28,DIVIDEND,0.0,0.0,0.0,4446.95
1969,24,56,2026-04-28,SELL,432.0,2009.97,1301.75,867005.29
1970,33,91,2026-04-28,BUY,368.0,787.49,787.56,-290583.88
1971,37,60,2026-04-28,BUY,793.0,516.17,1071.61,-410394.42
1972,39,48,2026-04-28,SELL,1947.0,160.22,888.79,311059.55
1973,39,51,2026-04-28,BUY,341.0,1398.09,1161.66,-477910.35
1974,43,6,2026-04-28,DIVIDEND,0.0,0.0,0.0,2524.61
1975,43,23,2026-04-28,BUY,295.0,1489.96,912.41,-440450.61
1976,43,56,2026-04-28,BUY,139.0,2009.97,581.09,-279966.92
1977,2,18,2026-04-29,SELL,2314.0,184.02,1206.52,424615.76
1978,8,60,2026-04-29,BUY,208.0,534.2,226.81,-111340.41
1979,16,18,2026-04-29,DIVIDEND,0.0,0.0,0.0,627.19
1980,18,23,2026-04-29,SELL,59.0,1516.25,139.08,89319.67
1981,24,26,2026-04-29,SELL,90.0,3735.64,864.62,335342.98
1982,27,32,2026-04-29,DIVIDEND,0.0,0.0,0.0,2174.34
1983,32,26,2026-04-29,BUY,61.0,3735.64,222.22,-228096.26
1984,36,16,2026-04-29,SELL,145.0,511.64,56.48,74131.32
1985,37,5,2026-04-29,BUY,170.0,951.03,197.17,-161872.27
1986,39,47,2026-04-29,BUY,352.0,693.39,156.19,-244229.47
1987,42,33,2026-04-29,SELL,24.0,1238.77,27.57,29702.91
1988,8,10,2026-04-30,DIVIDEND,0.0,0.0,0.0,5751.14
1989,8,51,2026-04-30,BUY,410.0,1428.38,484.7,-586120.5
1990,14,2,2026-04-30,BUY,653.0,784.84,1174.14,-513674.66
1991,17,48,2026-04-30,BUY,1086.0,177.62,434.26,-193329.58
1992,17,99,2026-04-30,SELL,6.0,4936.91,20.69,29600.77
1993,20,40,2026-04-30,BUY,859.0,424.86,366.28,-365321.02
1994,20,45,2026-04-30,BUY,1094.0,463.38,650.3,-507588.02
1995,24,67,2026-04-30,SELL,8.0,298.96,4.53,2387.15
1996,36,28,2026-04-30,SELL,62.0,1750.22,107.14,108406.5
1997,39,9,2026-04-30,BUY,201.0,1933.18,219.8,-388788.98
1998,12,10,2026-05-01,DIVIDEND,0.0,0.0,0.0,7235.65
1999,17,77,2026-05-01,SELL,394.0,573.8,469.96,225607.24
2000,20,32,2026-05-01,BUY,584.0,843.05,904.71,-493245.91
2001,31,33,2026-05-01,DIVIDEND,0.0,0.0,0.0,2589.27
2002,33,9,2026-05-01,SELL,81.0,1952.64,212.88,157950.96
2003,33,22,2026-05-01,DIVIDEND,0.0,0.0,0.0,3618.49
2004,36,41,2026-05-01,BUY,89.0,3357.04,481.13,-299257.69
2005,37,6,2026-05-01,BUY,121.0,2934.05,789.78,-355809.83
2006,39,48,2026-05-01,BUY,904.0,172.0,268.64,-155756.64
2007,42,33,2026-05-01,DIVIDEND,0.0,0.0,0.0,273.37
2008,42,33,2026-05-01,DIVIDEND,0.0,0.0,0.0,628.16
2009,43,60,2026-05-01,BUY,280.0,544.53,412.25,-152880.65
2010,3,60,2026-05-04,DIVIDEND,0.0,0.0,0.0,4169.0
2011,7,98,2026-05-04,BUY,678.0,443.01,479.4,-300840.18
2012,14,12,2026-05-04,DIVIDEND,0.0,0.0,0.0,2131.28
2013,15,88,2026-05-04,BUY,1729.0,236.05,540.38,-408670.83
2014,17,63,2026-05-04,BUY,1162.0,99.09,166.26,-115308.84
2015,29,5,2026-05-04,BUY,743.0,954.98,1004.06,-710554.2
2016,32,85,2026-05-04,DIVIDEND,0.0,0.0,0.0,2280.79
2017,38,11,2026-05-04,BUY,344.0,2611.33,2650.58,-900948.1
2018,38,96,2026-05-04,DIVIDEND,0.0,0.0,0.0,8076.76
2019,42,33,2026-05-04,DIVIDEND,0.0,0.0,0.0,516.93
2020,1,45,2026-05-05,DIVIDEND,0.0,0.0,0.0,4792.6
2021,3,15,2026-05-05,SELL,95.0,704.62,179.38,66759.52
2022,3,15,2026-05-05,BUY,158.0,704.62,99.2,-111429.16
2023,9,7,2026-05-05,SELL,4645.0,159.49,2091.13,738739.92
2024,12,43,2026-05-05,DIVIDEND,0.0,0.0,0.0,16794.68
2025,17,47,2026-05-05,SELL,58.0,757.19,29.11,43887.91
2026,20,95,2026-05-05,DIVIDEND,0.0,0.0,0.0,17164.52
2027,24,67,2026-05-05,SELL,2.0,312.26,1.12,623.4
2028,29,97,2026-05-05,SELL,376.0,703.95,284.87,264400.33
2029,30,12,2026-05-05,SELL,282.0,1677.79,637.36,472499.42
2030,32,80,2026-05-05,BUY,181.0,876.31,421.12,-159033.23
2031,41,29,2026-05-05,SELL,16.0,2183.85,42.74,34898.86
2032,43,3,2026-05-05,SELL,8.0,2423.06,48.27,19336.21
2033,4,77,2026-05-06,BUY,235.0,595.85,195.61,-140220.36
2034,4,82,2026-05-06,DIVIDEND,0.0,0.0,0.0,2938.99
2035,8,26,2026-05-06,SELL,53.0,3837.59,111.51,203280.76
2036,8,60,2026-05-06,SELL,207.0,515.5,196.87,106511.63
2037,18,54,2026-05-06,BUY,2164.0,93.0,419.58,-201671.58
2038,20,75,2026-05-06,DIVIDEND,0.0,0.0,0.0,10664.07
2039,24,67,2026-05-06,BUY,368.0,316.58,336.93,-116838.37
2040,24,91,2026-05-06,DIVIDEND,0.0,0.0,0.0,4091.02
2041,26,36,2026-05-06,BUY,529.0,524.16,587.02,-277867.66
2042,31,24,2026-05-06,BUY,356.0,369.76,238.1,-131872.66
2043,37,16,2026-05-06,BUY,795.0,503.1,1138.86,-401103.36
2044,39,79,2026-05-06,BUY,972.0,352.87,232.42,-343222.06
2045,42,98,2026-05-06,BUY,1039.0,433.22,447.93,-450563.51
2046,42,98,2026-05-06,SELL,265.0,433.22,265.86,114537.44
2047,43,1,2026-05-06,BUY,955.0,352.93,718.69,-337766.84
2048,44,83,2026-05-06,BUY,699.0,302.64,304.14,-211849.5
2049,17,54,2026-05-07,BUY,816.0,94.06,126.26,-76879.22
2050,18,84,2026-05-07,DIVIDEND,0.0,0.0,0.0,1802.23
2051,26,35,2026-05-07,BUY,3083.0,177.47,1568.63,-548708.64
2052,33,91,2026-05-07,DIVIDEND,0.0,0.0,0.0,1509.14
2053,37,12,2026-05-07,SELL,121.0,1643.41,545.64,198306.97
2054,41,22,2026-05-07,DIVIDEND,0.0,0.0,0.0,1310.91
2055,41,23,2026-05-07,DIVIDEND,0.0,0.0,0.0,1428.39
2056,41,36,2026-05-07,BUY,693.0,529.61,641.43,-367661.16
2057,42,88,2026-05-07,BUY,585.0,233.09,85.87,-136443.52
2058,43,62,2026-05-07,BUY,104.0,1730.23,513.58,-180457.5
2059,43,85,2026-05-07,BUY,570.0,761.89,382.6,-434659.9
2060,4,93,2026-05-08,BUY,153.0,2467.95,999.96,-378596.31
2061,18,39,2026-05-08,DIVIDEND,0.0,0.0,0.0,4419.25
2062,24,14,2026-05-08,BUY,253.0,651.46,158.5,-164977.88
2063,24,56,2026-05-08,BUY,100.0,1927.04,204.58,-192908.58
2064,32,84,2026-05-08,DIVIDEND,0.0,0.0,0.0,935.83
2065,39,9,2026-05-08,BUY,307.0,1846.38,528.79,-567367.45
2066,40,40,2026-05-08,BUY,2479.0,429.23,830.66,-1064891.83
2067,43,78,2026-05-08,DIVIDEND,0.0,0.0,0.0,2209.42
2068,44,90,2026-05-08,BUY,986.0,474.29,1379.39,-469029.33
2069,11,100,2026-05-11,DIVIDEND,0.0,0.0,0.0,1425.36
2070,12,34,2026-05-11,SELL,290.0,785.29,483.58,227250.52
2071,17,73,2026-05-11,BUY,948.0,413.13,940.76,-392588.0
2072,23,35,2026-05-11,DIVIDEND,0.0,0.0,0.0,2218.53
2073,24,48,2026-05-11,BUY,1419.0,199.61,803.48,-284050.07
2074,27,82,2026-05-11,DIVIDEND,0.0,0.0,0.0,4882.53
2075,31,53,2026-05-11,BUY,2084.0,150.64,787.59,-314721.35
2076,33,91,2026-05-11,BUY,620.0,679.92,641.66,-422192.06
2077,35,70,2026-05-11,BUY,498.0,833.4,960.88,-415994.08
2078,37,60,2026-05-11,SELL,349.0,513.31,509.88,178635.31
2079,41,22,2026-05-11,SELL,278.0,128.58,91.95,35653.29
2080,41,57,2026-05-11,SELL,411.0,353.24,359.87,144821.77
2081,42,88,2026-05-11,SELL,113.0,231.5,68.33,26091.17
2082,45,14,2026-05-11,BUY,124.0,652.41,235.8,-81134.64
2083,45,79,2026-05-11,BUY,1236.0,348.98,763.89,-432103.17
2084,45,79,2026-05-11,SELL,893.0,348.98,728.25,310910.89
2085,45,79,2026-05-11,DIVIDEND,0.0,0.0,0.0,592.22
2086,2,42,2026-05-12,DIVIDEND,0.0,0.0,0.0,891.16
2087,4,75,2026-05-12,SELL,147.0,704.04,257.82,103236.06
2088,5,92,2026-05-12,DIVIDEND,0.0,0.0,0.0,1509.3
2089,14,100,2026-05-12,DIVIDEND,0.0,0.0,0.0,4453.54
2090,17,47,2026-05-12,BUY,505.0,830.17,781.21,-420017.06
2091,28,80,2026-05-12,BUY,345.0,837.95,682.91,-289775.66
2092,28,98,2026-05-12,DIVIDEND,0.0,0.0,0.0,8932.2
2093,30,12,2026-05-12,DIVIDEND,0.0,0.0,0.0,8890.16
2094,31,53,2026-05-12,DIVIDEND,0.0,0.0,0.0,3959.01
2095,32,15,2026-05-12,BUY,234.0,773.31,104.11,-181058.65
2096,32,80,2026-05-12,BUY,131.0,837.95,266.69,-110038.14
2097,33,9,2026-05-12,BUY,201.0,1891.15,403.19,-380524.34
2098,37,62,2026-05-12,BUY,75.0,1720.79,197.58,-129256.83
2099,39,47,2026-05-12,SELL,261.0,830.17,147.69,216526.68
2100,43,81,2026-05-12,SELL,426.0,681.55,465.21,289875.09
2101,45,79,2026-05-12,SELL,177.0,340.62,34.7,60255.04
2102,45,80,2026-05-12,BUY,327.0,837.95,581.33,-274590.98
2103,2,38,2026-05-13,SELL,454.0,179.79,162.46,81462.2
2104,4,70,2026-05-13,BUY,322.0,839.39,158.46,-270442.04
2105,8,14,2026-05-13,BUY,741.0,693.3,1207.98,-514943.28
2106,16,100,2026-05-13,SELL,22.0,4110.78,196.08,90241.08
2107,23,30,2026-05-13,DIVIDEND,0.0,0.0,0.0,2651.97
2108,24,47,2026-05-13,BUY,283.0,825.69,499.13,-234169.4
2109,24,48,2026-05-13,BUY,1842.0,196.76,773.81,-363205.73
2110,24,91,2026-05-13,SELL,898.0,656.94,1077.88,588854.24
2111,28,80,2026-05-13,SELL,780.0,849.56,1687.53,660969.27
2112,32,85,2026-05-13,DIVIDEND,0.0,0.0,0.0,4727.44
2113,33,44,2026-05-13,BUY,3725.0,93.14,947.72,-347894.22
2114,39,79,2026-05-13,SELL,1177.0,337.61,965.68,396401.29
2115,41,29,2026-05-13,SELL,14.0,2390.34,27.48,33437.28
2116,43,2,2026-05-13,BUY,156.0,757.68,326.47,-118524.55
2117,43,46,2026-05-13,BUY,899.0,409.94,1047.93,-369583.99
2118,44,83,2026-05-13,DIVIDEND,0.0,0.0,0.0,2500.74
2119,45,54,2026-05-13,BUY,1955.0,91.59,283.89,-179342.34
2120,45,73,2026-05-13,BUY,746.0,423.66,508.67,-316559.03
2121,45,73,2026-05-13,SELL,389.0,423.66,417.73,164386.01
2122,16,19,2026-05-14,DIVIDEND,0.0,0.0,0.0,1001.17
2123,24,56,2026-05-14,BUY,175.0,1689.16,499.3,-296102.3
2124,29,95,2026-05-14,DIVIDEND,0.0,0.0,0.0,1409.86
2125,33,74,2026-05-14,DIVIDEND,0.0,0.0,0.0,266.94
2126,35,50,2026-05-14,SELL,580.0,481.7,777.13,278608.87
2127,36,81,2026-05-14,BUY,454.0,680.43,880.77,-309795.99
2128,39,48,2026-05-14,SELL,1134.0,195.29,642.74,220816.12
2129,39,51,2026-05-14,SELL,602.0,1349.08,1961.32,810184.84
2130,43,81,2026-05-14,DIVIDEND,0.0,0.0,0.0,318.72
2131,43,85,2026-05-14,SELL,492.0,791.2,671.01,388599.39
2132,45,53,2026-05-14,BUY,1309.0,150.28,586.72,-197303.24
2133,45,80,2026-05-14,SELL,303.0,829.88,472.59,250981.05
2134,1,27,2026-05-15,BUY,381.0,1572.87,844.46,-600107.93
2135,25,49,2026-05-15,BUY,337.0,1611.67,1346.69,-544479.48
2136,26,18,2026-05-15,BUY,2351.0,179.38,1054.21,-422776.59
2137,32,99,2026-05-15,SELL,38.0,4730.04,142.64,179598.88
2138,34,57,2026-05-15,BUY,3008.0,359.52,2264.33,-1083700.49
2139,36,8,2026-05-15,BUY,272.0,631.6,440.25,-172235.45
2140,36,86,2026-05-15,BUY,762.0,182.92,150.93,-139535.97
2141,41,30,2026-05-15,BUY,178.0,2037.54,184.74,-362866.86
2142,44,90,2026-05-15,DIVIDEND,0.0,0.0,0.0,3756.97
2143,45,14,2026-05-15,DIVIDEND,0.0,0.0,0.0,750.45
2144,19,58,2026-05-18,DIVIDEND,0.0,0.0,0.0,3404.64
2145,31,18,2026-05-18,SELL,518.0,174.36,226.4,90092.08
2146,33,41,2026-05-18,BUY,78.0,3558.11,515.29,-278047.87
2147,35,83,2026-05-18,SELL,1964.0,286.11,1034.13,560885.91
2148,37,62,2026-05-18,BUY,233.0,1828.15,963.78,-426922.73
2149,39,79,2026-05-18,SELL,505.0,332.01,140.05,167525.0
2150,41,22,2026-05-18,DIVIDEND,0.0,0.0,0.0,536.95
2151,41,91,2026-05-18,BUY,202.0,647.24,379.77,-131122.25
2152,41,94,2026-05-18,BUY,265.0,971.09,420.2,-257759.05
2153,42,98,2026-05-18,DIVIDEND,0.0,0.0,0.0,2690.33
2154,5,13,2026-05-19,DIVIDEND,0.0,0.0,0.0,5088.72
2155,5,58,2026-05-19,DIVIDEND,0.0,0.0,0.0,3371.34
2156,9,70,2026-05-19,BUY,582.0,829.66,718.26,-483580.38
2157,21,59,2026-05-19,DIVIDEND,0.0,0.0,0.0,2315.92
2158,22,72,2026-05-19,DIVIDEND,0.0,0.0,0.0,22087.28
2159,30,83,2026-05-19,BUY,951.0,285.98,239.5,-272206.48
2160,32,89,2026-05-19,BUY,464.0,284.38,215.44,-132167.76
2161,33,20,2026-05-19,DIVIDEND,0.0,0.0,0.0,2032.98
2162,34,68,2026-05-19,DIVIDEND,0.0,0.0,0.0,15845.07
2163,34,92,2026-05-19,BUY,5745.0,172.79,2533.37,-995211.92
2164,39,15,2026-05-19,SELL,482.0,806.44,857.38,387846.7
2165,39,99,2026-05-19,BUY,28.0,4633.76,269.08,-130014.36
2166,41,22,2026-05-19,DIVIDEND,0.0,0.0,0.0,143.42
2167,41,24,2026-05-19,BUY,851.0,352.24,632.26,-300388.5
2168,43,1,2026-05-19,SELL,477.0,356.57,477.26,169606.63
2169,3,64,2026-05-20,BUY,128.0,1458.86,117.94,-186852.02
2170,4,85,2026-05-20,BUY,278.0,801.3,220.79,-222982.19
2171,12,44,2026-05-20,BUY,4945.0,88.08,359.22,-435914.82
2172,16,19,2026-05-20,DIVIDEND,0.0,0.0,0.0,1198.79
2173,21,38,2026-05-20,BUY,4646.0,177.0,987.65,-823329.65
2174,28,62,2026-05-20,SELL,248.0,1870.26,1064.65,462759.83
2175,31,31,2026-05-20,DIVIDEND,0.0,0.0,0.0,1472.24
2176,36,23,2026-05-20,DIVIDEND,0.0,0.0,0.0,1676.69
2177,41,55,2026-05-20,BUY,268.0,1081.77,465.08,-290379.44
2178,43,23,2026-05-20,SELL,288.0,1424.79,1040.46,409299.06
2179,43,56,2026-05-20,SELL,96.0,1816.72,266.89,174138.23
2180,43,78,2026-05-20,BUY,207.0,2102.27,481.82,-435651.71
2181,44,58,2026-05-20,BUY,2588.0,173.36,1063.61,-449719.29
2182,45,25,2026-05-20,BUY,42.0,2335.9,85.0,-98192.8
2183,45,25,2026-05-20,SELL,36.0,2335.9,100.64,83991.76
2184,45,54,2026-05-20,SELL,1894.0,95.9,262.55,181372.05
2185,1,45,2026-05-21,DIVIDEND,0.0,0.0,0.0,5813.12
2186,3,60,2026-05-21,DIVIDEND,0.0,0.0,0.0,2282.56
2187,5,46,2026-05-21,DIVIDEND,0.0,0.0,0.0,2726.01
2188,17,81,2026-05-21,BUY,553.0,664.16,725.62,-368006.1
2189,17,84,2026-05-21,BUY,323.0,196.3,171.79,-63576.69
2190,27,64,2026-05-21,BUY,400.0,1486.28,1745.6,-596257.6
2191,27,76,2026-05-21,DIVIDEND,0.0,0.0,0.0,1616.85
2192,31,3,2026-05-21,BUY,192.0,2608.65,1477.83,-502338.63
2193,36,56,2026-05-21,DIVIDEND,0.0,0.0,0.0,2581.06
2194,36,85,2026-05-21,BUY,507.0,815.27,359.23,-413701.12
2195,39,48,2026-05-21,SELL,486.0,195.39,230.51,94729.03
2196,39,80,2026-05-21,BUY,472.0,851.37,815.74,-402662.38
2197,41,36,2026-05-21,SELL,380.0,560.81,391.04,212716.76
2198,42,98,2026-05-21,SELL,131.0,417.49,69.39,54621.8
2199,43,56,2026-05-21,BUY,211.0,1815.77,630.46,-383757.93
2200,43,62,2026-05-21,SELL,97.0,1877.53,344.35,181776.06
2201,45,25,2026-05-21,DIVIDEND,0.0,0.0,0.0,95.7
2202,45,73,2026-05-21,SELL,158.0,365.1,30.88,57654.92
2203,8,41,2026-05-22,BUY,64.0,3500.81,461.27,-224513.11
2204,20,45,2026-05-22,BUY,655.0,435.2,702.28,-285758.28
2205,23,3,2026-05-22,DIVIDEND,0.0,0.0,0.0,2370.08
2206,24,26,2026-05-22,BUY,117.0,3620.03,1104.66,-424648.17
2207,28,48,2026-05-22,DIVIDEND,0.0,0.0,0.0,148.52
2208,28,56,2026-05-22,BUY,201.0,1834.15,463.34,-369127.49
2209,29,66,2026-05-22,DIVIDEND,0.0,0.0,0.0,1619.07
2210,40,59,2026-05-22,DIVIDEND,0.0,0.0,0.0,16331.78
2211,44,90,2026-05-22,SELL,293.0,522.49,251.15,152838.42
2212,45,9,2026-05-22,BUY,185.0,1863.69,368.38,-345151.03
2213,5,1,2026-05-25,DIVIDEND,0.0,0.0,0.0,951.44
2214,18,22,2026-05-25,BUY,1952.0,126.8,161.41,-247675.01
2215,28,51,2026-05-25,SELL,9.0,1534.33,11.61,13797.36
2216,28,65,2026-05-25,BUY,1554.0,158.06,493.26,-246118.5
2217,28,81,2026-05-25,SELL,235.0,636.13,265.33,149225.22
2218,30,6,2026-05-25,DIVIDEND,0.0,0.0,0.0,4310.37
2219,31,21,2026-05-25,BUY,1272.0,256.58,611.99,-326981.75
2220,31,33,2026-05-25,DIVIDEND,0.0,0.0,0.0,2664.3
2221,39,64,2026-05-25,BUY,102.0,1554.23,227.68,-158759.14
2222,41,39,2026-05-25,BUY,56.0,2067.63,122.01,-115909.29
2223,43,8,2026-05-25,BUY,431.0,657.17,456.06,-283696.33
2224,43,67,2026-05-25,BUY,671.0,336.72,178.8,-226117.92
2225,43,81,2026-05-25,BUY,801.0,636.13,658.52,-510198.65
2226,45,25,2026-05-25,SELL,5.0,2341.16,21.6,11684.2
2227,45,47,2026-05-25,BUY,413.0,882.25,1042.44,-365411.69
2228,45,54,2026-05-25,DIVIDEND,0.0,0.0,0.0,17.15
2229,4,19,2026-05-26,SELL,908.0,411.86,403.49,373565.39
2230,5,57,2026-05-26,DIVIDEND,0.0,0.0,0.0,625.82
2231,6,11,2026-05-26,SELL,8.0,2595.29,41.96,20720.36
2232,7,90,2026-05-26,SELL,969.0,505.5,554.46,489275.04
2233,8,60,2026-05-26,BUY,423.0,491.13,268.54,-208016.53
2234,9,68,2026-05-26,BUY,1952.0,208.84,779.3,-408434.98
2235,13,66,2026-05-26,SELL,232.0,1241.31,798.03,287185.89
2236,18,23,2026-05-26,BUY,238.0,1349.7,951.23,-322179.83
2237,23,10,2026-05-26,BUY,1031.0,176.91,147.45,-182541.66
2238,28,98,2026-05-26,SELL,2800.0,400.28,593.99,1120190.01
2239,31,70,2026-05-26,DIVIDEND,0.0,0.0,0.0,2091.56
2240,33,47,2026-05-26,BUY,137.0,906.6,107.71,-124311.91
2241,41,41,2026-05-26,BUY,101.0,3576.34,798.99,-362009.33
2242,42,27,2026-05-26,BUY,179.0,1509.16,691.08,-270830.72
2243,43,56,2026-05-26,BUY,193.0,1820.76,898.6,-352305.28
2244,2,14,2026-05-27,BUY,461.0,719.99,970.0,-332885.39
2245,4,11,2026-05-27,SELL,96.0,2595.47,169.78,248995.34
2246,7,28,2026-05-27,SELL,110.0,1433.27,371.41,157288.29
2247,20,71,2026-05-27,SELL,98.0,1214.77,89.68,118957.78
2248,23,94,2026-05-27,DIVIDEND,0.0,0.0,0.0,2378.1
2249,24,62,2026-05-27,BUY,97.0,1887.46,100.26,-183183.88
2250,30,6,2026-05-27,SELL,80.0,2952.3,637.14,235546.86
2251,30,55,2026-05-27,SELL,442.0,1035.91,747.1,457125.12
2252,32,67,2026-05-27,BUY,1154.0,321.49,478.24,-371477.7
2253,33,46,2026-05-27,SELL,169.0,359.3,75.99,60645.71
2254,37,95,2026-05-27,BUY,330.0,1274.48,1214.92,-421793.32
2255,39,64,2026-05-27,BUY,399.0,1497.61,1227.98,-598774.37
2256,42,96,2026-05-27,BUY,1869.0,174.48,754.85,-326857.97
2257,42,96,2026-05-27,DIVIDEND,0.0,0.0,0.0,776.67
2258,45,25,2026-05-27,SELL,1.0,2347.55,5.08,2342.47
2259,2,9,2026-05-28,SELL,156.0,1845.19,151.36,287698.28
2260,5,81,2026-05-28,BUY,458.0,644.67,669.92,-295928.78
2261,28,27,2026-05-28,BUY,397.0,1511.49,1648.39,-601709.92
2262,30,83,2026-05-28,BUY,1384.0,274.58,978.43,-380997.15
2263,32,14,2026-05-28,BUY,327.0,741.5,631.79,-243102.29
2264,36,85,2026-05-28,BUY,467.0,780.05,697.63,-364980.98
2265,36,91,2026-05-28,BUY,207.0,694.17,379.45,-144072.64
2266,41,24,2026-05-28,SELL,239.0,379.39,255.54,90418.67
2267,41,36,2026-05-28,SELL,100.0,554.03,54.61,55348.39
2268,42,86,2026-05-28,BUY,999.0,183.4,311.32,-183527.92
2269,42,94,2026-05-28,BUY,440.0,950.53,850.77,-419083.97
2270,43,6,2026-05-28,SELL,69.0,2882.43,429.65,198458.02
2271,43,62,2026-05-28,DIVIDEND,0.0,0.0,0.0,35.36
2272,45,22,2026-05-28,BUY,943.0,124.09,239.52,-117256.39
2273,45,54,2026-05-28,SELL,44.0,96.94,11.9,4253.46
2274,45,79,2026-05-28,SELL,60.0,334.38,32.75,20030.05
2275,2,10,2026-05-29,DIVIDEND,0.0,0.0,0.0,4123.6
2276,3,15,2026-05-29,BUY,233.0,825.01,423.87,-192651.2
2277,7,41,2026-05-29,SELL,60.0,3637.5,647.3,217602.7
2278,17,51,2026-05-29,SELL,27.0,1666.75,126.09,44876.16
2279,17,77,2026-05-29,BUY,408.0,596.81,145.07,-243643.55
2280,18,79,2026-05-29,SELL,183.0,335.68,143.59,61285.85
2281,24,91,2026-05-29,SELL,17.0,693.73,25.71,11767.7
2282,26,36,2026-05-29,BUY,869.0,558.22,1047.92,-486141.1
2283,27,44,2026-05-29,SELL,6148.0,85.24,388.68,523666.84
2284,28,84,2026-05-29,SELL,4232.0,196.63,2388.1,829750.06
2285,30,6,2026-05-29,BUY,57.0,2909.77,261.43,-166118.32
2286,32,89,2026-05-29,SELL,332.0,315.72,138.95,104680.09
2287,37,17,2026-05-29,SELL,2.0,3573.57,7.94,7139.2
2288,39,98,2026-05-29,SELL,28.0,392.6,17.01,10975.79
2289,43,99,2026-05-29,BUY,21.0,4461.78,214.21,-93911.59
2290,2,49,2026-06-01,DIVIDEND,0.0,0.0,0.0,8649.46
2291,16,19,2026-06-01,DIVIDEND,0.0,0.0,0.0,3514.73
2292,26,36,2026-06-01,SELL,605.0,546.31,883.7,329633.85
2293,27,44,2026-06-01,BUY,6070.0,86.1,1043.28,-523670.28
2294,31,3,2026-06-01,BUY,168.0,2485.65,1003.13,-418592.33
2295,32,26,2026-06-01,SELL,59.0,3265.28,206.67,192444.85
2296,33,91,2026-06-01,DIVIDEND,0.0,0.0,0.0,5095.28
2297,35,50,2026-06-01,BUY,695.0,456.4,682.82,-317880.82
2298,36,84,2026-06-01,DIVIDEND,0.0,0.0,0.0,364.34
2299,42,87,2026-06-01,BUY,2709.0,176.24,801.53,-478235.69
2300,42,88,2026-06-01,SELL,62.0,233.5,37.89,14439.11
2301,43,9,2026-06-01,BUY,247.0,1912.29,753.26,-473088.89
2302,43,56,2026-06-01,BUY,267.0,1769.72,827.78,-473343.02
2303,43,60,2026-06-01,BUY,1273.0,466.58,736.95,-594693.29
2304,44,10,2026-06-01,BUY,3726.0,166.4,1202.07,-621208.47
2305,45,54,2026-06-01,SELL,8.0,97.07,0.49,776.07
2306,46,30,2026-06-01,BUY,90.0,2066.08,409.12,-186356.32
2307,47,93,2026-06-01,BUY,116.0,2412.37,313.76,-280148.68
2308,47,93,2026-06-01,DIVIDEND,0.0,0.0,0.0,1800.55
2309,1,3,2026-06-02,DIVIDEND,0.0,0.0,0.0,1007.04
2310,2,12,2026-06-02,BUY,165.0,1667.78,382.9,-275566.6
2311,3,60,2026-06-02,BUY,881.0,466.88,1150.05,-412471.33
2312,3,78,2026-06-02,BUY,152.0,1984.33,599.61,-302217.77
2313,3,78,2026-06-02,BUY,113.0,1984.33,312.57,-224541.86
2314,17,9,2026-06-02,SELL,109.0,1954.6,202.95,212848.45
2315,17,48,2026-06-02,SELL,1413.0,185.52,616.96,261522.8
2316,20,71,2026-06-02,BUY,370.0,1235.17,247.67,-457260.57
2317,23,10,2026-06-02,SELL,345.0,166.74,134.58,57390.72
2318,28,15,2026-06-02,SELL,598.0,837.17,1337.5,499290.16
2319,34,57,2026-06-02,BUY,1753.0,372.64,1165.84,-654403.76
2320,38,61,2026-06-02,BUY,1316.0,332.72,1049.67,-438909.19
2321,39,16,2026-06-02,BUY,1112.0,523.69,657.99,-583001.27
2322,41,57,2026-06-02,BUY,792.0,372.64,794.09,-295924.97
2323,42,96,2026-06-02,DIVIDEND,0.0,0.0,0.0,1402.49
2324,42,98,2026-06-02,DIVIDEND,0.0,0.0,0.0,2376.75
2325,45,14,2026-06-02,BUY,828.0,698.26,751.64,-578910.92
2326,47,93,2026-06-02,SELL,18.0,2407.14,43.74,43284.78
2327,3,22,2026-06-03,BUY,1006.0,126.93,134.16,-127825.74
2328,7,23,2026-06-03,BUY,71.0,1390.53,278.54,-99006.17
2329,8,41,2026-06-03,DIVIDEND,0.0,0.0,0.0,7968.0
2330,19,61,2026-06-03,BUY,1124.0,332.23,193.29,-373619.81
2331,19,92,2026-06-03,BUY,3903.0,177.8,538.29,-694491.69
2332,24,14,2026-06-03,BUY,320.0,710.08,612.99,-227838.59
2333,27,82,2026-06-03,BUY,710.0,587.52,751.38,-417890.58
2334,29,95,2026-06-03,DIVIDEND,0.0,0.0,0.0,2731.89
2335,30,55,2026-06-03,BUY,315.0,1072.81,641.74,-338576.89
2336,35,69,2026-06-03,BUY,93.0,2827.71,249.7,-263226.73
2337,37,1,2026-06-03,BUY,1272.0,333.54,418.55,-424681.43
2338,39,47,2026-06-03,SELL,32.0,885.27,30.28,28298.36
2339,41,24,2026-06-03,SELL,230.0,369.31,244.59,84696.71
2340,43,2,2026-06-03,BUY,298.0,738.78,183.19,-220339.63
2341,43,85,2026-06-03,BUY,142.0,801.88,77.45,-113944.41
2342,44,10,2026-06-03,DIVIDEND,0.0,0.0,0.0,2198.57
2343,44,12,2026-06-03,BUY,315.0,1665.28,1282.9,-525846.1
2344,45,53,2026-06-03,DIVIDEND,0.0,0.0,0.0,1533.81
2345,46,30,2026-06-03,SELL,32.0,2080.83,89.75,66496.81
2346,3,8,2026-06-04,BUY,396.0,766.28,829.59,-304276.47
2347,3,15,2026-06-04,BUY,334.0,795.45,731.32,-266411.62
2348,3,73,2026-06-04,SELL,189.0,420.96,82.36,79479.08
2349,8,55,2026-06-04,BUY,94.0,1052.67,194.4,-99145.38
2350,8,78,2026-06-04,BUY,242.0,1956.5,1079.93,-474552.93
2351,11,90,2026-06-04,BUY,372.0,523.67,208.73,-195013.97
2352,15,58,2026-06-04,BUY,3879.0,172.74,349.22,-670407.68
2353,25,88,2026-06-04,DIVIDEND,0.0,0.0,0.0,4646.66
2354,30,12,2026-06-04,DIVIDEND,0.0,0.0,0.0,8891.51
2355,33,23,2026-06-04,BUY,263.0,1358.26,798.19,-358020.57
2356,33,44,2026-06-04,SELL,2743.0,87.56,609.32,239567.76
2357,40,59,2026-06-04,BUY,3792.0,134.03,787.56,-509029.32
2358,41,26,2026-06-04,SELL,30.0,3402.09,251.97,101810.73
2359,41,28,2026-06-04,BUY,100.0,1400.34,92.39,-140126.39
2360,43,8,2026-06-04,DIVIDEND,0.0,0.0,0.0,2922.07
2361,45,14,2026-06-04,SELL,468.0,714.93,550.32,334036.92
2362,47,49,2026-06-04,BUY,382.0,1592.66,482.58,-608878.7
2363,2,38,2026-06-05,DIVIDEND,0.0,0.0,0.0,1395.74
2364,3,60,2026-06-05,SELL,977.0,496.52,1244.22,483855.82
2365,18,57,2026-06-05,SELL,921.0,367.48,904.29,337544.79
2366,24,48,2026-06-05,BUY,2318.0,174.64,838.42,-405653.94
2367,25,49,2026-06-05,SELL,527.0,1618.54,2297.49,850673.09
2368,26,33,2026-06-05,DIVIDEND,0.0,0.0,0.0,3562.09
2369,28,60,2026-06-05,DIVIDEND,0.0,0.0,0.0,95.12
2370,30,98,2026-06-05,BUY,755.0,409.61,525.64,-309781.19
2371,34,68,2026-06-05,BUY,2250.0,212.12,1124.68,-478394.68
2372,35,83,2026-06-05,BUY,2030.0,283.31,331.41,-575450.71
2373,38,96,2026-06-05,DIVIDEND,0.0,0.0,0.0,7425.36
2374,39,48,2026-06-05,BUY,804.0,174.64,204.9,-140615.46
2375,39,79,2026-06-05,BUY,1500.0,387.0,468.34,-580968.34
2376,42,94,2026-06-05,DIVIDEND,0.0,0.0,0.0,4425.37
2377,43,62,2026-06-05,SELL,7.0,2149.52,14.4,15032.24
2378,44,90,2026-06-05,DIVIDEND,0.0,0.0,0.0,4218.42
2379,46,11,2026-06-05,BUY,165.0,2642.11,635.87,-436584.02
2380,46,30,2026-06-05,DIVIDEND,0.0,0.0,0.0,1262.58
2381,47,42,2026-06-05,BUY,181.0,3582.85,1812.15,-650308.0
2382,1,35,2026-06-08,DIVIDEND,0.0,0.0,0.0,1456.05
2383,30,78,2026-06-08,DIVIDEND,0.0,0.0,0.0,4614.5
2384,37,89,2026-06-08,SELL,558.0,341.44,202.81,190320.71
2385,39,47,2026-06-08,SELL,25.0,904.01,34.34,22565.91
2386,42,94,2026-06-08,DIVIDEND,0.0,0.0,0.0,4505.1
2387,44,83,2026-06-08,DIVIDEND,0.0,0.0,0.0,1066.82
2388,46,30,2026-06-08,DIVIDEND,0.0,0.0,0.0,1318.77
2389,47,93,2026-06-08,DIVIDEND,0.0,0.0,0.0,1953.11
2390,4,40,2026-06-09,BUY,691.0,451.13,648.52,-312379.35
2391,4,50,2026-06-09,SELL,484.0,453.41,557.97,218892.47
2392,4,87,2026-06-09,SELL,373.0,169.77,87.11,63237.1
2393,7,38,2026-06-09,BUY,969.0,175.14,429.18,-170139.84
2394,8,14,2026-06-09,SELL,422.0,672.07,312.16,283301.38
2395,20,32,2026-06-09,BUY,792.0,839.01,827.25,-665323.17
2396,23,3,2026-06-09,DIVIDEND,0.0,0.0,0.0,1361.38
2397,24,26,2026-06-09,BUY,130.0,3411.1,367.29,-443810.29
2398,24,48,2026-06-09,DIVIDEND,0.0,0.0,0.0,2518.33
2399,28,65,2026-06-09,SELL,1996.0,176.08,640.5,350815.18
2400,33,74,2026-06-09,SELL,31.0,1804.22,47.6,55883.22
2401,45,22,2026-06-09,SELL,634.0,123.2,123.29,77985.51
2402,46,11,2026-06-09,DIVIDEND,0.0,0.0,0.0,2972.51
2403,47,42,2026-06-09,DIVIDEND,0.0,0.0,0.0,5670.36
2404,47,49,2026-06-09,DIVIDEND,0.0,0.0,0.0,1282.62
2405,47,52,2026-06-09,BUY,501.0,924.71,485.37,-463765.08
2406,47,52,2026-06-09,SELL,128.0,924.71,140.78,118222.1
2407,3,15,2026-06-10,BUY,224.0,786.42,248.71,-176406.79
2408,3,22,2026-06-10,BUY,2551.0,120.98,398.19,-309018.17
2409,3,22,2026-06-10,BUY,3349.0,120.98,1015.47,-406177.49
2410,10,96,2026-06-10,BUY,3064.0,172.54,592.09,-529254.65
2411,26,24,2026-06-10,DIVIDEND,0.0,0.0,0.0,4033.53
2412,38,11,2026-06-10,DIVIDEND,0.0,0.0,0.0,6572.0
2413,39,99,2026-06-10,SELL,89.0,4765.2,666.74,423436.06
2414,43,85,2026-06-10,SELL,197.0,795.62,214.73,156522.41
2415,45,22,2026-06-10,SELL,156.0,120.98,51.22,18821.66
2416,8,46,2026-06-11,SELL,12.0,311.43,7.71,3729.45
2417,10,81,2026-06-11,DIVIDEND,0.0,0.0,0.0,1147.68
2418,17,80,2026-06-11,BUY,250.0,820.21,580.23,-205632.73
2419,20,86,2026-06-11,BUY,3229.0,183.91,393.78,-594239.17
2420,26,17,2026-06-11,BUY,146.0,3222.08,855.26,-471278.94
2421,27,97,2026-06-11,DIVIDEND,0.0,0.0,0.0,5467.84
2422,29,61,2026-06-11,DIVIDEND,0.0,0.0,0.0,7380.44
2423,31,55,2026-06-11,DIVIDEND,0.0,0.0,0.0,1737.01
2424,36,22,2026-06-11,BUY,1590.0,121.71,469.11,-193988.01
2425,38,88,2026-06-11,DIVIDEND,0.0,0.0,0.0,10430.26
2426,40,13,2026-06-11,BUY,4187.0,177.07,1847.93,-743240.02
2427,45,73,2026-06-11,SELL,86.0,461.95,62.24,39665.46
2428,46,13,2026-06-11,BUY,2552.0,177.07,429.03,-452311.67
2429,46,36,2026-06-11,BUY,201.0,563.22,335.89,-113543.11
2430,46,54,2026-06-11,BUY,4208.0,90.9,833.37,-383340.57
2431,7,2,2026-06-12,BUY,321.0,708.94,370.93,-227940.67
2432,12,6,2026-06-12,DIVIDEND,0.0,0.0,0.0,4004.13
2433,25,100,2026-06-12,DIVIDEND,0.0,0.0,0.0,12037.94
2434,28,48,2026-06-12,BUY,554.0,165.47,211.88,-91882.26
2435,28,99,2026-06-12,SELL,5.0,4789.3,44.13,23902.37
2436,41,31,2026-06-12,BUY,71.0,2398.71,261.8,-170570.21
2437,43,46,2026-06-12,BUY,1915.0,307.09,1308.29,-589385.64
2438,46,54,2026-06-12,SELL,2126.0,93.01,148.75,197590.51
2439,2,12,2026-06-15,BUY,238.0,1684.02,940.68,-401737.44
2440,4,11,2026-06-15,BUY,98.0,2617.51,210.17,-256726.15
2441,4,31,2026-06-15,BUY,44.0,2418.25,68.22,-106471.22
2442,7,36,2026-06-15,BUY,656.0,557.2,1031.07,-366554.27
2443,24,48,2026-06-15,DIVIDEND,0.0,0.0,0.0,9039.48
2444,24,62,2026-06-15,BUY,136.0,2279.82,688.25,-310743.77
2445,25,96,2026-06-15,BUY,5060.0,175.27,2097.95,-888964.15
2446,28,48,2026-06-15,SELL,370.0,176.14,170.92,65000.88
2447,28,60,2026-06-15,SELL,76.0,525.71,41.56,39912.4
2448,28,60,2026-06-15,BUY,823.0,525.71,914.54,-433573.87
2449,28,99,2026-06-15,SELL,1.0,4793.48,11.61,4781.87
2450,30,83,2026-06-15,BUY,1997.0,280.38,420.86,-560339.72
2451,32,14,2026-06-15,SELL,513.0,712.32,500.17,364919.99
2452,35,69,2026-06-15,DIVIDEND,0.0,0.0,0.0,9927.56
2453,39,80,2026-06-15,SELL,433.0,793.28,831.44,342658.8
2454,43,3,2026-06-15,SELL,6.0,2521.31,10.9,15116.96
2455,43,46,2026-06-15,DIVIDEND,0.0,0.0,0.0,2451.8
2456,43,81,2026-06-15,SELL,822.0,623.44,310.64,512157.04
2457,45,9,2026-06-15,BUY,70.0,1925.42,289.97,-135069.37
2458,45,54,2026-06-15,SELL,4.0,95.11,0.52,379.92
2459,47,42,2026-06-15,SELL,65.0,3649.21,377.09,236821.56
2460,2,10,2026-06-16,SELL,531.0,170.62,118.02,90481.2
2461,8,26,2026-06-16,BUY,64.0,2996.84,285.36,-192083.12
2462,8,74,2026-06-16,BUY,153.0,1776.33,403.82,-272182.31
2463,9,70,2026-06-16,BUY,322.0,860.6,594.14,-277707.34
2464,14,10,2026-06-16,DIVIDEND,0.0,0.0,0.0,1652.01
2465,18,79,2026-06-16,DIVIDEND,0.0,0.0,0.0,808.88
2466,19,66,2026-06-16,DIVIDEND,0.0,0.0,0.0,1516.94
2467,24,14,2026-06-16,SELL,1235.0,713.93,1838.62,879864.93
2468,24,47,2026-06-16,SELL,875.0,803.23,1133.34,701692.91
2469,24,48,2026-06-16,SELL,6169.0,186.98,2915.58,1150564.04
2470,30,6,2026-06-16,DIVIDEND,0.0,0.0,0.0,4499.31
2471,33,60,2026-06-16,BUY,469.0,556.1,197.43,-261008.33
2472,36,56,2026-06-16,DIVIDEND,0.0,0.0,0.0,1397.4
2473,41,26,2026-06-16,BUY,136.0,2996.84,1012.79,-408583.03
2474,45,22,2026-06-16,DIVIDEND,0.0,0.0,0.0,165.94
2475,45,79,2026-06-16,DIVIDEND,0.0,0.0,0.0,365.43
2476,46,37,2026-06-16,BUY,193.0,2571.42,1441.41,-497725.47
2477,3,37,2026-06-17,BUY,48.0,2553.7,226.77,-122804.37
2478,13,61,2026-06-17,BUY,1542.0,347.57,801.18,-536754.12
2479,15,83,2026-06-17,BUY,587.0,290.81,158.7,-170864.17
2480,18,28,2026-06-17,DIVIDEND,0.0,0.0,0.0,3576.09
2481,22,19,2026-06-17,BUY,1278.0,414.94,823.78,-531117.1
2482,25,72,2026-06-17,DIVIDEND,0.0,0.0,0.0,3691.27
2483,26,18,2026-06-17,DIVIDEND,0.0,0.0,0.0,2805.16
2484,29,61,2026-06-17,DIVIDEND,0.0,0.0,0.0,2731.7
2485,30,12,2026-06-17,BUY,152.0,1680.65,163.06,-255621.86
2486,31,90,2026-06-17,BUY,494.0,549.09,204.23,-271454.69
2487,32,67,2026-06-17,SELL,934.0,349.66,411.29,326171.15
2488,38,88,2026-06-17,DIVIDEND,0.0,0.0,0.0,6889.27
2489,39,51,2026-06-17,SELL,237.0,1626.22,826.77,384587.37
2490,41,22,2026-06-17,BUY,3117.0,119.83,336.39,-373846.5
2491,43,81,2026-06-17,SELL,43.0,627.42,70.46,26908.6
2492,43,81,2026-06-17,BUY,510.0,627.42,196.93,-320181.13
2493,47,55,2026-06-17,BUY,312.0,1029.07,292.4,-321362.24
2494,8,46,2026-06-18,BUY,633.0,303.41,429.78,-192488.31
2495,9,7,2026-06-18,BUY,2539.0,168.12,497.43,-427354.11
2496,9,66,2026-06-18,BUY,143.0,1254.93,365.74,-179820.73
2497,12,44,2026-06-18,SELL,2317.0,92.65,319.35,214350.7
2498,14,5,2026-06-18,BUY,321.0,1000.34,313.84,-321422.98
2499,17,48,2026-06-18,SELL,539.0,187.77,282.22,100925.81
2500,17,84,2026-06-18,BUY,2325.0,180.9,1237.06,-421829.56
2501,18,16,2026-06-18,BUY,177.0,521.55,247.56,-92561.91
2502,32,41,2026-06-18,BUY,115.0,3651.14,879.65,-420760.75
2503,32,67,2026-06-18,BUY,912.0,348.27,920.74,-318542.98
2504,38,96,2026-06-18,SELL,2735.0,176.7,1079.42,482195.08
2505,39,21,2026-06-18,SELL,2344.0,317.28,752.11,742952.21
2506,39,47,2026-06-18,SELL,34.0,772.54,43.74,26222.62
2507,41,28,2026-06-18,BUY,298.0,1403.46,352.83,-418583.91
2508,43,60,2026-06-18,SELL,1349.0,516.91,790.77,696520.82
2509,46,24,2026-06-18,BUY,709.0,356.73,306.15,-253227.72
2510,46,36,2026-06-18,DIVIDEND,0.0,0.0,0.0,762.74
2511,46,63,2026-06-18,BUY,4239.0,107.08,1179.5,-455091.62
2512,4,31,2026-06-19,SELL,33.0,2433.78,46.88,80267.86
2513,7,22,2026-06-19,BUY,3109.0,121.72,305.15,-378732.63
2514,15,71,2026-06-19,DIVIDEND,0.0,0.0,0.0,3003.86
2515,20,32,2026-06-19,DIVIDEND,0.0,0.0,0.0,12245.62
2516,35,69,2026-06-19,SELL,111.0,3137.14,260.59,347961.95
2517,37,12,2026-06-19,SELL,65.0,1628.98,188.03,105695.67
2518,45,47,2026-06-19,BUY,137.0,767.14,103.82,-105202.0
2519,8,55,2026-06-22,BUY,368.0,994.59,736.05,-366745.17
2520,9,96,2026-06-22,DIVIDEND,0.0,0.0,0.0,307.46
2521,24,26,2026-06-22,SELL,135.0,3042.99,1230.32,409573.33
2522,25,100,2026-06-22,BUY,144.0,4184.09,1397.33,-603906.29
2523,28,98,2026-06-22,DIVIDEND,0.0,0.0,0.0,63.72
2524,35,42,2026-06-22,DIVIDEND,0.0,0.0,0.0,11629.01
2525,41,24,2026-06-22,SELL,145.0,354.75,35.47,51403.28
2526,41,29,2026-06-22,SELL,4.0,2120.34,4.43,8476.93
2527,43,1,2026-06-22,SELL,417.0,345.84,291.78,143923.5
2528,45,25,2026-06-22,BUY,52.0,2164.15,329.89,-112865.69
2529,45,79,2026-06-22,BUY,436.0,414.0,227.41,-180731.41
2530,47,71,2026-06-22,BUY,219.0,1235.28,170.6,-270696.92
2531,1,4,2026-06-23,SELL,12.0,3387.31,108.85,40538.87
2532,8,28,2026-06-23,BUY,171.0,1416.64,422.05,-242667.49
2533,13,50,2026-06-23,DIVIDEND,0.0,0.0,0.0,5271.74
2534,17,84,2026-06-23,SELL,2809.0,183.27,507.89,514297.54
2535,19,92,2026-06-23,BUY,4701.0,173.17,2144.19,-816216.36
2536,24,47,2026-06-23,BUY,535.0,767.9,1147.06,-411973.56
2537,27,64,2026-06-23,BUY,277.0,1488.03,430.58,-412614.89
2538,31,21,2026-06-23,SELL,198.0,309.7,84.09,61236.51
2539,38,96,2026-06-23,DIVIDEND,0.0,0.0,0.0,3892.46
2540,41,29,2026-06-23,BUY,137.0,2225.5,198.74,-305092.24
2541,43,65,2026-06-23,BUY,2547.0,173.49,775.5,-442654.53
2542,43,67,2026-06-23,SELL,1001.0,338.6,964.85,337973.75
2543,46,13,2026-06-23,SELL,932.0,169.05,110.43,157444.17
2544,46,24,2026-06-23,DIVIDEND,0.0,0.0,0.0,2712.93
2545,46,24,2026-06-23,DIVIDEND,0.0,0.0,0.0,1076.6
2546,2,29,2026-06-24,BUY,47.0,2245.04,175.06,-105691.94
2547,3,78,2026-06-24,SELL,410.0,1903.61,1593.03,778887.07
2548,10,34,2026-06-24,DIVIDEND,0.0,0.0,0.0,810.01
2549,16,94,2026-06-24,BUY,534.0,939.69,533.78,-502328.24
2550,21,4,2026-06-24,SELL,13.0,3408.49,47.11,44263.26
2551,24,62,2026-06-24,SELL,140.0,2477.58,938.74,345922.46
2552,28,80,2026-06-24,DIVIDEND,0.0,0.0,0.0,4050.21
2553,35,39,2026-06-24,BUY,275.0,2033.51,539.45,-559754.7
2554,39,80,2026-06-24,SELL,49.0,828.26,42.39,40542.35
2555,39,80,2026-06-24,SELL,27.0,828.26,29.19,22333.83
2556,40,72,2026-06-24,BUY,810.0,1268.74,2566.09,-1030245.49
2557,43,1,2026-06-24,BUY,1418.0,355.2,1356.44,-505030.04
2558,43,9,2026-06-24,SELL,149.0,1945.06,196.12,289617.82
2559,45,47,2026-06-24,SELL,302.0,779.43,501.44,234886.42
2560,45,54,2026-06-24,SELL,5.0,89.17,0.33,445.52
2561,47,58,2026-06-24,BUY,900.0,171.81,314.11,-154943.11
2562,48,31,2026-06-24,BUY,160.0,2498.08,229.7,-399922.5
2563,48,31,2026-06-24,SELL,106.0,2498.08,744.13,264052.35
2564,48,54,2026-06-24,BUY,4498.0,89.17,574.09,-401660.75
2565,3,22,2026-06-25,BUY,1756.0,116.03,573.67,-204322.35
2566,3,37,2026-06-25,BUY,141.0,2632.66,758.13,-371963.19
2567,5,5,2026-06-25,BUY,261.0,1053.62,263.66,-275258.48
2568,7,2,2026-06-25,BUY,176.0,765.4,312.41,-135022.81
2569,12,38,2026-06-25,BUY,1192.0,169.48,308.36,-202328.52
2570,15,52,2026-06-25,DIVIDEND,0.0,0.0,0.0,1321.6
2571,17,48,2026-06-25,SELL,279.0,209.8,65.75,58468.45
2572,17,73,2026-06-25,BUY,350.0,542.93,122.06,-190147.56
2573,19,68,2026-06-25,DIVIDEND,0.0,0.0,0.0,2195.71
2574,24,89,2026-06-25,SELL,739.0,352.27,560.29,259767.24
2575,26,18,2026-06-25,SELL,930.0,170.8,165.73,158678.27
2576,27,46,2026-06-25,DIVIDEND,0.0,0.0,0.0,4734.77
2577,28,48,2026-06-25,SELL,133.0,209.8,15.27,27888.13
2578,28,62,2026-06-25,BUY,196.0,2450.69,1361.54,-481696.78
2579,34,57,2026-06-25,SELL,1823.0,363.96,1635.4,661863.68
2580,36,91,2026-06-25,DIVIDEND,0.0,0.0,0.0,495.46
2581,38,11,2026-06-25,DIVIDEND,0.0,0.0,0.0,4451.63
2582,43,62,2026-06-25,BUY,57.0,2450.69,213.21,-139902.54
2583,45,47,2026-06-25,BUY,108.0,787.92,145.97,-85241.33
2584,46,20,2026-06-25,BUY,185.0,564.61,267.21,-104720.06
2585,48,54,2026-06-25,DIVIDEND,0.0,0.0,0.0,3624.8
2586,2,26,2026-06-26,DIVIDEND,0.0,0.0,0.0,196.32
2587,10,34,2026-06-26,SELL,145.0,805.47,228.69,116564.46
2588,15,11,2026-06-26,BUY,158.0,2596.22,958.4,-411161.16
2589,18,28,2026-06-26,BUY,135.0,1428.36,484.76,-193313.36
2590,41,8,2026-06-26,BUY,599.0,710.11,765.29,-426121.18
2591,41,36,2026-06-26,SELL,97.0,578.21,133.08,55953.29
2592,42,37,2026-06-26,BUY,52.0,2645.05,265.76,-137808.36
2593,45,47,2026-06-26,SELL,161.0,774.21,338.07,124309.74
2594,45,73,2026-06-26,BUY,948.0,548.45,1195.41,-521126.01
2595,47,64,2026-06-26,BUY,466.0,1443.06,1997.25,-674463.21
2596,47,71,2026-06-26,DIVIDEND,0.0,0.0,0.0,817.81
2597,50,100,2026-06-26,BUY,156.0,4264.81,402.81,-665713.17
2598,3,60,2026-06-29,SELL,461.0,495.26,574.59,227740.27
2599,4,47,2026-06-29,SELL,28.0,787.93,27.37,22034.67
2600,6,40,2026-06-29,DIVIDEND,0.0,0.0,0.0,1887.47
2601,8,51,2026-06-29,SELL,651.0,1585.39,1598.13,1030490.76
2602,17,48,2026-06-29,SELL,13.0,198.79,3.02,2581.25
2603,18,89,2026-06-29,BUY,336.0,368.29,294.88,-124040.32
2604,20,83,2026-06-29,DIVIDEND,0.0,0.0,0.0,7054.32
2605,24,67,2026-06-29,BUY,1149.0,332.31,980.12,-382804.31
2606,25,96,2026-06-29,BUY,4221.0,178.01,2085.68,-753465.89
2607,28,84,2026-06-29,BUY,856.0,178.06,453.52,-152872.88
2608,30,12,2026-06-29,SELL,336.0,1612.86,1307.39,540613.57
2609,31,33,2026-06-29,DIVIDEND,0.0,0.0,0.0,1365.66
2610,36,77,2026-06-29,SELL,67.0,601.9,105.44,40221.86
2611,39,64,2026-06-29,SELL,1049.0,1437.76,2078.42,1506131.82
2612,43,1,2026-06-29,SELL,548.0,351.09,463.68,191933.64
2613,44,83,2026-06-29,DIVIDEND,0.0,0.0,0.0,2182.44
2614,45,9,2026-06-29,SELL,219.0,1845.57,653.54,403526.29
2615,3,74,2026-06-30,SELL,85.0,1631.3,133.32,138527.18
2616,5,4,2026-06-30,BUY,84.0,3429.02,652.55,-288690.23
2617,9,68,2026-06-30,DIVIDEND,0.0,0.0,0.0,4248.73
2618,14,3,2026-06-30,DIVIDEND,0.0,0.0,0.0,4028.41
2619,16,36,2026-06-30,BUY,492.0,589.27,657.18,-290578.02
2620,24,47,2026-06-30,BUY,312.0,796.41,327.63,-248807.55
2621,24,48,2026-06-30,DIVIDEND,0.0,0.0,0.0,492.23
2622,26,36,2026-06-30,BUY,649.0,589.27,727.01,-383163.24
2623,28,15,2026-06-30,SELL,474.0,694.43,820.4,328339.42
2624,29,92,2026-06-30,SELL,555.0,174.79,95.27,96913.18
2625,32,51,2026-06-30,BUY,202.0,1543.16,401.14,-312119.46
2626,36,77,2026-06-30,BUY,557.0,599.81,399.74,-334493.91
2627,39,79,2026-06-30,BUY,320.0,444.74,407.37,-142724.17
2628,40,40,2026-06-30,SELL,1322.0,455.85,460.48,602173.22
2629,41,8,2026-06-30,SELL,173.0,704.1,160.29,121649.01
2630,41,41,2026-06-30,BUY,82.0,3362.39,414.77,-276130.75
2631,43,9,2026-06-30,SELL,96.0,1893.77,251.2,181550.72
2632,43,62,2026-06-30,SELL,34.0,2453.06,159.2,83244.84
2633,45,22,2026-06-30,SELL,69.0,111.79,20.2,7693.31
2634,48,54,2026-06-30,SELL,4472.0,87.66,360.38,391655.14
2635,49,69,2026-06-30,BUY,83.0,2981.33,410.59,-247860.98
2636,49,79,2026-06-30,BUY,752.0,444.74,622.91,-335067.39
2637,49,80,2026-06-30,BUY,364.0,831.38,212.27,-302834.59
2638,3,60,2026-07-01,BUY,666.0,495.41,817.19,-330760.25
2639,9,21,2026-07-01,SELL,245.0,317.49,175.07,77609.98
2640,9,76,2026-07-01,BUY,90.0,1947.83,366.65,-175671.35
2641,16,87,2026-07-01,DIVIDEND,0.0,0.0,0.0,2700.03
2642,18,39,2026-07-01,BUY,126.0,1999.03,621.86,-252499.64
2643,24,91,2026-07-01,BUY,223.0,740.14,492.96,-165544.18
2644,28,56,2026-07-01,SELL,219.0,1668.04,402.27,364898.49
2645,28,84,2026-07-01,SELL,1667.0,177.05,523.59,294618.76
2646,30,55,2026-07-01,SELL,285.0,925.4,786.02,262952.98
2647,30,93,2026-07-01,SELL,27.0,2411.24,54.15,65049.33
2648,31,21,2026-07-01,DIVIDEND,0.0,0.0,0.0,979.79
2649,31,31,2026-07-01,BUY,130.0,2531.64,249.77,-329362.97
2650,32,15,2026-07-01,DIVIDEND,0.0,0.0,0.0,1147.31
2651,33,20,2026-07-01,SELL,206.0,567.39,248.2,116634.14
2652,37,67,2026-07-01,DIVIDEND,0.0,0.0,0.0,771.47
2653,39,9,2026-07-01,BUY,97.0,1859.24,127.2,-180473.48
2654,39,51,2026-07-01,SELL,16.0,1579.2,15.12,25252.08
2655,45,9,2026-07-01,SELL,26.0,1859.24,52.07,48288.17
2656,45,22,2026-07-01,SELL,56.0,110.27,11.51,6163.61
2657,45,53,2026-07-01,BUY,3312.0,142.68,237.26,-472793.42
2658,45,79,2026-07-01,BUY,1021.0,462.1,1056.96,-472861.06
2659,46,13,2026-07-01,SELL,853.0,173.49,280.3,147706.67
2660,46,37,2026-07-01,SELL,116.0,2600.33,744.29,300893.99
2661,49,79,2026-07-01,SELL,452.0,462.1,303.45,208565.75
2662,49,80,2026-07-01,SELL,307.0,834.23,764.03,255344.58
2663,2,10,2026-07-02,BUY,673.0,183.99,313.33,-124138.6
2664,2,14,2026-07-02,DIVIDEND,0.0,0.0,0.0,6235.23
2665,11,100,2026-07-02,BUY,96.0,4408.91,807.58,-424062.94
2666,17,48,2026-07-02,SELL,6.0,205.18,2.49,1228.59
2667,20,82,2026-07-02,DIVIDEND,0.0,0.0,0.0,2892.99
2668,24,14,2026-07-02,SELL,222.0,710.22,449.7,157219.14
2669,33,37,2026-07-02,SELL,31.0,2662.01,116.14,82406.17
2670,33,44,2026-07-02,SELL,812.0,98.05,51.05,79565.55
2671,37,47,2026-07-02,SELL,56.0,812.39,133.03,45360.81
2672,37,89,2026-07-02,SELL,133.0,361.23,34.27,48009.32
2673,39,21,2026-07-02,SELL,837.0,319.13,754.94,266356.87
2674,39,51,2026-07-02,BUY,263.0,1535.2,367.41,-404125.01
2675,41,26,2026-07-02,BUY,68.0,3264.09,518.95,-222477.07
2676,41,30,2026-07-02,SELL,63.0,2187.69,187.5,137636.97
2677,42,37,2026-07-02,DIVIDEND,0.0,0.0,0.0,1487.07
2678,42,86,2026-07-02,SELL,140.0,188.78,41.32,26387.88
2679,42,97,2026-07-02,BUY,314.0,715.96,246.9,-225058.34
2680,45,80,2026-07-02,SELL,21.0,858.17,30.93,17990.64
2681,48,18,2026-07-02,BUY,2141.0,172.99,595.1,-370966.69
2682,48,18,2026-07-02,SELL,2043.0,172.99,509.99,352908.58
2683,48,31,2026-07-02,DIVIDEND,0.0,0.0,0.0,925.1
2684,49,62,2026-07-02,BUY,131.0,2489.17,920.76,-327002.03
2685,49,80,2026-07-02,SELL,39.0,858.17,32.5,33436.13
2686,4,66,2026-07-03,BUY,180.0,1251.74,438.37,-225751.57
2687,10,57,2026-07-03,SELL,147.0,367.39,61.09,53945.24
2688,16,69,2026-07-03,DIVIDEND,0.0,0.0,0.0,4295.88
2689,23,6,2026-07-03,BUY,109.0,3830.23,1182.42,-418677.49
2690,23,30,2026-07-03,DIVIDEND,0.0,0.0,0.0,914.55
2691,24,47,2026-07-03,SELL,912.0,796.47,825.98,725554.66
2692,33,35,2026-07-03,DIVIDEND,0.0,0.0,0.0,768.13
2693,36,55,2026-07-03,BUY,149.0,912.53,366.97,-136333.94
2694,39,18,2026-07-03,BUY,1961.0,172.21,803.14,-338506.95
2695,39,51,2026-07-03,BUY,80.0,1497.51,64.33,-119865.13
2696,42,96,2026-07-03,DIVIDEND,0.0,0.0,0.0,1735.26
2697,43,2,2026-07-03,SELL,229.0,788.42,266.19,180281.99
2698,44,66,2026-07-03,BUY,499.0,1251.74,804.83,-625423.09
2699,44,83,2026-07-03,SELL,220.0,294.3,91.29,64654.71
2700,47,64,2026-07-03,SELL,171.0,1526.47,186.35,260840.02
2701,49,22,2026-07-03,BUY,2070.0,111.04,418.58,-230271.38
2702,21,40,2026-07-06,BUY,1356.0,450.12,769.73,-611132.45
2703,23,3,2026-07-06,DIVIDEND,0.0,0.0,0.0,4393.64
2704,23,30,2026-07-06,DIVIDEND,0.0,0.0,0.0,1813.24
2705,28,51,2026-07-06,BUY,268.0,1543.26,460.19,-414053.87
2706,28,56,2026-07-06,SELL,175.0,1751.66,653.0,305887.5
2707,30,78,2026-07-06,BUY,167.0,1816.49,801.61,-304155.44
2708,30,78,2026-07-06,SELL,151.0,1816.49,547.71,273742.28
2709,31,33,2026-07-06,DIVIDEND,0.0,0.0,0.0,1578.76
2710,32,84,2026-07-06,SELL,1280.0,181.06,118.49,231638.31
2711,33,56,2026-07-06,DIVIDEND,0.0,0.0,0.0,2338.69
2712,35,90,2026-07-06,BUY,868.0,501.82,946.83,-436526.59
2713,36,16,2026-07-06,SELL,127.0,527.77,151.51,66875.28
2714,39,9,2026-07-06,BUY,140.0,1850.53,266.86,-259341.06
2715,39,9,2026-07-06,SELL,1212.0,1850.53,5714.95,2237127.41
2716,39,21,2026-07-06,SELL,141.0,323.04,82.38,45466.26
2717,41,22,2026-07-06,DIVIDEND,0.0,0.0,0.0,3143.81
2718,41,28,2026-07-06,BUY,295.0,1343.63,1164.74,-397535.59
2719,42,98,2026-07-06,DIVIDEND,0.0,0.0,0.0,2691.56
2720,45,22,2026-07-06,BUY,2938.0,111.19,426.69,-327102.91
2721,46,20,2026-07-06,SELL,85.0,573.84,70.37,48706.03
2722,46,38,2026-07-06,BUY,967.0,168.54,317.55,-163295.73
2723,47,93,2026-07-06,DIVIDEND,0.0,0.0,0.0,2098.05
2724,48,18,2026-07-06,DIVIDEND,0.0,0.0,0.0,61.54
2725,48,31,2026-07-06,SELL,53.0,2527.33,300.97,133647.52
2726,49,62,2026-07-06,SELL,67.0,2528.87,345.86,169088.43
2727,49,63,2026-07-06,BUY,834.0,102.93,239.86,-86083.48
2728,2,36,2026-07-07,SELL,407.0,582.74,308.77,236866.41
2729,4,71,2026-07-07,DIVIDEND,0.0,0.0,0.0,2749.11
2730,18,41,2026-07-07,BUY,73.0,3381.73,485.22,-247351.51
2731,18,60,2026-07-07,BUY,597.0,513.16,814.84,-307171.36
2732,25,49,2026-07-07,BUY,370.0,1596.13,735.38,-591303.48
2733,28,70,2026-07-07,SELL,40.0,851.68,38.95,34028.25
2734,39,64,2026-07-07,BUY,336.0,1574.95,361.56,-529544.76
2735,41,31,2026-07-07,SELL,52.0,2459.76,308.92,127598.6
2736,42,27,2026-07-07,DIVIDEND,0.0,0.0,0.0,939.54
2737,45,9,2026-07-07,SELL,7.0,1912.5,17.7,13369.8
2738,45,22,2026-07-07,SELL,2418.0,109.77,720.17,264703.69
2739,45,47,2026-07-07,BUY,581.0,815.58,472.03,-474324.01
2740,46,17,2026-07-07,BUY,65.0,3037.53,273.32,-197712.77
2741,46,95,2026-07-07,BUY,355.0,1318.07,1390.93,-469305.78
2742,48,48,2026-07-07,BUY,1731.0,199.13,971.94,-345665.97
2743,48,54,2026-07-07,SELL,13.0,87.17,1.02,1132.19
2744,3,15,2026-07-08,SELL,590.0,692.08,432.7,407894.5
2745,5,13,2026-07-08,DIVIDEND,0.0,0.0,0.0,3168.32
2746,16,100,2026-07-08,SELL,14.0,4351.91,51.13,60875.61
2747,17,63,2026-07-08,SELL,4616.0,103.86,1419.37,477998.39
2748,18,9,2026-07-08,SELL,179.0,1919.33,453.71,343106.36
2749,30,17,2026-07-08,BUY,172.0,2987.73,655.37,-514544.93
2750,31,55,2026-07-08,BUY,409.0,922.06,958.48,-378081.02
2751,38,38,2026-07-08,BUY,6386.0,167.21,2756.28,-1070559.34
2752,39,16,2026-07-08,SELL,467.0,550.53,464.42,256633.09
2753,41,31,2026-07-08,BUY,123.0,2547.25,352.06,-313663.81
2754,42,64,2026-07-08,BUY,310.0,1546.23,1092.46,-480423.76
2755,43,6,2026-07-08,DIVIDEND,0.0,0.0,0.0,2821.62
2756,46,8,2026-07-08,BUY,350.0,685.91,712.86,-240781.36
2757,46,13,2026-07-08,SELL,453.0,168.67,227.2,76180.31
2758,48,31,2026-07-08,DIVIDEND,0.0,0.0,0.0,29.27
2759,48,54,2026-07-08,SELL,9.0,86.76,1.89,778.95
2760,49,89,2026-07-08,BUY,1094.0,377.96,1202.23,-414690.47
2761,50,100,2026-07-08,DIVIDEND,0.0,0.0,0.0,4447.56
2762,7,36,2026-07-09,SELL,342.0,560.95,523.29,191321.61
2763,8,10,2026-07-09,SELL,2397.0,192.93,468.63,461984.58
2764,13,72,2026-07-09,BUY,380.0,1257.34,629.16,-478418.36
2765,13,95,2026-07-09,DIVIDEND,0.0,0.0,0.0,3621.64
2766,18,8,2026-07-09,BUY,629.0,680.94,1267.07,-429578.33
2767,24,89,2026-07-09,BUY,387.0,382.2,82.67,-147994.07
2768,28,80,2026-07-09,BUY,473.0,893.31,1239.76,-423775.39
2769,34,57,2026-07-09,BUY,1480.0,364.54,635.73,-540154.93
2770,35,69,2026-07-09,SELL,122.0,3345.73,1051.4,407127.66
2771,39,21,2026-07-09,BUY,514.0,317.7,471.49,-163769.29
2772,41,28,2026-07-09,BUY,126.0,1351.61,141.01,-170443.87
2773,41,30,2026-07-09,SELL,36.0,2321.57,85.11,83491.41
2774,41,31,2026-07-09,SELL,77.0,2621.04,258.79,201561.29
2775,43,1,2026-07-09,SELL,804.0,350.34,779.27,280894.09
2776,43,67,2026-07-09,SELL,11.0,331.16,9.22,3633.54
2777,43,99,2026-07-09,SELL,73.0,5099.43,225.52,372032.87
2778,45,14,2026-07-09,BUY,623.0,763.48,563.01,-476211.05
2779,45,53,2026-07-09,BUY,3593.0,144.83,449.82,-520824.01
2780,47,19,2026-07-09,BUY,1469.0,413.4,806.96,-608091.56
2781,47,55,2026-07-09,SELL,141.0,934.62,345.23,131436.19
2782,48,53,2026-07-09,BUY,738.0,144.83,170.41,-107054.95
2783,48,54,2026-07-09,SELL,2.0,87.13,0.35,173.91
2784,49,41,2026-07-09,BUY,56.0,3481.59,180.0,-195149.04
2785,49,41,2026-07-09,BUY,66.0,3481.59,554.5,-230339.44
2786,49,76,2026-07-09,BUY,81.0,1958.15,319.09,-158929.24
2787,8,56,2026-07-10,BUY,191.0,1717.79,573.55,-328671.44
2788,12,34,2026-07-10,BUY,813.0,839.48,1047.45,-683544.69
2789,17,84,2026-07-10,SELL,1183.0,179.68,343.37,212218.07
2790,24,67,2026-07-10,SELL,1092.0,338.86,926.48,369108.64
2791,27,32,2026-07-10,BUY,525.0,730.37,1020.91,-384465.16
2792,29,97,2026-07-10,DIVIDEND,0.0,0.0,0.0,5819.56
2793,35,75,2026-07-10,BUY,488.0,680.52,533.91,-332627.67
2794,39,15,2026-07-10,DIVIDEND,0.0,0.0,0.0,1192.09
2795,39,18,2026-07-10,SELL,1761.0,181.49,890.18,318713.71
2796,39,64,2026-07-10,SELL,279.0,1575.66,948.85,438660.29
2797,43,2,2026-07-10,BUY,252.0,788.43,206.12,-198890.48
2798,43,6,2026-07-10,BUY,23.0,4154.18,70.5,-95616.64
2799,43,9,2026-07-10,DIVIDEND,0.0,0.0,0.0,18.65
2800,45,9,2026-07-10,DIVIDEND,0.0,0.0,0.0,21.88
2801,45,22,2026-07-10,BUY,3368.0,114.75,758.91,-387236.91
2802,48,26,2026-07-10,BUY,43.0,3179.23,350.41,-137057.3
2803,48,31,2026-07-10,SELL,1.0,2637.35,4.99,2632.36
2804,48,53,2026-07-10,SELL,449.0,142.24,65.53,63800.23
2805,49,77,2026-07-10,BUY,160.0,607.39,284.74,-97467.14
2806,49,79,2026-07-10,DIVIDEND,0.0,0.0,0.0,402.16
2807,2,44,2026-07-13,BUY,2769.0,94.13,724.93,-261370.9
2808,3,60,2026-07-13,SELL,679.0,550.08,261.87,373242.45
2809,8,41,2026-07-13,SELL,120.0,3366.79,261.35,403753.45
2810,10,94,2026-07-13,DIVIDEND,0.0,0.0,0.0,1669.72
2811,15,30,2026-07-13,BUY,160.0,2279.1,635.52,-365291.52
2812,22,71,2026-07-13,BUY,302.0,1238.93,867.69,-375024.55
2813,26,39,2026-07-13,DIVIDEND,0.0,0.0,0.0,3431.91
2814,32,2,2026-07-13,BUY,500.0,794.79,941.04,-398336.04
2815,32,14,2026-07-13,BUY,267.0,752.46,549.22,-201456.04
2816,34,68,2026-07-13,BUY,3915.0,226.65,1793.59,-889128.34
2817,35,70,2026-07-13,BUY,474.0,851.5,969.01,-404580.01
2818,36,23,2026-07-13,SELL,124.0,1124.26,257.0,139151.24
2819,39,16,2026-07-13,BUY,949.0,575.53,1453.04,-547631.01
2820,39,21,2026-07-13,SELL,447.0,315.21,182.35,140716.52
2821,39,21,2026-07-13,SELL,72.0,315.21,63.96,22631.16
2822,39,98,2026-07-13,BUY,1409.0,391.82,495.28,-552569.66
2823,40,75,2026-07-13,DIVIDEND,0.0,0.0,0.0,3442.06
2824,43,56,2026-07-13,SELL,627.0,1733.54,1973.83,1084955.75
2825,43,78,2026-07-13,BUY,101.0,1808.67,193.74,-182869.41
2826,43,85,2026-07-13,BUY,285.0,718.14,323.76,-204993.66
2827,44,90,2026-07-13,DIVIDEND,0.0,0.0,0.0,2661.26
2828,46,14,2026-07-13,BUY,281.0,752.46,372.87,-211814.13
2829,48,18,2026-07-13,SELL,60.0,184.77,18.0,11068.2
2830,48,53,2026-07-13,SELL,178.0,143.13,49.45,25427.69
2831,49,69,2026-07-13,BUY,83.0,3330.28,826.28,-277239.52
2832,7,8,2026-07-14,BUY,269.0,651.11,208.65,-175357.24
2833,20,83,2026-07-14,BUY,1184.0,307.15,1090.54,-364756.14
2834,25,7,2026-07-14,SELL,1830.0,167.04,486.46,305196.74
2835,27,44,2026-07-14,BUY,5168.0,92.01,1143.44,-476651.12
2836,33,44,2026-07-14,DIVIDEND,0.0,0.0,0.0,897.78
2837,33,91,2026-07-14,DIVIDEND,0.0,0.0,0.0,1795.81
2838,35,75,2026-07-14,DIVIDEND,0.0,0.0,0.0,6130.35
2839,43,9,2026-07-14,SELL,1.0,1862.47,3.42,1859.05
2840,45,9,2026-07-14,SELL,2.0,1862.47,2.59,3722.35
2841,45,79,2026-07-14,DIVIDEND,0.0,0.0,0.0,3576.68
2842,47,19,2026-07-14,SELL,505.0,419.89,545.74,211498.71
2843,47,57,2026-07-14,BUY,667.0,367.88,364.04,-245740.0
2844,48,15,2026-07-14,BUY,244.0,693.53,438.62,-169659.94
2845,48,48,2026-07-14,SELL,1698.0,177.72,651.57,301116.99
2846,48,54,2026-07-14,SELL,2.0,89.29,0.24,178.34
2847,49,69,2026-07-14,SELL,165.0,3389.16,823.75,558387.65
2848,1,45,2026-07-15,SELL,313.0,446.52,365.3,139395.46
2849,4,50,2026-07-15,BUY,601.0,453.73,710.48,-273402.21
2850,18,39,2026-07-15,SELL,169.0,1943.64,726.78,327748.38
2851,18,99,2026-07-15,BUY,31.0,5344.17,363.35,-166032.62
2852,23,6,2026-07-15,DIVIDEND,0.0,0.0,0.0,2973.91
2853,24,62,2026-07-15,BUY,62.0,2068.19,289.38,-128517.16
2854,24,91,2026-07-15,SELL,207.0,655.2,101.67,135524.73
2855,28,16,2026-07-15,DIVIDEND,0.0,0.0,0.0,3817.53
2856,28,80,2026-07-15,SELL,536.0,932.01,1046.06,498511.3
2857,31,55,2026-07-15,DIVIDEND,0.0,0.0,0.0,1076.46
2858,31,90,2026-07-15,DIVIDEND,0.0,0.0,0.0,6084.81
2859,35,83,2026-07-15,SELL,1738.0,295.85,625.61,513561.69
2860,39,18,2026-07-15,BUY,2299.0,187.69,756.55,-432255.86
2861,42,36,2026-07-15,BUY,305.0,572.22,448.01,-174975.11
2862,42,86,2026-07-15,DIVIDEND,0.0,0.0,0.0,348.59
2863,43,99,2026-07-15,BUY,100.0,5344.17,308.78,-534725.78
2864,45,47,2026-07-15,SELL,772.0,936.83,1585.54,721647.22
2865,46,14,2026-07-15,DIVIDEND,0.0,0.0,0.0,1754.88
2866,48,16,2026-07-15,BUY,651.0,562.95,886.46,-367366.91
2867,48,26,2026-07-15,DIVIDEND,0.0,0.0,0.0,552.01
2868,2,36,2026-07-16,DIVIDEND,0.0,0.0,0.0,1845.03
2869,10,34,2026-07-16,DIVIDEND,0.0,0.0,0.0,871.85
2870,20,96,2026-07-16,DIVIDEND,0.0,0.0,0.0,2804.21
2871,21,4,2026-07-16,BUY,148.0,3542.48,356.13,-524643.17
2872,27,46,2026-07-16,BUY,1565.0,375.59,1345.55,-589143.9
2873,27,58,2026-07-16,BUY,1793.0,173.69,159.37,-311585.54
2874,29,97,2026-07-16,DIVIDEND,0.0,0.0,0.0,5570.91
2875,30,55,2026-07-16,BUY,331.0,944.32,393.71,-312963.63
2876,33,44,2026-07-16,BUY,3455.0,92.38,498.48,-319671.38
2877,38,11,2026-07-16,DIVIDEND,0.0,0.0,0.0,7132.16
2878,39,9,2026-07-16,SELL,124.0,1810.11,226.83,224226.81
2879,39,47,2026-07-16,BUY,563.0,953.11,1572.64,-538173.57
2880,40,59,2026-07-16,BUY,4605.0,136.9,1138.06,-631562.56
2881,43,81,2026-07-16,SELL,415.0,610.46,233.23,253107.67
2882,45,14,2026-07-16,SELL,798.0,711.97,1038.89,567113.17
2883,45,47,2026-07-16,BUY,459.0,953.11,1310.78,-438788.27
2884,45,79,2026-07-16,SELL,1169.0,459.4,407.09,536631.51
2885,46,28,2026-07-16,BUY,362.0,1280.46,918.45,-464444.97
2886,46,35,2026-07-16,BUY,583.0,192.6,228.71,-112514.51
2887,46,63,2026-07-16,DIVIDEND,0.0,0.0,0.0,1607.76
2888,47,82,2026-07-16,BUY,801.0,608.93,714.55,-488467.48
2889,48,48,2026-07-16,SELL,30.0,172.68,12.6,5167.8
2890,48,48,2026-07-16,SELL,3.0,172.68,1.38,516.66
2891,49,22,2026-07-16,BUY,1958.0,117.05,430.32,-229614.22
2892,49,62,2026-07-16,DIVIDEND,0.0,0.0,0.0,954.62
2893,8,46,2026-07-17,SELL,491.0,378.39,129.72,185659.77
2894,9,42,2026-07-17,SELL,21.0,3962.39,243.25,82966.94
2895,18,84,2026-07-17,BUY,2152.0,164.11,686.52,-353851.24
2896,28,67,2026-07-17,SELL,81.0,342.92,78.1,27698.42
2897,30,10,2026-07-17,BUY,1944.0,203.77,366.19,-396495.07
2898,32,14,2026-07-17,DIVIDEND,0.0,0.0,0.0,1921.26
2899,35,42,2026-07-17,DIVIDEND,0.0,0.0,0.0,7695.76
2900,37,63,2026-07-17,DIVIDEND,0.0,0.0,0.0,3365.53
2901,41,39,2026-07-17,DIVIDEND,0.0,0.0,0.0,391.41
2902,43,2,2026-07-17,BUY,508.0,795.98,1013.53,-405371.37
2903,45,80,2026-07-17,DIVIDEND,0.0,0.0,0.0,15.97
2904,46,13,2026-07-17,BUY,2184.0,175.25,790.41,-383536.41
2905,46,36,2026-07-17,BUY,623.0,570.14,832.74,-356029.96
2906,46,37,2026-07-17,SELL,31.0,2633.23,56.89,81573.24
2907,48,14,2026-07-17,BUY,477.0,708.96,522.11,-338696.03
2908,48,18,2026-07-17,DIVIDEND,0.0,0.0,0.0,30.75
2909,48,26,2026-07-17,SELL,24.0,2939.97,209.98,70349.3
2910,48,43,2026-07-17,BUY,174.0,407.59,68.54,-70989.2
2911,49,69,2026-07-17,BUY,37.0,3507.03,69.54,-129829.65
2912,50,88,2026-07-17,BUY,4523.0,229.52,2437.56,-1040556.52
2913,1,45,2026-07-20,DIVIDEND,0.0,0.0,0.0,1441.58
2914,2,13,2026-07-20,BUY,763.0,174.18,112.56,-133011.9
2915,3,16,2026-07-20,SELL,13.0,538.03,16.54,6977.85
2916,17,51,2026-07-20,BUY,43.0,1704.11,86.87,-73363.6
2917,17,73,2026-07-20,SELL,1798.0,638.01,2334.95,1144807.03
2918,20,71,2026-07-20,BUY,350.0,1250.97,1010.19,-438849.69
2919,24,67,2026-07-20,DIVIDEND,0.0,0.0,0.0,1634.75
2920,26,64,2026-07-20,DIVIDEND,0.0,0.0,0.0,9822.54
2921,30,17,2026-07-20,SELL,109.0,2831.79,815.78,307849.33
2922,34,59,2026-07-20,DIVIDEND,0.0,0.0,0.0,10378.28
2923,35,42,2026-07-20,BUY,48.0,3966.2,484.77,-190862.37
2924,39,47,2026-07-20,SELL,312.0,902.17,479.97,280997.07
2925,43,85,2026-07-20,BUY,248.0,753.6,400.95,-187293.75
2926,44,83,2026-07-20,SELL,221.0,308.06,109.63,67971.63
2927,45,79,2026-07-20,SELL,170.0,422.14,181.25,71582.55
2928,46,13,2026-07-20,DIVIDEND,0.0,0.0,0.0,1177.36
2929,46,17,2026-07-20,BUY,83.0,2831.79,157.46,-235196.03
2930,47,49,2026-07-20,DIVIDEND,0.0,0.0,0.0,1732.03
2931,47,93,2026-07-20,SELL,29.0,2442.22,120.33,70704.05
2932,48,14,2026-07-20,SELL,314.0,727.89,524.18,228033.28
2933,49,79,2026-07-20,BUY,948.0,422.14,914.29,-401103.01
2934,50,96,2026-07-20,BUY,5289.0,183.95,511.42,-973422.97
2935,3,22,2026-07-21,SELL,17934.0,117.07,2600.34,2096933.04
2936,8,46,2026-07-21,SELL,154.0,368.91,99.43,56712.71
2937,12,39,2026-07-21,SELL,83.0,1972.47,317.88,163397.13
2938,13,49,2026-07-21,DIVIDEND,0.0,0.0,0.0,7245.86
2939,16,87,2026-07-21,BUY,3396.0,166.31,883.13,-565671.89
2940,18,39,2026-07-21,DIVIDEND,0.0,0.0,0.0,5320.94
2941,19,66,2026-07-21,BUY,334.0,1282.4,450.01,-428771.61
2942,25,49,2026-07-21,DIVIDEND,0.0,0.0,0.0,6348.6
2943,30,78,2026-07-21,SELL,124.0,1675.19,517.81,207205.75
2944,35,65,2026-07-21,SELL,768.0,170.87,121.98,131106.18
2945,37,60,2026-07-21,BUY,890.0,539.77,527.74,-480923.04
2946,38,49,2026-07-21,BUY,623.0,1621.94,2065.17,-1012533.79
2947,41,55,2026-07-21,BUY,390.0,997.97,254.03,-389462.33
2948,45,14,2026-07-21,BUY,734.0,740.81,870.75,-544625.29
2949,47,82,2026-07-21,SELL,191.0,627.36,338.48,119487.28
2950,49,80,2026-07-21,BUY,225.0,997.53,136.63,-224580.88
2951,8,26,2026-07-22,SELL,77.0,2872.21,446.9,220713.27
2952,8,55,2026-07-22,BUY,158.0,981.59,280.62,-155371.84
2953,19,66,2026-07-22,DIVIDEND,0.0,0.0,0.0,6283.64
2954,20,32,2026-07-22,BUY,543.0,767.63,1111.36,-417934.45
2955,24,56,2026-07-22,SELL,399.0,1788.25,563.43,712948.32
2956,27,52,2026-07-22,BUY,548.0,887.85,1004.72,-487546.52
2957,27,82,2026-07-22,DIVIDEND,0.0,0.0,0.0,5859.83
2958,28,27,2026-07-22,SELL,247.0,1649.71,634.62,406843.75
2959,40,72,2026-07-22,BUY,599.0,1192.18,1473.85,-715589.67
2960,43,67,2026-07-22,BUY,431.0,347.2,148.33,-149791.53
2961,45,25,2026-07-22,SELL,20.0,2332.72,79.91,46574.49
2962,45,25,2026-07-22,SELL,15.0,2332.72,29.04,34961.76
2963,45,73,2026-07-22,DIVIDEND,0.0,0.0,0.0,3204.48
2964,48,43,2026-07-22,DIVIDEND,0.0,0.0,0.0,415.51
2965,48,53,2026-07-22,DIVIDEND,0.0,0.0,0.0,151.95
2966,48,60,2026-07-22,BUY,287.0,558.67,264.94,-160603.23
2967,49,22,2026-07-22,SELL,3929.0,118.26,1291.15,463352.39
2968,49,80,2026-07-22,SELL,186.0,1032.07,367.07,191597.95
2969,2,49,2026-07-23,SELL,316.0,1602.72,647.1,505812.42
2970,2,49,2026-07-23,DIVIDEND,0.0,0.0,0.0,6903.83
2971,7,89,2026-07-23,BUY,326.0,365.3,154.37,-119242.17
2972,8,56,2026-07-23,SELL,335.0,1802.14,1806.43,601910.47
2973,11,40,2026-07-23,DIVIDEND,0.0,0.0,0.0,1766.78
2974,15,25,2026-07-23,SELL,78.0,2360.46,539.03,183576.85
2975,17,80,2026-07-23,BUY,344.0,1000.52,965.83,-345144.71
2976,29,11,2026-07-23,BUY,127.0,2626.16,271.96,-333794.28
2977,29,95,2026-07-23,DIVIDEND,0.0,0.0,0.0,971.31
2978,35,93,2026-07-23,BUY,85.0,2432.44,224.89,-206982.29
2979,36,32,2026-07-23,DIVIDEND,0.0,0.0,0.0,615.27
2980,37,1,2026-07-23,SELL,434.0,367.7,227.97,159353.83
2981,40,68,2026-07-23,DIVIDEND,0.0,0.0,0.0,13433.59
2982,43,62,2026-07-23,BUY,278.0,1995.45,1402.27,-556137.37
2983,45,80,2026-07-23,BUY,403.0,1000.52,761.63,-403971.19
2984,46,17,2026-07-23,SELL,87.0,2845.12,287.45,247237.99
2985,46,95,2026-07-23,BUY,269.0,1387.41,768.48,-373981.77
2986,49,22,2026-07-23,BUY,2153.0,120.35,498.73,-259612.28
2987,49,79,2026-07-23,BUY,790.0,429.07,626.09,-339591.39
2988,49,89,2026-07-23,BUY,630.0,365.3,247.14,-230386.14
2989,3,8,2026-07-24,SELL,346.0,745.93,697.75,257394.03
2990,8,78,2026-07-24,BUY,303.0,1645.83,1485.0,-500171.49
2991,9,75,2026-07-24,SELL,282.0,698.23,300.36,196600.5
2992,10,96,2026-07-24,BUY,2192.0,185.39,1162.18,-407537.06
2993,24,56,2026-07-24,SELL,9.0,1844.17,19.1,16578.43
2994,24,91,2026-07-24,BUY,458.0,666.42,907.22,-306127.58
2995,26,35,2026-07-24,BUY,2980.0,187.42,866.55,-559378.15
2996,36,56,2026-07-24,SELL,49.0,1844.17,267.48,90096.85
2997,38,96,2026-07-24,SELL,813.0,185.39,106.57,150615.5
2998,39,99,2026-07-24,BUY,106.0,5439.25,610.96,-577171.46
2999,42,35,2026-07-24,BUY,2817.0,187.42,1516.2,-529478.34
3000,43,2,2026-07-24,BUY,405.0,794.72,942.39,-322803.99
3001,45,25,2026-07-24,SELL,9.0,2326.66,16.2,20923.74
3002,46,54,2026-07-24,SELL,974.0,100.6,280.02,97704.38
3003,46,63,2026-07-24,BUY,3666.0,112.4,887.16,-412945.56
3004,48,15,2026-07-24,BUY,583.0,686.53,514.7,-400761.69
3005,48,26,2026-07-24,SELL,13.0,2903.52,79.91,37665.85
3006,48,63,2026-07-24,BUY,1275.0,112.4,143.71,-143453.71
3007,49,22,2026-07-24,DIVIDEND,0.0,0.0,0.0,797.73
3008,49,69,2026-07-24,BUY,46.0,3664.31,308.1,-168866.36
3009,4,94,2026-07-27,BUY,463.0,1016.08,1270.62,-471715.66
3010,17,77,2026-07-27,BUY,187.0,585.61,325.64,-109834.71
3011,18,89,2026-07-27,BUY,667.0,345.21,184.5,-230439.57
3012,19,92,2026-07-27,DIVIDEND,0.0,0.0,0.0,9239.01
3013,25,7,2026-07-27,DIVIDEND,0.0,0.0,0.0,20475.97
3014,27,97,2026-07-27,DIVIDEND,0.0,0.0,0.0,5716.54
3015,28,48,2026-07-27,SELL,70.0,182.36,18.01,12747.19
3016,29,5,2026-07-27,BUY,541.0,1095.18,782.72,-593275.1
3017,30,55,2026-07-27,DIVIDEND,0.0,0.0,0.0,5466.06
3018,40,45,2026-07-27,DIVIDEND,0.0,0.0,0.0,11056.83
3019,40,59,2026-07-27,DIVIDEND,0.0,0.0,0.0,34393.09
3020,43,78,2026-07-27,SELL,325.0,1666.19,819.84,540691.91
3021,44,90,2026-07-27,SELL,197.0,630.94,328.6,123966.58
3022,45,53,2026-07-27,BUY,3704.0,144.1,318.01,-534064.41
3023,45,73,2026-07-27,SELL,530.0,673.84,842.5,356292.7
3024,45,73,2026-07-27,SELL,219.0,673.84,130.6,147440.36
3025,47,32,2026-07-27,BUY,661.0,748.94,393.71,-495443.05
3026,49,76,2026-07-27,BUY,146.0,1947.98,762.25,-285167.33
3027,49,76,2026-07-27,DIVIDEND,0.0,0.0,0.0,2754.11
3028,11,37,2026-07-28,BUY,142.0,2873.83,1010.83,-409094.69
3029,17,77,2026-07-28,SELL,536.0,608.56,388.23,325799.93
3030,20,65,2026-07-28,DIVIDEND,0.0,0.0,0.0,7051.05
3031,22,50,2026-07-28,BUY,2553.0,448.87,2827.32,-1148792.43
3032,23,30,2026-07-28,DIVIDEND,0.0,0.0,0.0,999.73
3033,28,15,2026-07-28,BUY,538.0,652.76,645.86,-351830.74
3034,43,9,2026-07-28,SELL,1.0,1606.53,1.45,1605.08
3035,43,85,2026-07-28,BUY,397.0,792.25,167.46,-314690.71
3036,43,85,2026-07-28,BUY,340.0,792.25,137.2,-269502.2
3037,45,9,2026-07-28,SELL,1.0,1606.53,1.05,1605.48
3038,45,14,2026-07-28,BUY,426.0,690.66,272.87,-294494.03
3039,45,79,2026-07-28,SELL,165.0,439.91,187.07,72398.08
3040,46,17,2026-07-28,DIVIDEND,0.0,0.0,0.0,376.52
3041,48,14,2026-07-28,DIVIDEND,0.0,0.0,0.0,310.07
3042,48,16,2026-07-28,BUY,645.0,556.34,1036.23,-359875.53
3043,3,8,2026-07-29,BUY,173.0,769.76,313.23,-133481.71
3044,9,7,2026-07-29,SELL,3746.0,173.55,1933.18,648185.12
3045,12,2,2026-07-29,SELL,226.0,778.93,107.38,175930.8
3046,12,12,2026-07-29,BUY,294.0,1707.22,648.38,-502571.06
3047,24,47,2026-07-29,SELL,87.0,1087.22,140.39,94447.75
3048,30,10,2026-07-29,BUY,2177.0,209.12,1023.55,-456277.79
3049,30,78,2026-07-29,BUY,228.0,1735.58,518.44,-396230.68
3050,38,96,2026-07-29,SELL,911.0,188.24,379.95,171106.69
3051,42,64,2026-07-29,DIVIDEND,0.0,0.0,0.0,6257.63
3052,49,62,2026-07-29,SELL,36.0,2125.81,172.11,76357.05
3053,49,63,2026-07-29,SELL,537.0,109.78,62.59,58889.27
3054,2,36,2026-07-30,BUY,673.0,549.94,913.27,-371022.89
3055,3,60,2026-07-30,SELL,134.0,546.1,214.87,72962.53
3056,8,56,2026-07-30,SELL,146.0,1848.39,505.69,269359.25
3057,13,5,2026-07-30,BUY,474.0,1107.79,647.6,-525740.06
3058,15,53,2026-07-30,BUY,4728.0,146.74,712.78,-694499.5
3059,16,69,2026-07-30,DIVIDEND,0.0,0.0,0.0,4957.4
3060,17,73,2026-07-30,DIVIDEND,0.0,0.0,0.0,3511.29
3061,32,89,2026-07-30,DIVIDEND,0.0,0.0,0.0,1236.82
3062,33,30,2026-07-30,DIVIDEND,0.0,0.0,0.0,967.42
3063,37,67,2026-07-30,DIVIDEND,0.0,0.0,0.0,1306.09
3064,40,40,2026-07-30,SELL,1861.0,453.31,581.87,843028.04
3065,43,2,2026-07-30,DIVIDEND,0.0,0.0,0.0,11338.27
3066,43,2,2026-07-30,SELL,751.0,778.45,477.01,584138.94
3067,43,6,2026-07-30,SELL,74.0,4096.88,344.07,302825.05
3068,43,6,2026-07-30,SELL,8.0,4096.88,47.01,32728.03
3069,43,23,2026-07-30,BUY,298.0,1223.48,325.02,-364922.06
3070,45,73,2026-07-30,SELL,208.0,647.71,373.41,134350.27
3071,48,60,2026-07-30,SELL,278.0,546.1,236.36,151579.44
3072,49,76,2026-07-30,SELL,215.0,1919.65,320.79,412403.96
3073,49,80,2026-07-30,BUY,107.0,998.94,74.76,-106961.34
3074,8,10,2026-07-31,BUY,1369.0,206.78,659.45,-283741.27
3075,9,70,2026-07-31,BUY,619.0,925.62,1122.55,-574081.33
3076,25,100,2026-07-31,DIVIDEND,0.0,0.0,0.0,16651.39
3077,31,18,2026-07-31,BUY,1741.0,181.39,901.93,-316701.92
3078,31,53,2026-07-31,DIVIDEND,0.0,0.0,0.0,4119.01
3079,33,47,2026-07-31,SELL,274.0,1113.4,779.59,304292.01
3080,40,72,2026-07-31,SELL,535.0,1158.24,1392.3,618266.1
3081,42,98,2026-07-31,DIVIDEND,0.0,0.0,0.0,799.46
3082,46,20,2026-07-31,DIVIDEND,0.0,0.0,0.0,130.17
3083,46,35,2026-07-31,SELL,309.0,198.77,116.79,61303.14
3084,46,95,2026-07-31,DIVIDEND,0.0,0.0,0.0,5360.35
3085,47,32,2026-07-31,SELL,233.0,766.25,274.22,178262.03
3086,3,73,2026-08-03,BUY,382.0,654.76,253.22,-250371.54
3087,18,89,2026-08-03,SELL,705.0,338.42,265.38,238320.72
3088,21,7,2026-08-03,SELL,3802.0,175.05,1547.7,663992.4
3089,21,20,2026-08-03,DIVIDEND,0.0,0.0,0.0,9547.54
3090,24,47,2026-08-03,DIVIDEND,0.0,0.0,0.0,95.35
3091,24,56,2026-08-03,SELL,1.0,1783.35,4.98,1778.37
3092,28,67,2026-08-03,BUY,1684.0,343.33,922.7,-579090.42
3093,28,77,2026-08-03,SELL,262.0,601.31,334.06,157209.16
3094,30,12,2026-08-03,BUY,212.0,1701.97,403.3,-361220.94
3095,32,84,2026-08-03,BUY,809.0,151.42,317.11,-122815.89
3096,33,41,2026-08-03,BUY,75.0,3565.49,422.68,-267834.43
3097,36,85,2026-08-03,DIVIDEND,0.0,0.0,0.0,2003.71
3098,41,24,2026-08-03,BUY,1091.0,321.73,945.9,-351953.33
3099,43,46,2026-08-03,SELL,1659.0,371.97,1272.69,615825.54
3100,45,9,2026-08-03,BUY,234.0,1509.27,834.47,-354003.65
3101,48,43,2026-08-03,BUY,357.0,417.45,261.08,-149290.73
3102,49,41,2026-08-03,SELL,85.0,3565.49,818.62,302248.03
3103,3,74,2026-08-04,BUY,73.0,2241.92,260.14,-163920.3
3104,4,94,2026-08-04,DIVIDEND,0.0,0.0,0.0,2335.78
3105,13,49,2026-08-04,BUY,249.0,1619.98,515.12,-403890.14
3106,15,52,2026-08-04,BUY,252.0,874.1,527.76,-220800.96
3107,24,26,2026-08-04,BUY,59.0,3007.32,349.64,-177781.52
3108,26,31,2026-08-04,DIVIDEND,0.0,0.0,0.0,3654.3
3109,28,70,2026-08-04,BUY,164.0,872.24,312.58,-143359.94
3110,28,98,2026-08-04,SELL,33.0,386.97,21.49,12748.52
3111,31,21,2026-08-04,SELL,313.0,326.62,272.94,101959.12
3112,32,51,2026-08-04,BUY,219.0,1908.08,1015.91,-418885.43
3113,33,46,2026-08-04,SELL,103.0,378.91,114.01,38913.72
3114,33,47,2026-08-04,SELL,233.0,1046.58,655.03,243198.11
3115,36,81,2026-08-04,DIVIDEND,0.0,0.0,0.0,1380.04
3116,39,47,2026-08-04,BUY,259.0,1046.58,573.83,-271638.05
3117,39,51,2026-08-04,SELL,123.0,1908.08,571.36,234122.48
3118,41,26,2026-08-04,BUY,95.0,3007.32,442.11,-286137.51
3119,41,48,2026-08-04,BUY,1643.0,177.78,872.53,-292965.07
3120,44,66,2026-08-04,DIVIDEND,0.0,0.0,0.0,7190.81
3121,44,83,2026-08-04,SELL,87.0,297.97,52.06,25871.33
3122,46,30,2026-08-04,BUY,144.0,2220.77,468.48,-320259.36
3123,46,95,2026-08-04,BUY,109.0,1363.34,85.33,-148689.39
3124,47,93,2026-08-04,DIVIDEND,0.0,0.0,0.0,877.69
3125,49,22,2026-08-04,SELL,1192.0,125.85,116.43,149896.77
3126,49,79,2026-08-04,SELL,1990.0,441.13,977.04,876871.66
3127,2,26,2026-08-05,SELL,3.0,3032.87,9.46,9089.15
3128,2,38,2026-08-05,SELL,274.0,167.18,90.29,45717.03
3129,8,52,2026-08-05,BUY,603.0,843.72,300.95,-509064.11
3130,20,40,2026-08-05,DIVIDEND,0.0,0.0,0.0,9616.26
3131,28,62,2026-08-05,BUY,39.0,2144.25,145.59,-83771.34
3132,29,38,2026-08-05,DIVIDEND,0.0,0.0,0.0,4180.22
3133,38,7,2026-08-05,BUY,5021.0,175.46,1085.4,-882070.06
3134,43,65,2026-08-05,SELL,1365.0,170.51,303.95,232442.2
3135,44,71,2026-08-05,BUY,166.0,1261.64,583.09,-210015.33
3136,46,13,2026-08-05,BUY,821.0,173.76,331.23,-142988.19
3137,47,39,2026-08-05,BUY,270.0,2062.32,666.59,-557492.99
3138,47,64,2026-08-05,SELL,139.0,1915.07,407.4,265787.33
3139,48,26,2026-08-05,BUY,68.0,3032.87,456.87,-206692.03
3140,48,60,2026-08-05,SELL,8.0,547.73,6.76,4375.08
3141,49,62,2026-08-05,SELL,14.0,2144.25,16.89,30002.61
3142,49,63,2026-08-05,SELL,239.0,107.31,34.0,25613.09
3143,49,76,2026-08-05,SELL,12.0,1852.52,23.82,22206.42
3144,3,78,2026-08-06,BUY,51.0,1818.8,209.75,-92968.55
3145,7,32,2026-08-06,BUY,395.0,758.9,868.53,-300634.03
3146,17,29,2026-08-06,BUY,37.0,3432.6,191.32,-127197.52
3147,27,97,2026-08-06,DIVIDEND,0.0,0.0,0.0,7319.96
3148,28,62,2026-08-06,BUY,284.0,2103.83,662.6,-598150.32
3149,30,17,2026-08-06,BUY,59.0,2847.39,361.87,-168357.88
3150,31,70,2026-08-06,DIVIDEND,0.0,0.0,0.0,1928.85
3151,35,39,2026-08-06,DIVIDEND,0.0,0.0,0.0,3629.87
3152,37,79,2026-08-06,SELL,258.0,427.65,170.28,110163.42
3153,39,16,2026-08-06,BUY,672.0,549.38,800.72,-369984.08
3154,41,23,2026-08-06,DIVIDEND,0.0,0.0,0.0,387.59
3155,45,80,2026-08-06,SELL,245.0,943.98,567.5,230707.6
3156,46,24,2026-08-06,BUY,1094.0,314.62,518.84,-344713.12
3157,47,71,2026-08-06,SELL,34.0,1257.03,38.39,42700.63
3158,48,43,2026-08-06,SELL,431.0,452.06,195.43,194642.43
3159,49,77,2026-08-06,BUY,592.0,595.67,775.49,-353412.13
3160,3,63,2026-08-07,DIVIDEND,0.0,0.0,0.0,714.63
3161,8,43,2026-08-07,DIVIDEND,0.0,0.0,0.0,7063.33
3162,12,38,2026-08-07,BUY,1075.0,167.85,454.11,-180892.86
3163,16,18,2026-08-07,SELL,451.0,180.97,129.23,81488.24
3164,28,65,2026-08-07,DIVIDEND,0.0,0.0,0.0,862.77
3165,30,78,2026-08-07,BUY,237.0,1804.8,409.17,-428146.77
3166,37,15,2026-08-07,BUY,463.0,640.75,758.56,-297425.81
3167,38,96,2026-08-07,DIVIDEND,0.0,0.0,0.0,840.13
3168,40,75,2026-08-07,DIVIDEND,0.0,0.0,0.0,5119.93
3169,42,43,2026-08-07,BUY,797.0,449.01,213.0,-358073.97
3170,43,23,2026-08-07,DIVIDEND,0.0,0.0,0.0,4029.83
3171,44,58,2026-08-07,DIVIDEND,0.0,0.0,0.0,3241.19
3172,45,14,2026-08-07,SELL,624.0,691.55,657.95,430869.25
3173,45,22,2026-08-07,BUY,2996.0,123.24,888.46,-370115.5
3174,45,79,2026-08-07,BUY,534.0,412.2,415.94,-220530.74
3175,48,26,2026-08-07,SELL,68.0,2964.12,274.66,201285.5
3176,49,41,2026-08-07,SELL,35.0,3606.41,66.19,126158.16
3177,3,60,2026-08-10,DIVIDEND,0.0,0.0,0.0,60.1
3178,8,28,2026-08-10,SELL,116.0,1210.42,193.05,140215.67
3179,27,58,2026-08-10,SELL,2177.0,178.71,465.49,388586.18
3180,28,16,2026-08-10,BUY,506.0,515.99,217.31,-261308.25
3181,33,37,2026-08-10,SELL,40.0,2961.75,270.37,118199.63
3182,35,76,2026-08-10,SELL,76.0,1932.26,397.81,146453.95
3183,36,86,2026-08-10,BUY,1992.0,176.49,981.83,-352549.91
3184,43,46,2026-08-10,SELL,467.0,372.03,392.58,173345.43
3185,43,62,2026-08-10,SELL,195.0,2174.84,259.77,423834.03
3186,45,47,2026-08-10,DIVIDEND,0.0,0.0,0.0,5923.67
3187,23,81,2026-08-11,BUY,780.0,649.24,1430.75,-507837.95
3188,28,27,2026-08-11,BUY,75.0,1659.42,181.33,-124637.83
3189,30,12,2026-08-11,DIVIDEND,0.0,0.0,0.0,10673.04
3190,30,98,2026-08-11,BUY,1277.0,380.23,892.62,-486446.33
3191,32,99,2026-08-11,BUY,49.0,5429.64,467.9,-266520.26
3192,37,14,2026-08-11,SELL,99.0,693.99,56.36,68648.65
3193,39,9,2026-08-11,SELL,42.0,1623.01,148.03,68018.39
3194,39,64,2026-08-11,SELL,133.0,1819.56,392.91,241608.57
3195,45,53,2026-08-11,BUY,2874.0,146.11,1254.94,-421175.08
3196,48,28,2026-08-11,BUY,286.0,1173.13,389.53,-335904.71
3197,48,53,2026-08-11,SELL,84.0,146.11,18.27,12254.97
3198,49,80,2026-08-11,SELL,126.0,929.99,256.97,116921.77
3199,50,5,2026-08-11,BUY,1001.0,1111.98,1729.15,-1114821.13
3200,6,33,2026-08-12,BUY,151.0,1236.02,540.27,-187179.29
3201,15,87,2026-08-12,BUY,3523.0,170.43,1796.7,-602221.59
3202,17,48,2026-08-12,SELL,1.0,170.48,0.1,170.38
3203,29,5,2026-08-12,BUY,756.0,1109.93,1818.61,-840925.69
3204,35,39,2026-08-12,DIVIDEND,0.0,0.0,0.0,6591.92
3205,36,56,2026-08-12,BUY,117.0,1868.02,228.91,-218787.25
3206,41,24,2026-08-12,BUY,616.0,299.85,458.04,-185165.64
3207,43,6,2026-08-12,BUY,127.0,4040.65,256.73,-513419.28
3208,45,80,2026-08-12,SELL,98.0,924.87,201.15,90436.11
3209,49,63,2026-08-12,SELL,53.0,113.57,13.33,6005.88
3210,49,79,2026-08-12,SELL,28.0,361.49,23.01,10098.71
3211,3,16,2026-08-13,SELL,5.0,541.75,3.66,2705.09
3212,15,65,2026-08-13,BUY,2773.0,178.8,949.75,-496762.15
3213,17,9,2026-08-13,BUY,117.0,1643.36,333.12,-192606.24
3214,20,46,2026-08-13,BUY,837.0,361.76,566.54,-303359.66
3215,26,90,2026-08-13,BUY,389.0,679.02,156.16,-264294.94
3216,30,78,2026-08-13,DIVIDEND,0.0,0.0,0.0,8992.22
3217,31,33,2026-08-13,BUY,320.0,1238.0,435.0,-396595.0
3218,34,71,2026-08-13,DIVIDEND,0.0,0.0,0.0,9113.21
3219,40,72,2026-08-13,DIVIDEND,0.0,0.0,0.0,8067.86
3220,40,75,2026-08-13,BUY,1105.0,687.03,1902.78,-761070.93
3221,44,58,2026-08-13,DIVIDEND,0.0,0.0,0.0,3508.95
3222,45,47,2026-08-13,BUY,206.0,1113.96,315.41,-229791.17
3223,47,52,2026-08-13,DIVIDEND,0.0,0.0,0.0,1771.57
3224,47,82,2026-08-13,DIVIDEND,0.0,0.0,0.0,2863.89
3225,48,14,2026-08-13,BUY,311.0,767.39,214.94,-238873.23
3226,48,16,2026-08-13,BUY,127.0,541.75,65.26,-68867.51
3227,48,18,2026-08-13,SELL,33.0,182.17,13.35,5998.26
3228,48,28,2026-08-13,BUY,258.0,1235.43,514.9,-319255.84
3229,48,60,2026-08-13,SELL,1.0,538.44,1.05,537.39
3230,48,91,2026-08-13,BUY,187.0,668.35,114.8,-125096.25
3231,49,77,2026-08-13,SELL,706.0,641.84,784.82,452354.22
3232,2,20,2026-08-14,SELL,460.0,642.09,239.89,295121.51
3233,2,38,2026-08-14,DIVIDEND,0.0,0.0,0.0,653.86
3234,8,56,2026-08-14,BUY,225.0,1901.92,1255.34,-429187.34
3235,9,96,2026-08-14,DIVIDEND,0.0,0.0,0.0,325.29
3236,19,49,2026-08-14,BUY,222.0,1582.59,331.55,-351666.53
3237,19,61,2026-08-14,BUY,1507.0,322.02,392.05,-485676.19
3238,22,34,2026-08-14,DIVIDEND,0.0,0.0,0.0,41742.23
3239,27,97,2026-08-14,BUY,498.0,733.22,435.67,-365579.23
3240,28,48,2026-08-14,SELL,83.0,171.01,32.25,14161.58
3241,35,83,2026-08-14,BUY,990.0,280.36,708.51,-278264.91
3242,35,93,2026-08-14,SELL,18.0,2547.41,76.54,45776.84
3243,36,77,2026-08-14,SELL,174.0,661.12,70.09,114964.79
3244,38,50,2026-08-14,BUY,2436.0,451.39,2576.62,-1102162.66
3245,39,79,2026-08-14,DIVIDEND,0.0,0.0,0.0,5259.95
3246,40,59,2026-08-14,SELL,8518.0,138.3,3331.43,1174707.97
3247,46,11,2026-08-14,BUY,61.0,2652.9,472.15,-162299.05
3248,46,17,2026-08-14,DIVIDEND,0.0,0.0,0.0,1785.25
3249,46,37,2026-08-14,SELL,16.0,2976.44,49.97,47573.07
3250,48,15,2026-08-14,BUY,282.0,674.28,383.4,-190530.36
3251,48,26,2026-08-14,BUY,86.0,2908.62,339.4,-250480.72
3252,48,63,2026-08-14,BUY,3863.0,115.89,658.29,-448341.36
3253,48,91,2026-08-14,DIVIDEND,0.0,0.0,0.0,358.72
3254,8,43,2026-08-17,BUY,780.0,462.53,220.61,-360994.01
3255,9,66,2026-08-17,BUY,426.0,1323.38,608.56,-564368.44
3256,16,38,2026-08-17,DIVIDEND,0.0,0.0,0.0,4261.1
3257,17,81,2026-08-17,SELL,374.0,687.88,385.24,256881.88
3258,18,23,2026-08-17,BUY,126.0,1302.02,160.4,-164214.92
3259,18,85,2026-08-17,SELL,12.0,727.65,9.29,8722.51
3260,22,71,2026-08-17,SELL,189.0,1224.53,621.06,230815.11
3261,25,100,2026-08-17,DIVIDEND,0.0,0.0,0.0,25491.02
3262,29,5,2026-08-17,DIVIDEND,0.0,0.0,0.0,13903.69
3263,32,41,2026-08-17,DIVIDEND,0.0,0.0,0.0,8645.11
3264,32,80,2026-08-17,BUY,336.0,873.17,682.23,-294067.35
3265,35,90,2026-08-17,SELL,726.0,672.53,864.65,487392.13
3266,37,12,2026-08-17,DIVIDEND,0.0,0.0,0.0,602.55
3267,37,15,2026-08-17,SELL,431.0,671.61,226.19,289237.72
3268,41,26,2026-08-17,BUY,75.0,2960.91,409.56,-222477.81
3269,43,78,2026-08-17,DIVIDEND,0.0,0.0,0.0,1441.03
3270,45,80,2026-08-17,SELL,36.0,873.17,23.76,31410.36
3271,47,71,2026-08-17,SELL,73.0,1224.53,210.49,89180.2
3272,47,71,2026-08-17,SELL,19.0,1224.53,17.12,23248.95
3273,48,16,2026-08-17,BUY,488.0,518.72,666.17,-253801.53
3274,48,18,2026-08-17,BUY,663.0,184.58,292.37,-122668.91
3275,49,77,2026-08-17,SELL,26.0,679.13,20.69,17636.69
3276,49,79,2026-08-17,BUY,308.0,353.09,265.47,-109017.19
3277,1,24,2026-08-18,DIVIDEND,0.0,0.0,0.0,667.45
3278,2,10,2026-08-18,BUY,539.0,200.76,157.02,-108366.66
3279,17,99,2026-08-18,BUY,18.0,5000.26,87.34,-90092.02
3280,18,85,2026-08-18,SELL,10.0,712.03,11.93,7108.37
3281,19,57,2026-08-18,BUY,1226.0,380.71,961.23,-467711.69
3282,27,44,2026-08-18,DIVIDEND,0.0,0.0,0.0,6771.12
3283,37,10,2026-08-18,DIVIDEND,0.0,0.0,0.0,3709.78
3284,40,40,2026-08-18,BUY,1466.0,461.07,785.68,-676714.3
3285,42,27,2026-08-18,DIVIDEND,0.0,0.0,0.0,2048.13
3286,45,53,2026-08-18,BUY,2019.0,141.21,813.49,-285916.48
3287,46,30,2026-08-18,BUY,90.0,1974.96,192.34,-177938.74
3288,46,36,2026-08-18,DIVIDEND,0.0,0.0,0.0,5258.54
3289,47,71,2026-08-18,SELL,19.0,1233.54,31.08,23406.18
3290,48,54,2026-08-18,BUY,914.0,111.93,191.62,-102495.64
3291,49,79,2026-08-18,DIVIDEND,0.0,0.0,0.0,857.28
3292,49,79,2026-08-18,SELL,316.0,361.32,263.28,113913.84
3293,49,79,2026-08-18,SELL,8.0,361.32,8.07,2882.49
3294,50,61,2026-08-18,BUY,2251.0,323.98,1923.93,-731202.91
3295,1,2,2026-08-19,DIVIDEND,0.0,0.0,0.0,725.29
3296,4,85,2026-08-19,BUY,356.0,729.81,160.05,-259972.41
3297,8,56,2026-08-19,BUY,320.0,1825.7,445.02,-584669.02
3298,16,36,2026-08-19,DIVIDEND,0.0,0.0,0.0,1509.91
3299,23,12,2026-08-19,BUY,297.0,1773.71,1302.52,-528094.39
3300,27,97,2026-08-19,BUY,387.0,730.58,717.68,-283452.14
3301,28,27,2026-08-19,SELL,224.0,1699.81,698.35,380059.09
3302,35,39,2026-08-19,BUY,138.0,1923.05,275.61,-265656.51
3303,35,83,2026-08-19,DIVIDEND,0.0,0.0,0.0,7140.76
3304,37,5,2026-08-19,BUY,131.0,1115.3,222.38,-146326.68
3305,37,14,2026-08-19,BUY,155.0,753.37,80.89,-116853.24
3306,41,9,2026-08-19,SELL,34.0,1649.71,92.97,55997.17
3307,41,24,2026-08-19,SELL,866.0,303.82,325.85,262782.27
3308,43,1,2026-08-19,SELL,125.0,378.93,95.28,47270.97
3309,45,9,2026-08-19,BUY,312.0,1649.71,690.82,-515400.34
3310,45,51,2026-08-19,BUY,330.0,1726.34,896.05,-570588.25
3311,47,33,2026-08-19,BUY,182.0,1254.43,452.07,-228758.33
3312,47,46,2026-08-19,BUY,1145.0,360.97,364.43,-413675.08
3313,49,22,2026-08-19,BUY,1845.0,122.09,463.42,-225719.47
3314,49,89,2026-08-19,BUY,1327.0,316.7,515.54,-420776.44
3315,4,47,2026-08-20,SELL,31.0,1022.59,30.33,31669.96
3316,13,72,2026-08-20,BUY,631.0,1219.93,1829.57,-771605.4
3317,20,83,2026-08-20,BUY,2048.0,267.43,1633.41,-549330.05
3318,27,42,2026-08-20,BUY,110.0,3745.23,654.09,-412629.39
3319,30,83,2026-08-20,SELL,2323.0,267.43,1670.69,619569.2
3320,30,93,2026-08-20,BUY,85.0,2580.8,493.24,-219861.24
3321,43,8,2026-08-20,SELL,472.0,707.32,987.82,332867.22
3322,45,14,2026-08-20,BUY,372.0,756.71,305.35,-281801.47
3323,46,25,2026-08-20,BUY,84.0,2349.63,473.9,-197842.82
3324,46,54,2026-08-20,BUY,2051.0,114.26,669.51,-235016.77
3325,48,16,2026-08-20,SELL,1858.0,493.8,815.56,916664.84
3326,48,18,2026-08-20,SELL,539.0,189.3,305.79,101726.91
3327,48,53,2026-08-20,BUY,614.0,139.78,189.46,-86014.38
3328,50,5,2026-08-20,DIVIDEND,0.0,0.0,0.0,6531.49
3329,50,92,2026-08-20,BUY,2922.0,175.63,916.8,-514107.66
3330,4,47,2026-08-21,DIVIDEND,0.0,0.0,0.0,252.34
3331,6,33,2026-08-21,DIVIDEND,0.0,0.0,0.0,1821.84
3332,7,36,2026-08-21,SELL,244.0,588.18,383.37,143132.55
3333,8,56,2026-08-21,DIVIDEND,0.0,0.0,0.0,12912.14
3334,9,68,2026-08-21,SELL,3243.0,228.17,1009.99,738945.32
3335,20,32,2026-08-21,SELL,942.0,776.07,1955.75,729102.19
3336,29,11,2026-08-21,BUY,321.0,2610.69,2198.66,-840230.15
3337,37,47,2026-08-21,BUY,467.0,980.1,913.47,-458620.17
3338,37,89,2026-08-21,DIVIDEND,0.0,0.0,0.0,1426.8
3339,38,49,2026-08-21,SELL,231.0,1575.44,644.32,363282.32
3340,42,87,2026-08-21,DIVIDEND,0.0,0.0,0.0,1753.27
3341,43,2,2026-08-21,DIVIDEND,0.0,0.0,0.0,3774.44
3342,43,60,2026-08-21,BUY,207.0,508.08,293.42,-105465.98
3343,43,81,2026-08-21,SELL,45.0,683.8,28.63,30742.37
3344,44,44,2026-08-21,BUY,2421.0,105.07,314.67,-254689.14
3345,45,53,2026-08-21,SELL,16447.0,139.36,2119.08,2289934.84
3346,45,79,2026-08-21,BUY,345.0,344.75,234.91,-119173.66
3347,48,18,2026-08-21,BUY,947.0,190.25,144.87,-180311.62
3348,48,26,2026-08-21,SELL,90.0,2933.31,674.69,263323.21
3349,49,41,2026-08-21,DIVIDEND,0.0,0.0,0.0,90.9
3350,50,100,2026-08-21,SELL,34.0,4448.06,406.19,150827.85
3351,3,16,2026-08-24,DIVIDEND,0.0,0.0,0.0,1.17
3352,3,37,2026-08-24,BUY,92.0,3022.27,272.3,-278321.14
3353,13,66,2026-08-24,DIVIDEND,0.0,0.0,0.0,4874.68
3354,17,26,2026-08-24,BUY,84.0,2948.41,204.03,-247870.47
3355,17,73,2026-08-24,BUY,304.0,652.2,472.75,-198741.55
3356,20,42,2026-08-24,BUY,66.0,3683.87,328.08,-243463.5
3357,23,10,2026-08-24,DIVIDEND,0.0,0.0,0.0,1620.86
3358,27,52,2026-08-24,SELL,272.0,970.95,386.46,263711.94
3359,27,58,2026-08-24,BUY,2229.0,185.78,722.59,-414826.21
3360,28,29,2026-08-24,BUY,131.0,2972.18,968.54,-390324.12
3361,28,65,2026-08-24,BUY,1964.0,183.9,313.93,-361493.53
3362,33,23,2026-08-24,SELL,105.0,1223.29,332.76,128112.69
3363,33,23,2026-08-24,SELL,103.0,1223.29,345.45,125653.42
3364,40,72,2026-08-24,SELL,329.0,1200.97,565.37,394553.76
3365,41,91,2026-08-24,DIVIDEND,0.0,0.0,0.0,1185.1
3366,43,6,2026-08-24,SELL,87.0,4486.95,942.38,389422.27
3367,43,85,2026-08-24,SELL,1024.0,707.55,1269.54,723261.66
3368,45,80,2026-08-24,BUY,271.0,938.49,696.95,-255027.74
3369,46,14,2026-08-24,SELL,140.0,749.53,294.55,104639.65
3370,49,41,2026-08-24,BUY,75.0,4371.95,584.21,-328480.46
3371,49,63,2026-08-24,BUY,2980.0,121.37,1020.09,-362702.69
3372,5,3,2026-08-25,BUY,90.0,2227.87,537.09,-201045.39
3373,8,67,2026-08-25,BUY,899.0,337.24,754.01,-303932.77
3374,17,54,2026-08-25,BUY,2485.0,115.3,570.29,-287090.79
3375,26,17,2026-08-25,BUY,128.0,3170.61,1128.59,-406966.67
3376,34,59,2026-08-25,DIVIDEND,0.0,0.0,0.0,4085.46
3377,34,71,2026-08-25,DIVIDEND,0.0,0.0,0.0,9188.4
3378,35,70,2026-08-25,BUY,568.0,868.81,581.0,-494065.08
3379,35,83,2026-08-25,BUY,2275.0,255.0,506.57,-580631.57
3380,41,36,2026-08-25,SELL,43.0,586.17,14.39,25190.92
3381,43,8,2026-08-25,BUY,684.0,682.32,1082.59,-467789.47
3382,43,99,2026-08-25,SELL,88.0,4801.63,799.76,421743.68
3383,43,99,2026-08-25,SELL,17.0,4801.63,94.09,81533.62
3384,46,11,2026-08-25,SELL,47.0,2607.34,164.67,122380.31
3385,48,54,2026-08-25,SELL,673.0,115.3,58.9,77538.0
3386,49,63,2026-08-25,SELL,1798.0,118.71,222.72,213217.86
3387,2,14,2026-08-26,SELL,717.0,766.6,1527.73,548124.47
3388,2,26,2026-08-26,BUY,125.0,3180.04,788.81,-398293.81
3389,3,60,2026-08-26,BUY,646.0,533.72,892.25,-345675.37
3390,18,97,2026-08-26,BUY,168.0,726.41,144.45,-122181.33
3391,18,97,2026-08-26,DIVIDEND,0.0,0.0,0.0,5205.2
3392,24,48,2026-08-26,BUY,1019.0,178.61,535.57,-182539.16
3393,27,76,2026-08-26,SELL,99.0,2039.83,436.97,201506.2
3394,35,50,2026-08-26,DIVIDEND,0.0,0.0,0.0,1450.74
3395,35,93,2026-08-26,DIVIDEND,0.0,0.0,0.0,1861.66
3396,39,51,2026-08-26,DIVIDEND,0.0,0.0,0.0,2935.91
3397,39,79,2026-08-26,BUY,1012.0,336.63,856.47,-341526.03
3398,39,80,2026-08-26,SELL,20.0,922.65,51.95,18401.05
3399,40,45,2026-08-26,DIVIDEND,0.0,0.0,0.0,9466.24
3400,43,1,2026-08-26,BUY,445.0,376.59,194.86,-167777.41
3401,43,23,2026-08-26,SELL,266.0,1153.4,255.22,306549.18
3402,45,47,2026-08-26,BUY,538.0,1002.21,1000.13,-540189.11
3403,47,57,2026-08-26,BUY,624.0,393.67,581.1,-246231.18
3404,47,64,2026-08-26,BUY,290.0,1826.32,1277.27,-530910.07
3405,49,79,2026-08-26,BUY,943.0,336.63,786.97,-318229.06
3406,2,38,2026-08-27,DIVIDEND,0.0,0.0,0.0,239.84
3407,13,61,2026-08-27,DIVIDEND,0.0,0.0,0.0,11985.24
3408,17,47,2026-08-27,SELL,269.0,996.06,505.44,267434.7
3409,24,14,2026-08-27,SELL,139.0,764.5,100.79,106164.71
3410,24,26,2026-08-27,BUY,28.0,3082.27,168.24,-86471.8
3411,28,62,2026-08-27,BUY,226.0,2222.98,755.01,-503148.49
3412,30,78,2026-08-27,BUY,280.0,1724.93,986.89,-483967.29
3413,31,33,2026-08-27,DIVIDEND,0.0,0.0,0.0,4249.64
3414,36,91,2026-08-27,DIVIDEND,0.0,0.0,0.0,1002.54
3415,41,9,2026-08-27,DIVIDEND,0.0,0.0,0.0,1585.08
3416,41,48,2026-08-27,BUY,1598.0,180.97,210.38,-289400.44
3417,43,9,2026-08-27,BUY,117.0,1720.05,105.93,-201351.78
3418,43,85,2026-08-27,BUY,386.0,697.94,676.69,-270081.53
3419,45,79,2026-08-27,BUY,470.0,342.31,226.28,-161111.98
3420,48,26,2026-08-27,BUY,20.0,3082.27,39.81,-61685.21
3421,48,53,2026-08-27,SELL,373.0,138.25,127.63,51439.62
3422,49,77,2026-08-27,SELL,15.0,675.26,19.77,10109.13
3423,50,5,2026-08-27,DIVIDEND,0.0,0.0,0.0,2706.02
3424,50,100,2026-08-27,SELL,32.0,4402.67,128.99,140756.45
3425,2,51,2026-08-28,BUY,227.0,1773.41,439.92,-403003.99
3426,3,62,2026-08-28,BUY,117.0,2247.5,584.26,-263541.76
3427,3,78,2026-08-28,SELL,111.0,1693.53,512.47,187469.36
3428,4,75,2026-08-28,BUY,455.0,701.1,303.47,-319303.97
3429,9,70,2026-08-28,BUY,383.0,884.81,286.96,-339169.19
3430,9,76,2026-08-28,DIVIDEND,0.0,0.0,0.0,1321.29
3431,11,86,2026-08-28,DIVIDEND,0.0,0.0,0.0,5085.63
3432,12,38,2026-08-28,DIVIDEND,0.0,0.0,0.0,5961.45
3433,20,65,2026-08-28,DIVIDEND,0.0,0.0,0.0,4975.93
3434,29,19,2026-08-28,BUY,1583.0,410.86,1498.93,-651890.31
3435,31,27,2026-08-28,BUY,87.0,1758.16,224.95,-153184.87
3436,39,79,2026-08-28,BUY,1639.0,339.44,1546.73,-557888.89
3437,41,9,2026-08-28,BUY,120.0,1668.39,436.05,-200642.85
3438,43,1,2026-08-28,BUY,1322.0,375.38,808.96,-497061.32
3439,43,81,2026-08-28,BUY,153.0,677.28,177.42,-103801.26
3440,44,12,2026-08-28,BUY,227.0,1642.7,414.48,-373307.38
3441,45,9,2026-08-28,SELL,307.0,1668.39,1502.22,510693.51
3442,45,14,2026-08-28,BUY,500.0,749.47,952.1,-375687.1
3443,45,53,2026-08-28,SELL,307.0,141.64,94.12,43389.36
3444,45,79,2026-08-28,SELL,946.0,339.44,867.57,320242.67
3445,46,38,2026-08-28,BUY,1674.0,173.16,430.45,-290300.29
3446,3,37,2026-08-31,BUY,45.0,3016.38,239.85,-135976.95
3447,4,87,2026-08-31,DIVIDEND,0.0,0.0,0.0,520.16
3448,4,91,2026-08-31,SELL,112.0,622.34,120.02,69582.06
3449,15,83,2026-08-31,DIVIDEND,0.0,0.0,0.0,6312.89
3450,17,80,2026-08-31,SELL,382.0,955.16,399.69,364471.43
3451,21,59,2026-08-31,BUY,5437.0,139.64,1324.63,-760547.31
3452,28,98,2026-08-31,BUY,1025.0,388.54,1060.4,-399313.9
3453,33,20,2026-08-31,BUY,162.0,668.95,316.74,-108686.64
3454,38,38,2026-08-31,BUY,5671.0,172.17,2315.17,-978691.24
3455,38,97,2026-08-31,BUY,771.0,724.91,1385.7,-560291.31
3456,39,15,2026-08-31,SELL,196.0,696.61,409.43,136126.13
3457,39,48,2026-08-31,BUY,1308.0,196.49,377.43,-257386.35
3458,39,80,2026-08-31,SELL,13.0,955.16,11.53,12405.55
3459,43,8,2026-08-31,BUY,683.0,689.9,1138.02,-472339.72
3460,43,99,2026-08-31,BUY,85.0,5162.8,933.37,-439771.37
3461,45,14,2026-08-31,SELL,851.0,745.26,789.8,633426.46
3462,45,51,2026-08-31,BUY,266.0,1809.18,757.54,-481999.42
3463,46,63,2026-08-31,DIVIDEND,0.0,0.0,0.0,10309.5
3464,47,93,2026-08-31,BUY,220.0,2554.76,704.32,-562751.52
3465,48,18,2026-08-31,BUY,1705.0,187.97,694.05,-321182.9
3466,48,26,2026-08-31,BUY,40.0,2975.22,72.9,-119081.7
3467,49,22,2026-08-31,BUY,1368.0,123.8,403.19,-169761.59
3468,49,77,2026-08-31,BUY,163.0,688.09,245.73,-112404.4
3469,49,77,2026-08-31,SELL,141.0,688.09,243.62,96777.07
3470,7,23,2026-09-01,BUY,149.0,1167.45,259.54,-174209.59
3471,7,84,2026-09-01,SELL,517.0,145.15,86.67,74955.88
3472,11,31,2026-09-01,BUY,192.0,2677.15,1012.93,-515025.73
3473,17,85,2026-09-01,BUY,449.0,659.4,453.27,-296523.87
3474,27,92,2026-09-01,SELL,545.0,179.11,289.39,97325.56
3475,28,84,2026-09-01,BUY,3224.0,145.15,272.77,-468236.37
3476,36,8,2026-09-01,DIVIDEND,0.0,0.0,0.0,1105.36
3477,36,23,2026-09-01,BUY,314.0,1167.45,189.08,-366768.38
3478,41,29,2026-09-01,BUY,118.0,3070.4,691.64,-362998.84
3479,43,8,2026-09-01,SELL,964.0,691.79,1034.02,665851.54
3480,46,28,2026-09-01,DIVIDEND,0.0,0.0,0.0,1929.26
3481,47,39,2026-09-01,BUY,155.0,1856.23,356.14,-288071.79
3482,49,22,2026-09-01,SELL,2362.0,122.81,653.15,289424.07
3483,49,62,2026-09-01,SELL,13.0,2236.15,49.14,29020.81
3484,3,22,2026-09-02,DIVIDEND,0.0,0.0,0.0,169.45
3485,15,53,2026-09-02,BUY,1417.0,137.06,135.56,-194349.58
3486,17,80,2026-09-02,SELL,185.0,982.5,521.49,181241.01
3487,18,28,2026-09-02,DIVIDEND,0.0,0.0,0.0,3028.11
3488,24,56,2026-09-02,SELL,1.0,1792.31,2.79,1789.52
3489,28,67,2026-09-02,SELL,1505.0,327.52,442.51,492475.09
3490,28,80,2026-09-02,SELL,183.0,982.5,353.32,179444.18
3491,34,92,2026-09-02,DIVIDEND,0.0,0.0,0.0,20939.13
3492,38,7,2026-09-02,BUY,2198.0,178.2,341.92,-392025.52
3493,39,16,2026-09-02,SELL,2125.0,552.6,1405.07,1172869.93
3494,39,80,2026-09-02,BUY,326.0,982.5,796.07,-321091.07
3495,39,98,2026-09-02,SELL,873.0,383.02,497.97,333878.49
3496,41,39,2026-09-02,DIVIDEND,0.0,0.0,0.0,1240.01
3497,42,37,2026-09-02,DIVIDEND,0.0,0.0,0.0,1675.46
3498,43,9,2026-09-02,BUY,206.0,1641.13,401.51,-338474.29
3499,46,14,2026-09-02,SELL,74.0,778.93,158.53,57482.29
3500,48,91,2026-09-02,BUY,226.0,622.11,88.12,-140684.98
3501,49,79,2026-09-02,SELL,520.0,357.75,343.16,185686.84
3502,49,80,2026-09-02,BUY,157.0,982.5,265.92,-154518.42
3503,3,37,2026-09-03,BUY,122.0,2987.6,293.81,-364781.01
3504,9,20,2026-09-03,BUY,389.0,663.99,631.18,-258923.29
3505,12,10,2026-09-03,DIVIDEND,0.0,0.0,0.0,16081.78
3506,13,5,2026-09-03,BUY,233.0,1074.13,370.53,-250642.82
3507,13,49,2026-09-03,BUY,268.0,1614.99,1170.33,-433987.65
3508,14,46,2026-09-03,BUY,368.0,362.62,113.42,-133557.58
3509,17,48,2026-09-03,BUY,1996.0,195.76,218.35,-390955.31
3510,18,21,2026-09-03,BUY,417.0,301.41,207.15,-125895.12
3511,18,97,2026-09-03,DIVIDEND,0.0,0.0,0.0,4017.95
3512,19,92,2026-09-03,BUY,2465.0,180.52,270.93,-445252.73
3513,21,38,2026-09-03,DIVIDEND,0.0,0.0,0.0,9370.4
3514,24,62,2026-09-03,SELL,93.0,2305.28,129.4,214261.64
3515,28,62,2026-09-03,SELL,562.0,2305.28,2908.48,1292658.88
3516,37,67,2026-09-03,BUY,944.0,327.25,862.73,-309786.73
3517,38,38,2026-09-03,SELL,5621.0,173.0,2138.15,970294.85
3518,39,18,2026-09-03,SELL,2403.0,185.8,758.34,445719.06
3519,41,22,2026-09-03,SELL,1384.0,120.57,326.98,166541.9
3520,41,28,2026-09-03,BUY,320.0,1351.93,871.49,-433489.09
3521,42,27,2026-09-03,DIVIDEND,0.0,0.0,0.0,1055.19
3522,43,8,2026-09-03,SELL,764.0,691.6,318.54,528063.86
3523,45,51,2026-09-03,BUY,101.0,1768.1,289.04,-178867.14
3524,47,58,2026-09-03,BUY,1276.0,185.51,693.78,-237404.54
3525,48,43,2026-09-03,SELL,79.0,444.96,43.13,35108.71
3526,48,53,2026-09-03,SELL,209.0,138.81,55.5,28955.79
3527,48,63,2026-09-03,SELL,4094.0,107.46,580.16,439361.08
3528,49,69,2026-09-03,SELL,63.0,3908.62,223.85,246019.21
3529,49,80,2026-09-03,BUY,397.0,972.79,806.65,-387004.28
3530,5,3,2026-09-04,SELL,37.0,2203.94,169.67,81376.11
3531,15,11,2026-09-04,BUY,78.0,2604.83,344.85,-203521.59
3532,17,63,2026-09-04,SELL,1713.0,113.29,532.47,193533.3
3533,24,26,2026-09-04,BUY,114.0,2678.24,474.8,-305794.16
3534,24,26,2026-09-04,BUY,161.0,2678.24,593.98,-431790.62
3535,24,67,2026-09-04,SELL,267.0,316.26,176.13,84265.29
3536,24,67,2026-09-04,SELL,130.0,316.26,46.35,41067.45
3537,28,80,2026-09-04,SELL,213.0,974.34,566.41,206968.01
3538,32,80,2026-09-04,SELL,238.0,974.34,239.15,231653.77
3539,35,93,2026-09-04,DIVIDEND,0.0,0.0,0.0,1613.16
3540,36,22,2026-09-04,BUY,3656.0,119.3,1067.43,-437228.23
3541,41,94,2026-09-04,SELL,115.0,1111.02,195.26,127572.04
3542,43,8,2026-09-04,BUY,557.0,713.17,1017.28,-398252.97
3543,45,51,2026-09-04,SELL,600.0,1753.0,2748.46,1049051.54
3544,46,30,2026-09-04,BUY,100.0,2056.63,606.34,-206269.34
3545,46,38,2026-09-04,BUY,2675.0,172.58,321.19,-461972.69
3546,2,51,2026-09-07,BUY,189.0,1706.37,200.26,-322704.19
3547,5,17,2026-09-07,BUY,158.0,2889.4,717.32,-457242.52
3548,8,51,2026-09-07,SELL,4.0,1706.37,12.92,6812.56
3549,17,81,2026-09-07,DIVIDEND,0.0,0.0,0.0,1414.01
3550,18,84,2026-09-07,DIVIDEND,0.0,0.0,0.0,1324.44
3551,19,58,2026-09-07,SELL,1615.0,186.03,797.04,299641.41
3552,29,97,2026-09-07,DIVIDEND,0.0,0.0,0.0,4864.51
3553,32,85,2026-09-07,BUY,648.0,626.32,807.34,-406662.7
3554,39,51,2026-09-07,SELL,116.0,1706.37,193.87,197745.05
3555,41,94,2026-09-07,SELL,53.0,1100.28,88.34,58226.5
3556,43,85,2026-09-07,SELL,646.0,626.32,640.62,403962.1
3557,44,44,2026-09-07,BUY,5678.0,102.85,1416.82,-585399.12
3558,45,9,2026-09-07,BUY,254.0,1700.97,973.23,-433019.61
3559,45,79,2026-09-07,SELL,349.0,370.89,134.52,129306.09
3560,47,42,2026-09-07,BUY,171.0,3671.8,1632.7,-629510.5
3561,48,54,2026-09-07,SELL,180.0,109.08,51.61,19582.79
3562,48,91,2026-09-07,SELL,340.0,630.17,563.3,213694.5
3563,49,51,2026-09-07,BUY,209.0,1706.37,973.65,-357604.98
3564,50,87,2026-09-07,BUY,5326.0,166.35,1160.63,-887140.73
3565,2,36,2026-09-08,BUY,380.0,593.74,271.33,-225892.53
3566,3,16,2026-09-08,SELL,1.0,534.72,1.4,533.32
3567,4,94,2026-09-08,SELL,299.0,1105.41,766.81,329750.78
3568,8,14,2026-09-08,SELL,438.0,720.49,388.07,315186.55
3569,12,6,2026-09-08,DIVIDEND,0.0,0.0,0.0,2047.82
3570,20,65,2026-09-08,BUY,3121.0,188.77,1645.33,-590796.5
3571,20,88,2026-09-08,BUY,1829.0,248.66,903.23,-455702.37
3572,23,30,2026-09-08,DIVIDEND,0.0,0.0,0.0,530.24
3573,24,48,2026-09-08,SELL,1156.0,195.25,115.48,225593.52
3574,24,62,2026-09-08,BUY,51.0,2442.74,178.69,-124758.43
3575,27,58,2026-09-08,BUY,2376.0,185.23,474.31,-440580.79
3576,28,51,2026-09-08,BUY,119.0,1685.27,229.17,-200776.3
3577,31,94,2026-09-08,BUY,351.0,1105.41,532.52,-388531.43
3578,33,9,2026-09-08,BUY,125.0,1656.36,260.49,-207305.49
3579,35,69,2026-09-08,SELL,152.0,4018.28,1340.26,609438.3
3580,35,83,2026-09-08,BUY,2673.0,257.08,1702.81,-688877.65
3581,41,91,2026-09-08,SELL,102.0,622.18,44.86,63417.5
3582,45,22,2026-09-08,SELL,6561.0,116.45,423.52,763604.93
3583,46,35,2026-09-08,BUY,1304.0,179.64,338.35,-234588.91
3584,47,71,2026-09-08,BUY,506.0,1251.04,492.5,-633518.74
3585,47,82,2026-09-08,BUY,756.0,679.97,994.24,-515051.56
3586,48,54,2026-09-08,BUY,2486.0,112.31,384.4,-279587.06
3587,49,69,2026-09-08,BUY,58.0,4018.28,489.76,-233550.0
3588,49,89,2026-09-08,BUY,412.0,346.13,155.43,-142760.99
3589,2,38,2026-09-09,BUY,1012.0,170.0,276.61,-172316.61
3590,8,60,2026-09-09,SELL,325.0,620.88,579.76,201206.24
3591,23,3,2026-09-09,SELL,71.0,2235.03,419.54,158267.59
3592,24,47,2026-09-09,BUY,118.0,963.6,167.3,-113872.1
3593,24,48,2026-09-09,BUY,1287.0,195.89,407.61,-252518.04
3594,24,67,2026-09-09,BUY,727.0,350.6,406.26,-255292.46
3595,24,89,2026-09-09,BUY,502.0,351.4,295.81,-176698.61
3596,28,15,2026-09-09,SELL,475.0,666.35,871.45,315644.8
3597,33,37,2026-09-09,SELL,11.0,3040.08,72.12,33368.76
3598,33,60,2026-09-09,SELL,287.0,620.88,450.69,177741.87
3599,39,21,2026-09-09,SELL,22.0,297.71,17.63,6531.99
3600,41,8,2026-09-09,BUY,355.0,701.15,610.49,-249518.74
3601,41,55,2026-09-09,DIVIDEND,0.0,0.0,0.0,5467.52
3602,43,23,2026-09-09,SELL,21.0,1127.53,21.0,23657.13
3603,47,49,2026-09-09,BUY,392.0,1612.89,642.7,-632895.58
3604,48,54,2026-09-09,SELL,1746.0,112.17,228.57,195620.25
3605,49,77,2026-09-09,BUY,129.0,710.4,77.08,-91718.68
3606,8,60,2026-09-10,DIVIDEND,0.0,0.0,0.0,261.77
3607,16,19,2026-09-10,DIVIDEND,0.0,0.0,0.0,3190.57
3608,24,14,2026-09-10,SELL,5.0,714.27,5.86,3565.49
3609,27,46,2026-09-10,BUY,1480.0,371.21,1570.99,-550961.79
3610,28,29,2026-09-10,BUY,75.0,3139.68,408.6,-235884.6
3611,29,92,2026-09-10,SELL,405.0,180.46,194.08,72892.22
3612,30,55,2026-09-10,SELL,165.0,1005.44,301.83,165595.77
3613,30,98,2026-09-10,SELL,3684.0,377.73,3088.07,1388469.25
3614,32,26,2026-09-10,DIVIDEND,0.0,0.0,0.0,3865.46
3615,36,41,2026-09-10,DIVIDEND,0.0,0.0,0.0,2974.2
3616,37,12,2026-09-10,SELL,27.0,1656.9,98.21,44638.09
3617,41,24,2026-09-10,SELL,521.0,345.52,320.0,179695.92
3618,43,2,2026-09-10,BUY,564.0,687.36,301.84,-387972.88
3619,43,8,2026-09-10,BUY,753.0,712.15,308.01,-536556.96
3620,44,71,2026-09-10,BUY,366.0,1244.14,393.78,-455749.02
3621,45,53,2026-09-10,DIVIDEND,0.0,0.0,0.0,27.0
3622,45,73,2026-09-10,SELL,102.0,763.08,52.39,77781.77
3623,45,80,2026-09-10,BUY,348.0,935.77,628.06,-326276.02
3624,48,14,2026-09-10,SELL,262.0,714.27,341.29,186797.45
3625,48,15,2026-09-10,BUY,319.0,656.63,553.55,-210018.52
3626,49,80,2026-09-10,SELL,370.0,935.77,203.36,346031.54
3627,50,61,2026-09-10,DIVIDEND,0.0,0.0,0.0,4923.83
3628,2,14,2026-09-11,BUY,443.0,708.05,679.49,-314345.64
3629,3,73,2026-09-11,DIVIDEND,0.0,0.0,0.0,1094.48
3630,8,54,2026-09-11,BUY,1578.0,110.26,462.32,-174452.6
3631,10,81,2026-09-11,DIVIDEND,0.0,0.0,0.0,606.81
3632,20,42,2026-09-11,BUY,92.0,3815.07,572.63,-351559.07
3633,27,46,2026-09-11,BUY,1105.0,368.64,603.7,-407950.9
3634,28,84,2026-09-11,DIVIDEND,0.0,0.0,0.0,3503.5
3635,30,55,2026-09-11,BUY,587.0,1007.31,686.39,-591977.36
3636,31,55,2026-09-11,BUY,273.0,1007.31,629.96,-275625.59
3637,33,99,2026-09-11,SELL,5.0,4384.18,30.41,21890.49
3638,37,1,2026-09-11,SELL,274.0,380.67,201.51,104102.07
3639,41,24,2026-09-11,BUY,1171.0,347.04,757.32,-407141.16
3640,43,23,2026-09-11,SELL,10.0,1017.13,18.5,10152.8
3641,48,26,2026-09-11,SELL,48.0,2628.39,84.01,126078.71
3642,48,43,2026-09-11,SELL,19.0,458.79,16.34,8700.67
3643,48,43,2026-09-11,BUY,201.0,458.79,219.19,-92435.98
3644,49,51,2026-09-11,SELL,149.0,1613.96,260.12,240219.92
3645,4,31,2026-09-14,BUY,205.0,2424.05,366.4,-497296.65
3646,24,48,2026-09-14,SELL,1014.0,202.64,220.33,205256.63
3647,30,17,2026-09-14,BUY,69.0,2950.62,470.13,-204062.91
3648,30,17,2026-09-14,BUY,168.0,2950.62,1077.08,-496781.24
3649,35,39,2026-09-14,BUY,101.0,1874.91,475.85,-189841.76
3650,36,55,2026-09-14,BUY,180.0,1033.68,420.35,-186482.75
3651,36,79,2026-09-14,SELL,212.0,364.45,132.56,77130.84
3652,39,64,2026-09-14,BUY,192.0,1758.0,614.56,-338150.56
3653,44,10,2026-09-14,BUY,2237.0,207.02,535.26,-463639.0
3654,45,14,2026-09-14,SELL,524.0,675.15,254.15,353524.45
3655,48,26,2026-09-14,BUY,36.0,2670.13,120.92,-96245.6
3656,48,91,2026-09-14,BUY,131.0,675.95,151.98,-88701.43
3657,3,15,2026-09-15,DIVIDEND,0.0,0.0,0.0,2255.59
3658,14,1,2026-09-15,DIVIDEND,0.0,0.0,0.0,1208.0
3659,27,97,2026-09-15,BUY,424.0,724.38,795.86,-307932.98
3660,31,3,2026-09-15,DIVIDEND,0.0,0.0,0.0,9378.49
3661,35,76,2026-09-15,BUY,273.0,1951.96,1065.58,-533950.66
3662,36,77,2026-09-15,BUY,226.0,711.72,446.85,-161295.57
3663,37,63,2026-09-15,BUY,4314.0,108.04,1045.26,-467129.82
3664,39,21,2026-09-15,BUY,578.0,308.73,345.96,-178791.9
3665,40,72,2026-09-15,SELL,327.0,1236.06,1191.65,402999.97
3666,40,75,2026-09-15,DIVIDEND,0.0,0.0,0.0,4183.16
3667,43,6,2026-09-15,BUY,116.0,4373.42,572.38,-507889.1
3668,47,55,2026-09-15,SELL,27.0,1039.64,37.99,28032.29
3669,48,63,2026-09-15,SELL,722.0,108.04,126.57,77878.31
3670,48,91,2026-09-15,SELL,138.0,677.53,130.87,93368.27
3671,48,91,2026-09-15,SELL,59.0,677.53,88.67,39885.6
3672,49,62,2026-09-15,BUY,54.0,2307.32,217.1,-124812.38
3673,50,5,2026-09-15,BUY,495.0,995.0,1326.28,-493851.28
3674,1,35,2026-09-16,BUY,3164.0,173.76,565.34,-550341.98
3675,2,20,2026-09-16,DIVIDEND,0.0,0.0,0.0,1722.86
3676,18,29,2026-09-16,SELL,14.0,3278.12,116.04,45777.64
3677,20,44,2026-09-16,BUY,6192.0,98.94,1137.31,-613773.79
3678,30,6,2026-09-16,BUY,81.0,4316.42,230.08,-349860.1
3679,31,53,2026-09-16,DIVIDEND,0.0,0.0,0.0,5127.08
3680,37,67,2026-09-16,BUY,1255.0,355.54,457.87,-446660.57
3681,40,13,2026-09-16,BUY,4216.0,176.43,435.09,-744263.97
3682,43,65,2026-09-16,SELL,948.0,191.38,466.73,180961.51
3683,45,14,2026-09-16,BUY,821.0,691.79,911.33,-568870.92
3684,46,30,2026-09-16,DIVIDEND,0.0,0.0,0.0,4763.35
3685,46,54,2026-09-16,BUY,2812.0,114.46,229.51,-322091.03
3686,47,39,2026-09-16,DIVIDEND,0.0,0.0,0.0,3917.57
3687,47,64,2026-09-16,DIVIDEND,0.0,0.0,0.0,5524.32
3688,47,71,2026-09-16,DIVIDEND,0.0,0.0,0.0,4522.57
3689,47,71,2026-09-16,DIVIDEND,0.0,0.0,0.0,5354.55
3690,49,69,2026-09-16,BUY,80.0,3986.56,219.84,-319144.64
3691,50,88,2026-09-16,BUY,2866.0,248.41,1630.92,-713573.98
3692,8,55,2026-09-17,SELL,1677.0,1055.38,3908.84,1765963.42
3693,8,60,2026-09-17,BUY,173.0,606.29,212.85,-105101.02
3694,17,51,2026-09-17,BUY,217.0,1560.74,537.64,-339218.22
3695,17,81,2026-09-17,BUY,586.0,707.94,321.96,-415174.8
3696,17,84,2026-09-17,DIVIDEND,0.0,0.0,0.0,509.73
3697,17,99,2026-09-17,SELL,12.0,4720.61,124.18,56523.14
3698,27,76,2026-09-17,SELL,100.0,1941.85,280.16,193904.84
3699,27,92,2026-09-17,BUY,2997.0,182.79,1171.27,-548992.9
3700,30,78,2026-09-17,DIVIDEND,0.0,0.0,0.0,6305.55
3701,31,53,2026-09-17,BUY,2817.0,137.26,220.24,-386881.66
3702,32,86,2026-09-17,BUY,1310.0,156.65,375.3,-205586.8
3703,37,15,2026-09-17,BUY,287.0,652.98,425.12,-187830.38
3704,39,48,2026-09-17,BUY,2169.0,194.75,612.56,-423025.31
3705,39,99,2026-09-17,BUY,115.0,4720.61,771.02,-543641.17
3706,42,35,2026-09-17,BUY,3165.0,172.0,848.54,-545228.54
3707,44,12,2026-09-17,SELL,329.0,1703.08,1578.48,558734.84
3708,45,9,2026-09-17,SELL,338.0,1615.63,1512.2,544570.74
3709,45,80,2026-09-17,SELL,486.0,951.95,1022.51,461625.19
3710,46,11,2026-09-17,DIVIDEND,0.0,0.0,0.0,2716.59
3711,47,32,2026-09-17,BUY,837.0,815.14,996.55,-683268.73
3712,47,49,2026-09-17,BUY,98.0,1663.13,455.9,-163442.64
3713,49,22,2026-09-17,SELL,1471.0,109.91,284.51,161393.1
3714,6,30,2026-09-18,BUY,150.0,2070.9,268.84,-310903.84
3715,8,52,2026-09-18,SELL,399.0,1090.21,915.39,434078.4
3716,15,25,2026-09-18,BUY,158.0,2075.82,912.21,-328891.77
3717,20,45,2026-09-18,SELL,1066.0,447.06,297.75,476268.21
3718,24,48,2026-09-18,BUY,2127.0,195.8,660.71,-417127.31
3719,24,48,2026-09-18,SELL,2445.0,195.8,1138.26,477592.74
3720,28,48,2026-09-18,SELL,6.0,195.8,0.83,1173.97
3721,31,55,2026-09-18,BUY,425.0,1050.85,1098.02,-447709.27
3722,35,70,2026-09-18,BUY,352.0,967.07,982.48,-341391.12
3723,39,18,2026-09-18,SELL,449.0,190.91,132.5,85586.09
3724,39,47,2026-09-18,SELL,184.0,949.86,204.59,174569.65
3725,39,64,2026-09-18,SELL,86.0,1832.8,319.82,157300.98
3726,39,98,2026-09-18,SELL,430.0,383.18,229.07,164538.33
3727,41,41,2026-09-18,DIVIDEND,0.0,0.0,0.0,3593.79
3728,45,51,2026-09-18,BUY,61.0,1557.81,282.52,-95308.93
3729,45,53,2026-09-18,SELL,55.0,139.08,6.27,7643.13
3730,45,79,2026-09-18,SELL,99.0,378.45,64.18,37402.37
3731,47,32,2026-09-18,BUY,326.0,820.55,515.41,-268014.71
3732,47,33,2026-09-18,DIVIDEND,0.0,0.0,0.0,1252.18
3733,48,14,2026-09-18,BUY,163.0,736.51,353.48,-120404.61
3734,48,18,2026-09-18,SELL,1987.0,190.91,943.13,378395.04
3735,48,53,2026-09-18,BUY,483.0,139.08,71.26,-67246.9
3736,50,97,2026-09-18,BUY,485.0,727.75,634.52,-353593.27
3737,4,77,2026-09-21,SELL,610.0,733.38,1085.69,446276.11
3738,11,7,2026-09-21,SELL,337.0,179.93,116.78,60519.63
3739,17,77,2026-09-21,BUY,606.0,733.38,1023.62,-445451.9
3740,20,32,2026-09-21,BUY,545.0,819.51,667.65,-447300.6
3741,23,3,2026-09-21,DIVIDEND,0.0,0.0,0.0,2517.34
3742,24,62,2026-09-21,SELL,112.0,2320.23,525.23,259340.53
3743,26,2,2026-09-21,BUY,564.0,701.48,255.42,-395890.14
3744,28,80,2026-09-21,SELL,11.0,982.39,30.29,10776.0
3745,29,5,2026-09-21,DIVIDEND,0.0,0.0,0.0,15057.65
3746,35,75,2026-09-21,DIVIDEND,0.0,0.0,0.0,4570.8
3747,39,51,2026-09-21,BUY,256.0,1535.14,510.54,-393506.38
3748,41,28,2026-09-21,BUY,178.0,1405.94,684.41,-250941.73
3749,43,56,2026-09-21,SELL,49.0,2065.63,264.82,100951.05
3750,44,12,2026-09-21,BUY,339.0,1716.27,439.25,-582254.78
3751,44,66,2026-09-21,DIVIDEND,0.0,0.0,0.0,7409.03
3752,46,8,2026-09-21,BUY,273.0,717.45,302.48,-196166.33
3753,46,35,2026-09-21,SELL,673.0,174.16,170.02,117039.66
3754,46,35,2026-09-21,SELL,413.0,174.16,45.27,71882.81
3755,47,58,2026-09-21,BUY,3230.0,185.78,340.71,-600410.11
3756,48,43,2026-09-21,SELL,180.0,438.04,171.67,78675.53
3757,49,89,2026-09-21,BUY,1073.0,328.46,888.77,-353326.35
3758,50,96,2026-09-21,BUY,5897.0,183.79,2993.28,-1086802.91
3759,4,80,2026-09-22,BUY,223.0,995.33,150.64,-222109.23
3760,8,78,2026-09-22,SELL,649.0,1621.06,1101.22,1050966.72
3761,10,83,2026-09-22,DIVIDEND,0.0,0.0,0.0,3295.76
3762,21,57,2026-09-22,BUY,1406.0,427.75,1137.28,-602553.78
3763,24,91,2026-09-22,SELL,462.0,656.59,844.34,302500.24
3764,28,98,2026-09-22,SELL,492.0,381.59,290.11,187452.17
3765,31,55,2026-09-22,DIVIDEND,0.0,0.0,0.0,15601.98
3766,32,80,2026-09-22,BUY,304.0,995.33,322.51,-302902.83
3767,32,86,2026-09-22,BUY,2125.0,156.1,175.39,-331887.89
3768,35,69,2026-09-22,BUY,76.0,3767.96,213.79,-286578.75
3769,37,17,2026-09-22,BUY,46.0,2847.37,310.9,-131289.92
3770,39,21,2026-09-22,BUY,347.0,305.37,192.92,-106156.31
3771,39,48,2026-09-22,SELL,3870.0,190.12,646.81,735117.59
3772,39,99,2026-09-22,BUY,49.0,4736.74,512.92,-232613.18
3773,43,60,2026-09-22,DIVIDEND,0.0,0.0,0.0,2330.07
3774,45,47,2026-09-22,SELL,1117.0,992.19,1861.75,1106414.48
3775,47,93,2026-09-22,BUY,117.0,2519.99,314.5,-295153.33
3776,48,18,2026-09-22,SELL,473.0,192.71,103.15,91048.68
3777,49,77,2026-09-22,SELL,134.0,748.83,136.52,100206.7
3778,49,80,2026-09-22,SELL,156.0,995.33,112.68,155158.8
3779,50,5,2026-09-22,BUY,489.0,1003.95,764.39,-491695.94
3780,3,62,2026-09-23,BUY,106.0,2361.02,731.7,-250999.82
3781,13,72,2026-09-23,BUY,581.0,1257.48,1208.27,-731804.15
3782,24,26,2026-09-23,SELL,456.0,2772.55,786.13,1263496.67
3783,37,3,2026-09-23,BUY,162.0,2168.64,654.74,-351974.42
3784,39,48,2026-09-23,SELL,475.0,183.43,186.04,86943.21
3785,39,51,2026-09-23,SELL,143.0,1560.8,382.94,222811.46
3786,41,28,2026-09-23,SELL,561.0,1422.88,1305.23,796930.45
3787,43,6,2026-09-23,SELL,92.0,3943.31,952.73,361831.79
3788,48,14,2026-09-23,BUY,149.0,683.47,281.34,-102118.37
3789,48,16,2026-09-23,SELL,53.0,517.69,53.34,27384.23
3790,49,77,2026-09-23,BUY,355.0,750.52,245.61,-266680.21
3791,49,79,2026-09-23,BUY,449.0,396.57,381.05,-178440.98
3792,1,25,2026-09-24,BUY,146.0,2001.25,218.96,-292401.46
3793,3,74,2026-09-24,SELL,84.0,1454.75,289.98,121909.02
3794,8,10,2026-09-24,SELL,3501.0,219.55,1469.2,767175.35
3795,8,52,2026-09-24,BUY,148.0,1109.09,271.91,-164417.23
3796,8,54,2026-09-24,SELL,5636.0,108.03,510.47,608346.61
3797,10,57,2026-09-24,DIVIDEND,0.0,0.0,0.0,663.89
3798,14,59,2026-09-24,SELL,709.0,140.75,143.79,99647.96
3799,17,26,2026-09-24,SELL,58.0,2782.21,206.12,161162.06
3800,26,39,2026-09-24,BUY,106.0,1842.71,388.61,-195715.87
3801,29,61,2026-09-24,SELL,273.0,327.59,82.6,89349.47
3802,30,17,2026-09-24,SELL,121.0,2754.71,563.99,332755.92
3803,35,93,2026-09-24,SELL,10.0,2509.94,23.63,25075.77
3804,36,23,2026-09-24,SELL,217.0,1118.59,687.42,242046.61
3805,40,40,2026-09-24,SELL,1089.0,460.43,1373.44,500034.83
3806,41,29,2026-09-24,DIVIDEND,0.0,0.0,0.0,2360.1
3807,44,58,2026-09-24,BUY,976.0,187.21,176.28,-182893.24
3808,45,22,2026-09-24,BUY,1421.0,108.8,279.49,-154884.29
3809,45,53,2026-09-24,BUY,2809.0,145.48,674.89,-409328.21
3810,45,54,2026-09-24,BUY,4718.0,108.03,811.22,-510496.76
3811,48,18,2026-09-24,BUY,681.0,191.61,206.48,-130692.89
3812,48,28,2026-09-24,SELL,391.0,1435.46,834.82,560430.04
3813,49,22,2026-09-24,BUY,4043.0,108.8,740.85,-440619.25
3814,49,63,2026-09-24,SELL,758.0,121.63,116.42,92079.12
3815,7,98,2026-09-25,SELL,373.0,390.76,92.59,145660.89
3816,13,66,2026-09-25,BUY,355.0,1337.81,1374.05,-476296.6
3817,24,48,2026-09-25,BUY,2037.0,176.11,528.77,-359264.84
3818,24,62,2026-09-25,SELL,1.0,2329.56,3.09,2326.47
3819,25,88,2026-09-25,BUY,1829.0,259.39,1179.46,-475603.77
3820,31,94,2026-09-25,SELL,94.0,1059.48,200.75,99390.37
3821,35,70,2026-09-25,SELL,822.0,960.94,468.25,789424.43
3822,35,83,2026-09-25,SELL,3812.0,247.51,530.55,942977.57
3823,36,84,2026-09-25,SELL,67.0,152.21,25.63,10172.44
3824,43,9,2026-09-25,SELL,130.0,1823.66,296.55,236779.25
3825,43,65,2026-09-25,BUY,2558.0,197.09,445.92,-504602.14
3826,44,71,2026-09-25,BUY,327.0,1261.87,476.13,-413107.62
3827,45,54,2026-09-25,BUY,4940.0,107.41,1314.82,-531920.22
3828,46,11,2026-09-25,BUY,76.0,2628.08,425.92,-200160.0
3829,47,55,2026-09-25,BUY,357.0,1122.65,236.04,-401022.09
3830,48,18,2026-09-25,SELL,877.0,191.16,329.89,167317.43
3831,49,80,2026-09-25,DIVIDEND,0.0,0.0,0.0,720.61
3832,2,20,2026-09-28,SELL,115.0,638.48,83.12,73342.08
3833,3,64,2026-09-28,BUY,139.0,1775.86,484.21,-247328.75
3834,4,77,2026-09-28,BUY,557.0,703.69,210.83,-392166.16
3835,8,28,2026-09-28,BUY,398.0,1467.34,1380.33,-585381.65
3836,8,28,2026-09-28,SELL,168.0,1467.34,325.35,246187.77
3837,17,81,2026-09-28,SELL,689.0,734.77,1382.91,504873.62
3838,24,14,2026-09-28,BUY,630.0,696.84,356.98,-439366.18
3839,28,80,2026-09-28,SELL,3.0,957.25,5.19,2866.56
3840,35,39,2026-09-28,SELL,279.0,1780.45,614.12,496131.43
3841,36,85,2026-09-28,SELL,247.0,657.53,432.25,161977.66
3842,38,50,2026-09-28,BUY,1230.0,484.51,502.44,-596449.74
3843,39,21,2026-09-28,SELL,888.0,303.72,570.01,269133.35
3844,39,98,2026-09-28,BUY,1050.0,383.75,1080.7,-404018.2
3845,39,99,2026-09-28,SELL,269.0,4878.29,2549.58,1309710.43
3846,41,19,2026-09-28,BUY,427.0,416.87,430.32,-178433.81
3847,41,39,2026-09-28,DIVIDEND,0.0,0.0,0.0,410.56
3848,41,48,2026-09-28,BUY,723.0,180.52,198.13,-130714.09
3849,45,9,2026-09-28,SELL,115.0,1815.97,431.4,208405.15
3850,45,47,2026-09-28,SELL,40.0,1003.95,24.23,40133.77
3851,46,24,2026-09-28,SELL,1030.0,349.8,389.83,359904.17
3852,46,54,2026-09-28,BUY,1124.0,107.17,263.25,-120722.33
3853,47,64,2026-09-28,DIVIDEND,0.0,0.0,0.0,5761.17
3854,47,71,2026-09-28,BUY,389.0,1252.3,705.57,-487850.27
3855,49,41,2026-09-28,SELL,41.0,4290.18,505.19,175392.19
3856,49,80,2026-09-28,BUY,144.0,957.25,284.34,-138128.34
3857,2,10,2026-09-29,SELL,1506.0,221.33,802.76,332520.22
3858,5,17,2026-09-29,DIVIDEND,0.0,0.0,0.0,3869.68
3859,7,89,2026-09-29,BUY,1435.0,306.3,691.29,-440231.79
3860,9,61,2026-09-29,DIVIDEND,0.0,0.0,0.0,3001.91
3861,12,35,2026-09-29,BUY,3071.0,171.04,774.52,-526038.36
3862,18,21,2026-09-29,BUY,1383.0,300.53,967.2,-416600.19
3863,18,22,2026-09-29,BUY,3208.0,107.55,908.92,-345929.32
3864,24,48,2026-09-29,SELL,1962.0,183.46,842.07,359106.45
3865,28,62,2026-09-29,BUY,159.0,2403.6,573.63,-382746.03
3866,35,76,2026-09-29,DIVIDEND,0.0,0.0,0.0,9991.35
3867,36,77,2026-09-29,SELL,392.0,736.85,609.49,288235.71
3868,39,47,2026-09-29,SELL,168.0,956.17,355.88,160280.68
3869,41,28,2026-09-29,BUY,178.0,1469.07,663.68,-262158.14
3870,42,96,2026-09-29,DIVIDEND,0.0,0.0,0.0,2094.66
3871,45,9,2026-09-29,SELL,20.0,1851.26,78.21,36946.99
3872,45,25,2026-09-29,SELL,6.0,2098.46,12.94,12577.82
3873,45,51,2026-09-29,SELL,81.0,1445.16,185.08,116872.88
3874,45,73,2026-09-29,BUY,328.0,773.64,293.1,-254047.02
3875,46,38,2026-09-29,DIVIDEND,0.0,0.0,0.0,2581.48
3876,47,46,2026-09-29,DIVIDEND,0.0,0.0,0.0,3832.23
3877,48,15,2026-09-29,BUY,634.0,667.03,797.21,-423694.23
3878,48,63,2026-09-29,DIVIDEND,0.0,0.0,0.0,301.69
3879,49,77,2026-09-29,SELL,314.0,736.85,585.96,230784.94
3880,2,42,2026-09-30,SELL,7.0,4036.05,68.84,28183.51
3881,4,82,2026-09-30,BUY,610.0,638.42,413.6,-389849.8
3882,5,57,2026-09-30,BUY,423.0,437.49,378.72,-185436.99
3883,10,50,2026-09-30,DIVIDEND,0.0,0.0,0.0,6860.3
3884,18,39,2026-09-30,BUY,236.0,1715.46,276.0,-405124.56
3885,23,33,2026-09-30,DIVIDEND,0.0,0.0,0.0,1161.65
3886,34,92,2026-09-30,DIVIDEND,0.0,0.0,0.0,14303.79
3887,35,70,2026-09-30,BUY,417.0,999.0,888.1,-417471.1
3888,35,76,2026-09-30,SELL,181.0,1944.75,885.06,351114.69
3889,36,86,2026-09-30,DIVIDEND,0.0,0.0,0.0,3648.39
3890,39,48,2026-09-30,BUY,986.0,193.42,288.35,-191000.47
3891,45,51,2026-09-30,BUY,380.0,1451.29,816.36,-552306.56
3892,47,64,2026-09-30,BUY,201.0,1805.39,307.69,-363191.08
3893,48,53,2026-09-30,BUY,1135.0,140.98,457.02,-160469.32
3894,48,91,2026-09-30,BUY,427.0,670.7,790.57,-287179.47
3895,49,22,2026-09-30,BUY,3273.0,110.24,339.66,-361155.18
3896,7,28,2026-10-01,BUY,129.0,1471.69,527.69,-190375.7
3897,7,32,2026-10-01,DIVIDEND,0.0,0.0,0.0,4907.32
3898,8,54,2026-10-01,BUY,4148.0,110.17,381.51,-457366.67
3899,15,71,2026-10-01,BUY,422.0,1239.38,987.91,-524006.27
3900,18,39,2026-10-01,SELL,188.0,1720.85,698.06,322821.74
3901,28,15,2026-10-01,BUY,225.0,687.28,220.36,-154858.36
3902,28,81,2026-10-01,SELL,54.0,722.84,33.9,38999.46
3903,31,24,2026-10-01,DIVIDEND,0.0,0.0,0.0,712.96
3904,36,91,2026-10-01,BUY,550.0,676.46,353.17,-372406.17
3905,43,2,2026-10-01,BUY,253.0,740.31,272.6,-187571.03
3906,43,65,2026-10-01,BUY,1728.0,191.05,796.23,-330930.63
3907,43,67,2026-10-01,SELL,315.0,363.32,68.24,114377.56
3908,44,58,2026-10-01,DIVIDEND,0.0,0.0,0.0,3016.98
3909,46,36,2026-10-01,BUY,447.0,602.28,389.16,-269608.32
3910,47,32,2026-10-01,BUY,537.0,852.31,921.08,-458611.55
3911,47,39,2026-10-01,BUY,305.0,1720.85,1166.74,-526025.99
3912,48,18,2026-10-01,SELL,73.0,195.37,28.13,14233.88
3913,48,43,2026-10-01,SELL,23.0,434.49,17.01,9976.26
3914,49,51,2026-10-01,BUY,68.0,1459.47,280.94,-99524.9
3915,7,8,2026-10-02,BUY,520.0,720.1,887.91,-375339.91
3916,11,100,2026-10-02,DIVIDEND,0.0,0.0,0.0,8412.01
3917,17,81,2026-10-02,DIVIDEND,0.0,0.0,0.0,646.79
3918,17,99,2026-10-02,BUY,68.0,5095.05,1006.79,-347470.19
3919,18,84,2026-10-02,DIVIDEND,0.0,0.0,0.0,2454.65
3920,23,10,2026-10-02,DIVIDEND,0.0,0.0,0.0,742.88
3921,25,66,2026-10-02,DIVIDEND,0.0,0.0,0.0,13118.42
3922,26,39,2026-10-02,BUY,235.0,1755.86,728.75,-413355.85
3923,32,80,2026-10-02,SELL,411.0,904.19,642.53,370979.56
3924,35,42,2026-10-02,BUY,144.0,4188.88,552.03,-603750.75
3925,39,9,2026-10-02,SELL,6.0,1724.37,19.84,10326.38
3926,39,15,2026-10-02,DIVIDEND,0.0,0.0,0.0,680.06
3927,39,47,2026-10-02,BUY,518.0,959.75,344.72,-497495.22
3928,39,64,2026-10-02,BUY,108.0,1775.91,138.73,-191937.01
3929,45,47,2026-10-02,SELL,22.0,959.75,24.45,21090.05
3930,46,17,2026-10-02,SELL,31.0,2818.31,114.65,87252.96
3931,46,20,2026-10-02,SELL,50.0,613.13,22.54,30633.96
3932,47,32,2026-10-02,BUY,821.0,842.97,639.06,-692717.43
3933,47,33,2026-10-02,BUY,535.0,1276.09,1967.68,-684675.83
3934,48,63,2026-10-02,SELL,224.0,118.08,69.85,26380.07
3935,48,91,2026-10-02,SELL,361.0,694.15,322.74,250265.41
3936,50,96,2026-10-02,DIVIDEND,0.0,0.0,0.0,21652.11
3937,50,100,2026-10-02,DIVIDEND,0.0,0.0,0.0,1529.87
3938,1,3,2026-10-05,BUY,92.0,2263.98,403.2,-208689.36
3939,3,63,2026-10-05,BUY,2258.0,115.65,609.6,-261747.3
3940,7,36,2026-10-05,DIVIDEND,0.0,0.0,0.0,1265.47
3941,20,46,2026-10-05,BUY,871.0,352.9,365.34,-307741.24
3942,24,89,2026-10-05,SELL,801.0,314.11,388.84,251213.27
3943,28,16,2026-10-05,SELL,624.0,574.52,267.91,358232.57
3944,28,56,2026-10-05,SELL,46.0,2302.56,230.98,105686.78
3945,30,12,2026-10-05,DIVIDEND,0.0,0.0,0.0,4102.98
3946,35,39,2026-10-05,SELL,63.0,1761.13,109.52,110841.67
3947,35,75,2026-10-05,BUY,483.0,648.91,544.32,-313967.85
3948,36,79,2026-10-05,BUY,1029.0,402.12,528.09,-414309.57
3949,37,12,2026-10-05,SELL,17.0,1559.82,39.72,26477.22
3950,37,12,2026-10-05,BUY,243.0,1559.82,646.85,-379683.11
3951,39,21,2026-10-05,SELL,34.0,313.27,30.82,10620.36
3952,39,48,2026-10-05,SELL,1092.0,186.88,507.36,203565.6
3953,40,72,2026-10-05,BUY,248.0,1227.88,888.62,-305402.86
3954,42,35,2026-10-05,DIVIDEND,0.0,0.0,0.0,10989.91
3955,42,64,2026-10-05,DIVIDEND,0.0,0.0,0.0,5598.39
3956,42,86,2026-10-05,DIVIDEND,0.0,0.0,0.0,1558.71
3957,45,53,2026-10-05,BUY,2339.0,138.22,324.71,-323621.29
3958,45,53,2026-10-05,SELL,3080.0,138.22,315.78,425401.82
3959,46,95,2026-10-05,BUY,145.0,1322.27,534.93,-192264.08
3960,16,69,2026-10-06,DIVIDEND,0.0,0.0,0.0,10059.98
3961,17,48,2026-10-06,SELL,1720.0,192.17,769.48,329762.92
3962,23,12,2026-10-06,DIVIDEND,0.0,0.0,0.0,5229.56
3963,27,52,2026-10-06,SELL,172.0,1183.89,364.33,203264.75
3964,32,69,2026-10-06,BUY,28.0,4002.75,115.31,-112192.31
3965,34,49,2026-10-06,DIVIDEND,0.0,0.0,0.0,6411.19
3966,35,70,2026-10-06,BUY,546.0,984.83,705.8,-538422.98
3967,35,93,2026-10-06,DIVIDEND,0.0,0.0,0.0,454.35
3968,36,86,2026-10-06,DIVIDEND,0.0,0.0,0.0,3445.6
3969,39,47,2026-10-06,SELL,623.0,989.68,1206.48,615364.16
3970,39,80,2026-10-06,SELL,177.0,918.64,472.94,162126.34
3971,40,45,2026-10-06,BUY,1906.0,433.92,2380.6,-829432.12
3972,41,22,2026-10-06,SELL,839.0,112.66,82.27,94439.47
3973,44,71,2026-10-06,BUY,484.0,1227.51,1253.23,-595368.07
3974,45,14,2026-10-06,BUY,748.0,728.42,1048.02,-545906.18
3975,45,73,2026-10-06,BUY,411.0,900.51,743.88,-370853.49
3976,47,64,2026-10-06,SELL,291.0,1729.58,457.28,502850.5
3977,47,71,2026-10-06,BUY,508.0,1227.51,1307.97,-624883.05
3978,48,91,2026-10-06,SELL,58.0,724.78,82.52,41954.72
3979,50,92,2026-10-06,DIVIDEND,0.0,0.0,0.0,4585.73
3980,1,2,2026-10-07,BUY,714.0,758.96,359.52,-542256.96
3981,2,9,2026-10-07,SELL,114.0,1827.86,590.0,207786.04
3982,3,64,2026-10-07,SELL,181.0,1693.28,411.51,306072.17
3983,11,1,2026-10-07,DIVIDEND,0.0,0.0,0.0,801.79
3984,12,39,2026-10-07,SELL,24.0,1792.84,53.5,42974.66
3985,13,13,2026-10-07,BUY,3293.0,181.17,1468.24,-598061.05
3986,16,19,2026-10-07,BUY,504.0,405.82,196.12,-204729.4
3987,17,99,2026-10-07,BUY,66.0,4812.59,836.29,-318467.23
3988,24,14,2026-10-07,BUY,245.0,716.12,517.59,-175966.99
3989,24,91,2026-10-07,BUY,337.0,720.28,253.27,-242987.63
3990,32,99,2026-10-07,SELL,48.0,4812.59,504.81,230499.51
3991,35,1,2026-10-07,DIVIDEND,0.0,0.0,0.0,7556.86
3992,44,90,2026-10-07,BUY,541.0,661.82,323.41,-358368.03
3993,45,51,2026-10-07,SELL,410.0,1437.02,572.65,588605.55
3994,45,54,2026-10-07,SELL,4192.0,120.66,1450.08,504356.64
3995,48,14,2026-10-07,BUY,121.0,716.12,78.5,-86729.02
3996,49,69,2026-10-07,BUY,90.0,3981.86,1012.89,-359380.29
3997,50,5,2026-10-07,DIVIDEND,0.0,0.0,0.0,21447.03
3998,3,60,2026-10-08,SELL,476.0,413.55,471.91,196377.89
3999,7,36,2026-10-08,SELL,148.0,600.29,189.31,88653.61
4000,12,35,2026-10-08,SELL,3182.0,155.08,780.49,492684.07
4001,16,18,2026-10-08,BUY,1225.0,201.04,339.47,-246613.47
4002,16,94,2026-10-08,DIVIDEND,0.0,0.0,0.0,4221.61
4003,18,9,2026-10-08,SELL,64.0,1923.55,229.22,122877.98
4004,18,97,2026-10-08,BUY,471.0,748.22,556.02,-352967.64
4005,19,66,2026-10-08,BUY,241.0,1398.17,215.11,-337174.08
4006,21,61,2026-10-08,BUY,1429.0,311.69,877.28,-446282.29
4007,24,47,2026-10-08,SELL,74.0,927.89,50.55,68613.31
4008,24,48,2026-10-08,SELL,526.0,190.26,57.64,100019.12
4009,26,36,2026-10-08,BUY,1027.0,600.29,1640.79,-618138.62
4010,27,75,2026-10-08,BUY,976.0,650.44,1315.12,-636144.56
4011,32,51,2026-10-08,BUY,95.0,1500.11,423.2,-142933.65
4012,32,74,2026-10-08,SELL,33.0,1481.74,97.68,48799.74
4013,39,80,2026-10-08,SELL,106.0,918.48,163.77,97195.11
4014,41,41,2026-10-08,SELL,76.0,4457.89,906.17,337893.47
4015,43,46,2026-10-08,SELL,491.0,355.8,484.26,174213.54
4016,45,51,2026-10-08,SELL,42.0,1500.11,118.42,62886.2
4017,49,41,2026-10-08,BUY,84.0,4457.89,562.28,-375025.04
4018,49,62,2026-10-08,SELL,32.0,2498.93,219.25,79746.51
4019,1,17,2026-10-09,BUY,134.0,2647.47,660.49,-355421.47
4020,15,71,2026-10-09,SELL,507.0,1238.79,1413.95,626652.58
4021,17,77,2026-10-09,SELL,722.0,735.84,739.38,530537.1
4022,19,49,2026-10-09,DIVIDEND,0.0,0.0,0.0,4235.94
4023,36,91,2026-10-09,BUY,232.0,686.92,384.57,-159750.01
4024,37,14,2026-10-09,SELL,125.0,720.92,178.01,89936.99
4025,39,21,2026-10-09,SELL,5.0,328.88,1.96,1642.44
4026,39,98,2026-10-09,BUY,411.0,364.1,133.92,-149779.02
4027,41,22,2026-10-09,DIVIDEND,0.0,0.0,0.0,1020.14
4028,43,65,2026-10-09,SELL,2486.0,190.62,529.58,473351.74
4029,47,64,2026-10-09,BUY,200.0,1718.23,575.14,-344221.14
4030,48,15,2026-10-09,SELL,1071.0,658.18,368.12,704542.66
4031,48,26,2026-10-09,BUY,146.0,2874.24,382.64,-420021.68
4032,49,22,2026-10-09,SELL,4892.0,111.03,805.61,542353.15
4033,49,63,2026-10-09,BUY,1998.0,117.18,321.52,-234447.16
4034,49,63,2026-10-09,BUY,3752.0,117.18,975.04,-440634.4
4035,3,78,2026-10-12,SELL,12.0,1608.71,27.94,19276.58
4036,8,51,2026-10-12,BUY,348.0,1536.53,764.21,-535476.65
4037,26,90,2026-10-12,SELL,356.0,678.24,687.59,240765.85
4038,28,67,2026-10-12,SELL,112.0,353.6,42.42,39560.78
4039,31,33,2026-10-12,BUY,374.0,1303.63,1368.66,-488926.28
4040,36,79,2026-10-12,SELL,388.0,432.87,118.22,167835.34
4041,39,18,2026-10-12,SELL,228.0,205.62,82.87,46798.49
4042,48,53,2026-10-12,DIVIDEND,0.0,0.0,0.0,2007.04
4043,49,22,2026-10-12,SELL,1566.0,108.4,277.01,169477.39
4044,3,74,2026-10-13,BUY,174.0,1374.47,632.19,-239789.97
4045,8,78,2026-10-13,BUY,143.0,1612.82,381.08,-231014.34
4046,9,7,2026-10-13,BUY,1940.0,190.67,1032.8,-370932.6
4047,18,9,2026-10-13,DIVIDEND,0.0,0.0,0.0,772.34
4048,20,71,2026-10-13,BUY,511.0,1240.61,849.47,-634801.18
4049,25,66,2026-10-13,DIVIDEND,0.0,0.0,0.0,8012.44
4050,28,48,2026-10-13,BUY,1742.0,180.84,641.1,-315664.38
4051,30,10,2026-10-13,BUY,1812.0,217.86,382.94,-395145.26
4052,30,98,2026-10-13,BUY,746.0,368.93,167.17,-275388.95
4053,34,68,2026-10-13,SELL,3995.0,232.93,1954.34,928601.01
4054,38,88,2026-10-13,DIVIDEND,0.0,0.0,0.0,2921.99
4055,39,9,2026-10-13,BUY,162.0,1836.19,264.99,-297727.77
4056,39,15,2026-10-13,BUY,323.0,605.02,401.79,-195823.25
4057,39,79,2026-10-13,SELL,2542.0,425.06,3187.73,1077314.79
4058,39,80,2026-10-13,SELL,25.0,914.52,51.48,22811.52
4059,41,9,2026-10-13,BUY,145.0,1836.19,443.94,-266691.49
4060,41,22,2026-10-13,SELL,749.0,107.95,210.04,80644.51
4061,41,30,2026-10-13,DIVIDEND,0.0,0.0,0.0,1793.74
4062,42,37,2026-10-13,DIVIDEND,0.0,0.0,0.0,1465.49
4063,42,87,2026-10-13,DIVIDEND,0.0,0.0,0.0,1476.07
4064,43,8,2026-10-13,BUY,455.0,718.14,961.82,-327715.52
4065,45,51,2026-10-13,SELL,4.0,1564.85,15.91,6243.49
4066,45,80,2026-10-13,BUY,644.0,914.52,1695.83,-590646.71
4067,46,25,2026-10-13,DIVIDEND,0.0,0.0,0.0,2044.54
4068,47,42,2026-10-13,BUY,52.0,4196.77,153.49,-218385.53
4069,48,28,2026-10-13,BUY,127.0,1577.46,135.52,-200472.94
4070,48,53,2026-10-13,DIVIDEND,0.0,0.0,0.0,909.57
4071,49,51,2026-10-13,BUY,249.0,1564.85,980.23,-390627.88
4072,49,62,2026-10-13,BUY,110.0,2739.43,360.07,-301697.37
4073,3,76,2026-10-14,BUY,161.0,1988.05,818.42,-320894.47
4074,7,36,2026-10-14,BUY,431.0,621.94,800.33,-268856.47
4075,14,10,2026-10-14,BUY,1116.0,220.18,355.5,-246076.38
4076,17,47,2026-10-14,SELL,130.0,921.13,264.89,119482.01
4077,17,80,2026-10-14,BUY,208.0,944.79,241.82,-196758.14
4078,28,15,2026-10-14,BUY,154.0,602.58,50.98,-92848.3
4079,35,42,2026-10-14,DIVIDEND,0.0,0.0,0.0,16118.55
4080,35,69,2026-10-14,DIVIDEND,0.0,0.0,0.0,2169.16
4081,36,41,2026-10-14,DIVIDEND,0.0,0.0,0.0,4760.62
4082,37,17,2026-10-14,BUY,59.0,2654.19,153.26,-156750.47
4083,39,80,2026-10-14,SELL,24.0,944.79,60.61,22614.35
4084,41,24,2026-10-14,BUY,1183.0,350.06,391.13,-414512.11
4085,43,67,2026-10-14,SELL,119.0,344.97,38.96,41012.47
4086,46,24,2026-10-14,DIVIDEND,0.0,0.0,0.0,1564.45
4087,48,14,2026-10-14,SELL,377.0,768.09,572.24,288997.69
4088,48,26,2026-10-14,SELL,125.0,2781.09,605.45,347030.8
4089,49,77,2026-10-14,SELL,51.0,742.74,20.44,37859.3
4090,1,27,2026-10-15,BUY,229.0,1584.15,281.46,-363051.81
4091,3,8,2026-10-15,DIVIDEND,0.0,0.0,0.0,1426.07
4092,3,76,2026-10-15,SELL,116.0,1995.19,521.31,230920.73
4093,8,51,2026-10-15,BUY,92.0,1569.97,394.68,-144831.92
4094,18,28,2026-10-15,SELL,96.0,1671.64,428.88,160048.56
4095,18,99,2026-10-15,DIVIDEND,0.0,0.0,0.0,2367.1
4096,23,30,2026-10-15,DIVIDEND,0.0,0.0,0.0,1727.89
4097,24,14,2026-10-15,SELL,677.0,770.1,387.16,520970.54
4098,33,56,2026-10-15,DIVIDEND,0.0,0.0,0.0,1495.51
4099,36,41,2026-10-15,BUY,63.0,4546.27,781.28,-287196.29
4100,38,88,2026-10-15,BUY,1723.0,262.03,381.31,-451859.0
4101,40,40,2026-10-15,BUY,910.0,443.93,1184.46,-405160.76
4102,40,45,2026-10-15,BUY,1174.0,425.83,1181.47,-501105.89
4103,41,22,2026-10-15,DIVIDEND,0.0,0.0,0.0,597.51
4104,42,33,2026-10-15,DIVIDEND,0.0,0.0,0.0,806.8
4105,47,19,2026-10-15,BUY,922.0,403.4,366.73,-372301.53
4106,47,42,2026-10-15,BUY,112.0,4297.35,649.2,-481952.4
4107,47,55,2026-10-15,BUY,482.0,1175.08,1693.18,-568081.74
4108,47,66,2026-10-15,BUY,437.0,1377.43,1481.54,-603418.45
4109,48,18,2026-10-15,BUY,957.0,219.51,260.48,-210331.55
4110,48,91,2026-10-15,SELL,14.0,695.02,16.39,9713.89
4111,49,62,2026-10-15,DIVIDEND,0.0,0.0,0.0,3037.49
4112,5,3,2026-10-16,DIVIDEND,0.0,0.0,0.0,1707.25
4113,8,10,2026-10-16,SELL,884.0,233.4,271.91,206053.69
4114,8,55,2026-10-16,BUY,233.0,1174.0,453.79,-273995.79
4115,8,56,2026-10-16,SELL,279.0,2045.41,321.81,570347.58
4116,18,29,2026-10-16,DIVIDEND,0.0,0.0,0.0,845.53
4117,28,15,2026-10-16,SELL,346.0,577.9,247.57,199705.83
4118,29,92,2026-10-16,DIVIDEND,0.0,0.0,0.0,1534.67
4119,29,97,2026-10-16,BUY,777.0,748.2,1615.8,-582967.2
4120,34,71,2026-10-16,DIVIDEND,0.0,0.0,0.0,16902.16
4121,39,18,2026-10-16,BUY,2207.0,219.89,1441.9,-486739.13
4122,39,80,2026-10-16,SELL,2.0,938.36,2.65,1874.07
4123,43,1,2026-10-16,SELL,1678.0,392.99,1870.99,657566.23
4124,43,60,2026-10-16,BUY,634.0,413.64,298.42,-262546.18
4125,43,62,2026-10-16,SELL,68.0,2575.93,242.5,174920.74
4126,46,63,2026-10-16,DIVIDEND,0.0,0.0,0.0,1883.67
4127,49,79,2026-10-16,BUY,519.0,432.43,286.04,-224717.21
4128,3,74,2026-10-19,SELL,116.0,1354.89,444.1,156723.14
4129,7,98,2026-10-19,SELL,90.0,373.25,53.32,33539.18
4130,8,54,2026-10-19,DIVIDEND,0.0,0.0,0.0,10240.74
4131,18,89,2026-10-19,BUY,663.0,322.1,353.51,-213905.81
4132,20,32,2026-10-19,DIVIDEND,0.0,0.0,0.0,15287.7
4133,23,5,2026-10-19,BUY,164.0,986.65,223.72,-162034.32
4134,24,67,2026-10-19,SELL,620.0,361.77,584.72,223712.68
4135,24,67,2026-10-19,BUY,259.0,361.77,164.27,-93862.7
4136,26,33,2026-10-19,BUY,471.0,1284.54,431.18,-605449.52
4137,27,76,2026-10-19,BUY,149.0,1991.87,732.0,-297520.63
4138,28,60,2026-10-19,BUY,1307.0,413.22,593.72,-540672.26
4139,30,10,2026-10-19,DIVIDEND,0.0,0.0,0.0,20728.3
4140,36,86,2026-10-19,BUY,2696.0,147.71,999.73,-399225.89
4141,43,9,2026-10-19,SELL,142.0,1684.38,676.22,238505.74
4142,43,60,2026-10-19,SELL,1010.0,413.22,445.03,416907.17
4143,44,12,2026-10-19,BUY,279.0,1584.97,1212.81,-443419.44
4144,45,14,2026-10-19,DIVIDEND,0.0,0.0,0.0,14382.64
4145,48,26,2026-10-19,BUY,51.0,3038.27,412.62,-155364.39
4146,48,54,2026-10-19,BUY,1958.0,121.2,200.93,-237510.53
4147,49,22,2026-10-19,SELL,1075.0,105.55,74.05,113392.2
4148,49,41,2026-10-19,BUY,55.0,4529.72,715.42,-249850.02
4149,49,73,2026-10-19,BUY,372.0,895.8,697.07,-333934.67
4150,49,80,2026-10-19,SELL,114.0,953.55,292.47,108412.23
4151,3,78,2026-10-20,SELL,1.0,1527.24,2.31,1524.93
4152,4,66,2026-10-20,BUY,249.0,1349.97,881.86,-337024.39
4153,5,58,2026-10-20,SELL,952.0,185.23,253.33,176085.63
4154,8,14,2026-10-20,SELL,13.0,737.62,5.81,9583.25
4155,16,100,2026-10-20,SELL,5.0,4048.76,17.45,20226.35
4156,24,47,2026-10-20,SELL,48.0,1017.38,94.22,48740.02
4157,37,15,2026-10-20,DIVIDEND,0.0,0.0,0.0,2210.09
4158,39,21,2026-10-20,BUY,696.0,326.63,447.83,-227782.31
4159,42,86,2026-10-20,DIVIDEND,0.0,0.0,0.0,392.21
4160,43,62,2026-10-20,SELL,35.0,2561.1,242.25,89396.25
4161,46,20,2026-10-20,BUY,240.0,602.95,218.45,-144926.45
4162,46,95,2026-10-20,BUY,121.0,1320.72,446.37,-160253.49
4163,49,89,2026-10-20,BUY,895.0,319.32,241.26,-286032.66
4164,1,24,2026-10-21,DIVIDEND,0.0,0.0,0.0,1548.04
4165,2,9,2026-10-21,DIVIDEND,0.0,0.0,0.0,3903.64
4166,15,71,2026-10-21,DIVIDEND,0.0,0.0,0.0,9375.59
4167,22,34,2026-10-21,BUY,653.0,817.54,305.89,-534159.51
4168,23,10,2026-10-21,DIVIDEND,0.0,0.0,0.0,386.49
4169,24,14,2026-10-21,SELL,171.0,749.32,149.7,127984.02
4170,24,67,2026-10-21,SELL,390.0,363.48,179.6,141577.6
4171,31,33,2026-10-21,SELL,243.0,1265.37,718.54,306766.37
4172,32,80,2026-10-21,SELL,92.0,979.23,149.41,89939.75
4173,34,57,2026-10-21,BUY,2765.0,427.18,2447.65,-1183600.35
4174,36,28,2026-10-21,BUY,155.0,1684.0,261.8,-261281.8
4175,39,98,2026-10-21,BUY,1538.0,370.06,601.45,-569753.73
4176,41,41,2026-10-21,BUY,34.0,4437.89,351.22,-151239.48
4177,42,33,2026-10-21,SELL,17.0,1265.37,33.57,21477.72
4178,43,15,2026-10-21,BUY,780.0,584.3,427.65,-456181.65
4179,44,10,2026-10-21,DIVIDEND,0.0,0.0,0.0,6021.05
4180,45,47,2026-10-21,SELL,16.0,999.57,25.57,15967.55
4181,46,28,2026-10-21,SELL,174.0,1684.0,284.69,292731.31
4182,48,91,2026-10-21,SELL,1.0,742.13,0.55,741.58
4183,4,79,2026-10-22,BUY,610.0,382.73,590.49,-234055.79
4184,4,93,2026-10-22,SELL,120.0,2548.74,845.93,305002.87
4185,5,92,2026-10-22,DIVIDEND,0.0,0.0,0.0,4108.84
4186,6,35,2026-10-22,BUY,3002.0,152.33,1274.9,-458569.56
4187,13,66,2026-10-22,DIVIDEND,0.0,0.0,0.0,13728.79
4188,15,52,2026-10-22,BUY,370.0,1096.81,1081.73,-406901.43
4189,24,48,2026-10-22,BUY,953.0,161.6,178.33,-154183.13
4190,24,89,2026-10-22,BUY,1325.0,318.99,767.37,-423429.12
4191,26,18,2026-10-22,BUY,2557.0,215.49,591.22,-551599.15
4192,28,62,2026-10-22,SELL,233.0,2565.7,996.77,596811.33
4193,31,70,2026-10-22,BUY,562.0,900.25,1135.19,-507075.69
4194,35,70,2026-10-22,SELL,868.0,900.25,1042.72,780374.28
4195,38,50,2026-10-22,DIVIDEND,0.0,0.0,0.0,3717.97
4196,39,16,2026-10-22,BUY,255.0,560.31,128.33,-143007.38
4197,39,80,2026-10-22,SELL,1.0,980.85,2.39,978.46
4198,43,9,2026-10-22,DIVIDEND,0.0,0.0,0.0,279.51
4199,46,13,2026-10-22,DIVIDEND,0.0,0.0,0.0,7010.19
4200,46,14,2026-10-22,BUY,272.0,730.38,567.34,-199230.7
4201,48,15,2026-10-22,BUY,469.0,577.08,151.08,-270801.6
4202,48,26,2026-10-22,BUY,37.0,3210.51,288.73,-119077.6
4203,48,54,2026-10-22,DIVIDEND,0.0,0.0,0.0,3610.84
4204,48,63,2026-10-22,SELL,94.0,115.38,13.63,10832.09
4205,49,22,2026-10-22,SELL,223.0,108.47,25.69,24163.12
4206,50,5,2026-10-22,BUY,1168.0,940.73,2111.88,-1100884.52
4207,50,61,2026-10-22,DIVIDEND,0.0,0.0,0.0,4638.53
4208,3,37,2026-10-23,SELL,383.0,3042.85,2582.66,1162828.89
4209,8,43,2026-10-23,SELL,2139.0,396.21,1127.67,846365.52
4210,17,47,2026-10-23,BUY,383.0,923.35,191.86,-353834.91
4211,17,62,2026-10-23,BUY,47.0,2533.05,106.91,-119160.26
4212,18,85,2026-10-23,SELL,3.0,616.98,2.69,1848.25
4213,32,99,2026-10-23,DIVIDEND,0.0,0.0,0.0,2667.96
4214,34,71,2026-10-23,DIVIDEND,0.0,0.0,0.0,10341.53
4215,34,92,2026-10-23,BUY,5720.0,181.29,870.43,-1037849.23
4216,35,42,2026-10-23,BUY,40.0,4348.78,136.04,-174087.24
4217,36,77,2026-10-23,BUY,213.0,748.68,464.35,-159933.19
4218,39,15,2026-10-23,DIVIDEND,0.0,0.0,0.0,1453.32
4219,39,47,2026-10-23,SELL,30.0,923.35,23.88,27676.62
4220,41,57,2026-10-23,SELL,566.0,417.45,277.92,235998.78
4221,45,9,2026-10-23,SELL,11.0,1853.3,31.96,20354.34
4222,45,51,2026-10-23,SELL,1.0,1712.43,4.49,1707.94
4223,45,73,2026-10-23,SELL,576.0,961.24,751.56,552922.68
4224,48,18,2026-10-23,DIVIDEND,0.0,0.0,0.0,1625.11
4225,48,26,2026-10-23,SELL,99.0,3196.08,200.6,316211.32
4226,48,28,2026-10-23,BUY,151.0,1645.43,262.59,-248722.52
4227,48,43,2026-10-23,BUY,1096.0,396.21,1184.77,-435430.93
4228,49,51,2026-10-23,BUY,182.0,1712.43,175.73,-311837.99
4229,49,77,2026-10-23,SELL,11.0,748.68,12.48,8223.0
4230,49,80,2026-10-23,SELL,91.0,1005.85,59.37,91472.98
4231,2,13,2026-10-26,SELL,2337.0,186.65,381.72,435819.33
4232,3,60,2026-10-26,BUY,184.0,461.87,185.7,-85169.78
4233,5,95,2026-10-26,SELL,23.0,1320.54,64.99,30307.43
4234,8,14,2026-10-26,SELL,21.0,760.45,11.4,15958.05
4235,8,41,2026-10-26,SELL,79.0,4671.08,1085.7,367929.62
4236,10,98,2026-10-26,SELL,103.0,360.32,74.79,37038.17
4237,19,66,2026-10-26,BUY,433.0,1384.22,817.2,-600184.46
4238,20,40,2026-10-26,BUY,1106.0,443.71,296.12,-491039.38
4239,22,19,2026-10-26,DIVIDEND,0.0,0.0,0.0,20047.99
4240,28,53,2026-10-26,BUY,701.0,126.69,242.71,-89052.4
4241,30,17,2026-10-26,BUY,79.0,2651.92,296.59,-209798.27
4242,31,90,2026-10-26,BUY,597.0,645.28,971.86,-386204.02
4243,36,41,2026-10-26,BUY,61.0,4671.08,798.32,-285734.2
4244,39,51,2026-10-26,BUY,89.0,1656.77,403.25,-147855.78
4245,39,51,2026-10-26,BUY,252.0,1656.77,346.95,-417852.99
4246,41,8,2026-10-26,SELL,343.0,713.07,697.58,243885.43
4247,41,55,2026-10-26,SELL,181.0,1248.52,495.62,225486.5
4248,42,33,2026-10-26,BUY,165.0,1235.39,426.9,-204266.25
4249,45,53,2026-10-26,SELL,2000.0,126.69,286.03,253093.97
4250,47,82,2026-10-26,SELL,525.0,651.69,591.35,341545.9
4251,10,34,2026-10-27,DIVIDEND,0.0,0.0,0.0,604.19
4252,14,5,2026-10-27,DIVIDEND,0.0,0.0,0.0,5628.8
4253,20,42,2026-10-27,DIVIDEND,0.0,0.0,0.0,9257.44
4254,24,26,2026-10-27,DIVIDEND,0.0,0.0,0.0,517.33
4255,26,33,2026-10-27,DIVIDEND,0.0,0.0,0.0,9667.31
4256,27,52,2026-10-27,BUY,524.0,1104.69,317.34,-579174.9
4257,27,76,2026-10-27,BUY,209.0,1905.72,1090.79,-399386.27
4258,34,71,2026-10-27,BUY,394.0,1238.76,1092.67,-489164.11
4259,41,55,2026-10-27,SELL,248.0,1279.95,306.19,317121.41
4260,45,25,2026-10-27,BUY,154.0,2185.46,228.96,-336789.8
4261,46,11,2026-10-27,BUY,97.0,2624.1,267.5,-254805.2
4262,47,70,2026-10-27,BUY,438.0,912.94,515.43,-400383.15
4263,48,63,2026-10-27,SELL,2.0,115.0,0.23,229.77
4264,49,77,2026-10-27,BUY,188.0,734.45,96.38,-138172.98
4265,1,3,2026-10-28,BUY,231.0,2368.69,399.82,-547567.21
4266,4,50,2026-10-28,BUY,611.0,492.92,450.37,-301624.49
4267,5,92,2026-10-28,DIVIDEND,0.0,0.0,0.0,3142.03
4268,16,38,2026-10-28,DIVIDEND,0.0,0.0,0.0,2840.24
4269,28,60,2026-10-28,SELL,1937.0,491.99,1966.5,951018.13
4270,31,3,2026-10-28,BUY,100.0,2368.69,136.27,-237005.27
4271,39,64,2026-10-28,BUY,336.0,1475.36,487.42,-496208.38
4272,39,98,2026-10-28,SELL,1483.0,359.53,1230.82,531952.17
4273,43,6,2026-10-28,SELL,43.0,3629.04,286.7,155762.02
4274,43,46,2026-10-28,BUY,1058.0,363.04,1032.13,-385128.45
4275,43,62,2026-10-28,SELL,2.0,2729.59,5.04,5454.14
4276,45,73,2026-10-28,SELL,145.0,902.11,212.89,130593.06
4277,48,63,2026-10-28,BUY,779.0,115.15,150.91,-89852.76
4278,50,100,2026-10-28,BUY,160.0,3929.17,1193.83,-629861.03
4279,4,77,2026-10-29,SELL,738.0,718.73,969.13,529453.61
4280,7,28,2026-10-29,DIVIDEND,0.0,0.0,0.0,7843.31
4281,12,12,2026-10-29,BUY,176.0,1520.82,172.51,-267836.83
4282,13,49,2026-10-29,SELL,200.0,1634.87,257.82,326716.18
4283,25,96,2026-10-29,DIVIDEND,0.0,0.0,0.0,7707.9
4284,26,33,2026-10-29,BUY,323.0,1267.49,533.73,-409933.0
4285,27,42,2026-10-29,SELL,114.0,4334.28,931.98,493175.94
4286,27,82,2026-10-29,DIVIDEND,0.0,0.0,0.0,9261.51
4287,30,17,2026-10-29,BUY,196.0,2604.59,1140.2,-511639.84
4288,36,77,2026-10-29,DIVIDEND,0.0,0.0,0.0,1543.9
4289,36,86,2026-10-29,BUY,2042.0,143.18,799.85,-293173.41
4290,39,51,2026-10-29,SELL,544.0,1681.95,669.59,914311.21
4291,41,24,2026-10-29,SELL,1382.0,394.62,1402.54,543962.3
4292,42,96,2026-10-29,DIVIDEND,0.0,0.0,0.0,3162.01
4293,43,85,2026-10-29,SELL,7.0,589.27,8.16,4116.73
4294,44,10,2026-10-29,SELL,2843.0,226.39,436.11,643190.66
4295,46,17,2026-10-29,SELL,14.0,2604.59,63.41,36400.85
4296,47,33,2026-10-29,BUY,286.0,1267.49,519.51,-363021.65
4297,48,14,2026-10-29,BUY,576.0,703.83,896.0,-406302.08
4298,49,51,2026-10-29,SELL,346.0,1681.95,929.47,581025.23
4299,49,77,2026-10-29,SELL,130.0,718.73,200.96,93233.94
4300,50,100,2026-10-29,BUY,119.0,3920.09,283.58,-466774.29
4301,17,47,2026-10-30,SELL,331.0,829.11,144.71,274290.7
4302,18,16,2026-10-30,SELL,348.0,550.96,449.46,191284.62
4303,18,60,2026-10-30,DIVIDEND,0.0,0.0,0.0,1112.13
4304,20,40,2026-10-30,BUY,1338.0,441.63,1408.86,-592309.8
4305,24,47,2026-10-30,SELL,8.0,829.11,12.93,6619.95
4306,30,83,2026-10-30,BUY,2460.0,212.08,961.82,-522678.62
4307,32,34,2026-10-30,BUY,517.0,799.12,347.89,-413492.93
4308,33,46,2026-10-30,BUY,762.0,366.96,765.09,-280388.61
4309,34,72,2026-10-30,BUY,791.0,1243.15,1645.93,-984977.58
4310,35,50,2026-10-30,DIVIDEND,0.0,0.0,0.0,6109.35
4311,37,60,2026-10-30,BUY,534.0,482.81,242.82,-258063.36
4312,39,51,2026-10-30,BUY,340.0,1760.85,773.77,-599462.77
4313,44,12,2026-10-30,SELL,259.0,1517.43,1021.17,391993.2
4314,49,51,2026-10-30,SELL,208.0,1760.85,458.76,365798.04
4315,18,57,2026-11-02,DIVIDEND,0.0,0.0,0.0,2365.12
4316,19,61,2026-11-02,BUY,1730.0,306.49,1300.35,-531528.05
4317,25,13,2026-11-02,BUY,1445.0,190.21,742.17,-275595.62
4318,28,62,2026-11-02,SELL,137.0,2867.48,1087.79,391756.97
4319,28,84,2026-11-02,BUY,3624.0,159.16,675.29,-577471.13
4320,36,16,2026-11-02,SELL,46.0,570.83,41.95,26216.23
4321,36,85,2026-11-02,SELL,322.0,592.83,408.85,190482.41
4322,37,1,2026-11-02,SELL,234.0,400.32,182.26,93492.62
4323,39,64,2026-11-02,SELL,402.0,1408.17,464.61,565619.73
4324,41,9,2026-11-02,DIVIDEND,0.0,0.0,0.0,2867.68
4325,41,31,2026-11-02,DIVIDEND,0.0,0.0,0.0,2115.99
4326,41,55,2026-11-02,SELL,88.0,1339.4,332.52,117534.68
4327,45,9,2026-11-02,SELL,9.0,1763.65,20.48,15852.37
4328,45,54,2026-11-02,BUY,4420.0,121.43,1565.0,-538285.6
4329,48,14,2026-11-02,SELL,573.0,677.61,300.04,387970.49
4330,49,51,2026-11-02,SELL,4.0,1691.29,5.67,6759.49
4331,49,63,2026-11-02,SELL,4415.0,113.86,1422.18,501269.72
4332,49,63,2026-11-02,SELL,1002.0,113.86,68.36,114019.36
4333,50,87,2026-11-02,SELL,1158.0,165.58,373.47,191368.17
4334,2,38,2026-11-03,BUY,1710.0,170.36,772.78,-292088.38
4335,3,22,2026-11-03,SELL,474.0,110.26,122.84,52140.4
4336,4,50,2026-11-03,SELL,533.0,483.25,501.74,257070.51
4337,7,98,2026-11-03,BUY,369.0,382.49,150.76,-141289.57
4338,8,41,2026-11-03,SELL,46.0,4344.69,256.66,199599.08
4339,9,70,2026-11-03,SELL,1814.0,917.77,4488.76,1660346.02
4340,16,18,2026-11-03,BUY,1207.0,228.24,479.34,-275965.02
4341,24,91,2026-11-03,SELL,275.0,861.01,564.06,236213.69
4342,27,75,2026-11-03,BUY,275.0,651.45,459.55,-179608.3
4343,31,25,2026-11-03,DIVIDEND,0.0,0.0,0.0,3672.35
4344,35,70,2026-11-03,SELL,270.0,917.77,565.14,247232.76
4345,40,13,2026-11-03,DIVIDEND,0.0,0.0,0.0,18680.37
4346,40,72,2026-11-03,BUY,344.0,1235.54,817.97,-425843.73
4347,41,9,2026-11-03,DIVIDEND,0.0,0.0,0.0,5247.21
4348,43,81,2026-11-03,BUY,751.0,636.21,1164.29,-478958.0
4349,45,47,2026-11-03,SELL,11.0,840.58,24.63,9221.75
4350,45,51,2026-11-03,BUY,290.0,1661.84,795.83,-482729.43
4351,46,91,2026-11-03,BUY,229.0,861.01,452.75,-197624.04
4352,47,59,2026-11-03,BUY,2776.0,138.01,970.06,-384085.82
4353,49,73,2026-11-03,BUY,366.0,930.17,792.87,-341235.09
4354,49,77,2026-11-03,BUY,158.0,761.74,150.13,-120505.05
4355,14,100,2026-11-04,BUY,134.0,3872.78,472.77,-519425.29
4356,18,9,2026-11-04,SELL,66.0,1727.62,107.46,113915.46
4357,18,39,2026-11-04,BUY,132.0,1871.47,583.22,-247617.26
4358,23,76,2026-11-04,BUY,269.0,1859.39,305.01,-500480.92
4359,24,47,2026-11-04,SELL,2.0,846.66,1.72,1691.6
4360,28,80,2026-11-04,BUY,403.0,1135.46,1300.46,-458890.84
4361,32,14,2026-11-04,SELL,198.0,714.98,309.88,141256.16
4362,32,89,2026-11-04,BUY,1449.0,306.48,940.24,-445029.76
4363,35,69,2026-11-04,DIVIDEND,0.0,0.0,0.0,9731.68
4364,43,2,2026-11-04,BUY,689.0,759.93,1463.52,-525055.29
4365,43,8,2026-11-04,BUY,447.0,727.74,279.29,-325579.07
4366,43,67,2026-11-04,SELL,9.0,383.18,8.94,3439.68
4367,45,47,2026-11-04,SELL,1.0,846.66,2.04,844.62
4368,45,54,2026-11-04,BUY,4016.0,124.74,693.66,-501649.5
4369,47,19,2026-11-04,BUY,392.0,413.67,372.9,-162531.54
4370,48,15,2026-11-04,BUY,404.0,535.97,535.27,-217067.15
4371,48,48,2026-11-04,BUY,2833.0,156.23,712.71,-443312.3
4372,48,63,2026-11-04,BUY,2185.0,115.56,677.32,-253175.92
4373,48,63,2026-11-04,SELL,2913.0,115.56,535.59,336090.69
4374,49,41,2026-11-04,BUY,51.0,4376.48,327.36,-223527.84
4375,8,28,2026-11-05,DIVIDEND,0.0,0.0,0.0,5240.18
4376,14,46,2026-11-05,DIVIDEND,0.0,0.0,0.0,3187.58
4377,17,51,2026-11-05,BUY,207.0,1667.92,343.81,-345603.25
4378,28,85,2026-11-05,BUY,749.0,591.1,730.95,-443464.85
4379,35,76,2026-11-05,DIVIDEND,0.0,0.0,0.0,1848.47
4380,39,51,2026-11-05,SELL,277.0,1667.92,1302.03,460711.81
4381,40,72,2026-11-05,BUY,620.0,1243.59,557.24,-771583.04
4382,43,9,2026-11-05,SELL,41.0,1747.12,40.77,71591.15
4383,43,67,2026-11-05,BUY,1467.0,383.98,1329.75,-564628.41
4384,45,53,2026-11-05,SELL,42.0,126.5,3.96,5309.04
4385,45,63,2026-11-05,BUY,1231.0,113.61,302.68,-140156.59
4386,46,54,2026-11-05,SELL,1522.0,123.06,250.82,187046.5
4387,49,51,2026-11-05,BUY,139.0,1667.92,606.26,-232447.14
4388,49,79,2026-11-05,DIVIDEND,0.0,0.0,0.0,1967.04
4389,50,97,2026-11-05,DIVIDEND,0.0,0.0,0.0,3135.77
4390,2,10,2026-11-06,BUY,677.0,207.99,150.83,-140960.06
4391,3,37,2026-11-06,BUY,31.0,3140.26,162.34,-97510.4
4392,3,62,2026-11-06,BUY,140.0,2811.41,666.73,-394264.13
4393,18,54,2026-11-06,BUY,2144.0,120.11,136.78,-257652.62
4394,25,100,2026-11-06,DIVIDEND,0.0,0.0,0.0,8992.83
4395,30,17,2026-11-06,BUY,181.0,2570.99,847.65,-466196.84
4396,33,20,2026-11-06,BUY,684.0,614.11,519.32,-420570.56
4397,37,47,2026-11-06,DIVIDEND,0.0,0.0,0.0,4294.63
4398,38,50,2026-11-06,BUY,1289.0,493.48,1502.4,-637598.12
4399,39,9,2026-11-06,BUY,330.0,1749.68,590.15,-577984.55
4400,39,99,2026-11-06,SELL,61.0,5462.98,303.27,332938.51
4401,41,26,2026-11-06,SELL,222.0,3710.62,1980.33,821777.31
4402,45,73,2026-11-06,SELL,10.0,813.9,9.32,8129.68
4403,47,64,2026-11-06,BUY,399.0,1438.01,599.76,-574365.75
4404,48,18,2026-11-06,BUY,535.0,228.77,199.68,-122591.63
4405,48,18,2026-11-06,SELL,1432.0,228.77,224.83,327373.81
4406,48,26,2026-11-06,SELL,37.0,3710.62,104.39,137188.55
4407,48,48,2026-11-06,BUY,2303.0,157.15,1033.32,-362949.77
4408,49,62,2026-11-06,SELL,90.0,2811.41,633.52,252393.38
4409,49,89,2026-11-06,SELL,2859.0,297.63,1572.34,849351.83
4410,7,25,2026-11-09,SELL,162.0,2179.49,1054.99,352022.39
4411,10,92,2026-11-09,SELL,1835.0,174.39,357.01,319648.64
4412,20,83,2026-11-09,DIVIDEND,0.0,0.0,0.0,5208.58
4413,24,48,2026-11-09,SELL,831.0,164.1,313.16,136053.94
4414,26,17,2026-11-09,DIVIDEND,0.0,0.0,0.0,3595.05
4415,28,56,2026-11-09,BUY,78.0,2197.81,424.52,-171853.7
4416,31,31,2026-11-09,DIVIDEND,0.0,0.0,0.0,2710.89
4417,35,1,2026-11-09,BUY,1156.0,401.7,470.01,-464835.21
4418,37,17,2026-11-09,DIVIDEND,0.0,0.0,0.0,1463.82
4419,41,36,2026-11-09,BUY,563.0,616.29,383.1,-347354.37
4420,43,2,2026-11-09,BUY,333.0,774.73,727.82,-258712.91
4421,43,69,2026-11-09,BUY,65.0,3804.79,462.36,-247773.71
4422,44,83,2026-11-09,BUY,1275.0,226.79,703.43,-289860.68
4423,46,20,2026-11-09,SELL,169.0,619.07,210.54,104412.29
4424,48,43,2026-11-09,BUY,793.0,369.08,537.97,-293218.41
4425,48,53,2026-11-09,SELL,934.0,124.56,73.21,116265.83
4426,48,54,2026-11-09,SELL,2703.0,120.46,514.12,325089.26
4427,48,63,2026-11-09,SELL,37.0,114.27,8.39,4219.6
4428,49,79,2026-11-09,BUY,994.0,414.98,597.41,-413087.53
4429,49,89,2026-11-09,BUY,633.0,303.43,523.3,-192594.49
4430,3,62,2026-11-10,BUY,137.0,2819.92,496.51,-386825.55
4431,4,93,2026-11-10,BUY,87.0,2639.08,562.49,-230162.45
4432,12,38,2026-11-10,BUY,996.0,168.55,266.89,-168142.69
4433,20,93,2026-11-10,BUY,206.0,2639.08,1630.05,-545280.53
4434,23,3,2026-11-10,BUY,208.0,2445.39,1298.57,-509939.69
4435,26,39,2026-11-10,BUY,164.0,1909.82,497.38,-313707.86
4436,28,53,2026-11-10,SELL,284.0,123.03,60.94,34879.58
4437,32,26,2026-11-10,SELL,70.0,3444.34,166.82,240936.98
4438,34,68,2026-11-10,DIVIDEND,0.0,0.0,0.0,12233.37
4439,39,16,2026-11-10,SELL,445.0,507.16,301.54,225384.66
4440,39,51,2026-11-10,SELL,70.0,1735.64,65.63,121429.17
4441,39,79,2026-11-10,SELL,1403.0,412.92,644.53,578682.23
4442,43,1,2026-11-10,SELL,36.0,400.39,19.93,14394.11
4443,43,74,2026-11-10,BUY,398.0,1190.24,478.64,-474194.16
4444,46,38,2026-11-10,SELL,2649.0,168.55,1226.47,445262.48
4445,46,91,2026-11-10,BUY,328.0,853.03,757.74,-280551.58
4446,48,15,2026-11-10,DIVIDEND,0.0,0.0,0.0,3362.1
4447,49,51,2026-11-10,BUY,173.0,1735.64,688.74,-300954.46
4448,49,80,2026-11-10,SELL,4.0,1211.45,8.51,4837.29
4449,2,5,2026-11-11,SELL,432.0,936.84,424.39,404290.49
4450,6,37,2026-11-11,BUY,167.0,3013.29,1157.36,-504376.79
4451,8,28,2026-11-11,BUY,161.0,1876.78,343.54,-302505.12
4452,13,68,2026-11-11,SELL,340.0,221.99,96.36,75380.24
4453,18,74,2026-11-11,DIVIDEND,0.0,0.0,0.0,1308.06
4454,27,52,2026-11-11,BUY,242.0,1121.36,571.72,-271940.84
4455,28,60,2026-11-11,BUY,304.0,483.91,312.95,-147421.59
4456,30,17,2026-11-11,SELL,293.0,2556.24,626.4,748351.92
4457,30,78,2026-11-11,BUY,342.0,1584.0,770.19,-542498.19
4458,35,75,2026-11-11,SELL,303.0,655.32,579.7,197982.26
4459,39,79,2026-11-11,SELL,315.0,417.5,171.62,131340.88
4460,41,36,2026-11-11,BUY,503.0,641.2,214.23,-322737.83
4461,41,39,2026-11-11,DIVIDEND,0.0,0.0,0.0,1026.27
4462,41,91,2026-11-11,BUY,263.0,837.98,637.33,-221026.07
4463,44,12,2026-11-11,DIVIDEND,0.0,0.0,0.0,3543.32
4464,46,17,2026-11-11,SELL,7.0,2556.24,20.67,17873.01
4465,46,95,2026-11-11,DIVIDEND,0.0,0.0,0.0,4465.77
4466,47,57,2026-11-11,SELL,245.0,442.36,143.86,108234.34
4467,47,70,2026-11-11,BUY,652.0,934.81,1000.83,-610496.95
4468,49,51,2026-11-11,BUY,136.0,1772.58,563.78,-241634.66
4469,1,17,2026-11-12,DIVIDEND,0.0,0.0,0.0,4151.68
4470,9,42,2026-11-12,DIVIDEND,0.0,0.0,0.0,2222.06
4471,17,51,2026-11-12,SELL,385.0,1791.67,921.68,688871.27
4472,20,32,2026-11-12,SELL,828.0,894.9,1973.19,739004.01
4473,24,91,2026-11-12,BUY,125.0,799.94,297.96,-100290.46
4474,25,66,2026-11-12,BUY,193.0,1327.69,333.59,-256577.76
4475,26,33,2026-11-12,BUY,350.0,1192.59,965.37,-418371.87
4476,38,11,2026-11-12,BUY,200.0,2615.62,1446.38,-524570.38
4477,44,12,2026-11-12,BUY,180.0,1608.94,418.43,-290027.63
4478,44,90,2026-11-12,BUY,317.0,610.95,178.4,-193849.55
4479,48,15,2026-11-12,BUY,420.0,538.21,403.46,-226451.66
4480,48,54,2026-11-12,SELL,35.0,119.13,9.42,4160.13
4481,50,92,2026-11-12,BUY,4617.0,177.6,1927.14,-821906.34
4482,6,37,2026-11-13,DIVIDEND,0.0,0.0,0.0,5624.74
4483,15,86,2026-11-13,BUY,4381.0,151.81,602.08,-665681.69
4484,24,14,2026-11-13,SELL,24.0,726.7,9.25,17431.55
4485,31,53,2026-11-13,DIVIDEND,0.0,0.0,0.0,7208.76
4486,32,84,2026-11-13,BUY,1380.0,157.41,488.95,-217714.75
4487,32,85,2026-11-13,SELL,322.0,575.47,499.29,184802.05
4488,38,49,2026-11-13,BUY,680.0,1690.37,1940.42,-1151392.02
4489,43,2,2026-11-13,BUY,397.0,786.02,806.79,-312856.73
4490,43,6,2026-11-13,SELL,10.0,3521.96,26.37,35193.23
4491,43,15,2026-11-13,BUY,984.0,543.33,1273.56,-535910.28
4492,43,69,2026-11-13,BUY,27.0,3770.22,276.84,-102072.78
4493,43,85,2026-11-13,SELL,2.0,575.47,2.84,1148.1
4494,46,36,2026-11-13,BUY,305.0,659.39,293.6,-201407.55
4495,48,63,2026-11-13,SELL,11.0,110.51,2.22,1213.39
4496,48,63,2026-11-13,BUY,2403.0,110.51,181.81,-265737.34
4497,49,62,2026-11-13,SELL,35.0,2744.66,97.65,95965.45
4498,49,79,2026-11-13,BUY,704.0,452.65,297.02,-318962.62
4499,7,8,2026-11-16,DIVIDEND,0.0,0.0,0.0,26393.42
4500,20,71,2026-11-16,BUY,335.0,1243.37,589.22,-417118.17
4501,24,47,2026-11-16,BUY,303.0,891.83,245.08,-270469.57
4502,26,43,2026-11-16,BUY,724.0,377.45,262.83,-273536.63
4503,26,64,2026-11-16,SELL,259.0,1575.82,583.01,407554.37
4504,28,53,2026-11-16,BUY,1768.0,120.03,197.33,-212410.37
4505,28,98,2026-11-16,SELL,547.0,378.12,439.42,206392.22
4506,34,72,2026-11-16,BUY,413.0,1270.67,758.59,-525545.3
4507,37,89,2026-11-16,BUY,1508.0,308.23,814.06,-465624.9
4508,43,81,2026-11-16,SELL,827.0,605.64,353.21,500511.07
4509,45,22,2026-11-16,DIVIDEND,0.0,0.0,0.0,1236.93
4510,45,47,2026-11-16,BUY,204.0,891.83,515.54,-182448.86
4511,45,51,2026-11-16,BUY,258.0,1729.77,766.2,-447046.86
4512,45,54,2026-11-16,SELL,7355.0,117.72,1038.53,864792.07
4513,48,14,2026-11-16,DIVIDEND,0.0,0.0,0.0,1675.21
4514,48,16,2026-11-16,BUY,312.0,479.75,371.31,-150053.31
4515,48,53,2026-11-16,SELL,554.0,120.03,96.19,66400.43
4516,48,63,2026-11-16,BUY,3077.0,110.75,429.47,-341207.22
4517,49,69,2026-11-16,BUY,24.0,3821.58,161.81,-91879.73
4518,49,77,2026-11-16,BUY,206.0,743.46,345.75,-153498.51
4519,1,27,2026-11-17,BUY,296.0,1526.1,684.04,-452409.64
4520,6,68,2026-11-17,BUY,1219.0,220.72,207.31,-269264.99
4521,7,25,2026-11-17,BUY,92.0,2319.23,484.24,-213853.4
4522,8,10,2026-11-17,SELL,29.0,200.75,4.75,5817.0
4523,10,92,2026-11-17,BUY,1218.0,176.05,631.73,-215060.63
4524,20,88,2026-11-17,SELL,511.0,248.57,200.86,126818.41
4525,24,26,2026-11-17,SELL,21.0,3271.93,88.25,68622.28
4526,27,97,2026-11-17,BUY,797.0,778.26,1532.0,-621805.22
4527,28,85,2026-11-17,DIVIDEND,0.0,0.0,0.0,3621.37
4528,30,78,2026-11-17,BUY,219.0,1628.31,179.04,-356778.93
4529,37,10,2026-11-17,BUY,2189.0,200.75,845.13,-440286.88
4530,37,62,2026-11-17,BUY,150.0,2757.35,639.37,-414241.87
4531,39,21,2026-11-17,SELL,384.0,355.21,159.53,136241.11
4532,40,13,2026-11-17,DIVIDEND,0.0,0.0,0.0,8659.17
4533,41,31,2026-11-17,BUY,60.0,2240.72,156.02,-134599.22
4534,45,25,2026-11-17,BUY,133.0,2319.23,163.59,-308621.18
4535,45,80,2026-11-17,BUY,64.0,1279.78,92.34,-81998.26
4536,45,80,2026-11-17,SELL,572.0,1279.78,2083.86,729950.3
4537,48,53,2026-11-17,SELL,134.0,123.22,28.13,16483.35
4538,49,79,2026-11-17,BUY,294.0,445.92,163.48,-131263.96
4539,2,51,2026-11-18,SELL,360.0,1660.68,1402.85,596441.95
4540,3,73,2026-11-18,BUY,98.0,770.22,154.73,-75636.29
4541,8,60,2026-11-18,SELL,168.0,500.63,217.46,83888.38
4542,12,43,2026-11-18,BUY,723.0,381.99,808.85,-276987.62
4543,17,80,2026-11-18,BUY,100.0,1329.93,243.41,-133236.41
4544,24,14,2026-11-18,BUY,347.0,724.43,210.66,-251587.87
4545,24,67,2026-11-18,BUY,597.0,344.45,401.07,-206037.72
4546,29,97,2026-11-18,DIVIDEND,0.0,0.0,0.0,9428.64
4547,32,34,2026-11-18,BUY,359.0,790.54,286.57,-284090.43
4548,33,44,2026-11-18,BUY,2175.0,101.91,167.41,-221821.66
4549,37,15,2026-11-18,BUY,757.0,534.13,1198.62,-405535.03
4550,39,21,2026-11-18,SELL,274.0,354.64,253.96,96917.4
4551,40,75,2026-11-18,BUY,734.0,649.31,1170.75,-477764.29
4552,41,36,2026-11-18,BUY,547.0,674.96,763.97,-369967.09
4553,43,69,2026-11-18,SELL,60.0,4009.85,563.47,240027.53
4554,43,74,2026-11-18,BUY,505.0,1167.84,857.53,-590616.73
4555,47,55,2026-11-18,BUY,441.0,1291.35,703.36,-570188.71
4556,47,57,2026-11-18,SELL,319.0,435.37,223.9,138659.13
4557,47,59,2026-11-18,BUY,3858.0,138.9,1269.89,-537146.09
4558,50,100,2026-11-18,BUY,235.0,3839.16,2704.75,-904907.35
4559,1,7,2026-11-19,DIVIDEND,0.0,0.0,0.0,7265.11
4560,5,1,2026-11-19,DIVIDEND,0.0,0.0,0.0,1640.69
4561,5,55,2026-11-19,BUY,253.0,1296.22,483.76,-328427.42
4562,6,12,2026-11-19,BUY,322.0,1576.16,550.42,-508073.94
4563,10,57,2026-11-19,DIVIDEND,0.0,0.0,0.0,1229.59
4564,12,17,2026-11-19,BUY,155.0,2537.18,263.98,-393526.88
4565,16,94,2026-11-19,BUY,381.0,1017.22,537.07,-388097.89
4566,17,63,2026-11-19,BUY,2921.0,113.97,520.8,-333427.17
4567,18,41,2026-11-19,DIVIDEND,0.0,0.0,0.0,4710.03
4568,21,59,2026-11-19,SELL,3249.0,137.93,1166.19,446968.38
4569,28,51,2026-11-19,BUY,161.0,1608.31,171.22,-259109.13
4570,37,52,2026-11-19,BUY,158.0,1094.06,336.29,-173197.77
4571,41,23,2026-11-19,DIVIDEND,0.0,0.0,0.0,501.95
4572,43,65,2026-11-19,SELL,1844.0,195.91,670.83,360587.21
4573,43,67,2026-11-19,SELL,1229.0,341.18,274.95,419035.27
4574,45,63,2026-11-19,BUY,5054.0,113.97,1437.58,-577441.96
4575,46,63,2026-11-19,BUY,3440.0,113.97,319.85,-392376.65
4576,47,52,2026-11-19,SELL,147.0,1094.06,104.09,160722.73
4577,48,16,2026-11-19,BUY,383.0,492.75,497.01,-189220.26
4578,48,18,2026-11-19,DIVIDEND,0.0,0.0,0.0,105.46
4579,48,26,2026-11-19,BUY,48.0,3363.84,387.43,-161851.75
4580,48,43,2026-11-19,SELL,1585.0,377.35,631.94,597467.81
4581,48,54,2026-11-19,SELL,18.0,115.92,2.24,2084.32
4582,48,63,2026-11-19,BUY,3380.0,113.97,657.04,-385875.64
4583,49,63,2026-11-19,SELL,403.0,113.97,70.75,45859.16
4584,49,89,2026-11-19,SELL,2790.0,314.07,1034.8,875220.5
4585,3,8,2026-11-20,BUY,284.0,817.3,313.72,-232426.92
4586,18,85,2026-11-20,SELL,2.0,552.5,1.34,1103.66
4587,20,96,2026-11-20,SELL,373.0,177.88,34.01,66315.23
4588,28,15,2026-11-20,BUY,1080.0,501.57,1285.24,-542980.84
4589,28,29,2026-11-20,SELL,144.0,2306.98,630.59,331574.53
4590,33,46,2026-11-20,SELL,216.0,359.86,203.13,77526.63
4591,36,23,2026-11-20,DIVIDEND,0.0,0.0,0.0,1119.12
4592,39,51,2026-11-20,BUY,102.0,1634.23,121.88,-166813.34
4593,39,64,2026-11-20,SELL,113.0,1605.24,270.55,181121.57
4594,41,39,2026-11-20,DIVIDEND,0.0,0.0,0.0,729.86
4595,42,86,2026-11-20,BUY,1910.0,165.93,407.72,-317334.02
4596,44,90,2026-11-20,BUY,251.0,642.42,118.02,-161365.44
4597,46,54,2026-11-20,BUY,1036.0,118.14,278.97,-122672.01
4598,49,41,2026-11-20,BUY,86.0,4291.36,706.55,-369763.51
4599,49,62,2026-11-20,SELL,7.0,2704.12,51.35,18877.49
4600,4,66,2026-11-23,BUY,383.0,1288.15,1218.97,-494580.42
4601,5,19,2026-11-23,DIVIDEND,0.0,0.0,0.0,686.16
4602,14,78,2026-11-23,DIVIDEND,0.0,0.0,0.0,3888.59
4603,16,24,2026-11-23,SELL,613.0,357.33,420.5,218622.79
4604,17,73,2026-11-23,BUY,345.0,782.86,564.53,-270651.23
4605,17,84,2026-11-23,BUY,668.0,166.11,262.94,-111224.42
4606,18,60,2026-11-23,BUY,208.0,498.84,174.67,-103933.39
4607,21,13,2026-11-23,BUY,2714.0,209.19,1048.81,-568790.47
4608,23,3,2026-11-23,DIVIDEND,0.0,0.0,0.0,5454.83
4609,28,16,2026-11-23,SELL,699.0,506.2,320.25,353513.55
4610,28,56,2026-11-23,SELL,59.0,2043.78,180.66,120402.36
4611,28,62,2026-11-23,SELL,30.0,2740.51,149.57,82065.73
4612,29,66,2026-11-23,DIVIDEND,0.0,0.0,0.0,2590.47
4613,30,12,2026-11-23,DIVIDEND,0.0,0.0,0.0,6256.36
4614,30,98,2026-11-23,DIVIDEND,0.0,0.0,0.0,2890.94
4615,36,91,2026-11-23,SELL,486.0,794.27,858.23,385156.99
4616,39,16,2026-11-23,SELL,31.0,506.2,12.21,15679.99
4617,39,51,2026-11-23,BUY,103.0,1605.52,322.69,-165691.25
4618,39,51,2026-11-23,SELL,130.0,1605.52,271.77,208445.83
4619,39,99,2026-11-23,BUY,92.0,5892.73,594.89,-542726.05
4620,43,74,2026-11-23,SELL,450.0,1160.59,877.36,521388.14
4621,45,51,2026-11-23,BUY,365.0,1605.52,1427.6,-587442.4
4622,47,58,2026-11-23,BUY,1469.0,186.17,642.72,-274126.45
4623,47,93,2026-11-23,DIVIDEND,0.0,0.0,0.0,12329.08
4624,48,18,2026-11-23,BUY,1699.0,210.57,373.18,-358131.61
4625,48,26,2026-11-23,BUY,19.0,3265.31,51.69,-62092.58
4626,48,53,2026-11-23,SELL,33.0,121.1,9.89,3986.41
4627,49,89,2026-11-23,BUY,930.0,306.8,236.85,-285560.85
4628,1,17,2026-11-24,DIVIDEND,0.0,0.0,0.0,5807.52
4629,2,44,2026-11-24,BUY,4786.0,102.27,416.9,-489881.12
4630,11,37,2026-11-24,DIVIDEND,0.0,0.0,0.0,4580.29
4631,15,83,2026-11-24,BUY,1242.0,215.09,483.01,-267624.79
4632,24,14,2026-11-24,BUY,233.0,654.06,373.27,-152769.25
4633,30,6,2026-11-24,BUY,142.0,3635.31,820.85,-517034.87
4634,35,70,2026-11-24,SELL,475.0,947.23,853.58,449080.67
4635,39,9,2026-11-24,SELL,254.0,1851.82,1246.88,469115.4
4636,39,51,2026-11-24,DIVIDEND,0.0,0.0,0.0,1061.95
4637,39,64,2026-11-24,BUY,263.0,1619.2,519.08,-426368.68
4638,39,79,2026-11-24,BUY,873.0,451.66,1105.0,-395404.18
4639,43,8,2026-11-24,SELL,2284.0,838.46,5116.88,1909925.76
4640,43,9,2026-11-24,SELL,7.0,1851.82,22.48,12940.26
4641,46,30,2026-11-24,BUY,122.0,2062.3,215.97,-251816.57
4642,47,82,2026-11-24,SELL,229.0,663.26,236.54,151650.0
4643,48,15,2026-11-24,SELL,1364.0,481.75,680.07,656426.93
4644,49,62,2026-11-24,SELL,1.0,2716.79,6.8,2709.99
4645,49,89,2026-11-24,BUY,621.0,320.72,499.99,-199667.11
4646,1,35,2026-11-25,BUY,1408.0,138.65,178.1,-195397.3
4647,9,21,2026-11-25,BUY,1138.0,355.63,830.36,-405537.3
4648,17,99,2026-11-25,SELL,83.0,6070.15,1196.22,502626.23
4649,27,44,2026-11-25,BUY,4140.0,102.28,263.61,-423702.81
4650,27,58,2026-11-25,BUY,1838.0,187.85,687.09,-345955.39
4651,28,27,2026-11-25,SELL,124.0,1532.58,212.45,189827.47
4652,30,6,2026-11-25,DIVIDEND,0.0,0.0,0.0,15153.21
4653,32,51,2026-11-25,DIVIDEND,0.0,0.0,0.0,9085.07
4654,36,53,2026-11-25,SELL,290.0,124.62,44.52,36095.28
4655,39,51,2026-11-25,BUY,322.0,1613.36,1055.25,-520557.17
4656,41,36,2026-11-25,BUY,419.0,672.61,725.87,-282549.46
4657,41,57,2026-11-25,BUY,520.0,428.74,647.81,-223592.61
4658,43,9,2026-11-25,SELL,2.0,1833.84,2.14,3665.54
4659,44,44,2026-11-25,BUY,6192.0,102.28,768.45,-634086.21
4660,45,54,2026-11-25,SELL,3785.0,115.96,1147.7,437760.9
4661,46,37,2026-11-25,DIVIDEND,0.0,0.0,0.0,1091.55
4662,47,33,2026-11-25,DIVIDEND,0.0,0.0,0.0,5321.73
4663,48,48,2026-11-25,BUY,968.0,145.11,268.86,-140735.34
4664,50,96,2026-11-25,SELL,4049.0,176.55,808.12,714042.83
4665,6,18,2026-11-26,BUY,720.0,213.67,138.07,-153980.47
4666,6,68,2026-11-26,DIVIDEND,0.0,0.0,0.0,5577.77
4667,7,22,2026-11-26,BUY,2436.0,106.41,766.78,-259981.54
4668,7,56,2026-11-26,BUY,191.0,2091.85,228.62,-399771.97
4669,7,90,2026-11-26,BUY,682.0,627.12,779.87,-428475.71
4670,18,57,2026-11-26,SELL,1154.0,425.53,1404.27,489657.35
4671,20,65,2026-11-26,BUY,2993.0,200.05,351.09,-599100.74
4672,20,83,2026-11-26,SELL,1548.0,222.57,752.72,343785.64
4673,24,14,2026-11-26,SELL,442.0,690.64,709.6,304553.28
4674,29,92,2026-11-26,BUY,3128.0,180.4,1445.93,-565737.13
4675,33,23,2026-11-26,BUY,240.0,1101.5,396.27,-264756.27
4676,36,8,2026-11-26,DIVIDEND,0.0,0.0,0.0,5449.25
4677,36,56,2026-11-26,BUY,107.0,2091.85,184.0,-224011.95
4678,39,98,2026-11-26,SELL,845.0,353.75,365.8,298552.95
4679,40,45,2026-11-26,BUY,2290.0,409.55,2647.38,-940516.88
4680,44,58,2026-11-26,DIVIDEND,0.0,0.0,0.0,6320.07
4681,47,33,2026-11-26,SELL,297.0,1239.89,371.55,367875.78
4682,47,49,2026-11-26,BUY,348.0,1684.58,534.68,-586768.52
4683,47,49,2026-11-26,BUY,349.0,1684.58,1608.56,-589526.98
4684,48,28,2026-11-26,DIVIDEND,0.0,0.0,0.0,4329.16
4685,1,25,2026-11-27,BUY,232.0,2346.33,617.33,-544965.89
4686,3,22,2026-11-27,SELL,175.0,104.11,23.65,18195.6
4687,3,60,2026-11-27,SELL,218.0,510.99,232.44,111163.38
4688,3,62,2026-11-27,DIVIDEND,0.0,0.0,0.0,12067.59
4689,11,11,2026-11-27,BUY,196.0,2674.85,827.15,-525097.75
4690,18,85,2026-11-27,DIVIDEND,0.0,0.0,0.0,27.15
4691,36,77,2026-11-27,SELL,352.0,695.45,475.57,244322.83
4692,41,24,2026-11-27,BUY,484.0,359.82,220.25,-174373.13
4693,46,36,2026-11-27,BUY,195.0,695.28,363.1,-135942.7
4694,48,54,2026-11-27,DIVIDEND,0.0,0.0,0.0,1.31
4695,48,63,2026-11-27,DIVIDEND,0.0,0.0,0.0,9452.74
4696,49,62,2026-11-27,BUY,82.0,2797.17,376.43,-229744.37
4697,49,69,2026-11-27,SELL,263.0,4313.95,2801.59,1131767.26
4698,49,80,2026-11-27,DIVIDEND,0.0,0.0,0.0,11.95
4699,49,89,2026-11-27,SELL,1774.0,327.41,595.61,580229.73
4700,3,63,2026-11-30,BUY,2936.0,121.47,987.72,-357623.64
4701,6,53,2026-11-30,DIVIDEND,0.0,0.0,0.0,990.96
4702,9,7,2026-11-30,BUY,2762.0,182.86,530.3,-505589.62
4703,18,54,2026-11-30,BUY,2054.0,110.62,373.72,-227587.2
4704,24,26,2026-11-30,BUY,35.0,3838.43,85.57,-134430.62
4705,24,48,2026-11-30,BUY,2076.0,150.02,469.72,-311911.24
4706,26,17,2026-11-30,BUY,212.0,2587.28,1230.04,-549733.4
4707,29,97,2026-11-30,BUY,405.0,797.14,719.4,-323561.1
4708,37,67,2026-11-30,SELL,1371.0,395.82,1616.16,541053.06
4709,39,99,2026-11-30,SELL,50.0,6265.17,843.4,312415.1
4710,43,2,2026-11-30,SELL,1098.0,779.2,1256.63,854304.97
4711,46,13,2026-11-30,DIVIDEND,0.0,0.0,0.0,5163.77
4712,48,15,2026-11-30,BUY,452.0,501.65,477.51,-227223.31
4713,48,43,2026-11-30,DIVIDEND,0.0,0.0,0.0,721.02
4714,48,63,2026-11-30,BUY,3527.0,121.47,793.99,-429218.68
4715,48,63,2026-11-30,BUY,2973.0,121.47,201.58,-361331.89
4716,7,84,2026-12-01,SELL,260.0,165.15,56.74,42882.26
4717,8,10,2026-12-01,BUY,2488.0,211.16,561.7,-525927.78
4718,15,11,2026-12-01,BUY,105.0,2659.54,793.95,-280045.65
4719,18,21,2026-12-01,SELL,565.0,348.27,305.71,196466.84
4720,18,21,2026-12-01,SELL,1112.0,348.27,993.53,386282.71
4721,18,79,2026-12-01,SELL,59.0,475.73,58.45,28009.62
4722,22,71,2026-12-01,BUY,704.0,1233.54,1982.5,-870394.66
4723,24,48,2026-12-01,BUY,799.0,152.2,358.66,-121966.46
4724,31,55,2026-12-01,DIVIDEND,0.0,0.0,0.0,17792.16
4725,39,15,2026-12-01,SELL,323.0,517.45,99.3,167037.05
4726,39,18,2026-12-01,BUY,1488.0,209.84,203.76,-312445.68
4727,41,41,2026-12-01,BUY,36.0,4347.73,243.98,-156762.26
4728,42,97,2026-12-01,DIVIDEND,0.0,0.0,0.0,1016.84
4729,43,2,2026-12-01,BUY,196.0,784.91,370.05,-154212.41
4730,45,25,2026-12-01,SELL,236.0,2347.51,446.94,553565.42
4731,45,54,2026-12-01,SELL,1844.0,112.6,346.46,207287.94
4732,45,79,2026-12-01,SELL,12.0,475.73,4.03,5704.73
4733,46,25,2026-12-01,DIVIDEND,0.0,0.0,0.0,1349.78
4734,47,58,2026-12-01,BUY,2293.0,187.09,930.74,-429928.11
4735,48,15,2026-12-01,SELL,1056.0,517.45,673.65,545753.55
4736,48,18,2026-12-01,SELL,1298.0,209.84,238.42,272133.9
4737,48,60,2026-12-01,BUY,294.0,497.52,119.43,-146390.31
4738,50,95,2026-12-01,BUY,251.0,1278.78,258.27,-321232.05
4739,15,87,2026-12-02,BUY,1047.0,168.38,130.83,-176424.69
4740,16,100,2026-12-02,BUY,97.0,3861.67,1122.78,-375704.77
4741,18,16,2026-12-02,BUY,205.0,555.74,231.77,-114158.47
4742,21,11,2026-12-02,BUY,183.0,2690.71,1195.77,-493595.7
4743,24,67,2026-12-02,SELL,416.0,400.78,336.59,166387.89
4744,24,67,2026-12-02,BUY,849.0,400.78,947.02,-341209.24
4745,26,24,2026-12-02,BUY,936.0,366.33,704.95,-343589.83
4746,28,16,2026-12-02,DIVIDEND,0.0,0.0,0.0,77.23
4747,30,93,2026-12-02,DIVIDEND,0.0,0.0,0.0,2897.53
4748,36,81,2026-12-02,SELL,91.0,570.21,109.09,51780.02
4749,37,5,2026-12-02,SELL,160.0,891.34,393.91,142220.49
4750,39,16,2026-12-02,SELL,39.0,555.74,25.22,21648.64
4751,42,98,2026-12-02,BUY,1602.0,340.04,947.14,-545691.22
4752,43,1,2026-12-02,BUY,1236.0,417.56,1191.95,-517296.11
4753,45,53,2026-12-02,BUY,1245.0,127.15,342.0,-158643.75
4754,45,63,2026-12-02,DIVIDEND,0.0,0.0,0.0,8421.66
4755,45,63,2026-12-02,DIVIDEND,0.0,0.0,0.0,4202.31
4756,48,28,2026-12-02,BUY,129.0,1794.51,312.54,-231804.33
4757,48,28,2026-12-02,BUY,221.0,1794.51,957.62,-397544.33
4758,48,43,2026-12-02,SELL,202.0,391.2,165.71,78856.69
4759,48,54,2026-12-02,SELL,2.0,114.4,0.27,228.53
4760,49,73,2026-12-02,BUY,423.0,791.2,416.99,-335094.59
4761,49,79,2026-12-02,SELL,2289.0,472.48,2460.45,1079046.27
4762,50,87,2026-12-02,BUY,5714.0,168.38,1926.81,-964050.13
4763,3,64,2026-12-03,DIVIDEND,0.0,0.0,0.0,1047.86
4764,3,74,2026-12-03,BUY,391.0,1121.13,518.22,-438880.05
4765,16,19,2026-12-03,DIVIDEND,0.0,0.0,0.0,1681.14
4766,19,57,2026-12-03,DIVIDEND,0.0,0.0,0.0,20637.66
4767,23,3,2026-12-03,DIVIDEND,0.0,0.0,0.0,9545.16
4768,27,32,2026-12-03,BUY,347.0,891.12,819.03,-310037.67
4769,30,6,2026-12-03,BUY,112.0,3469.68,859.34,-389463.5
4770,30,25,2026-12-03,BUY,153.0,2330.34,265.71,-356807.73
4771,35,39,2026-12-03,DIVIDEND,0.0,0.0,0.0,4310.87
4772,35,50,2026-12-03,BUY,1348.0,502.43,611.53,-677887.17
4773,39,9,2026-12-03,SELL,167.0,1505.29,193.79,251189.64
4774,39,21,2026-12-03,BUY,1632.0,363.08,1549.03,-594095.59
4775,39,48,2026-12-03,BUY,2690.0,147.68,510.82,-397770.02
4776,42,27,2026-12-03,DIVIDEND,0.0,0.0,0.0,2967.58
4777,43,81,2026-12-03,BUY,1008.0,566.45,1407.27,-572388.87
4778,43,81,2026-12-03,BUY,222.0,566.45,211.84,-125963.74
4779,44,58,2026-12-03,BUY,1748.0,188.85,785.7,-330895.5
4780,45,47,2026-12-03,DIVIDEND,0.0,0.0,0.0,681.69
4781,45,47,2026-12-03,BUY,446.0,1003.23,1104.3,-448544.88
4782,48,43,2026-12-03,BUY,344.0,388.53,319.42,-133973.74
4783,48,48,2026-12-03,DIVIDEND,0.0,0.0,0.0,6689.87
4784,49,73,2026-12-03,SELL,1087.0,771.0,1009.89,837067.11
4785,49,79,2026-12-03,SELL,917.0,489.01,666.77,447755.4
4786,4,79,2026-12-04,BUY,944.0,480.02,694.28,-453833.16
4787,5,17,2026-12-04,DIVIDEND,0.0,0.0,0.0,2689.3
4788,8,41,2026-12-04,SELL,55.0,4236.53,140.98,232868.17
4789,15,52,2026-12-04,BUY,290.0,1037.41,678.42,-301527.32
4790,20,71,2026-12-04,BUY,500.0,1240.9,667.69,-621117.69
4791,23,94,2026-12-04,SELL,70.0,963.57,96.24,67353.66
4792,28,56,2026-12-04,SELL,24.0,2105.33,63.41,50464.51
4793,29,11,2026-12-04,BUY,180.0,2685.56,794.77,-484195.57
4794,34,59,2026-12-04,BUY,5562.0,141.23,1288.72,-786809.98
4795,39,16,2026-12-04,SELL,10.0,560.7,12.23,5594.77
4796,43,69,2026-12-04,DIVIDEND,0.0,0.0,0.0,1130.24
4797,45,54,2026-12-04,SELL,771.0,118.02,187.76,90805.66
4798,48,16,2026-12-04,SELL,656.0,560.7,435.84,367383.36
4799,48,60,2026-12-04,SELL,272.0,520.35,80.16,141455.04
4800,49,69,2026-12-04,BUY,15.0,4529.31,64.34,-68003.99
4801,49,73,2026-12-04,SELL,49.0,772.68,71.91,37789.41
4802,2,39,2026-12-07,BUY,207.0,1967.87,425.82,-407774.91
4803,4,47,2026-12-07,BUY,248.0,1035.11,357.05,-257064.33
4804,8,74,2026-12-07,BUY,256.0,1129.51,845.5,-290000.06
4805,13,13,2026-12-07,DIVIDEND,0.0,0.0,0.0,7201.56
4806,24,48,2026-12-07,BUY,687.0,163.71,112.37,-112581.14
4807,31,24,2026-12-07,DIVIDEND,0.0,0.0,0.0,713.38
4808,32,26,2026-12-07,BUY,132.0,3547.9,1380.29,-469703.09
4809,33,99,2026-12-07,BUY,28.0,6153.1,155.85,-172442.65
4810,35,39,2026-12-07,BUY,126.0,1967.87,643.33,-248594.95
4811,39,21,2026-12-07,BUY,603.0,373.53,352.39,-225590.98
4812,40,40,2026-12-07,BUY,1628.0,452.24,2057.94,-738304.66
4813,41,19,2026-12-07,BUY,270.0,423.5,99.62,-114444.62
4814,41,41,2026-12-07,BUY,94.0,4210.81,1100.67,-396916.81
4815,42,86,2026-12-07,BUY,730.0,174.51,95.06,-127487.36
4816,42,94,2026-12-07,SELL,94.0,946.53,168.89,88804.93
4817,42,97,2026-12-07,BUY,353.0,803.17,209.69,-283728.7
4818,43,9,2026-12-07,BUY,289.0,1474.49,743.61,-426871.22
4819,46,38,2026-12-07,SELL,1237.0,168.31,481.0,207718.47
4820,47,33,2026-12-07,BUY,557.0,1223.8,715.75,-682372.35
4821,47,93,2026-12-07,BUY,169.0,2562.03,965.01,-433948.08
4822,48,15,2026-12-07,BUY,690.0,507.84,803.22,-351212.82
4823,48,16,2026-12-07,SELL,25.0,573.41,33.4,14301.85
4824,48,18,2026-12-07,SELL,328.0,204.07,75.19,66859.77
4825,14,100,2026-12-08,SELL,82.0,3837.3,308.0,314350.6
4826,15,86,2026-12-08,DIVIDEND,0.0,0.0,0.0,5844.05
4827,15,90,2026-12-08,BUY,1013.0,629.32,483.43,-637984.59
4828,18,22,2026-12-08,SELL,4127.0,101.51,326.2,418605.57
4829,24,67,2026-12-08,SELL,816.0,400.3,678.76,325966.04
4830,25,96,2026-12-08,BUY,3049.0,173.21,1244.03,-529361.32
4831,26,18,2026-12-08,BUY,1763.0,208.45,727.05,-368224.4
4832,28,56,2026-12-08,SELL,1.0,2154.93,1.82,2153.11
4833,33,22,2026-12-08,DIVIDEND,0.0,0.0,0.0,1817.79
4834,43,56,2026-12-08,BUY,259.0,2154.93,456.33,-558583.2
4835,43,78,2026-12-08,BUY,287.0,1660.73,551.59,-477181.1
4836,43,81,2026-12-08,SELL,1342.0,534.65,1784.2,715716.1
4837,45,51,2026-12-08,SELL,633.0,1541.6,501.71,975331.09
4838,45,80,2026-12-08,DIVIDEND,0.0,0.0,0.0,1979.65
4839,47,33,2026-12-08,DIVIDEND,0.0,0.0,0.0,16144.33
4840,47,82,2026-12-08,SELL,185.0,655.08,94.29,121095.51
4841,48,26,2026-12-08,SELL,73.0,3691.22,300.03,269159.03
4842,49,63,2026-12-08,SELL,201.0,123.15,14.12,24739.03
4843,49,73,2026-12-08,BUY,271.0,789.51,449.97,-214407.18
4844,49,80,2026-12-08,BUY,192.0,1297.74,200.64,-249366.72
4845,7,89,2026-12-09,SELL,956.0,336.49,793.89,320890.55
4846,12,12,2026-12-09,BUY,123.0,1715.43,610.35,-211608.24
4847,15,86,2026-12-09,DIVIDEND,0.0,0.0,0.0,8541.96
4848,15,86,2026-12-09,BUY,3541.0,175.13,795.31,-620930.64
4849,18,89,2026-12-09,DIVIDEND,0.0,0.0,0.0,4876.41
4850,18,97,2026-12-09,BUY,394.0,809.6,314.5,-319296.9
4851,28,67,2026-12-09,BUY,522.0,410.42,163.35,-214402.59
4852,33,56,2026-12-09,BUY,144.0,2200.82,610.48,-317528.56
4853,37,10,2026-12-09,DIVIDEND,0.0,0.0,0.0,2376.29
4854,40,40,2026-12-09,DIVIDEND,0.0,0.0,0.0,22797.87
4855,43,69,2026-12-09,SELL,25.0,4209.35,266.44,104967.31
4856,43,69,2026-12-09,SELL,5.0,4209.35,49.56,20997.19
4857,44,44,2026-12-09,SELL,5913.0,98.4,1669.04,580170.16
4858,44,71,2026-12-09,BUY,442.0,1243.74,1283.66,-551016.74
4859,45,63,2026-12-09,SELL,4849.0,123.53,661.61,598335.36
4860,47,32,2026-12-09,DIVIDEND,0.0,0.0,0.0,14880.26
4861,48,43,2026-12-09,SELL,411.0,383.32,114.41,157430.11
4862,49,63,2026-12-09,BUY,3222.0,123.53,820.96,-398834.62
4863,49,77,2026-12-09,BUY,467.0,677.9,187.97,-316767.27
4864,2,18,2026-12-10,DIVIDEND,0.0,0.0,0.0,3776.8
4865,8,14,2026-12-10,SELL,2.0,790.46,1.64,1579.28
4866,16,19,2026-12-10,DIVIDEND,0.0,0.0,0.0,2031.78
4867,28,27,2026-12-10,DIVIDEND,0.0,0.0,0.0,969.36
4868,33,46,2026-12-10,SELL,332.0,357.03,177.53,118356.43
4869,35,65,2026-12-10,DIVIDEND,0.0,0.0,0.0,1793.33
4870,35,93,2026-12-10,BUY,123.0,2562.0,714.87,-315840.87
4871,36,8,2026-12-10,SELL,296.0,845.78,550.02,249800.86
4872,39,51,2026-12-10,SELL,399.0,1431.29,1554.89,569529.82
4873,40,75,2026-12-10,SELL,1163.0,678.89,1853.03,787696.04
4874,41,19,2026-12-10,SELL,653.0,406.34,632.35,264707.67
4875,41,29,2026-12-10,DIVIDEND,0.0,0.0,0.0,5472.22
4876,41,31,2026-12-10,BUY,116.0,2388.13,688.98,-277712.06
4877,41,39,2026-12-10,BUY,88.0,1979.52,477.87,-174675.63
4878,41,42,2026-12-10,BUY,79.0,4651.58,594.87,-368069.69
4879,43,1,2026-12-10,SELL,1019.0,409.98,830.15,416939.47
4880,43,9,2026-12-10,SELL,242.0,1528.42,866.14,369011.5
4881,43,62,2026-12-10,SELL,1.0,2873.29,8.29,2865.0
4882,43,74,2026-12-10,BUY,464.0,1193.33,487.58,-554192.7
4883,45,53,2026-12-10,SELL,593.0,130.48,179.67,77194.97
4884,45,63,2026-12-10,SELL,1399.0,125.41,270.76,175177.83
4885,48,14,2026-12-10,BUY,311.0,790.46,170.43,-246003.49
4886,48,18,2026-12-10,SELL,166.0,211.97,48.68,35138.34
4887,49,69,2026-12-10,SELL,18.0,4185.01,110.5,75219.68
4888,49,77,2026-12-10,BUY,551.0,692.59,902.71,-382519.8
4889,6,53,2026-12-11,BUY,3972.0,129.34,381.69,-514120.17
4890,9,66,2026-12-11,BUY,365.0,1279.58,954.04,-468000.74
4891,9,70,2026-12-11,BUY,208.0,931.91,204.33,-194041.61
4892,17,48,2026-12-11,BUY,525.0,137.88,61.51,-72448.51
4893,18,41,2026-12-11,BUY,38.0,4349.3,479.58,-165752.98
4894,25,88,2026-12-11,BUY,3411.0,242.22,1112.33,-827324.75
4895,39,47,2026-12-11,BUY,550.0,1086.61,1508.87,-599144.37
4896,39,79,2026-12-11,SELL,456.0,486.24,467.91,221257.53
4897,43,46,2026-12-11,BUY,1323.0,361.61,467.61,-478877.64
4898,45,25,2026-12-11,SELL,23.0,2436.29,117.13,55917.54
4899,46,8,2026-12-11,DIVIDEND,0.0,0.0,0.0,4082.68
4900,47,19,2026-12-11,SELL,603.0,407.4,577.1,245085.1
4901,49,62,2026-12-11,SELL,73.0,2851.37,259.8,207890.21
4902,3,22,2026-12-14,SELL,28.0,102.19,3.79,2857.53
4903,8,78,2026-12-14,BUY,233.0,1708.68,334.62,-398457.06
4904,18,57,2026-12-14,SELL,468.0,447.5,392.57,209037.43
4905,24,89,2026-12-14,BUY,662.0,353.74,216.81,-234392.69
4906,24,91,2026-12-14,BUY,283.0,816.58,415.16,-231507.3
4907,27,44,2026-12-14,BUY,3991.0,98.33,1081.32,-393516.35
4908,29,58,2026-12-14,SELL,480.0,183.14,197.0,87710.2
4909,31,53,2026-12-14,BUY,3151.0,124.03,1074.22,-391892.75
4910,36,86,2026-12-14,DIVIDEND,0.0,0.0,0.0,11845.33
4911,39,51,2026-12-14,SELL,4.0,1537.25,6.83,6142.17
4912,42,64,2026-12-14,DIVIDEND,0.0,0.0,0.0,2468.31
4913,42,87,2026-12-14,SELL,397.0,159.56,160.41,63184.91
4914,45,53,2026-12-14,BUY,4658.0,124.03,300.85,-578032.59
4915,47,39,2026-12-14,BUY,352.0,1989.0,1871.76,-701999.76
4916,49,76,2026-12-14,BUY,92.0,2139.88,485.04,-197354.0
4917,50,61,2026-12-14,BUY,2473.0,302.59,1640.95,-749946.02
4918,11,19,2026-12-15,DIVIDEND,0.0,0.0,0.0,2068.07
4919,21,59,2026-12-15,BUY,6342.0,140.66,820.52,-892886.24
4920,24,47,2026-12-15,SELL,261.0,1132.63,624.49,294991.94
4921,28,48,2026-12-15,SELL,1432.0,142.72,144.09,204230.95
4922,30,55,2026-12-15,BUY,337.0,1388.03,983.16,-468749.27
4923,32,41,2026-12-15,BUY,62.0,4293.94,794.66,-267018.94
4924,35,42,2026-12-15,SELL,215.0,4787.3,1107.82,1028161.68
4925,39,47,2026-12-15,SELL,488.0,1132.63,309.13,552414.31
4926,40,45,2026-12-15,BUY,2161.0,385.7,1751.01,-835248.71
4927,41,24,2026-12-15,BUY,716.0,361.78,576.01,-259610.49
4928,43,2,2026-12-15,BUY,704.0,749.96,305.81,-528277.65
4929,43,8,2026-12-15,SELL,224.0,845.65,344.17,189081.43
4930,45,54,2026-12-15,SELL,122.0,115.55,12.6,14084.5
4931,45,63,2026-12-15,BUY,618.0,134.54,63.69,-83209.41
4932,45,80,2026-12-15,BUY,367.0,1225.73,1333.75,-451176.66
4933,47,19,2026-12-15,BUY,1614.0,408.74,1347.8,-661054.16
4934,47,55,2026-12-15,DIVIDEND,0.0,0.0,0.0,9600.75
4935,49,69,2026-12-15,SELL,6.0,3986.2,39.1,23878.1
4936,49,76,2026-12-15,SELL,88.0,2142.53,140.94,188401.7
4937,3,78,2026-12-16,BUY,179.0,1715.25,640.41,-307670.16
4938,7,2,2026-12-16,DIVIDEND,0.0,0.0,0.0,1712.18
4939,8,54,2026-12-16,SELL,6468.0,120.27,812.46,777093.9
4940,15,65,2026-12-16,BUY,1771.0,193.48,762.85,-343415.93
4941,20,86,2026-12-16,DIVIDEND,0.0,0.0,0.0,3077.4
4942,20,86,2026-12-16,BUY,2174.0,177.88,446.33,-387157.45
4943,28,53,2026-12-16,SELL,995.0,127.71,130.39,126941.06
4944,32,16,2026-12-16,SELL,287.0,612.19,151.47,175547.06
4945,41,94,2026-12-16,SELL,47.0,949.85,33.14,44609.81
4946,43,15,2026-12-16,SELL,1028.0,517.21,1453.86,530238.02
4947,43,60,2026-12-16,BUY,1066.0,533.37,292.23,-568864.65
4948,43,81,2026-12-16,SELL,34.0,540.98,49.67,18343.65
4949,44,83,2026-12-16,DIVIDEND,0.0,0.0,0.0,2817.7
4950,45,14,2026-12-16,BUY,603.0,730.97,1074.24,-441849.15
4951,46,28,2026-12-16,SELL,104.0,1907.13,521.02,197820.5
4952,46,63,2026-12-16,DIVIDEND,0.0,0.0,0.0,13864.46
4953,49,63,2026-12-16,BUY,2988.0,133.02,798.16,-398261.92
4954,3,37,2026-12-17,BUY,52.0,3443.64,488.2,-179557.48
4955,3,74,2026-12-17,BUY,210.0,1226.08,759.84,-258236.64
4956,18,29,2026-12-17,BUY,180.0,2174.71,802.32,-392250.12
4957,27,76,2026-12-17,BUY,151.0,2069.73,732.43,-313261.66
4958,28,81,2026-12-17,BUY,649.0,535.43,797.75,-348291.82
4959,30,98,2026-12-17,SELL,606.0,345.64,445.18,209012.66
4960,32,15,2026-12-17,SELL,60.0,519.64,44.69,31133.71
4961,33,41,2026-12-17,BUY,38.0,4233.8,295.22,-161179.62
4962,33,91,2026-12-17,BUY,245.0,785.89,271.76,-192814.81
4963,35,39,2026-12-17,BUY,272.0,1993.47,562.57,-542786.41
4964,36,53,2026-12-17,BUY,1189.0,127.39,180.35,-151647.06
4965,39,99,2026-12-17,SELL,41.0,6686.46,475.93,273668.93
4966,40,72,2026-12-17,SELL,360.0,1294.76,597.76,465515.84
4967,41,8,2026-12-17,DIVIDEND,0.0,0.0,0.0,3383.84
4968,43,23,2026-12-17,BUY,321.0,1296.1,375.48,-416423.58
4969,43,60,2026-12-17,SELL,862.0,510.57,579.25,439532.09
4970,43,62,2026-12-17,BUY,161.0,2970.62,754.26,-479024.08
4971,43,69,2026-12-17,BUY,59.0,3864.39,544.32,-228543.33
4972,43,74,2026-12-17,SELL,685.0,1226.08,1359.32,838505.48
4973,45,63,2026-12-17,DIVIDEND,0.0,0.0,0.0,353.75
4974,47,42,2026-12-17,BUY,105.0,4818.6,500.89,-506453.89
4975,47,71,2026-12-17,BUY,378.0,1241.29,276.84,-469484.46
4976,48,14,2026-12-17,BUY,420.0,723.93,538.93,-304589.53
4977,48,60,2026-12-17,SELL,14.0,510.57,15.98,7132.0
4978,48,60,2026-12-17,SELL,6.0,510.57,3.15,3060.27
4979,1,21,2026-12-18,BUY,987.0,369.77,644.37,-365607.36
4980,10,71,2026-12-18,DIVIDEND,0.0,0.0,0.0,4751.72
4981,16,18,2026-12-18,DIVIDEND,0.0,0.0,0.0,4241.52
4982,16,87,2026-12-18,DIVIDEND,0.0,0.0,0.0,4527.84
4983,17,51,2026-12-18,BUY,298.0,1488.04,766.95,-444202.87
4984,24,91,2026-12-18,SELL,362.0,783.93,678.71,283103.95
4985,24,91,2026-12-18,BUY,500.0,783.93,796.66,-392761.66
4986,30,55,2026-12-18,BUY,204.0,1330.87,212.8,-271710.28
4987,30,98,2026-12-18,BUY,1365.0,349.46,296.23,-477309.13
4988,33,30,2026-12-18,SELL,32.0,1932.26,169.16,61663.16
4989,35,65,2026-12-18,BUY,3400.0,194.75,1741.4,-663891.4
4990,35,83,2026-12-18,BUY,686.0,230.89,244.8,-158635.34
4991,39,16,2026-12-18,BUY,553.0,647.23,831.1,-358749.29
4992,41,9,2026-12-18,BUY,100.0,1503.21,104.8,-150425.8
4993,42,87,2026-12-18,BUY,3088.0,157.11,1161.37,-486317.05
4994,44,58,2026-12-18,DIVIDEND,0.0,0.0,0.0,10400.84
4995,45,22,2026-12-18,BUY,1922.0,103.02,438.07,-198442.51
4996,45,22,2026-12-18,SELL,1325.0,103.02,171.23,136330.27
4997,45,22,2026-12-18,DIVIDEND,0.0,0.0,0.0,1800.68
4998,45,25,2026-12-18,SELL,22.0,2406.44,141.42,52800.26
4999,45,51,2026-12-18,BUY,293.0,1488.04,1038.77,-437034.49
5000,46,13,2026-12-18,BUY,807.0,210.42,378.51,-170187.45
5001,47,59,2026-12-18,DIVIDEND,0.0,0.0,0.0,10856.15
5002,49,80,2026-12-18,SELL,143.0,1240.76,219.16,177209.52
5003,50,87,2026-12-18,BUY,6937.0,157.11,2072.54,-1091944.61
5004,16,100,2026-12-21,SELL,24.0,3796.02,90.82,91013.66
5005,27,92,2026-12-21,DIVIDEND,0.0,0.0,0.0,3817.92
5006,28,62,2026-12-21,BUY,181.0,3061.06,663.66,-554715.52
5007,31,94,2026-12-21,DIVIDEND,0.0,0.0,0.0,2759.51
5008,32,2,2026-12-21,BUY,335.0,704.3,129.74,-236070.24
5009,32,86,2026-12-21,BUY,655.0,177.75,346.29,-116772.54
5010,34,72,2026-12-21,DIVIDEND,0.0,0.0,0.0,16881.06
5011,35,1,2026-12-21,BUY,1131.0,445.44,556.35,-504348.99
5012,36,22,2026-12-21,BUY,4096.0,103.67,675.15,-425307.47
5013,41,41,2026-12-21,BUY,58.0,4091.52,505.72,-237813.88
5014,43,3,2026-12-21,BUY,138.0,2562.07,431.92,-353997.58
5015,43,8,2026-12-21,SELL,121.0,855.25,142.48,103342.77
5016,43,99,2026-12-21,BUY,40.0,6729.92,442.47,-269639.27
5017,47,33,2026-12-21,SELL,487.0,1264.65,1255.88,614628.67
5018,48,63,2026-12-21,BUY,2649.0,130.42,273.33,-345755.91
5019,49,79,2026-12-21,BUY,404.0,490.7,463.37,-198706.17
5020,4,91,2026-12-22,DIVIDEND,0.0,0.0,0.0,305.23
5021,8,26,2026-12-22,SELL,13.0,3551.01,78.19,46084.94
5022,8,60,2026-12-22,BUY,980.0,487.03,1196.62,-478486.02
5023,26,64,2026-12-22,BUY,129.0,1543.4,316.73,-199415.33
5024,27,46,2026-12-22,BUY,1622.0,352.45,1051.12,-572725.02
5025,28,81,2026-12-22,DIVIDEND,0.0,0.0,0.0,3590.48
5026,28,85,2026-12-22,SELL,614.0,560.96,524.51,343904.93
5027,30,78,2026-12-22,BUY,364.0,1669.66,957.26,-608713.5
5028,31,33,2026-12-22,BUY,98.0,1274.56,92.53,-124999.41
5029,39,51,2026-12-22,BUY,368.0,1570.02,1496.15,-579263.51
5030,40,40,2026-12-22,DIVIDEND,0.0,0.0,0.0,20243.63
5031,41,41,2026-12-22,SELL,171.0,4146.85,481.31,708630.04
5032,43,6,2026-12-22,BUY,172.0,3155.23,480.61,-543180.17
5033,43,23,2026-12-22,BUY,387.0,1350.41,574.12,-523182.79
5034,45,22,2026-12-22,BUY,1117.0,107.42,272.5,-120260.64
5035,46,63,2026-12-22,BUY,2527.0,131.0,725.28,-331762.28
5036,48,31,2026-12-22,BUY,180.0,2451.72,328.39,-441637.99
5037,48,31,2026-12-22,DIVIDEND,0.0,0.0,0.0,4343.88
5038,1,25,2026-12-23,DIVIDEND,0.0,0.0,0.0,3713.39
5039,16,27,2026-12-23,DIVIDEND,0.0,0.0,0.0,1666.1
5040,23,5,2026-12-23,BUY,283.0,977.79,264.21,-276978.78
5041,27,97,2026-12-23,BUY,651.0,839.32,826.64,-547223.96
5042,33,35,2026-12-23,BUY,3020.0,147.17,684.04,-445137.44
5043,40,59,2026-12-23,BUY,6980.0,136.62,922.58,-954530.18
5044,43,65,2026-12-23,SELL,69.0,195.74,21.74,13484.32
5045,45,79,2026-12-23,DIVIDEND,0.0,0.0,0.0,11.65
5046,46,38,2026-12-23,BUY,1670.0,168.51,523.63,-281935.33
5047,48,28,2026-12-23,BUY,121.0,1948.16,179.56,-235906.92
5048,48,60,2026-12-23,BUY,165.0,495.71,237.76,-82029.91
5049,48,60,2026-12-23,SELL,129.0,495.71,36.26,63910.33
5050,49,41,2026-12-23,BUY,101.0,4021.21,897.68,-407039.89
5051,3,15,2026-12-24,SELL,208.0,552.6,101.35,114839.45
5052,8,52,2026-12-24,SELL,150.0,1001.89,206.23,150077.27
5053,8,56,2026-12-24,BUY,110.0,2093.76,394.73,-230708.33
5054,8,67,2026-12-24,SELL,1036.0,402.69,944.08,416242.76
5055,10,83,2026-12-24,DIVIDEND,0.0,0.0,0.0,2172.4
5056,14,5,2026-12-24,DIVIDEND,0.0,0.0,0.0,3636.8
5057,28,85,2026-12-24,SELL,122.0,537.91,47.34,65577.68
5058,31,27,2026-12-24,BUY,323.0,1526.82,1161.31,-494324.17
5059,32,85,2026-12-24,SELL,362.0,537.91,370.18,194353.24
5060,34,92,2026-12-24,BUY,4637.0,189.37,2411.07,-880519.76
5061,35,42,2026-12-24,SELL,130.0,4856.72,826.77,630546.83
5062,35,69,2026-12-24,BUY,140.0,3961.85,575.34,-555234.34
5063,35,75,2026-12-24,SELL,312.0,664.97,477.04,206993.6
5064,37,52,2026-12-24,BUY,397.0,1001.89,1076.78,-398827.11
5065,39,48,2026-12-24,BUY,1060.0,141.74,246.44,-150490.84
5066,39,51,2026-12-24,BUY,57.0,1561.05,214.06,-89193.91
5067,41,26,2026-12-24,BUY,62.0,3669.5,295.17,-227804.17
5068,41,28,2026-12-24,DIVIDEND,0.0,0.0,0.0,9400.98
5069,41,39,2026-12-24,DIVIDEND,0.0,0.0,0.0,1742.81
5070,41,55,2026-12-24,DIVIDEND,0.0,0.0,0.0,1010.02
5071,43,78,2026-12-24,BUY,298.0,1716.97,1136.98,-512794.04
5072,45,53,2026-12-24,SELL,3413.0,126.65,658.11,431598.34
5073,47,33,2026-12-24,DIVIDEND,0.0,0.0,0.0,4383.09
5074,48,15,2026-12-24,SELL,605.0,552.6,699.41,333623.59
5075,48,54,2026-12-24,SELL,1.0,128.63,0.11,128.52
5076,2,42,2026-12-25,BUY,88.0,4845.42,1096.76,-427493.72
5077,9,61,2026-12-25,DIVIDEND,0.0,0.0,0.0,3403.13
5078,18,54,2026-12-25,BUY,3054.0,133.84,638.19,-409385.55
5079,18,97,2026-12-25,DIVIDEND,0.0,0.0,0.0,12963.97
5080,20,52,2026-12-25,SELL,72.0,1003.7,109.53,72156.87
5081,20,83,2026-12-25,DIVIDEND,0.0,0.0,0.0,5678.05
5082,25,13,2026-12-25,BUY,3329.0,212.81,1591.12,-710035.61
5083,26,43,2026-12-25,BUY,724.0,376.75,782.89,-273549.89
5084,27,32,2026-12-25,BUY,752.0,838.6,1571.63,-632198.83
5085,28,65,2026-12-25,SELL,2255.0,194.08,1086.27,436564.13
5086,28,85,2026-12-25,BUY,455.0,540.86,489.7,-246581.0
5087,33,30,2026-12-25,BUY,212.0,1879.99,842.59,-399400.47
5088,35,42,2026-12-25,DIVIDEND,0.0,0.0,0.0,10101.14
5089,38,11,2026-12-25,DIVIDEND,0.0,0.0,0.0,4124.56
5090,41,39,2026-12-25,DIVIDEND,0.0,0.0,0.0,2343.29
5091,43,15,2026-12-25,BUY,666.0,540.42,839.12,-360758.84
5092,43,46,2026-12-25,SELL,1654.0,357.49,610.64,590677.82
5093,43,60,2026-12-25,SELL,207.0,492.32,261.52,101648.72
5094,43,99,2026-12-25,DIVIDEND,0.0,0.0,0.0,4775.19
5095,43,99,2026-12-25,SELL,128.0,6140.58,1009.01,784985.23
5096,48,43,2026-12-25,SELL,19.0,376.75,7.21,7151.04
5097,48,43,2026-12-25,SELL,12.0,376.75,8.02,4512.98
5098,48,43,2026-12-25,SELL,4.0,376.75,3.02,1503.98
5099,49,77,2026-12-25,SELL,743.0,631.0,611.9,468221.1
5100,49,89,2026-12-25,BUY,360.0,425.31,422.96,-153534.56
5101,5,92,2026-12-28,DIVIDEND,0.0,0.0,0.0,2704.05
5102,7,56,2026-12-28,DIVIDEND,0.0,0.0,0.0,5171.01
5103,20,45,2026-12-28,BUY,1816.0,381.03,1537.87,-693488.35
5104,23,5,2026-12-28,DIVIDEND,0.0,0.0,0.0,3656.41
5105,24,47,2026-12-28,DIVIDEND,0.0,0.0,0.0,432.29
5106,24,48,2026-12-28,SELL,3348.0,142.33,1335.41,475185.43
5107,27,97,2026-12-28,BUY,400.0,834.72,220.95,-334108.95
5108,32,80,2026-12-28,SELL,102.0,1322.37,293.64,134588.1
5109,36,82,2026-12-28,BUY,506.0,601.06,559.1,-304695.46
5110,38,97,2026-12-28,BUY,1436.0,834.72,2107.56,-1200765.48
5111,41,9,2026-12-28,SELL,122.0,1532.4,399.25,186553.55
5112,41,41,2026-12-28,SELL,46.0,3905.88,472.03,179198.45
5113,42,94,2026-12-28,BUY,248.0,937.74,512.34,-233071.86
5114,43,60,2026-12-28,SELL,11.0,488.59,12.22,5362.27
5115,45,25,2026-12-28,BUY,62.0,2400.34,250.19,-149071.27
5116,46,36,2026-12-28,BUY,630.0,679.01,738.19,-428514.49
5117,48,18,2026-12-28,SELL,19.0,215.63,7.23,4089.74
5118,49,73,2026-12-28,DIVIDEND,0.0,0.0,0.0,1947.09
5119,2,14,2026-12-29,BUY,625.0,664.79,303.55,-415797.3
5120,5,13,2026-12-29,SELL,816.0,210.14,336.77,171137.47
5121,18,79,2026-12-29,DIVIDEND,0.0,0.0,0.0,621.17
5122,21,40,2026-12-29,BUY,1825.0,455.72,427.45,-832116.45
5123,23,82,2026-12-29,DIVIDEND,0.0,0.0,0.0,5820.25
5124,25,72,2026-12-29,BUY,204.0,1297.29,710.51,-265357.67
5125,29,11,2026-12-29,SELL,297.0,2625.46,541.8,779219.82
5126,32,74,2026-12-29,DIVIDEND,0.0,0.0,0.0,608.08
5127,39,9,2026-12-29,SELL,43.0,1538.02,188.77,65946.09
5128,39,21,2026-12-29,SELL,2214.0,386.88,1548.34,855003.98
5129,42,98,2026-12-29,BUY,514.0,355.81,377.05,-183263.39
5130,43,46,2026-12-29,SELL,914.0,359.66,855.82,327873.42
5131,43,65,2026-12-29,SELL,43.0,190.56,6.26,8187.82
5132,48,16,2026-12-29,BUY,376.0,624.84,458.61,-235398.45
5133,48,28,2026-12-29,SELL,593.0,1851.18,2623.56,1095126.18
5134,48,60,2026-12-29,SELL,32.0,482.48,39.56,15399.8
5135,49,79,2026-12-29,SELL,573.0,527.73,317.94,302071.35
5136,4,94,2026-12-30,SELL,133.0,947.77,352.39,125701.02
5137,10,34,2026-12-30,DIVIDEND,0.0,0.0,0.0,1404.6
5138,11,37,2026-12-30,BUY,145.0,3477.4,1437.75,-505660.75
5139,15,53,2026-12-30,BUY,5359.0,127.86,1576.99,-686778.73
5140,24,47,2026-12-30,SELL,35.0,1155.63,66.27,40380.78
5141,24,48,2026-12-30,SELL,219.0,133.2,48.56,29122.24
5142,24,89,2026-12-30,SELL,1406.0,402.95,340.34,566207.36
5143,31,55,2026-12-30,DIVIDEND,0.0,0.0,0.0,8709.08
5144,32,84,2026-12-30,BUY,2116.0,156.52,387.26,-331583.58
5145,37,62,2026-12-30,SELL,182.0,3266.39,422.61,594060.37
5146,37,79,2026-12-30,DIVIDEND,0.0,0.0,0.0,2361.53
5147,39,16,2026-12-30,BUY,414.0,614.26,390.83,-254694.47
5148,41,41,2026-12-30,BUY,112.0,3946.54,567.41,-442579.89
5149,43,78,2026-12-30,SELL,343.0,1716.91,1059.61,587840.52
5150,44,90,2026-12-30,BUY,820.0,673.3,1058.81,-553164.81
5151,45,63,2026-12-30,BUY,3156.0,137.78,922.7,-435756.38
5152,45,63,2026-12-30,SELL,3016.0,137.78,607.33,414937.15
5153,49,80,2026-12-30,SELL,33.0,1327.65,65.43,43747.02
5154,2,5,2026-12-31,BUY,167.0,982.97,190.78,-164346.77
5155,8,43,2026-12-31,BUY,1042.0,373.82,261.26,-389781.7
5156,11,37,2026-12-31,DIVIDEND,0.0,0.0,0.0,13940.75
5157,19,87,2026-12-31,SELL,1907.0,162.7,370.89,309898.01
5158,22,50,2026-12-31,SELL,2077.0,489.89,2565.54,1014935.99
5159,24,67,2026-12-31,SELL,154.0,423.06,195.31,64955.93
5160,27,64,2026-12-31,BUY,262.0,1539.74,884.52,-404296.4
5161,27,97,2026-12-31,BUY,542.0,855.34,810.63,-464404.91
5162,29,95,2026-12-31,BUY,578.0,1257.75,1088.91,-728068.41
5163,38,50,2026-12-31,DIVIDEND,0.0,0.0,0.0,18120.26
5164,39,21,2026-12-31,SELL,41.0,392.7,44.29,16056.41
5165,39,98,2026-12-31,BUY,458.0,352.19,471.7,-161774.72
5166,41,30,2026-12-31,SELL,34.0,1943.04,140.69,65922.67
5167,45,22,2026-12-31,SELL,3413.0,102.72,888.85,349694.51
5168,47,39,2026-12-31,BUY,252.0,2044.08,1036.18,-516144.34
5169,48,31,2026-12-31,BUY,134.0,2397.8,809.92,-322115.12
5170,48,60,2026-12-31,SELL,4.0,450.46,4.66,1797.18
5171,49,62,2026-12-31,BUY,80.0,3256.66,675.06,-261207.86
