portfolio_id,flow_date,buy_flow,sell_flow,net_cash_flow,dividend_income,buy_count,sell_count,dividend_count
1,2025-01-02,123658743.10,0.00,123658743.10,0.00,1,0,0
1,2025-01-03,104440939.57,0.00,104440939.57,0.00,1,0,0
1,2025-01-06,159939802.01,0.00,159939802.01,0.00,1,0,0
1,2025-01-07,25787292.18,0.00,25787292.18,0.00,1,0,0
1,2025-01-09,75967402.64,0.00,75967402.64,0.00,1,0,0
1,2025-01-10,36378236.67,0.00,36378236.67,0.00,1,0,0
1,2025-01-13,98539137.99,0.00,98539137.99,0.00,1,0,0
1,2025-01-14,94827911.72,0.00,94827911.72,0.00,1,0,0
1,2025-01-15,60498513.91,0.00,60498513.91,0.00,1,0,0
1,2025-01-17,103457114.23,0.00,103457114.23,0.00,1,0,0
1,2025-01-20,41839389.03,0.00,41839389.03,0.00,1,0,0
1,2025-01-21,30672624.83,0.00,30672624.83,0.00,1,0,0
1,2025-01-22,84071852.90,0.00,84071852.90,0.00,1,0,0
1,2025-01-24,105594186.36,0.00,105594186.36,0.00,1,0,0
1,2025-01-28,29853352.34,0.00,29853352.34,0.00,1,0,0
1,2025-01-29,56613956.96,0.00,56613956.96,0.00,1,0,0
1,2025-01-30,40056791.49,0.00,40056791.49,0.00,1,0,0
1,2025-01-31,53519600.39,0.00,53519600.39,0.00,1,0,0
1,2025-02-03,103248644.59,0.00,103248644.59,0.00,1,0,0
1,2025-02-04,61721911.35,0.00,61721911.35,0.00,1,0,0
1,2025-02-05,0.00,15110702.38,-15110702.38,0.00,0,1,0
1,2025-02-06,0.00,8708612.60,-8708612.60,0.00,0,1,0
1,2025-02-11,16437070.47,0.00,16437070.47,0.00,1,0,0
1,2025-02-12,0.00,0.00,0.00,256065.56,0,0,1
1,2025-02-14,19464019.60,0.00,19464019.60,0.00,1,0,0
1,2025-02-17,17868435.99,0.00,17868435.99,0.00,1,0,0
1,2025-02-27,0.00,13151365.50,-13151365.50,0.00,0,1,0
1,2025-02-28,0.00,0.00,0.00,208819.80,0,0,1
1,2025-03-03,22430786.10,0.00,22430786.10,0.00,1,0,0
1,2025-03-06,0.00,33508671.27,-33508671.27,0.00,0,1,0
1,2025-03-13,27717078.29,0.00,27717078.29,0.00,1,0,0
1,2025-03-26,0.00,0.00,0.00,325478.78,0,0,1
1,2025-03-28,0.00,0.00,0.00,226776.73,0,0,1
1,2025-04-15,0.00,34023266.01,-34023266.01,0.00,0,1,0
1,2025-04-16,0.00,55024892.12,-55024892.12,0.00,0,1,0
1,2025-04-17,0.00,0.00,0.00,993152.56,0,0,1
1,2025-04-23,12268691.09,0.00,12268691.09,0.00,1,0,0
1,2025-04-28,6895007.89,0.00,6895007.89,0.00,1,0,0
1,2025-05-02,47265980.62,0.00,47265980.62,0.00,1,0,0
1,2025-05-06,0.00,46280664.14,-46280664.14,0.00,0,1,0
1,2025-05-08,0.00,36270496.50,-36270496.50,0.00,0,1,0
1,2025-05-14,0.00,62737700.38,-62737700.38,0.00,0,1,0
1,2025-05-21,0.00,0.00,0.00,555328.26,0,0,1
1,2025-05-26,9188187.00,0.00,9188187.00,0.00,1,0,0
1,2025-05-28,7695323.96,0.00,7695323.96,0.00,1,0,0
1,2025-06-05,0.00,42373646.15,-42373646.15,0.00,0,1,0
1,2025-06-06,11415971.94,0.00,11415971.94,0.00,1,0,0
1,2025-06-10,0.00,33836042.48,-33836042.48,0.00,0,1,0
1,2025-06-12,0.00,10580722.99,-10580722.99,568229.82,0,1,1
1,2025-06-19,0.00,0.00,0.00,1190432.76,0,0,1
1,2025-06-23,9786129.78,0.00,9786129.78,0.00,1,0,0
1,2025-06-30,23825805.05,0.00,23825805.05,0.00,1,0,0
1,2025-07-02,0.00,0.00,0.00,2213213.12,0,0,2
1,2025-07-08,8837322.12,0.00,8837322.12,0.00,1,0,0
1,2025-07-11,0.00,32707071.38,-32707071.38,1747220.13,0,1,1
1,2025-07-22,5566144.67,0.00,5566144.67,1325704.63,1,0,1
1,2025-07-29,0.00,0.00,0.00,612884.13,0,0,1
1,2025-07-30,0.00,0.00,0.00,1435100.79,0,0,1
1,2025-07-31,0.00,0.00,0.00,1853476.60,0,0,2
1,2025-08-07,46626660.50,0.00,46626660.50,0.00,1,0,0
1,2025-08-08,0.00,6732570.45,-6732570.45,0.00,0,1,0
1,2025-08-11,0.00,0.00,0.00,4458577.81,0,0,2
1,2025-08-12,15462726.54,0.00,15462726.54,0.00,1,0,0
1,2025-08-13,0.00,28541564.69,-28541564.69,0.00,0,1,0
1,2025-08-20,0.00,114414343.75,-114414343.75,0.00,0,1,0
1,2025-08-25,41326393.60,0.00,41326393.60,0.00,1,0,0
1,2025-08-28,0.00,5686945.85,-5686945.85,1136813.40,0,1,1
1,2025-09-02,29857406.32,0.00,29857406.32,0.00,1,0,0
1,2025-09-04,18173442.66,0.00,18173442.66,0.00,1,0,0
1,2025-09-05,0.00,0.00,0.00,502403.35,0,0,1
1,2025-09-08,40877453.41,0.00,40877453.41,0.00,1,0,0
1,2025-09-16,10583082.29,0.00,10583082.29,0.00,1,0,0
1,2025-09-22,0.00,8665187.18,-8665187.18,0.00,0,1,0
1,2025-09-23,12239545.71,0.00,12239545.71,0.00,1,0,0
1,2025-10-06,0.00,19316471.81,-19316471.81,0.00,0,1,0
1,2025-10-08,18451036.62,0.00,18451036.62,0.00,1,0,0
1,2025-10-14,0.00,34899734.46,-34899734.46,0.00,0,1,0
1,2025-10-17,0.00,20709112.34,-20709112.34,0.00,0,1,0
1,2025-10-24,15524235.19,0.00,15524235.19,0.00,1,0,0
1,2025-10-29,0.00,10458365.77,-10458365.77,0.00,0,1,0
1,2025-11-03,34396122.67,0.00,34396122.67,0.00,1,0,0
1,2025-11-17,12099283.40,0.00,12099283.40,0.00,1,0,0
1,2025-11-19,0.00,22763051.30,-22763051.30,0.00,0,1,0
1,2025-11-25,0.00,39745864.47,-39745864.47,0.00,0,1,0
1,2025-11-26,5327864.44,0.00,5327864.44,0.00,1,0,0
1,2025-12-02,54291091.69,0.00,54291091.69,0.00,1,0,0
1,2025-12-05,0.00,10656190.63,-10656190.63,0.00,0,1,0
1,2025-12-19,0.00,17168486.18,-17168486.18,0.00,0,1,0
1,2026-01-01,26741027.98,0.00,26741027.98,0.00,1,0,0
1,2026-02-04,32525207.44,0.00,32525207.44,0.00,1,0,0
1,2026-02-16,0.00,101828686.06,-101828686.06,0.00,0,1,0
1,2026-02-17,29330957.71,0.00,29330957.71,0.00,1,0,0
1,2026-02-18,0.00,0.00,0.00,1478185.90,0,0,1
1,2026-02-20,0.00,0.00,0.00,490581.56,0,0,1
1,2026-02-27,0.00,14760467.52,-14760467.52,0.00,0,1,0
1,2026-03-10,4729483.65,0.00,4729483.65,0.00,1,0,0
1,2026-03-16,21514769.65,0.00,21514769.65,0.00,1,0,0
1,2026-03-24,0.00,29850320.10,-29850320.10,0.00,0,1,0
1,2026-04-01,19742101.66,0.00,19742101.66,0.00,1,0,0
1,2026-04-06,0.00,23000942.25,-23000942.25,0.00,0,1,0
1,2026-04-07,33223665.72,0.00,33223665.72,0.00,1,0,0
1,2026-04-22,0.00,0.00,0.00,159128.21,0,0,1
1,2026-04-27,7573174.90,0.00,7573174.90,0.00,1,0,0
1,2026-04-28,0.00,23593168.01,-23593168.01,0.00,0,1,0
1,2026-05-12,0.00,30608456.84,-30608456.84,0.00,0,1,0
1,2026-05-14,0.00,10566800.14,-10566800.14,0.00,0,1,0
1,2026-05-18,0.00,53317186.17,-53317186.17,0.00,0,1,0
1,2026-05-21,0.00,40037043.50,-40037043.50,0.00,0,1,0
1,2026-05-25,30638873.62,0.00,30638873.62,0.00,1,0,0
1,2026-06-03,0.00,0.00,0.00,710515.07,0,0,1
1,2026-06-12,0.00,0.00,0.00,1670721.40,0,0,1
1,2026-06-16,0.00,0.00,0.00,273581.59,0,0,1
1,2026-06-22,0.00,0.00,0.00,2900565.52,0,0,1
1,2026-07-09,0.00,0.00,0.00,1581514.89,0,0,1
1,2026-07-10,0.00,0.00,0.00,1471352.36,0,0,1
1,2026-07-14,0.00,0.00,0.00,560574.37,0,0,1
1,2026-07-17,12165153.46,0.00,12165153.46,0.00,1,0,0
1,2026-07-20,16509633.19,0.00,16509633.19,0.00,1,0,0
1,2026-07-24,0.00,0.00,0.00,1980287.83,0,0,1
1,2026-07-27,0.00,0.00,0.00,1972189.55,0,0,1
1,2026-07-30,15566467.46,0.00,15566467.46,2104630.17,1,0,1
1,2026-08-06,32587478.03,0.00,32587478.03,0.00,1,0,0
1,2026-08-07,22117752.37,0.00,22117752.37,0.00,1,0,0
1,2026-08-12,0.00,13891355.99,-13891355.99,0.00,0,1,0
1,2026-08-18,16373407.24,0.00,16373407.24,0.00,1,0,0
1,2026-08-19,0.00,0.00,0.00,282906.86,0,0,1
1,2026-08-21,0.00,0.00,0.00,1104423.19,0,0,1
1,2026-08-25,0.00,0.00,0.00,801696.68,0,0,1
1,2026-08-26,0.00,0.00,0.00,2089380.16,0,0,1
1,2026-09-01,0.00,0.00,0.00,216066.87,0,0,1
1,2026-09-02,0.00,35098916.75,-35098916.75,0.00,0,1,0
1,2026-09-17,0.00,98687311.40,-98687311.40,0.00,0,1,0
1,2026-09-18,2779071.08,0.00,2779071.08,0.00,1,0,0
1,2026-09-28,0.00,11946458.08,-11946458.08,0.00,0,1,0
1,2026-09-29,105594182.64,0.00,105594182.64,0.00,1,0,0
1,2026-10-13,20467509.85,0.00,20467509.85,0.00,1,0,0
1,2026-11-04,0.00,0.00,0.00,554214.37,0,0,1
1,2026-11-13,0.00,33663517.87,-33663517.87,0.00,0,1,0
1,2026-11-25,40558318.47,0.00,40558318.47,0.00,1,0,0
1,2026-11-26,29567563.05,0.00,29567563.05,0.00,1,0,0
1,2026-12-09,0.00,39446114.61,-39446114.61,0.00,0,1,0
1,2026-12-10,0.00,10419430.41,-10419430.41,0.00,0,1,0
1,2026-12-11,0.00,0.00,0.00,2463758.02,0,0,1
1,2026-12-14,22433805.08,0.00,22433805.08,0.00,1,0,0
1,2026-12-28,0.00,41575059.65,-41575059.65,0.00,0,1,0
1,2026-12-29,19019282.41,0.00,19019282.41,0.00,1,0,0
2,2025-02-03,40433095.27,0.00,40433095.27,0.00,1,0,0
2,2025-02-04,45064627.18,0.00,45064627.18,0.00,1,0,0
2,2025-02-05,56315251.98,0.00,56315251.98,0.00,1,0,0
2,2025-02-06,63744841.48,0.00,63744841.48,0.00,1,0,0
2,2025-02-07,45810967.71,0.00,45810967.71,0.00,1,0,0
2,2025-02-10,24153404.06,0.00,24153404.06,0.00,1,0,0
2,2025-02-11,31056467.80,0.00,31056467.80,0.00,1,0,0
2,2025-02-12,47473877.49,0.00,47473877.49,0.00,1,0,0
2,2025-02-13,50287627.94,0.00,50287627.94,0.00,1,0,0
2,2025-02-14,28842242.54,0.00,28842242.54,0.00,1,0,0
2,2025-02-17,100402272.57,0.00,100402272.57,0.00,1,0,0
2,2025-02-18,47583165.51,0.00,47583165.51,0.00,1,0,0
2,2025-02-19,56851794.57,0.00,56851794.57,0.00,1,0,0
2,2025-02-20,50397519.44,0.00,50397519.44,0.00,1,0,0
2,2025-02-21,75576372.97,0.00,75576372.97,0.00,1,0,0
2,2025-02-24,76265581.15,0.00,76265581.15,0.00,1,0,0
2,2025-02-25,75922617.15,0.00,75922617.15,0.00,1,0,0
2,2025-02-27,66064736.28,0.00,66064736.28,0.00,1,0,0
2,2025-02-28,21615208.43,0.00,21615208.43,0.00,1,0,0
2,2025-03-03,78916158.76,0.00,78916158.76,0.00,1,0,0
2,2025-03-04,38952437.17,0.00,38952437.17,0.00,1,0,0
2,2025-03-05,42029580.69,0.00,42029580.69,0.00,1,0,0
2,2025-03-06,54973163.95,0.00,54973163.95,0.00,1,0,0
2,2025-03-07,71491689.09,0.00,71491689.09,0.00,1,0,0
2,2025-03-10,46007887.96,0.00,46007887.96,449394.17,1,0,1
2,2025-03-11,0.00,22662382.22,-22662382.22,0.00,0,1,0
2,2025-03-12,0.00,78045351.11,-78045351.11,0.00,0,1,0
2,2025-03-13,7077690.36,0.00,7077690.36,0.00,1,0,0
2,2025-03-18,0.00,0.00,0.00,361859.87,0,0,1
2,2025-03-19,0.00,14419644.69,-14419644.69,0.00,0,1,0
2,2025-03-21,0.00,0.00,0.00,268619.21,0,0,1
2,2025-03-24,7768340.96,0.00,7768340.96,0.00,1,0,0
2,2025-03-25,0.00,8485477.34,-8485477.34,0.00,0,1,0
2,2025-03-26,9589471.64,0.00,9589471.64,0.00,1,0,0
2,2025-04-01,0.00,31414703.74,-31414703.74,0.00,0,1,0
2,2025-04-03,0.00,22020274.37,-22020274.37,0.00,0,1,0
2,2025-04-07,21942783.07,0.00,21942783.07,0.00,1,0,0
2,2025-04-08,5226147.15,0.00,5226147.15,0.00,1,0,0
2,2025-04-09,15115699.38,0.00,15115699.38,0.00,1,0,0
2,2025-04-16,0.00,24521300.20,-24521300.20,0.00,0,1,0
2,2025-04-17,7724815.11,0.00,7724815.11,0.00,1,0,0
2,2025-04-22,0.00,4707297.61,-4707297.61,0.00,0,1,0
2,2025-05-02,0.00,15694317.11,-15694317.11,0.00,0,1,0
2,2025-05-07,8176550.34,0.00,8176550.34,0.00,1,0,0
2,2025-05-13,0.00,0.00,0.00,505486.37,0,0,1
2,2025-05-14,15431716.74,0.00,15431716.74,0.00,1,0,0
2,2025-05-20,75922261.99,0.00,75922261.99,0.00,1,0,0
2,2025-05-28,8157052.12,0.00,8157052.12,0.00,1,0,0
2,2025-06-02,20869004.38,0.00,20869004.38,0.00,1,0,0
2,2025-06-03,17645155.89,0.00,17645155.89,0.00,1,0,0
2,2025-06-05,5960356.54,0.00,5960356.54,0.00,1,0,0
2,2025-06-09,7893845.03,0.00,7893845.03,0.00,1,0,0
2,2025-06-10,0.00,0.00,0.00,679992.32,0,0,1
2,2025-06-12,6658909.46,0.00,6658909.46,0.00,1,0,0
2,2025-06-16,7246551.02,0.00,7246551.02,0.00,1,0,0
2,2025-06-18,0.00,9061127.60,-9061127.60,0.00,0,1,0
2,2025-06-19,0.00,0.00,0.00,499915.81,0,0,1
2,2025-06-20,6688929.62,0.00,6688929.62,0.00,1,0,0
2,2025-06-26,5415718.02,0.00,5415718.02,0.00,1,0,0
2,2025-06-27,0.00,39543748.34,-39543748.34,0.00,0,1,0
2,2025-06-30,0.00,17071618.89,-17071618.89,0.00,0,1,0
2,2025-07-01,0.00,34196579.86,-34196579.86,0.00,0,1,0
2,2025-07-07,0.00,0.00,0.00,2051176.71,0,0,2
2,2025-07-08,0.00,23805223.28,-23805223.28,0.00,0,1,0
2,2025-07-09,3497080.58,0.00,3497080.58,1245735.53,1,0,1
2,2025-07-10,0.00,19758442.25,-19758442.25,1234875.77,0,1,1
2,2025-07-17,11568143.15,0.00,11568143.15,0.00,1,0,0
2,2025-07-18,16903933.25,0.00,16903933.25,0.00,1,0,0
2,2025-07-21,12491478.29,0.00,12491478.29,0.00,1,0,0
2,2025-07-22,0.00,0.00,0.00,354794.23,0,0,1
2,2025-07-24,4433578.76,0.00,4433578.76,0.00,1,0,0
2,2025-07-25,0.00,0.00,0.00,992359.24,0,0,1
2,2025-07-28,4785056.81,0.00,4785056.81,0.00,1,0,0
2,2025-07-30,11346556.46,0.00,11346556.46,1157150.81,1,0,1
2,2025-07-31,0.00,0.00,0.00,1128036.80,0,0,1
2,2025-08-01,0.00,56139214.75,-56139214.75,71312.22,0,1,1
2,2025-08-05,50287077.47,0.00,50287077.47,0.00,1,0,0
2,2025-08-07,0.00,0.00,0.00,1237336.45,0,0,1
2,2025-08-08,0.00,0.00,0.00,358880.02,0,0,1
2,2025-08-11,15376229.14,0.00,15376229.14,0.00,1,0,0
2,2025-08-12,0.00,25402774.33,-25402774.33,0.00,0,1,0
2,2025-08-21,0.00,35820269.81,-35820269.81,0.00,0,1,0
2,2025-08-22,0.00,6932054.93,-6932054.93,360737.07,0,1,1
2,2025-08-25,14812423.83,0.00,14812423.83,0.00,1,0,0
2,2025-08-28,0.00,10492364.33,-10492364.33,0.00,0,1,0
2,2025-09-01,13540895.76,0.00,13540895.76,0.00,1,0,0
2,2025-09-03,15170187.72,0.00,15170187.72,0.00,1,0,0
2,2025-09-12,7322687.95,0.00,7322687.95,0.00,1,0,0
2,2025-09-15,0.00,15272591.16,-15272591.16,0.00,0,1,0
2,2025-09-17,0.00,0.00,0.00,477784.77,0,0,1
2,2025-09-22,11378443.53,0.00,11378443.53,0.00,1,0,0
2,2025-09-23,7552980.54,0.00,7552980.54,0.00,1,0,0
2,2025-09-24,0.00,19462384.72,-19462384.72,0.00,0,1,0
2,2025-09-30,12129299.53,0.00,12129299.53,0.00,1,0,0
2,2025-10-01,8985374.32,0.00,8985374.32,0.00,1,0,0
2,2025-10-03,12472032.34,0.00,12472032.34,0.00,1,0,0
2,2025-10-06,0.00,0.00,0.00,609385.73,0,0,1
2,2025-10-07,18176133.50,0.00,18176133.50,0.00,1,0,0
2,2025-10-09,4601192.96,0.00,4601192.96,0.00,1,0,0
2,2025-10-10,0.00,0.00,0.00,309190.50,0,0,1
2,2025-10-13,18388189.23,0.00,18388189.23,0.00,1,0,0
2,2025-10-14,0.00,60350711.38,-60350711.38,0.00,0,1,0
2,2025-10-23,16004054.47,0.00,16004054.47,0.00,1,0,0
2,2025-10-28,0.00,28238267.62,-28238267.62,0.00,0,1,0
2,2025-10-29,8218387.47,0.00,8218387.47,0.00,1,0,0
2,2025-11-04,0.00,3152227.79,-3152227.79,0.00,0,1,0
2,2025-11-06,0.00,21089317.67,-21089317.67,0.00,0,1,0
2,2025-11-07,50288021.01,0.00,50288021.01,0.00,1,0,0
2,2025-11-10,23953354.24,0.00,23953354.24,0.00,1,0,0
2,2025-11-12,13560583.47,0.00,13560583.47,0.00,1,0,0
2,2025-11-13,27325429.91,0.00,27325429.91,0.00,1,0,0
2,2025-11-14,0.00,0.00,0.00,505216.11,0,0,1
2,2025-11-18,11031240.86,0.00,11031240.86,1022439.91,1,0,1
2,2025-11-19,14517618.34,0.00,14517618.34,0.00,1,0,0
2,2025-11-21,10995935.20,0.00,10995935.20,0.00,1,0,0
2,2025-11-27,9047104.69,0.00,9047104.69,0.00,1,0,0
2,2025-12-02,6906649.75,0.00,6906649.75,0.00,1,0,0
2,2025-12-10,0.00,6216935.14,-6216935.14,0.00,0,1,0
2,2025-12-19,0.00,14845982.11,-14845982.11,0.00,0,1,0
2,2025-12-24,0.00,26320627.76,-26320627.76,0.00,0,1,0
2,2025-12-29,5730448.47,0.00,5730448.47,0.00,1,0,0
2,2025-12-31,7763344.51,0.00,7763344.51,0.00,1,0,0
2,2026-01-05,0.00,47839967.68,-47839967.68,0.00,0,1,0
2,2026-01-07,0.00,11328985.81,-11328985.81,0.00,0,1,0
2,2026-01-15,4547124.48,0.00,4547124.48,0.00,1,0,0
2,2026-01-20,19622598.02,0.00,19622598.02,0.00,1,0,0
2,2026-01-22,26516247.46,0.00,26516247.46,0.00,1,0,0
2,2026-01-23,27705952.47,0.00,27705952.47,0.00,1,0,0
2,2026-01-27,6561362.42,0.00,6561362.42,0.00,1,0,0
2,2026-01-30,0.00,17077160.93,-17077160.93,0.00,0,1,0
2,2026-02-05,4451977.34,0.00,4451977.34,0.00,1,0,0
2,2026-02-13,20413213.14,0.00,20413213.14,0.00,1,0,0
2,2026-02-20,5719285.84,0.00,5719285.84,0.00,1,0,0
2,2026-02-24,0.00,24153683.97,-24153683.97,487971.25,0,1,1
2,2026-02-26,0.00,0.00,0.00,345845.58,0,0,1
2,2026-03-02,5633366.66,0.00,5633366.66,0.00,1,0,0
2,2026-03-03,12929061.85,0.00,12929061.85,0.00,1,0,0
2,2026-03-09,8756653.47,0.00,8756653.47,239135.91,1,0,1
2,2026-03-13,14565639.17,0.00,14565639.17,0.00,1,0,0
2,2026-03-16,0.00,16003955.18,-16003955.18,0.00,0,1,0
2,2026-03-17,20432767.31,0.00,20432767.31,0.00,1,0,0
2,2026-03-24,16611669.61,0.00,16611669.61,0.00,1,0,0
2,2026-03-25,7363747.37,0.00,7363747.37,0.00,1,0,0
2,2026-03-27,0.00,32389263.11,-32389263.11,0.00,0,1,0
2,2026-04-01,0.00,18558346.95,-18558346.95,0.00,0,1,0
2,2026-04-06,0.00,22234451.87,-22234451.87,465095.76,0,1,1
2,2026-04-09,0.00,8612183.40,-8612183.40,0.00,0,1,0
2,2026-04-10,0.00,2418546.85,-2418546.85,0.00,0,1,0
2,2026-04-13,0.00,13571094.65,-13571094.65,0.00,0,1,0
2,2026-04-15,56851335.84,0.00,56851335.84,0.00,1,0,0
2,2026-04-17,0.00,23274430.07,-23274430.07,0.00,0,1,0
2,2026-04-20,13773495.51,0.00,13773495.51,0.00,1,0,0
2,2026-04-22,0.00,66382088.68,-66382088.68,0.00,0,1,0
2,2026-04-23,0.00,0.00,0.00,508796.83,0,0,1
2,2026-04-24,0.00,0.00,0.00,488769.82,0,0,1
2,2026-04-29,10522477.79,0.00,10522477.79,0.00,1,0,0
2,2026-04-30,6839436.65,0.00,6839436.65,0.00,1,0,0
2,2026-05-07,7488458.30,0.00,7488458.30,0.00,1,0,0
2,2026-05-12,5577009.75,0.00,5577009.75,0.00,1,0,0
2,2026-05-13,5857868.17,0.00,5857868.17,0.00,1,0,0
2,2026-05-15,8290072.10,0.00,8290072.10,0.00,1,0,0
2,2026-05-18,0.00,20373685.28,-20373685.28,0.00,0,1,0
2,2026-05-19,0.00,6156781.26,-6156781.26,0.00,0,1,0
2,2026-05-22,17060202.79,0.00,17060202.79,0.00,1,0,0
2,2026-05-26,0.00,147635837.26,-147635837.26,0.00,0,1,0
2,2026-05-28,4794646.52,0.00,4794646.52,0.00,1,0,0
2,2026-06-01,0.00,14870904.63,-14870904.63,219281.54,0,1,1
2,2026-06-03,100402121.99,0.00,100402121.99,0.00,1,0,0
2,2026-06-05,11930803.09,0.00,11930803.09,0.00,1,0,0
2,2026-06-08,8025686.62,0.00,8025686.62,0.00,1,0,0
2,2026-06-09,0.00,0.00,0.00,169708.09,0,0,1
2,2026-06-10,0.00,0.00,0.00,258898.57,0,0,1
2,2026-06-11,9779629.17,0.00,9779629.17,0.00,1,0,0
2,2026-06-18,0.00,14529286.36,-14529286.36,0.00,0,1,0
2,2026-06-22,8728019.10,0.00,8728019.10,476442.43,1,0,1
2,2026-06-23,13028129.28,0.00,13028129.28,0.00,1,0,0
2,2026-06-25,17116157.08,0.00,17116157.08,1179957.75,1,0,1
2,2026-06-30,0.00,0.00,0.00,127042.37,0,0,1
2,2026-07-02,7582426.05,0.00,7582426.05,0.00,1,0,0
2,2026-07-03,0.00,0.00,0.00,2027082.06,0,0,2
2,2026-07-07,6574338.15,0.00,6574338.15,0.00,1,0,0
2,2026-07-09,0.00,44829982.19,-44829982.19,0.00,0,1,0
2,2026-07-10,50287113.84,0.00,50287113.84,994840.48,1,0,1
2,2026-07-13,6515948.93,0.00,6515948.93,0.00,1,0,0
2,2026-07-14,0.00,11446200.39,-11446200.39,0.00,0,1,0
2,2026-07-15,0.00,0.00,0.00,541923.56,0,0,1
2,2026-07-20,7407421.61,0.00,7407421.61,0.00,1,0,0
2,2026-07-21,15032452.97,0.00,15032452.97,0.00,1,0,0
2,2026-07-24,10006545.95,0.00,10006545.95,2274801.13,1,0,1
2,2026-07-28,16955120.44,0.00,16955120.44,0.00,1,0,0
2,2026-07-29,5818747.18,0.00,5818747.18,0.00,1,0,0
2,2026-07-30,0.00,0.00,0.00,2417635.96,0,0,1
2,2026-07-31,0.00,45564611.45,-45564611.45,0.00,0,1,0
2,2026-08-04,9544623.01,0.00,9544623.01,0.00,1,0,0
2,2026-08-06,6801426.51,0.00,6801426.51,0.00,1,0,0
2,2026-08-12,0.00,0.00,0.00,1635969.98,0,0,1
2,2026-08-14,6641589.74,0.00,6641589.74,0.00,1,0,0
2,2026-08-19,0.00,0.00,0.00,291777.62,0,0,1
2,2026-08-20,0.00,6361280.48,-6361280.48,1314222.48,0,1,1
2,2026-08-21,9523984.11,0.00,9523984.11,0.00,1,0,0
2,2026-08-24,0.00,1151657.27,-1151657.27,0.00,0,1,0
2,2026-08-26,54973171.98,0.00,54973171.98,0.00,1,0,0
2,2026-08-28,17808297.17,0.00,17808297.17,0.00,1,0,0
2,2026-08-31,0.00,10821082.35,-10821082.35,268123.68,0,1,1
2,2026-09-01,15776935.39,0.00,15776935.39,0.00,1,0,0
2,2026-09-02,15952283.51,0.00,15952283.51,0.00,1,0,0
2,2026-09-07,0.00,103207540.42,-103207540.42,0.00,0,1,0
2,2026-09-15,71491629.77,0.00,71491629.77,0.00,1,0,0
2,2026-09-16,7266806.49,0.00,7266806.49,0.00,1,0,0
2,2026-09-17,0.00,0.00,0.00,1123280.36,0,0,1
2,2026-09-18,8621010.99,0.00,8621010.99,0.00,1,0,0
2,2026-09-21,16568240.64,0.00,16568240.64,0.00,1,0,0
2,2026-09-23,23489749.76,0.00,23489749.76,0.00,1,0,0
2,2026-09-24,11895989.46,0.00,11895989.46,0.00,1,0,0
2,2026-09-29,8708402.42,0.00,8708402.42,0.00,1,0,0
2,2026-10-06,20573057.63,0.00,20573057.63,0.00,1,0,0
2,2026-10-08,4749654.59,0.00,4749654.59,0.00,1,0,0
2,2026-10-12,0.00,0.00,0.00,494374.17,0,0,1
2,2026-10-15,20242331.67,0.00,20242331.67,0.00,1,0,0
2,2026-10-21,8425998.63,0.00,8425998.63,0.00,1,0,0
2,2026-10-22,0.00,10720421.54,-10720421.54,0.00,0,1,0
2,2026-10-26,7390094.13,0.00,7390094.13,0.00,1,0,0
2,2026-10-27,20210782.25,0.00,20210782.25,0.00,1,0,0
2,2026-11-04,0.00,17503177.12,-17503177.12,0.00,0,1,0
2,2026-11-05,0.00,11793182.21,-11793182.21,0.00,0,1,0
2,2026-11-06,0.00,60357261.81,-60357261.81,0.00,0,1,0
2,2026-11-11,12160173.18,0.00,12160173.18,0.00,1,0,0
2,2026-11-16,7581020.85,0.00,7581020.85,0.00,1,0,0
2,2026-11-23,5712252.27,0.00,5712252.27,0.00,1,0,0
2,2026-11-25,0.00,52784859.41,-52784859.41,0.00,0,1,0
2,2026-11-26,0.00,0.00,0.00,1176072.99,0,0,1
2,2026-11-27,5504429.36,0.00,5504429.36,0.00,1,0,0
2,2026-12-04,21361448.10,0.00,21361448.10,0.00,1,0,0
2,2026-12-09,0.00,51285260.60,-51285260.60,0.00,0,1,0
2,2026-12-11,7345091.61,0.00,7345091.61,0.00,1,0,0
2,2026-12-14,0.00,16275992.74,-16275992.74,0.00,0,1,0
2,2026-12-16,11915464.23,0.00,11915464.23,0.00,1,0,0
2,2026-12-18,12885142.90,0.00,12885142.90,0.00,1,0,0
2,2026-12-21,4826281.96,0.00,4826281.96,0.00,1,0,0
2,2026-12-22,15762980.85,0.00,15762980.85,0.00,1,0,0
2,2026-12-24,7595377.72,0.00,7595377.72,0.00,1,0,0
2,2026-12-31,0.00,2626523.45,-2626523.45,0.00,0,1,0
3,2025-02-05,94165117.80,0.00,94165117.80,0.00,1,0,0
3,2025-02-06,228065076.41,0.00,228065076.41,0.00,1,0,0
3,2025-02-07,373624942.96,0.00,373624942.96,0.00,1,0,0
3,2025-02-10,206472811.28,0.00,206472811.28,0.00,1,0,0
3,2025-02-11,426953544.02,0.00,426953544.02,0.00,1,0,0
3,2025-02-13,266454680.70,0.00,266454680.70,0.00,1,0,0
3,2025-02-14,201026968.72,0.00,201026968.72,0.00,1,0,0
3,2025-02-17,176242048.85,0.00,176242048.85,0.00,1,0,0
3,2025-02-18,153013846.23,0.00,153013846.23,0.00,1,0,0
3,2025-02-19,142784052.89,0.00,142784052.89,0.00,1,0,0
3,2025-02-21,413983252.61,0.00,413983252.61,0.00,1,0,0
3,2025-02-24,115250289.85,0.00,115250289.85,0.00,1,0,0
3,2025-02-25,157762990.37,0.00,157762990.37,0.00,1,0,0
3,2025-02-27,0.00,204106845.37,-204106845.37,2058638.96,0,1,1
3,2025-02-28,0.00,65131442.09,-65131442.09,0.00,0,1,0
3,2025-03-05,0.00,178301949.81,-178301949.81,4726179.32,0,1,1
3,2025-03-06,0.00,53113077.51,-53113077.51,0.00,0,1,0
3,2025-03-07,0.00,17449132.27,-17449132.27,0.00,0,1,0
3,2025-03-10,0.00,168903375.55,-168903375.55,0.00,0,1,0
3,2025-03-11,65585436.86,0.00,65585436.86,0.00,1,0,0
3,2025-03-12,0.00,289017810.93,-289017810.93,0.00,0,1,0
3,2025-03-13,0.00,61269615.46,-61269615.46,2633583.75,0,1,1
3,2025-03-18,29425366.94,0.00,29425366.94,0.00,1,0,0
3,2025-03-19,0.00,0.00,0.00,1004200.54,0,0,1
3,2025-03-21,0.00,38554346.95,-38554346.95,1934567.58,0,1,1
3,2025-03-24,20576271.69,0.00,20576271.69,0.00,1,0,0
3,2025-03-27,45058546.12,0.00,45058546.12,0.00,1,0,0
3,2025-04-01,30920406.02,0.00,30920406.02,0.00,1,0,0
3,2025-04-02,153013932.32,0.00,153013932.32,0.00,1,0,0
3,2025-04-03,266455137.54,0.00,266455137.54,0.00,1,0,0
3,2025-04-04,228065347.17,0.00,228065347.17,0.00,1,0,0
3,2025-04-07,176242173.79,0.00,176242173.79,0.00,1,0,0
3,2025-04-08,24561993.83,0.00,24561993.83,0.00,1,0,0
3,2025-04-09,0.00,39369912.23,-39369912.23,0.00,0,1,0
3,2025-04-11,48681019.00,0.00,48681019.00,0.00,1,0,0
3,2025-04-15,0.00,337459863.10,-337459863.10,0.00,0,1,0
3,2025-04-16,0.00,73973161.88,-73973161.88,0.00,0,1,0
3,2025-04-17,61924078.01,0.00,61924078.01,0.00,1,0,0
3,2025-04-22,57223917.32,0.00,57223917.32,0.00,1,0,0
3,2025-04-23,15915169.57,0.00,15915169.57,0.00,1,0,0
3,2025-04-24,0.00,300683033.51,-300683033.51,0.00,0,1,0
3,2025-04-25,0.00,52395665.56,-52395665.56,0.00,0,1,0
3,2025-04-28,0.00,0.00,0.00,1779682.57,0,0,1
3,2025-04-29,33599213.19,0.00,33599213.19,0.00,1,0,0
3,2025-05-02,0.00,61508567.33,-61508567.33,0.00,0,1,0
3,2025-05-05,16564200.34,0.00,16564200.34,0.00,1,0,0
3,2025-05-07,46794558.92,0.00,46794558.92,0.00,1,0,0
3,2025-05-09,0.00,54811069.14,-54811069.14,0.00,0,1,0
3,2025-05-12,115249857.37,0.00,115249857.37,0.00,1,0,0
3,2025-05-13,66997144.74,0.00,66997144.74,0.00,1,0,0
3,2025-05-15,0.00,0.00,0.00,1505866.74,0,0,1
3,2025-05-16,47042117.22,0.00,47042117.22,0.00,1,0,0
3,2025-05-19,66754346.84,0.00,66754346.84,0.00,1,0,0
3,2025-05-21,426953600.15,0.00,426953600.15,5390703.21,1,0,1
3,2025-05-26,0.00,0.00,0.00,1663754.12,0,0,1
3,2025-05-28,201026740.39,0.00,201026740.39,0.00,1,0,0
3,2025-05-30,22928974.67,0.00,22928974.67,0.00,1,0,0
3,2025-06-02,0.00,61390353.57,-61390353.57,0.00,0,1,0
3,2025-06-04,34958633.81,0.00,34958633.81,0.00,1,0,0
3,2025-06-05,105869220.25,0.00,105869220.25,2982907.85,1,0,1
3,2025-06-06,0.00,17472684.23,-17472684.23,0.00,0,1,0
3,2025-06-10,0.00,100150141.96,-100150141.96,0.00,0,1,0
3,2025-06-12,0.00,123446931.98,-123446931.98,14922197.47,0,1,1
3,2025-06-16,66377381.03,0.00,66377381.03,0.00,1,0,0
3,2025-06-18,25272426.69,0.00,25272426.69,0.00,1,0,0
3,2025-06-19,0.00,226619198.37,-226619198.37,0.00,0,1,0
3,2025-06-24,94165080.07,0.00,94165080.07,0.00,1,0,0
3,2025-06-25,0.00,99754399.26,-99754399.26,0.00,0,1,0
3,2025-06-30,0.00,71016522.50,-71016522.50,0.00,0,1,0
3,2025-07-01,0.00,55265265.99,-55265265.99,0.00,0,1,0
3,2025-07-02,0.00,98794240.51,-98794240.51,0.00,0,1,0
3,2025-07-03,0.00,119775765.00,-119775765.00,0.00,0,1,0
3,2025-07-04,0.00,29061306.71,-29061306.71,0.00,0,1,0
3,2025-07-07,0.00,45741858.23,-45741858.23,0.00,0,1,0
3,2025-07-08,127691690.20,0.00,127691690.20,0.00,1,0,0
3,2025-07-09,0.00,65422074.31,-65422074.31,0.00,0,1,0
3,2025-07-11,0.00,96688636.54,-96688636.54,0.00,0,1,0
3,2025-07-15,115249995.01,0.00,115249995.01,0.00,1,0,0
3,2025-07-16,0.00,63373888.83,-63373888.83,0.00,0,1,0
3,2025-07-17,0.00,48685322.68,-48685322.68,0.00,0,1,0
3,2025-07-18,31730462.78,0.00,31730462.78,0.00,1,0,0
3,2025-07-21,64259520.21,0.00,64259520.21,0.00,1,0,0
3,2025-07-22,31737467.88,0.00,31737467.88,0.00,1,0,0
3,2025-07-23,52986584.48,0.00,52986584.48,0.00,1,0,0
3,2025-07-24,0.00,116198606.21,-116198606.21,8777578.12,0,1,1
3,2025-07-28,0.00,82507249.12,-82507249.12,0.00,0,1,0
3,2025-07-30,46131182.08,0.00,46131182.08,0.00,1,0,0
3,2025-07-31,37507315.25,0.00,37507315.25,0.00,1,0,0
3,2025-08-05,32560796.75,0.00,32560796.75,0.00,1,0,0
3,2025-08-06,68361394.41,0.00,68361394.41,0.00,1,0,0
3,2025-08-07,0.00,0.00,0.00,4954314.30,0,0,1
3,2025-08-08,41102706.07,0.00,41102706.07,0.00,1,0,0
3,2025-08-12,10508547.03,0.00,10508547.03,2584842.62,1,0,1
3,2025-08-13,32454203.03,0.00,32454203.03,3788813.92,1,0,1
3,2025-08-14,141595593.82,0.00,141595593.82,0.00,1,0,0
3,2025-08-19,0.00,27674441.69,-27674441.69,0.00,0,1,0
3,2025-08-20,0.00,146541704.45,-146541704.45,0.00,0,1,0
3,2025-08-21,0.00,467238392.04,-467238392.04,0.00,0,1,0
3,2025-08-25,0.00,50293499.84,-50293499.84,0.00,0,1,0
3,2025-08-28,29293019.66,0.00,29293019.66,0.00,1,0,0
3,2025-09-01,24417888.10,0.00,24417888.10,0.00,1,0,0
3,2025-09-04,17033137.58,0.00,17033137.58,0.00,1,0,0
3,2025-09-08,0.00,76128608.20,-76128608.20,0.00,0,1,0
3,2025-09-09,37114501.64,0.00,37114501.64,0.00,1,0,0
3,2025-09-11,0.00,164267797.09,-164267797.09,0.00,0,1,0
3,2025-09-12,43594418.02,0.00,43594418.02,0.00,1,0,0
3,2025-09-15,47582444.85,0.00,47582444.85,0.00,1,0,0
3,2025-09-16,0.00,75264957.56,-75264957.56,0.00,0,1,0
3,2025-09-17,53854316.61,0.00,53854316.61,0.00,1,0,0
3,2025-09-18,23707580.26,0.00,23707580.26,2173013.15,1,0,1
3,2025-09-19,0.00,112874538.32,-112874538.32,0.00,0,1,0
3,2025-09-24,0.00,107580206.25,-107580206.25,0.00,0,1,0
3,2025-09-25,68176173.86,0.00,68176173.86,0.00,1,0,0
3,2025-09-26,17171049.15,0.00,17171049.15,0.00,1,0,0
3,2025-09-29,0.00,26417688.10,-26417688.10,0.00,0,1,0
3,2025-09-30,0.00,107015755.44,-107015755.44,0.00,0,1,0
3,2025-10-01,0.00,150674468.99,-150674468.99,0.00,0,1,0
3,2025-10-03,0.00,90896063.53,-90896063.53,0.00,0,1,0
3,2025-10-06,0.00,65187489.59,-65187489.59,0.00,0,1,0
3,2025-10-07,53138441.74,0.00,53138441.74,0.00,1,0,0
3,2025-10-08,56583997.48,0.00,56583997.48,0.00,1,0,0
3,2025-10-09,0.00,41613193.12,-41613193.12,0.00,0,1,0
3,2025-10-10,157762898.28,0.00,157762898.28,0.00,1,0,0
3,2025-10-14,0.00,81196060.33,-81196060.33,0.00,0,1,0
3,2025-10-15,36221176.61,0.00,36221176.61,0.00,1,0,0
3,2025-10-16,40886716.94,0.00,40886716.94,0.00,1,0,0
3,2025-10-17,0.00,207046355.18,-207046355.18,0.00,0,1,0
3,2025-10-20,20257122.60,0.00,20257122.60,0.00,1,0,0
3,2025-10-23,0.00,54003816.62,-54003816.62,0.00,0,1,0
3,2025-10-27,0.00,378007301.04,-378007301.04,0.00,0,1,0
3,2025-10-28,45211238.16,0.00,45211238.16,0.00,1,0,0
3,2025-10-29,142784176.14,0.00,142784176.14,0.00,1,0,0
3,2025-10-30,136336939.56,0.00,136336939.56,0.00,1,0,0
3,2025-10-31,115250029.93,0.00,115250029.93,0.00,1,0,0
3,2025-11-03,413982918.66,0.00,413982918.66,0.00,1,0,0
3,2025-11-04,25758361.33,0.00,25758361.33,0.00,1,0,0
3,2025-11-06,0.00,66045217.77,-66045217.77,0.00,0,1,0
3,2025-11-07,94916743.72,0.00,94916743.72,0.00,1,0,0
3,2025-11-12,29708369.58,0.00,29708369.58,0.00,1,0,0
3,2025-11-13,201027100.40,0.00,201027100.40,0.00,1,0,0
3,2025-11-17,0.00,74757416.77,-74757416.77,0.00,0,1,0
3,2025-11-19,206472011.76,0.00,206472011.76,0.00,1,0,0
3,2025-11-20,0.00,63129113.45,-63129113.45,0.00,0,1,0
3,2025-11-21,153013892.13,0.00,153013892.13,0.00,1,0,0
3,2025-11-24,0.00,56731138.26,-56731138.26,0.00,0,1,0
3,2025-11-27,21433348.51,0.00,21433348.51,0.00,1,0,0
3,2025-12-01,52048535.10,0.00,52048535.10,0.00,1,0,0
3,2025-12-03,32446910.71,0.00,32446910.71,0.00,1,0,0
3,2025-12-04,0.00,15799574.92,-15799574.92,0.00,0,1,0
3,2025-12-09,94165035.91,0.00,94165035.91,0.00,1,0,0
3,2025-12-10,0.00,67887040.34,-67887040.34,0.00,0,1,0
3,2025-12-12,0.00,117185343.20,-117185343.20,0.00,0,1,0
3,2025-12-15,0.00,21543682.26,-21543682.26,0.00,0,1,0
3,2025-12-16,51309500.49,0.00,51309500.49,0.00,1,0,0
3,2025-12-17,33909579.70,0.00,33909579.70,0.00,1,0,0
3,2025-12-18,69418573.30,0.00,69418573.30,0.00,1,0,0
3,2025-12-19,25608004.53,0.00,25608004.53,0.00,1,0,0
3,2025-12-23,0.00,67893860.91,-67893860.91,0.00,0,1,0
3,2025-12-24,130673265.82,0.00,130673265.82,0.00,1,0,0
3,2025-12-26,0.00,62795252.33,-62795252.33,0.00,0,1,0
3,2025-12-29,121438101.27,0.00,121438101.27,0.00,1,0,0
3,2025-12-30,74116405.03,0.00,74116405.03,0.00,1,0,0
3,2025-12-31,0.00,208438731.23,-208438731.23,0.00,0,1,0
3,2026-01-01,0.00,135226300.30,-135226300.30,0.00,0,1,0
3,2026-01-02,56243543.44,0.00,56243543.44,0.00,1,0,0
3,2026-01-05,176242145.43,0.00,176242145.43,0.00,1,0,0
3,2026-01-08,23635219.89,0.00,23635219.89,0.00,1,0,0
3,2026-01-13,157762865.57,0.00,157762865.57,0.00,1,0,0
3,2026-01-16,54460801.84,0.00,54460801.84,0.00,1,0,0
3,2026-01-19,35553070.87,0.00,35553070.87,0.00,1,0,0
3,2026-01-20,47764738.16,0.00,47764738.16,0.00,1,0,0
3,2026-01-21,0.00,55546380.09,-55546380.09,0.00,0,1,0
3,2026-01-22,51471898.37,0.00,51471898.37,0.00,1,0,0
3,2026-01-23,60912877.71,0.00,60912877.71,0.00,1,0,0
3,2026-01-27,0.00,66682001.37,-66682001.37,0.00,0,1,0
3,2026-01-28,64549302.39,0.00,64549302.39,0.00,1,0,0
3,2026-01-29,0.00,45470945.17,-45470945.17,0.00,0,1,0
3,2026-01-30,136405638.40,0.00,136405638.40,0.00,1,0,0
3,2026-02-02,36017764.02,0.00,36017764.02,0.00,1,0,0
3,2026-02-03,77551053.80,0.00,77551053.80,0.00,1,0,0
3,2026-02-04,55386320.03,0.00,55386320.03,0.00,1,0,0
3,2026-02-05,63699793.68,0.00,63699793.68,0.00,1,0,0
3,2026-02-06,0.00,61488118.04,-61488118.04,0.00,0,1,0
3,2026-02-09,0.00,20071321.18,-20071321.18,0.00,0,1,0
3,2026-02-10,23713563.38,0.00,23713563.38,0.00,1,0,0
3,2026-02-11,0.00,49430261.98,-49430261.98,0.00,0,1,0
3,2026-02-12,0.00,99240340.87,-99240340.87,0.00,0,1,0
3,2026-02-13,0.00,245122202.01,-245122202.01,0.00,0,1,0
3,2026-02-16,15987226.19,0.00,15987226.19,0.00,1,0,0
3,2026-02-17,25789266.54,0.00,25789266.54,0.00,1,0,0
3,2026-02-18,201026717.44,0.00,201026717.44,0.00,1,0,0
3,2026-02-23,0.00,33060673.80,-33060673.80,0.00,0,1,0
3,2026-02-24,0.00,200364931.86,-200364931.86,0.00,0,1,0
3,2026-02-26,43078965.27,0.00,43078965.27,0.00,1,0,0
3,2026-02-27,47735830.90,0.00,47735830.90,0.00,1,0,0
3,2026-03-02,201027155.29,0.00,201027155.29,0.00,1,0,0
3,2026-03-03,48660873.89,0.00,48660873.89,0.00,1,0,0
3,2026-03-05,47085439.50,0.00,47085439.50,0.00,1,0,0
3,2026-03-06,27205651.05,0.00,27205651.05,0.00,1,0,0
3,2026-03-09,0.00,180572839.10,-180572839.10,0.00,0,1,0
3,2026-03-10,0.00,81099917.23,-81099917.23,0.00,0,1,0
3,2026-03-11,0.00,57733400.16,-57733400.16,0.00,0,1,0
3,2026-03-12,27053362.41,0.00,27053362.41,0.00,1,0,0
3,2026-03-13,38102623.50,0.00,38102623.50,0.00,1,0,0
3,2026-03-16,0.00,32180922.85,-32180922.85,0.00,0,1,0
3,2026-03-17,65127893.81,0.00,65127893.81,0.00,1,0,0
3,2026-03-18,26156070.92,0.00,26156070.92,0.00,1,0,0
3,2026-03-19,39501790.25,0.00,39501790.25,0.00,1,0,0
3,2026-03-23,0.00,81890792.81,-81890792.81,0.00,0,1,0
3,2026-03-25,0.00,222060737.82,-222060737.82,0.00,0,1,0
3,2026-03-27,29756291.25,0.00,29756291.25,0.00,1,0,0
3,2026-03-30,0.00,91776514.24,-91776514.24,0.00,0,1,0
3,2026-04-01,66701261.36,0.00,66701261.36,0.00,1,0,0
3,2026-04-06,16116691.03,0.00,16116691.03,0.00,1,0,0
3,2026-04-07,0.00,32101075.50,-32101075.50,0.00,0,1,0
3,2026-04-08,0.00,219163396.04,-219163396.04,0.00,0,1,0
3,2026-04-09,228065440.13,0.00,228065440.13,0.00,1,0,0
3,2026-04-10,0.00,79404684.97,-79404684.97,0.00,0,1,0
3,2026-04-13,0.00,38530387.80,-38530387.80,0.00,0,1,0
3,2026-04-15,0.00,103556066.70,-103556066.70,0.00,0,1,0
3,2026-04-16,42966499.90,0.00,42966499.90,0.00,1,0,0
3,2026-04-17,0.00,201174749.54,-201174749.54,0.00,0,1,0
3,2026-04-21,45917962.99,0.00,45917962.99,0.00,1,0,0
3,2026-04-22,48707571.48,0.00,48707571.48,0.00,1,0,0
3,2026-04-24,49402817.69,0.00,49402817.69,0.00,1,0,0
3,2026-04-28,0.00,62318759.56,-62318759.56,0.00,0,1,0
3,2026-04-29,45878343.30,0.00,45878343.30,0.00,1,0,0
3,2026-04-30,35077041.17,0.00,35077041.17,0.00,1,0,0
3,2026-05-04,31768297.06,0.00,31768297.06,0.00,1,0,0
3,2026-05-06,0.00,213313267.84,-213313267.84,0.00,0,1,0
3,2026-05-07,0.00,30290935.80,-30290935.80,0.00,0,1,0
3,2026-05-08,49133381.35,0.00,49133381.35,0.00,1,0,0
3,2026-05-11,0.00,150143334.92,-150143334.92,0.00,0,1,0
3,2026-05-13,0.00,59888614.94,-59888614.94,0.00,0,1,0
3,2026-05-14,176241999.24,0.00,176241999.24,1301434.76,1,0,1
3,2026-05-18,23381178.69,0.00,23381178.69,0.00,1,0,0
3,2026-05-19,0.00,102282279.98,-102282279.98,0.00,0,1,0
3,2026-05-20,153013703.59,0.00,153013703.59,0.00,1,0,0
3,2026-05-22,0.00,47294933.54,-47294933.54,0.00,0,1,0
3,2026-05-28,42463040.27,0.00,42463040.27,0.00,1,0,0
3,2026-05-29,40228133.00,0.00,40228133.00,0.00,1,0,0
3,2026-06-01,61601307.77,0.00,61601307.77,0.00,1,0,0
3,2026-06-02,17857450.70,0.00,17857450.70,0.00,1,0,0
3,2026-06-03,0.00,81252017.44,-81252017.44,0.00,0,1,0
3,2026-06-04,78655633.86,0.00,78655633.86,1961541.68,1,0,1
3,2026-06-05,0.00,130248664.14,-130248664.14,0.00,0,1,0
3,2026-06-09,0.00,0.00,0.00,3408564.53,0,0,1
3,2026-06-10,0.00,23120977.03,-23120977.03,0.00,0,1,0
3,2026-06-11,0.00,327267401.07,-327267401.07,0.00,0,1,0
3,2026-06-15,0.00,29547057.62,-29547057.62,11780196.63,0,1,1
3,2026-06-16,40428151.92,0.00,40428151.92,1479888.69,1,0,1
3,2026-06-18,426953687.87,0.00,426953687.87,0.00,1,0,0
3,2026-06-23,94164980.41,0.00,94164980.41,1368374.40,1,0,1
3,2026-06-24,105555731.56,0.00,105555731.56,0.00,1,0,0
3,2026-06-25,79662762.42,0.00,79662762.42,0.00,1,0,0
3,2026-06-26,31293632.56,0.00,31293632.56,0.00,1,0,0
3,2026-07-02,0.00,110495070.51,-110495070.51,0.00,0,1,0
3,2026-07-03,0.00,179033590.85,-179033590.85,0.00,0,1,0
3,2026-07-06,33405718.48,0.00,33405718.48,0.00,1,0,0
3,2026-07-07,22872159.11,0.00,22872159.11,0.00,1,0,0
3,2026-07-08,0.00,149046852.77,-149046852.77,13469049.81,0,1,1
3,2026-07-09,34805968.42,0.00,34805968.42,0.00,1,0,0
3,2026-07-13,373624948.30,0.00,373624948.30,0.00,1,0,0
3,2026-07-14,0.00,50213475.24,-50213475.24,2853008.53,0,1,1
3,2026-07-15,0.00,17447843.78,-17447843.78,5148193.06,0,1,2
3,2026-07-16,0.00,103726029.27,-103726029.27,0.00,0,1,0
3,2026-07-17,123986424.40,0.00,123986424.40,0.00,1,0,0
3,2026-07-20,26792051.43,0.00,26792051.43,0.00,1,0,0
3,2026-07-22,0.00,22933393.39,-22933393.39,0.00,0,1,0
3,2026-07-23,0.00,88302156.63,-88302156.63,0.00,0,1,0
3,2026-07-24,0.00,10750235.87,-10750235.87,0.00,0,1,0
3,2026-07-27,45209321.78,0.00,45209321.78,0.00,1,0,0
3,2026-07-28,0.00,43557156.05,-43557156.05,671430.56,0,1,1
3,2026-08-03,0.00,20785012.29,-20785012.29,0.00,0,1,0
3,2026-08-04,115250056.44,0.00,115250056.44,0.00,1,0,0
3,2026-08-05,0.00,71314417.12,-71314417.12,1829850.87,0,1,1
3,2026-08-06,119754573.09,0.00,119754573.09,0.00,1,0,0
3,2026-08-07,0.00,0.00,0.00,1412002.75,0,0,1
3,2026-08-10,105760129.88,0.00,105760129.88,2983548.75,1,0,1
3,2026-08-11,74996605.69,0.00,74996605.69,0.00,1,0,0
3,2026-08-12,30509580.18,0.00,30509580.18,0.00,1,0,0
3,2026-08-14,38839507.10,0.00,38839507.10,0.00,1,0,0
3,2026-08-20,0.00,70474730.42,-70474730.42,0.00,0,1,0
3,2026-08-21,0.00,69859857.98,-69859857.98,6336758.54,0,1,1
3,2026-08-25,0.00,62024171.32,-62024171.32,0.00,0,1,0
3,2026-08-28,52151414.64,0.00,52151414.64,0.00,1,0,0
3,2026-08-31,94165086.08,0.00,94165086.08,0.00,1,0,0
3,2026-09-02,0.00,36219619.17,-36219619.17,0.00,0,1,0
3,2026-09-04,75112498.67,0.00,75112498.67,0.00,1,0,0
3,2026-09-07,0.00,110304558.01,-110304558.01,0.00,0,1,0
3,2026-09-09,201026238.75,0.00,201026238.75,0.00,1,0,0
3,2026-09-10,92807090.79,0.00,92807090.79,0.00,1,0,0
3,2026-09-16,0.00,70767564.59,-70767564.59,0.00,0,1,0
3,2026-09-17,0.00,59478277.18,-59478277.18,0.00,0,1,0
3,2026-09-18,0.00,21624182.85,-21624182.85,0.00,0,1,0
3,2026-09-21,58950440.15,0.00,58950440.15,0.00,1,0,0
3,2026-09-22,157763259.87,0.00,157763259.87,0.00,1,0,0
3,2026-09-23,51631750.38,0.00,51631750.38,0.00,1,0,0
3,2026-09-24,27733374.44,0.00,27733374.44,0.00,1,0,0
3,2026-09-28,114426837.41,0.00,114426837.41,0.00,1,0,0
3,2026-09-29,0.00,103854351.12,-103854351.12,0.00,0,1,0
3,2026-09-30,0.00,0.00,0.00,1037876.52,0,0,1
3,2026-10-01,0.00,52024525.90,-52024525.90,0.00,0,1,0
3,2026-10-05,39509554.82,0.00,39509554.82,0.00,1,0,0
3,2026-10-06,0.00,374307749.89,-374307749.89,0.00,0,1,0
3,2026-10-07,176242104.78,0.00,176242104.78,0.00,1,0,0
3,2026-10-08,71488355.23,0.00,71488355.23,0.00,1,0,0
3,2026-10-09,0.00,14633495.44,-14633495.44,0.00,0,1,0
3,2026-10-12,56994461.32,0.00,56994461.32,0.00,1,0,0
3,2026-10-13,0.00,285454800.95,-285454800.95,0.00,0,1,0
3,2026-10-14,0.00,51396358.98,-51396358.98,0.00,0,1,0
3,2026-10-15,40088100.09,0.00,40088100.09,0.00,1,0,0
3,2026-10-16,29480696.19,0.00,29480696.19,0.00,1,0,0
3,2026-10-19,13681932.81,0.00,13681932.81,0.00,1,0,0
3,2026-10-21,0.00,157995315.13,-157995315.13,0.00,0,1,0
3,2026-10-22,41678453.57,0.00,41678453.57,0.00,1,0,0
3,2026-10-23,35083459.42,0.00,35083459.42,1364009.83,1,0,1
3,2026-10-27,0.00,39670829.49,-39670829.49,0.00,0,1,0
3,2026-10-28,24700873.18,0.00,24700873.18,0.00,1,0,0
3,2026-11-02,0.00,591965945.92,-591965945.92,0.00,0,1,0
3,2026-11-03,33527490.31,0.00,33527490.31,0.00,1,0,0
3,2026-11-05,0.00,93451453.15,-93451453.15,0.00,0,1,0
3,2026-11-06,0.00,164873235.83,-164873235.83,0.00,0,1,0
3,2026-11-09,426953737.23,0.00,426953737.23,0.00,1,0,0
3,2026-11-11,78991571.88,0.00,78991571.88,0.00,1,0,0
3,2026-11-13,0.00,102016825.49,-102016825.49,0.00,0,1,0
3,2026-11-16,0.00,557477808.34,-557477808.34,0.00,0,1,0
3,2026-11-19,0.00,40728664.28,-40728664.28,0.00,0,1,0
3,2026-11-20,0.00,13165499.83,-13165499.83,0.00,0,1,0
3,2026-11-23,0.00,70689791.12,-70689791.12,0.00,0,1,0
3,2026-11-27,0.00,210162471.74,-210162471.74,3816888.99,0,1,1
3,2026-12-02,44903653.34,0.00,44903653.34,0.00,1,0,0
3,2026-12-04,0.00,65048389.23,-65048389.23,0.00,0,1,0
3,2026-12-07,0.00,45662122.13,-45662122.13,0.00,0,1,0
3,2026-12-08,0.00,86954990.39,-86954990.39,0.00,0,1,0
3,2026-12-10,30540228.92,0.00,30540228.92,0.00,1,0,0
3,2026-12-11,157762859.65,0.00,157762859.65,0.00,1,0,0
3,2026-12-14,49069742.07,0.00,49069742.07,0.00,1,0,0
3,2026-12-15,0.00,143323925.06,-143323925.06,0.00,0,1,0
3,2026-12-17,0.00,16125762.63,-16125762.63,0.00,0,1,0
3,2026-12-18,206472087.08,0.00,206472087.08,0.00,1,0,0
3,2026-12-21,0.00,64512413.86,-64512413.86,0.00,0,1,0
3,2026-12-22,142783561.87,0.00,142783561.87,0.00,1,0,0
3,2026-12-23,119842564.77,0.00,119842564.77,0.00,1,0,0
3,2026-12-24,31019644.65,0.00,31019644.65,0.00,1,0,0
3,2026-12-28,46688189.55,0.00,46688189.55,0.00,1,0,0
3,2026-12-29,42740396.40,0.00,42740396.40,0.00,1,0,0
3,2026-12-31,57808264.44,0.00,57808264.44,0.00,1,0,0
4,2025-02-06,81774397.82,0.00,81774397.82,0.00,1,0,0
4,2025-02-07,77281319.79,0.00,77281319.79,0.00,1,0,0
4,2025-02-10,76227607.07,0.00,76227607.07,0.00,1,0,0
4,2025-02-11,73796055.14,0.00,73796055.14,0.00,1,0,0
4,2025-02-12,18005425.14,0.00,18005425.14,0.00,1,0,0
4,2025-02-13,97435666.04,0.00,97435666.04,0.00,1,0,0
4,2025-02-14,55688153.48,0.00,55688153.48,0.00,1,0,0
4,2025-02-17,32133765.12,0.00,32133765.12,0.00,1,0,0
4,2025-02-18,23057616.00,0.00,23057616.00,0.00,1,0,0
4,2025-02-19,47321571.94,0.00,47321571.94,0.00,1,0,0
4,2025-02-20,48711577.55,0.00,48711577.55,0.00,1,0,0
4,2025-02-21,43602553.18,0.00,43602553.18,0.00,1,0,0
4,2025-02-24,44547627.22,0.00,44547627.22,0.00,1,0,0
4,2025-02-25,51558553.80,0.00,51558553.80,0.00,1,0,0
4,2025-02-27,40794825.35,0.00,40794825.35,0.00,1,0,0
4,2025-02-28,34556853.66,0.00,34556853.66,0.00,1,0,0
4,2025-03-03,119124379.25,0.00,119124379.25,0.00,1,0,0
4,2025-03-04,16749537.99,0.00,16749537.99,0.00,1,0,0
4,2025-03-05,23258227.19,0.00,23258227.19,0.00,1,0,0
4,2025-03-06,53976387.89,0.00,53976387.89,0.00,1,0,0
4,2025-03-07,64506963.78,0.00,64506963.78,0.00,1,0,0
4,2025-03-10,36628004.80,0.00,36628004.80,0.00,1,0,0
4,2025-03-11,78279463.19,0.00,78279463.19,0.00,1,0,0
4,2025-03-12,61274332.18,0.00,61274332.18,0.00,1,0,0
4,2025-03-13,43134301.91,0.00,43134301.91,0.00,1,0,0
4,2025-03-17,77669404.36,0.00,77669404.36,0.00,1,0,0
4,2025-03-18,92144623.28,0.00,92144623.28,0.00,1,0,0
4,2025-03-19,49895010.42,0.00,49895010.42,125806.40,1,0,1
4,2025-03-20,90924973.64,0.00,90924973.64,0.00,1,0,0
4,2025-03-21,92184495.50,0.00,92184495.50,0.00,1,0,0
4,2025-03-24,41598574.03,0.00,41598574.03,0.00,1,0,0
4,2025-03-25,35937070.23,0.00,35937070.23,0.00,1,0,0
4,2025-03-26,101156434.84,0.00,101156434.84,0.00,1,0,0
4,2025-03-27,78440446.16,0.00,78440446.16,0.00,1,0,0
4,2025-03-28,8089889.11,0.00,8089889.11,0.00,1,0,0
4,2025-04-02,0.00,15407460.46,-15407460.46,0.00,0,1,0
4,2025-04-04,0.00,45546271.23,-45546271.23,0.00,0,1,0
4,2025-04-08,20738111.53,0.00,20738111.53,0.00,1,0,0
4,2025-04-09,10652366.01,0.00,10652366.01,0.00,1,0,0
4,2025-04-11,19733495.32,0.00,19733495.32,0.00,1,0,0
4,2025-04-15,0.00,20309047.96,-20309047.96,0.00,0,1,0
4,2025-04-16,0.00,7152154.62,-7152154.62,0.00,0,1,0
4,2025-04-21,0.00,32528226.69,-32528226.69,0.00,0,1,0
4,2025-04-22,0.00,0.00,0.00,290075.43,0,0,1
4,2025-04-24,0.00,24165475.16,-24165475.16,0.00,0,1,0
4,2025-04-28,12596892.03,0.00,12596892.03,0.00,1,0,0
4,2025-05-02,8427608.46,0.00,8427608.46,0.00,1,0,0
4,2025-05-07,34557550.09,0.00,34557550.09,0.00,1,0,0
4,2025-05-12,9542479.28,0.00,9542479.28,0.00,1,0,0
4,2025-05-20,22235390.03,0.00,22235390.03,0.00,1,0,0
4,2025-05-22,10495716.43,0.00,10495716.43,0.00,1,0,0
4,2025-05-23,22773953.10,0.00,22773953.10,0.00,1,0,0
4,2025-05-26,0.00,23663161.34,-23663161.34,0.00,0,1,0
4,2025-05-27,11816046.08,0.00,11816046.08,0.00,1,0,0
4,2025-05-28,9104283.38,0.00,9104283.38,0.00,1,0,0
4,2025-06-02,0.00,52305832.95,-52305832.95,0.00,0,1,0
4,2025-06-03,48711195.57,0.00,48711195.57,0.00,1,0,0
4,2025-06-09,0.00,0.00,0.00,446246.15,0,0,1
4,2025-06-12,13655259.10,0.00,13655259.10,0.00,1,0,0
4,2025-06-16,0.00,0.00,0.00,1162439.28,0,0,1
4,2025-06-17,0.00,17486227.94,-17486227.94,1850028.28,0,1,1
4,2025-06-18,0.00,0.00,0.00,763164.53,0,0,1
4,2025-06-19,0.00,0.00,0.00,1758403.91,0,0,2
4,2025-06-23,5256410.99,0.00,5256410.99,0.00,1,0,0
4,2025-06-24,4519982.56,0.00,4519982.56,186031.71,1,0,1
4,2025-06-25,3836582.69,0.00,3836582.69,0.00,1,0,0
4,2025-07-04,0.00,16208871.72,-16208871.72,410932.61,0,1,1
4,2025-07-08,0.00,0.00,0.00,527022.69,0,0,1
4,2025-07-10,16423476.83,0.00,16423476.83,0.00,1,0,0
4,2025-07-14,0.00,0.00,0.00,1991513.54,0,0,1
4,2025-07-15,0.00,0.00,0.00,2701161.24,0,0,1
4,2025-07-18,11560288.90,0.00,11560288.90,0.00,1,0,0
4,2025-07-22,0.00,31653564.57,-31653564.57,0.00,0,1,0
4,2025-07-28,0.00,0.00,0.00,865769.45,0,0,1
4,2025-07-29,0.00,75713277.78,-75713277.78,0.00,0,1,0
4,2025-07-30,61274315.12,0.00,61274315.12,0.00,1,0,0
4,2025-08-01,0.00,0.00,0.00,316651.57,0,0,1
4,2025-08-05,13519599.43,0.00,13519599.43,0.00,1,0,0
4,2025-08-06,0.00,0.00,0.00,255609.75,0,0,1
4,2025-08-07,0.00,0.00,0.00,537746.78,0,0,1
4,2025-08-11,0.00,0.00,0.00,615074.27,0,0,2
4,2025-08-12,0.00,20468335.05,-20468335.05,862075.18,0,1,1
4,2025-08-13,0.00,19113814.80,-19113814.80,0.00,0,1,0
4,2025-08-14,5752252.84,0.00,5752252.84,0.00,1,0,0
4,2025-08-19,0.00,0.00,0.00,848861.32,0,0,2
4,2025-08-20,6398637.08,0.00,6398637.08,480838.16,1,0,1
4,2025-08-21,0.00,0.00,0.00,462256.17,0,0,1
4,2025-08-26,0.00,10666795.56,-10666795.56,0.00,0,1,0
4,2025-08-28,21587892.05,0.00,21587892.05,0.00,1,0,0
4,2025-09-04,0.00,24994217.31,-24994217.31,0.00,0,1,0
4,2025-09-09,3341331.28,0.00,3341331.28,0.00,1,0,0
4,2025-09-10,0.00,7968569.66,-7968569.66,0.00,0,1,0
4,2025-09-12,9661280.45,0.00,9661280.45,0.00,1,0,0
4,2025-09-15,7844163.93,0.00,7844163.93,0.00,1,0,0
4,2025-09-17,0.00,0.00,0.00,346280.10,0,0,1
4,2025-09-18,23911889.55,0.00,23911889.55,0.00,1,0,0
4,2025-09-19,21146087.56,0.00,21146087.56,0.00,1,0,0
4,2025-09-22,3681023.15,0.00,3681023.15,0.00,1,0,0
4,2025-09-23,20711987.88,0.00,20711987.88,0.00,1,0,0
4,2025-09-24,0.00,20015190.64,-20015190.64,0.00,0,1,0
4,2025-09-29,0.00,0.00,0.00,889281.09,0,0,1
4,2025-10-03,0.00,27648272.17,-27648272.17,0.00,0,1,0
4,2025-10-08,17744060.04,0.00,17744060.04,0.00,1,0,0
4,2025-10-10,0.00,30992005.56,-30992005.56,0.00,0,1,0
4,2025-10-13,0.00,0.00,0.00,113124.08,0,0,1
4,2025-10-15,5885439.01,0.00,5885439.01,0.00,1,0,0
4,2025-10-20,20856906.92,0.00,20856906.92,0.00,1,0,0
4,2025-10-23,0.00,12440133.85,-12440133.85,0.00,0,1,0
4,2025-10-24,12354077.57,0.00,12354077.57,0.00,1,0,0
4,2025-10-29,0.00,15037510.42,-15037510.42,0.00,0,1,0
4,2025-10-30,0.00,0.00,0.00,481504.43,0,0,1
4,2025-10-31,0.00,3273575.96,-3273575.96,0.00,0,1,0
4,2025-11-03,8825850.23,0.00,8825850.23,0.00,1,0,0
4,2025-11-04,0.00,6493766.44,-6493766.44,0.00,0,1,0
4,2025-11-11,0.00,28385752.82,-28385752.82,0.00,0,1,0
4,2025-11-14,0.00,23596325.88,-23596325.88,0.00,0,1,0
4,2025-11-18,26513533.50,0.00,26513533.50,0.00,1,0,0
4,2025-11-19,15072972.04,0.00,15072972.04,0.00,1,0,0
4,2025-11-26,14904189.47,0.00,14904189.47,0.00,1,0,0
4,2025-12-02,0.00,14789563.85,-14789563.85,0.00,0,1,0
4,2025-12-03,25201201.05,0.00,25201201.05,0.00,1,0,0
4,2025-12-10,0.00,0.00,0.00,489860.74,0,0,1
4,2025-12-11,20681395.07,0.00,20681395.07,0.00,1,0,0
4,2025-12-15,0.00,79798815.55,-79798815.55,0.00,0,1,0
4,2025-12-17,7471820.36,0.00,7471820.36,0.00,1,0,0
4,2025-12-19,10343204.73,0.00,10343204.73,0.00,1,0,0
4,2025-12-23,13787184.02,0.00,13787184.02,0.00,1,0,0
4,2025-12-24,6433087.85,0.00,6433087.85,0.00,1,0,0
4,2026-01-02,16702291.92,0.00,16702291.92,0.00,1,0,0
4,2026-01-07,0.00,19331953.87,-19331953.87,0.00,0,1,0
4,2026-01-15,0.00,68775009.08,-68775009.08,0.00,0,1,0
4,2026-01-16,0.00,126558589.10,-126558589.10,0.00,0,1,0
4,2026-01-19,0.00,31657799.74,-31657799.74,0.00,0,1,0
4,2026-01-21,9785270.59,0.00,9785270.59,0.00,1,0,0
4,2026-01-22,0.00,36322262.24,-36322262.24,0.00,0,1,0
4,2026-01-28,0.00,11717846.09,-11717846.09,0.00,0,1,0
4,2026-01-30,0.00,31611248.99,-31611248.99,0.00,0,1,0
4,2026-02-04,90924968.88,0.00,90924968.88,0.00,1,0,0
4,2026-02-10,16679192.10,0.00,16679192.10,0.00,1,0,0
4,2026-02-11,0.00,3392968.26,-3392968.26,0.00,0,1,0
4,2026-02-13,0.00,153514879.75,-153514879.75,0.00,0,1,0
4,2026-02-16,19106731.07,0.00,19106731.07,0.00,1,0,0
4,2026-02-19,0.00,22749498.23,-22749498.23,0.00,0,1,0
4,2026-02-20,78440451.03,0.00,78440451.03,0.00,1,0,0
4,2026-02-25,22596989.87,0.00,22596989.87,0.00,1,0,0
4,2026-02-27,5088774.48,0.00,5088774.48,0.00,1,0,0
4,2026-03-05,14260886.66,0.00,14260886.66,532311.06,1,0,1
4,2026-03-06,4519022.53,0.00,4519022.53,0.00,1,0,0
4,2026-03-09,0.00,18157726.49,-18157726.49,0.00,0,1,0
4,2026-03-11,10128143.93,0.00,10128143.93,0.00,1,0,0
4,2026-03-18,19159880.62,0.00,19159880.62,0.00,1,0,0
4,2026-03-19,12626950.85,0.00,12626950.85,0.00,1,0,0
4,2026-03-24,9879092.61,0.00,9879092.61,433652.84,1,0,1
4,2026-03-30,7406731.79,0.00,7406731.79,0.00,1,0,0
4,2026-04-02,22448613.71,0.00,22448613.71,0.00,1,0,0
4,2026-04-06,0.00,0.00,0.00,438406.38,0,0,1
4,2026-04-07,0.00,51841146.15,-51841146.15,0.00,0,1,0
4,2026-04-08,36835504.85,0.00,36835504.85,0.00,1,0,0
4,2026-04-10,12456234.11,0.00,12456234.11,0.00,1,0,0
4,2026-04-15,25049659.92,0.00,25049659.92,0.00,1,0,0
4,2026-04-16,8012639.11,0.00,8012639.11,39323.09,1,0,1
4,2026-04-17,0.00,9671576.75,-9671576.75,0.00,0,1,0
4,2026-04-20,3318953.96,0.00,3318953.96,0.00,1,0,0
4,2026-04-22,0.00,7410042.72,-7410042.72,0.00,0,1,0
4,2026-04-24,0.00,0.00,0.00,505125.20,0,0,1
4,2026-04-27,9046701.95,0.00,9046701.95,0.00,1,0,0
4,2026-04-29,19134800.15,0.00,19134800.15,0.00,1,0,0
4,2026-04-30,97435664.75,0.00,97435664.75,0.00,1,0,0
4,2026-05-05,0.00,21002501.60,-21002501.60,351751.00,0,1,1
4,2026-05-07,34557017.00,0.00,34557017.00,0.00,1,0,0
4,2026-05-08,20576373.98,0.00,20576373.98,0.00,1,0,0
4,2026-05-13,11361057.58,0.00,11361057.58,0.00,1,0,0
4,2026-05-14,33621727.55,0.00,33621727.55,0.00,1,0,0
4,2026-05-18,0.00,9472028.89,-9472028.89,0.00,0,1,0
4,2026-05-19,0.00,5884066.88,-5884066.88,0.00,0,1,0
4,2026-05-28,0.00,21353692.16,-21353692.16,0.00,0,1,0
4,2026-06-01,16627480.09,0.00,16627480.09,0.00,1,0,0
4,2026-06-04,10477828.19,0.00,10477828.19,0.00,1,0,0
4,2026-06-08,16899512.30,0.00,16899512.30,0.00,1,0,0
4,2026-06-09,7652050.56,0.00,7652050.56,0.00,1,0,0
4,2026-06-12,0.00,0.00,0.00,1144902.01,0,0,1
4,2026-06-15,0.00,7961775.01,-7961775.01,0.00,0,1,0
4,2026-06-17,0.00,0.00,0.00,1696717.92,0,0,1
4,2026-06-19,5189914.33,0.00,5189914.33,0.00,1,0,0
4,2026-06-22,0.00,41236488.67,-41236488.67,0.00,0,1,0
4,2026-06-23,0.00,0.00,0.00,100083.02,0,0,1
4,2026-06-25,0.00,16880095.93,-16880095.93,842375.80,0,1,2
4,2026-06-26,0.00,5528525.00,-5528525.00,553841.48,0,1,1
4,2026-07-01,0.00,0.00,0.00,1137349.98,0,0,1
4,2026-07-02,10394623.26,0.00,10394623.26,0.00,1,0,0
4,2026-07-03,0.00,0.00,0.00,3860731.23,0,0,1
4,2026-07-08,4542587.14,0.00,4542587.14,262567.54,1,0,1
4,2026-07-09,0.00,83349821.80,-83349821.80,287499.60,0,1,1
4,2026-07-14,0.00,66226922.90,-66226922.90,332073.07,0,1,1
4,2026-07-21,0.00,39523827.41,-39523827.41,0.00,0,1,0
4,2026-07-27,0.00,0.00,0.00,1006495.91,0,0,1
4,2026-07-28,0.00,58795601.67,-58795601.67,0.00,0,1,0
4,2026-08-03,0.00,20609404.36,-20609404.36,0.00,0,1,0
4,2026-08-05,81774747.42,0.00,81774747.42,0.00,1,0,0
4,2026-08-06,11692221.42,0.00,11692221.42,640124.34,1,0,1
4,2026-08-07,0.00,0.00,0.00,1094206.26,0,0,1
4,2026-08-10,0.00,0.00,0.00,274024.77,0,0,1
4,2026-08-12,0.00,0.00,0.00,278073.41,0,0,1
4,2026-08-13,0.00,0.00,0.00,315031.77,0,0,1
4,2026-08-14,6393006.75,0.00,6393006.75,625813.01,1,0,1
4,2026-08-18,0.00,57260618.73,-57260618.73,1967551.86,0,1,1
4,2026-08-21,0.00,22062112.24,-22062112.24,0.00,0,1,0
4,2026-08-27,0.00,32154494.21,-32154494.21,0.00,0,1,0
4,2026-09-01,7012420.62,0.00,7012420.62,0.00,1,0,0
4,2026-09-02,8218954.24,0.00,8218954.24,0.00,1,0,0
4,2026-09-09,0.00,8232567.85,-8232567.85,635526.24,0,1,1
4,2026-09-10,0.00,12894377.41,-12894377.41,0.00,0,1,0
4,2026-09-16,23130743.70,0.00,23130743.70,0.00,1,0,0
4,2026-09-18,0.00,54483928.21,-54483928.21,0.00,0,1,0
4,2026-09-24,19072024.59,0.00,19072024.59,0.00,1,0,0
4,2026-09-28,0.00,21062778.58,-21062778.58,379878.30,0,1,1
4,2026-09-29,8797460.03,0.00,8797460.03,191466.36,1,0,1
4,2026-10-01,0.00,24322484.09,-24322484.09,0.00,0,1,0
4,2026-10-05,49894649.41,0.00,49894649.41,0.00,1,0,0
4,2026-10-06,19251596.88,0.00,19251596.88,0.00,1,0,0
4,2026-10-08,0.00,0.00,0.00,320340.51,0,0,1
4,2026-10-09,0.00,4837485.47,-4837485.47,0.00,0,1,0
4,2026-10-12,16936831.48,0.00,16936831.48,0.00,1,0,0
4,2026-10-14,0.00,23640552.76,-23640552.76,0.00,0,1,0
4,2026-10-21,0.00,10559451.11,-10559451.11,0.00,0,1,0
4,2026-10-23,11282797.19,0.00,11282797.19,0.00,1,0,0
4,2026-10-26,4838480.64,0.00,4838480.64,0.00,1,0,0
4,2026-10-28,14175024.66,0.00,14175024.66,0.00,1,0,0
4,2026-11-03,8500390.26,0.00,8500390.26,0.00,1,0,0
4,2026-11-04,0.00,18281013.52,-18281013.52,0.00,0,1,0
4,2026-11-12,44547572.00,0.00,44547572.00,50985.20,1,0,1
4,2026-11-13,0.00,51943244.70,-51943244.70,0.00,0,1,0
4,2026-11-17,14880120.03,0.00,14880120.03,0.00,1,0,0
4,2026-11-26,7148143.51,0.00,7148143.51,0.00,1,0,0
4,2026-11-27,6888674.69,0.00,6888674.69,0.00,1,0,0
4,2026-11-30,8002410.71,0.00,8002410.71,0.00,1,0,0
4,2026-12-07,0.00,22627505.73,-22627505.73,0.00,0,1,0
4,2026-12-10,9497797.53,0.00,9497797.53,0.00,1,0,0
4,2026-12-14,0.00,30315744.84,-30315744.84,0.00,0,1,0
4,2026-12-16,21354714.85,0.00,21354714.85,0.00,1,0,0
4,2026-12-18,0.00,34506547.55,-34506547.55,0.00,0,1,0
4,2026-12-21,29838405.85,0.00,29838405.85,0.00,1,0,0
4,2026-12-23,3021674.02,0.00,3021674.02,0.00,1,0,0
4,2026-12-29,26962380.98,0.00,26962380.98,0.00,1,0,0
4,2026-12-30,7097935.62,0.00,7097935.62,0.00,1,0,0
4,2026-12-31,20772331.89,0.00,20772331.89,0.00,1,0,0
5,2025-02-10,247803743.93,0.00,247803743.93,0.00,1,0,0
5,2025-02-11,92433240.54,0.00,92433240.54,0.00,1,0,0
5,2025-02-12,132499960.53,0.00,132499960.53,0.00,1,0,0
5,2025-02-13,110197961.04,0.00,110197961.04,0.00,1,0,0
5,2025-02-17,74741811.34,0.00,74741811.34,0.00,1,0,0
5,2025-02-19,188000904.62,0.00,188000904.62,0.00,1,0,0
5,2025-02-20,133002659.09,0.00,133002659.09,0.00,1,0,0
5,2025-02-21,230121051.29,0.00,230121051.29,0.00,1,0,0
5,2025-02-24,168724602.79,0.00,168724602.79,0.00,1,0,0
5,2025-02-25,127880411.27,0.00,127880411.27,0.00,1,0,0
5,2025-02-27,295695061.57,0.00,295695061.57,0.00,1,0,0
5,2025-02-28,116066939.00,0.00,116066939.00,1307303.71,1,0,1
5,2025-03-03,214519011.39,0.00,214519011.39,0.00,1,0,0
5,2025-03-04,83116484.24,0.00,83116484.24,0.00,1,0,0
5,2025-03-05,98444581.25,0.00,98444581.25,0.00,1,0,0
5,2025-03-07,261754840.04,0.00,261754840.04,0.00,1,0,0
5,2025-03-10,78299600.71,0.00,78299600.71,3511553.35,1,0,1
5,2025-03-11,200677522.89,0.00,200677522.89,0.00,1,0,0
5,2025-03-12,62029189.47,0.00,62029189.47,0.00,1,0,0
5,2025-03-13,141509229.72,0.00,141509229.72,0.00,1,0,0
5,2025-03-18,60740191.63,0.00,60740191.63,0.00,1,0,0
5,2025-03-19,92002272.73,0.00,92002272.73,0.00,1,0,0
5,2025-03-20,67875047.16,0.00,67875047.16,0.00,1,0,0
5,2025-03-21,116388407.63,0.00,116388407.63,1939937.98,1,0,1
5,2025-03-24,66605348.74,0.00,66605348.74,0.00,1,0,0
5,2025-03-25,157771489.40,0.00,157771489.40,0.00,1,0,0
5,2025-03-26,144616471.81,0.00,144616471.81,0.00,1,0,0
5,2025-03-27,189766757.06,0.00,189766757.06,0.00,1,0,0
5,2025-03-28,0.00,0.00,0.00,1419722.00,0,0,1
5,2025-04-01,0.00,69059642.68,-69059642.68,0.00,0,1,0
5,2025-04-07,0.00,70428269.18,-70428269.18,0.00,0,1,0
5,2025-04-08,46011104.27,0.00,46011104.27,0.00,1,0,0
5,2025-04-09,0.00,0.00,0.00,554976.19,0,0,1
5,2025-04-16,0.00,124073057.71,-124073057.71,2309153.87,0,1,2
5,2025-04-17,0.00,28899052.58,-28899052.58,0.00,0,1,0
5,2025-05-02,39347861.65,0.00,39347861.65,0.00,1,0,0
5,2025-05-05,32217652.28,0.00,32217652.28,0.00,1,0,0
5,2025-05-08,54430926.32,0.00,54430926.32,0.00,1,0,0
5,2025-05-13,80460874.39,0.00,80460874.39,0.00,1,0,0
5,2025-05-15,19472303.44,0.00,19472303.44,1373823.26,1,0,1
5,2025-05-28,0.00,33690985.57,-33690985.57,0.00,0,1,0
5,2025-05-30,40776331.55,0.00,40776331.55,0.00,1,0,0
5,2025-06-05,14086755.53,0.00,14086755.53,0.00,1,0,0
5,2025-06-09,64558216.88,0.00,64558216.88,0.00,1,0,0
5,2025-06-12,0.00,0.00,0.00,8651482.13,0,0,2
5,2025-06-16,0.00,0.00,0.00,3831282.42,0,0,1
5,2025-06-17,8587604.40,0.00,8587604.40,0.00,1,0,0
5,2025-06-18,44785438.20,0.00,44785438.20,0.00,1,0,0
5,2025-06-20,0.00,0.00,0.00,7342370.62,0,0,1
5,2025-06-27,0.00,0.00,0.00,3460679.56,0,0,1
5,2025-06-30,0.00,0.00,0.00,8803836.76,0,0,1
5,2025-07-01,0.00,0.00,0.00,1661834.90,0,0,1
5,2025-07-02,0.00,0.00,0.00,4168163.38,0,0,1
5,2025-07-03,0.00,87049395.17,-87049395.17,0.00,0,1,0
5,2025-07-04,19472354.23,0.00,19472354.23,0.00,1,0,0
5,2025-07-07,0.00,0.00,0.00,2755268.75,0,0,1
5,2025-07-08,0.00,0.00,0.00,1959457.39,0,0,1
5,2025-07-09,0.00,0.00,0.00,1439084.31,0,0,1
5,2025-07-10,0.00,0.00,0.00,2256309.37,0,0,1
5,2025-07-14,0.00,0.00,0.00,5798358.71,0,0,3
5,2025-07-25,20767834.22,0.00,20767834.22,2265939.50,1,0,1
5,2025-07-31,54389674.95,0.00,54389674.95,0.00,1,0,0
5,2025-08-01,22320744.34,0.00,22320744.34,0.00,1,0,0
5,2025-08-11,0.00,0.00,0.00,3836244.05,0,0,3
5,2025-08-18,0.00,0.00,0.00,6532042.54,0,0,1
5,2025-08-22,0.00,0.00,0.00,1758874.67,0,0,1
5,2025-08-25,0.00,0.00,0.00,1355825.50,0,0,1
5,2025-08-26,0.00,0.00,0.00,732869.55,0,0,1
5,2025-08-29,50067898.96,0.00,50067898.96,0.00,1,0,0
5,2025-09-05,17474040.83,0.00,17474040.83,0.00,1,0,0
5,2025-09-10,0.00,70883083.38,-70883083.38,0.00,0,1,0
5,2025-09-16,17216265.37,0.00,17216265.37,0.00,1,0,0
5,2025-09-17,0.00,20790598.30,-20790598.30,0.00,0,1,0
5,2025-09-24,13152998.39,0.00,13152998.39,0.00,1,0,0
5,2025-09-29,0.00,114295186.28,-114295186.28,0.00,0,1,0
5,2025-10-01,42558986.67,0.00,42558986.67,0.00,1,0,0
5,2025-10-06,0.00,0.00,0.00,2853564.91,0,0,1
5,2025-10-07,93352661.84,0.00,93352661.84,0.00,1,0,0
5,2025-10-17,62476187.65,0.00,62476187.65,0.00,1,0,0
5,2025-10-23,116388562.77,0.00,116388562.77,0.00,1,0,0
5,2025-10-24,0.00,13562178.71,-13562178.71,0.00,0,1,0
5,2025-11-07,25054505.31,0.00,25054505.31,0.00,1,0,0
5,2025-11-11,0.00,0.00,0.00,3499547.39,0,0,1
5,2025-11-12,22224160.60,0.00,22224160.60,0.00,1,0,0
5,2025-11-14,0.00,161570821.79,-161570821.79,0.00,0,1,0
5,2025-11-19,0.00,0.00,0.00,2349730.58,0,0,1
5,2025-11-24,31706965.06,0.00,31706965.06,0.00,1,0,0
5,2025-11-27,0.00,143713083.26,-143713083.26,0.00,0,1,0
5,2025-12-02,39231968.43,0.00,39231968.43,0.00,1,0,0
5,2025-12-05,0.00,17121781.02,-17121781.02,0.00,0,1,0
5,2025-12-08,0.00,0.00,0.00,1349553.07,0,0,1
5,2025-12-10,29841276.03,0.00,29841276.03,0.00,1,0,0
5,2025-12-11,73019573.89,0.00,73019573.89,0.00,1,0,0
5,2025-12-17,67922202.43,0.00,67922202.43,0.00,1,0,0
5,2025-12-24,7210961.11,0.00,7210961.11,0.00,1,0,0
5,2025-12-26,17175781.30,0.00,17175781.30,0.00,1,0,0
5,2025-12-29,0.00,228140948.39,-228140948.39,0.00,0,1,0
5,2025-12-31,44760656.69,0.00,44760656.69,0.00,1,0,0
5,2026-01-16,127882225.14,0.00,127882225.14,0.00,1,0,0
5,2026-01-28,37025098.49,0.00,37025098.49,0.00,1,0,0
5,2026-02-11,0.00,38147096.00,-38147096.00,0.00,0,1,0
5,2026-02-13,10782282.00,0.00,10782282.00,1422016.10,1,0,1
5,2026-02-16,21508229.75,0.00,21508229.75,0.00,1,0,0
5,2026-02-20,0.00,35843000.70,-35843000.70,0.00,0,1,0
5,2026-02-25,63172628.47,0.00,63172628.47,1291686.61,1,0,1
5,2026-02-26,48414198.67,0.00,48414198.67,1400827.73,1,0,1
5,2026-03-05,75947716.84,0.00,75947716.84,0.00,1,0,0
5,2026-03-06,0.00,40096983.45,-40096983.45,0.00,0,1,0
5,2026-03-16,0.00,32717804.83,-32717804.83,0.00,0,1,0
5,2026-03-19,36387896.62,0.00,36387896.62,0.00,1,0,0
5,2026-03-23,0.00,85007227.63,-85007227.63,0.00,0,1,0
5,2026-03-24,0.00,0.00,0.00,2524161.05,0,0,1
5,2026-03-27,7983769.55,0.00,7983769.55,0.00,1,0,0
5,2026-04-01,53485947.96,0.00,53485947.96,0.00,1,0,0
5,2026-04-02,0.00,6625757.23,-6625757.23,0.00,0,1,0
5,2026-04-07,0.00,37019209.95,-37019209.95,0.00,0,1,0
5,2026-04-13,0.00,0.00,0.00,514827.93,0,0,1
5,2026-04-15,0.00,49900153.18,-49900153.18,0.00,0,1,0
5,2026-04-16,49952593.96,0.00,49952593.96,572923.58,1,0,1
5,2026-04-21,0.00,28739543.79,-28739543.79,0.00,0,1,0
5,2026-04-24,0.00,61716412.54,-61716412.54,0.00,0,1,0
5,2026-05-04,0.00,0.00,0.00,2380896.47,0,0,1
5,2026-05-08,71509359.88,0.00,71509359.88,0.00,1,0,0
5,2026-05-13,0.00,0.00,0.00,5494692.39,0,0,2
5,2026-05-19,37049315.99,0.00,37049315.99,0.00,1,0,0
5,2026-05-21,0.00,20446574.13,-20446574.13,0.00,0,1,0
5,2026-06-05,0.00,0.00,0.00,1560721.45,0,0,1
5,2026-06-09,61429122.39,0.00,61429122.39,0.00,1,0,0
5,2026-06-16,0.00,0.00,0.00,2022330.46,0,0,1
5,2026-06-19,15971651.45,0.00,15971651.45,0.00,1,0,0
5,2026-06-22,33673972.34,0.00,33673972.34,13202739.77,1,0,2
5,2026-07-01,11918157.03,0.00,11918157.03,0.00,1,0,0
5,2026-07-02,23567228.86,0.00,23567228.86,0.00,1,0,0
5,2026-07-06,0.00,0.00,0.00,1296764.54,0,0,1
5,2026-07-08,0.00,0.00,0.00,645530.90,0,0,1
5,2026-07-09,13230050.10,0.00,13230050.10,0.00,1,0,0
5,2026-07-10,27849946.54,0.00,27849946.54,0.00,1,0,0
5,2026-07-14,0.00,0.00,0.00,1906736.80,0,0,2
5,2026-07-16,0.00,0.00,0.00,11433395.15,0,0,1
5,2026-07-22,38680817.75,0.00,38680817.75,0.00,1,0,0
5,2026-07-23,0.00,0.00,0.00,13554306.24,0,0,1
5,2026-07-27,0.00,0.00,0.00,1588720.51,0,0,1
5,2026-07-28,0.00,0.00,0.00,4118776.22,0,0,2
5,2026-07-29,21942044.84,0.00,21942044.84,0.00,1,0,0
5,2026-07-31,0.00,18451325.68,-18451325.68,0.00,0,1,0
5,2026-08-06,0.00,0.00,0.00,2751809.05,0,0,1
5,2026-08-07,0.00,0.00,0.00,1889643.70,0,0,1
5,2026-08-10,44571573.11,0.00,44571573.11,2395475.86,1,0,2
5,2026-08-12,0.00,0.00,0.00,496182.17,0,0,1
5,2026-08-14,0.00,0.00,0.00,4307050.25,0,0,1
5,2026-08-18,0.00,0.00,0.00,977873.69,0,0,1
5,2026-08-19,0.00,0.00,0.00,2447827.50,0,0,1
5,2026-08-20,0.00,0.00,0.00,8197066.14,0,0,2
5,2026-08-21,0.00,0.00,0.00,11286694.62,0,0,1
5,2026-08-24,0.00,0.00,0.00,3205020.66,0,0,1
5,2026-08-31,50127688.30,0.00,50127688.30,0.00,1,0,0
5,2026-09-08,70285826.42,0.00,70285826.42,0.00,1,0,0
5,2026-09-22,68852142.15,0.00,68852142.15,0.00,1,0,0
5,2026-09-23,0.00,0.00,0.00,2515342.50,0,0,1
5,2026-09-24,0.00,109285072.38,-109285072.38,0.00,0,1,0
5,2026-09-28,0.00,80019270.39,-80019270.39,0.00,0,1,0
5,2026-10-05,0.00,0.00,0.00,3563642.70,0,0,3
5,2026-10-16,22968783.42,0.00,22968783.42,0.00,1,0,0
5,2026-10-19,52468837.78,0.00,52468837.78,0.00,1,0,0
5,2026-10-26,52739704.72,0.00,52739704.72,624913.34,1,0,1
5,2026-10-27,78810487.06,0.00,78810487.06,0.00,1,0,0
5,2026-11-02,27417596.87,0.00,27417596.87,0.00,1,0,0
5,2026-11-04,0.00,22816162.60,-22816162.60,0.00,0,1,0
5,2026-11-12,27839459.83,0.00,27839459.83,0.00,1,0,0
5,2026-11-17,0.00,43001659.34,-43001659.34,0.00,0,1,0
5,2026-11-18,0.00,65445303.14,-65445303.14,0.00,0,1,0
5,2026-11-26,0.00,23648889.30,-23648889.30,0.00,0,1,0
5,2026-12-07,58427186.11,0.00,58427186.11,0.00,1,0,0
5,2026-12-11,12059950.38,0.00,12059950.38,0.00,1,0,0
5,2026-12-18,24993878.26,0.00,24993878.26,0.00,1,0,0
5,2026-12-23,0.00,31090685.87,-31090685.87,0.00,0,1,0
5,2026-12-24,58603743.19,0.00,58603743.19,0.00,1,0,0
5,2026-12-28,32833657.70,0.00,32833657.70,0.00,1,0,0
5,2026-12-30,0.00,98847158.94,-98847158.94,0.00,0,1,0
6,2025-02-18,3182209.10,0.00,3182209.10,0.00,1,0,0
6,2025-02-19,4987638.34,0.00,4987638.34,0.00,1,0,0
6,2025-02-20,9200740.76,0.00,9200740.76,0.00,1,0,0
6,2025-02-21,3664146.85,0.00,3664146.85,0.00,1,0,0
6,2025-02-24,2577210.19,0.00,2577210.19,0.00,1,0,0
6,2025-02-25,3418733.16,0.00,3418733.16,0.00,1,0,0
6,2025-02-27,4756645.97,0.00,4756645.97,0.00,1,0,0
6,2025-02-28,5643235.01,0.00,5643235.01,0.00,1,0,0
6,2025-03-03,1782606.22,0.00,1782606.22,0.00,1,0,0
6,2025-03-04,2214674.19,0.00,2214674.19,0.00,1,0,0
6,2025-03-05,2349726.38,0.00,2349726.38,0.00,1,0,0
6,2025-03-07,4543988.20,0.00,4543988.20,0.00,1,0,0
6,2025-03-10,5026959.02,0.00,5026959.02,0.00,1,0,0
6,2025-03-11,4417299.70,0.00,4417299.70,0.00,1,0,0
6,2025-03-12,7116705.20,0.00,7116705.20,0.00,1,0,0
6,2025-03-13,9944925.65,0.00,9944925.65,0.00,1,0,0
6,2025-03-17,2577036.51,0.00,2577036.51,0.00,1,0,0
6,2025-03-19,12249140.84,0.00,12249140.84,0.00,1,0,0
6,2025-03-20,6109629.78,0.00,6109629.78,0.00,1,0,0
6,2025-03-21,14560767.13,0.00,14560767.13,0.00,1,0,0
6,2025-03-24,9209790.81,0.00,9209790.81,0.00,1,0,0
6,2025-03-25,2679501.16,0.00,2679501.16,0.00,1,0,0
6,2025-03-27,8023586.48,0.00,8023586.48,0.00,1,0,0
6,2025-03-28,0.00,1288040.03,-1288040.03,0.00,0,1,0
6,2025-04-08,304999.49,0.00,304999.49,0.00,1,0,0
6,2025-04-22,0.00,2067720.80,-2067720.80,0.00,0,1,0
6,2025-04-24,1479786.83,0.00,1479786.83,0.00,1,0,0
6,2025-05-06,2104755.94,0.00,2104755.94,0.00,1,0,0
6,2025-05-16,1189745.30,0.00,1189745.30,0.00,1,0,0
6,2025-05-19,0.00,574591.08,-574591.08,0.00,0,1,0
6,2025-05-28,0.00,0.00,0.00,60742.50,0,0,1
6,2025-05-29,1106537.42,0.00,1106537.42,0.00,1,0,0
6,2025-05-30,0.00,1174402.71,-1174402.71,0.00,0,1,0
6,2025-06-03,640375.62,0.00,640375.62,0.00,1,0,0
6,2025-06-04,0.00,616907.23,-616907.23,0.00,0,1,0
6,2025-06-05,0.00,0.00,0.00,20402.59,0,0,1
6,2025-06-06,0.00,0.00,0.00,125111.87,0,0,1
6,2025-06-17,0.00,0.00,0.00,28650.66,0,0,1
6,2025-06-18,3196132.07,0.00,3196132.07,159833.62,1,0,1
6,2025-06-30,2796511.67,0.00,2796511.67,0.00,1,0,0
6,2025-07-01,0.00,0.00,0.00,52903.48,0,0,1
6,2025-07-02,0.00,4246881.67,-4246881.67,95245.65,0,1,1
6,2025-07-07,0.00,0.00,0.00,59011.32,0,0,1
6,2025-07-09,0.00,0.00,0.00,58716.35,0,0,1
6,2025-07-10,0.00,0.00,0.00,25033.21,0,0,1
6,2025-07-11,0.00,0.00,0.00,460845.53,0,0,2
6,2025-07-15,403793.77,0.00,403793.77,0.00,1,0,0
6,2025-07-18,833495.48,0.00,833495.48,0.00,1,0,0
6,2025-07-24,4755937.05,0.00,4755937.05,0.00,1,0,0
6,2025-07-31,754419.07,0.00,754419.07,0.00,1,0,0
6,2025-08-01,3554843.52,0.00,3554843.52,0.00,1,0,0
6,2025-08-06,0.00,0.00,0.00,43269.61,0,0,1
6,2025-08-07,0.00,2534439.48,-2534439.48,0.00,0,1,0
6,2025-08-11,0.00,0.00,0.00,90419.39,0,0,1
6,2025-08-12,1787726.83,0.00,1787726.83,0.00,1,0,0
6,2025-08-13,0.00,537622.48,-537622.48,0.00,0,1,0
6,2025-08-19,0.00,0.00,0.00,32506.55,0,0,1
6,2025-08-22,0.00,0.00,0.00,573166.48,0,0,1
6,2025-08-25,231502.73,0.00,231502.73,0.00,1,0,0
6,2025-09-01,246568.81,0.00,246568.81,0.00,1,0,0
6,2025-09-02,0.00,864258.03,-864258.03,0.00,0,1,0
6,2025-09-17,0.00,2638734.84,-2638734.84,0.00,0,1,0
6,2025-09-19,814952.65,0.00,814952.65,0.00,1,0,0
6,2025-09-23,1281247.88,0.00,1281247.88,0.00,1,0,0
6,2025-09-26,717787.33,0.00,717787.33,0.00,1,0,0
6,2025-09-29,2800237.74,0.00,2800237.74,0.00,1,0,0
6,2025-10-01,715411.23,0.00,715411.23,0.00,1,0,0
6,2025-10-07,2672749.82,0.00,2672749.82,0.00,1,0,0
6,2025-10-17,0.00,2083851.76,-2083851.76,0.00,0,1,0
6,2025-11-04,385177.58,0.00,385177.58,0.00,1,0,0
6,2025-11-10,1705062.78,0.00,1705062.78,56375.52,1,0,1
6,2025-11-18,0.00,0.00,0.00,84439.08,0,0,1
6,2025-11-19,0.00,0.00,0.00,26069.70,0,0,1
6,2025-11-25,2177944.00,0.00,2177944.00,0.00,1,0,0
6,2025-11-26,0.00,1547064.54,-1547064.54,0.00,0,1,0
6,2025-12-03,0.00,1060703.05,-1060703.05,21080.94,0,1,1
6,2025-12-04,0.00,2002715.23,-2002715.23,0.00,0,1,0
6,2025-12-23,0.00,3647559.38,-3647559.38,0.00,0,1,0
6,2026-01-05,1506098.50,0.00,1506098.50,0.00,1,0,0
6,2026-01-16,4290546.93,0.00,4290546.93,0.00,1,0,0
6,2026-01-27,1267629.35,0.00,1267629.35,0.00,1,0,0
6,2026-01-30,759311.89,0.00,759311.89,0.00,1,0,0
6,2026-02-05,395869.91,0.00,395869.91,0.00,1,0,0
6,2026-02-23,0.00,9517821.74,-9517821.74,0.00,0,1,0
6,2026-02-24,1550368.39,0.00,1550368.39,0.00,1,0,0
6,2026-03-02,5643232.02,0.00,5643232.02,0.00,1,0,0
6,2026-03-03,1568647.95,0.00,1568647.95,74807.60,1,0,1
6,2026-03-10,0.00,2673896.91,-2673896.91,0.00,0,1,0
6,2026-03-11,0.00,0.00,0.00,27911.58,0,0,1
6,2026-03-12,0.00,6185400.52,-6185400.52,0.00,0,1,0
6,2026-03-17,1122430.78,0.00,1122430.78,0.00,1,0,0
6,2026-03-25,697669.33,0.00,697669.33,0.00,1,0,0
6,2026-03-30,0.00,12687893.04,-12687893.04,0.00,0,1,0
6,2026-04-06,0.00,1671305.67,-1671305.67,0.00,0,1,0
6,2026-04-07,423793.66,0.00,423793.66,0.00,1,0,0
6,2026-04-15,772130.89,0.00,772130.89,0.00,1,0,0
6,2026-04-16,0.00,0.00,0.00,28839.72,0,0,1
6,2026-04-20,2099013.44,0.00,2099013.44,0.00,1,0,0
6,2026-04-24,1650595.51,0.00,1650595.51,0.00,1,0,0
6,2026-04-27,1228913.79,0.00,1228913.79,0.00,1,0,0
6,2026-04-28,0.00,2518711.74,-2518711.74,0.00,0,1,0
6,2026-05-11,0.00,6267876.55,-6267876.55,0.00,0,1,0
6,2026-05-13,932819.89,0.00,932819.89,0.00,1,0,0
6,2026-06-01,4544100.32,0.00,4544100.32,0.00,1,0,0
6,2026-06-12,0.00,0.00,0.00,97706.11,0,0,1
6,2026-06-15,487247.37,0.00,487247.37,0.00,1,0,0
6,2026-06-22,0.00,0.00,0.00,213813.31,0,0,2
6,2026-06-29,0.00,540020.34,-540020.34,0.00,0,1,0
6,2026-06-30,0.00,3546437.85,-3546437.85,0.00,0,1,0
6,2026-07-03,0.00,0.00,0.00,173414.04,0,0,1
6,2026-07-06,1516722.92,0.00,1516722.92,0.00,1,0,0
6,2026-07-07,0.00,0.00,0.00,60030.22,0,0,1
6,2026-07-09,0.00,2087531.23,-2087531.23,0.00,0,1,0
6,2026-07-13,0.00,2166098.83,-2166098.83,0.00,0,1,0
6,2026-07-15,0.00,0.00,0.00,147237.42,0,0,1
6,2026-07-24,0.00,0.00,0.00,414425.62,0,0,2
6,2026-07-28,0.00,664647.90,-664647.90,74159.32,0,1,1
6,2026-07-29,0.00,0.00,0.00,146244.14,0,0,1
6,2026-08-03,563656.93,0.00,563656.93,0.00,1,0,0
6,2026-08-05,0.00,872163.70,-872163.70,0.00,0,1,0
6,2026-08-07,0.00,0.00,0.00,25554.34,0,0,1
6,2026-08-12,0.00,0.00,0.00,72468.55,0,0,1
6,2026-08-18,439912.34,0.00,439912.34,0.00,1,0,0
6,2026-08-28,1362699.55,0.00,1362699.55,0.00,1,0,0
6,2026-08-31,1078058.31,0.00,1078058.31,0.00,1,0,0
6,2026-09-07,0.00,1168864.74,-1168864.74,0.00,0,1,0
6,2026-09-17,0.00,1857064.58,-1857064.58,108252.96,0,1,1
6,2026-09-18,0.00,3777252.38,-3777252.38,0.00,0,1,0
6,2026-09-23,0.00,0.00,0.00,14997.99,0,0,1
6,2026-10-05,0.00,0.00,0.00,14995.70,0,0,1
6,2026-10-15,0.00,893600.66,-893600.66,0.00,0,1,0
6,2026-10-16,1203128.41,0.00,1203128.41,0.00,1,0,0
6,2026-10-30,1782066.65,0.00,1782066.65,0.00,1,0,0
6,2026-11-13,1673434.27,0.00,1673434.27,0.00,1,0,0
6,2026-11-16,0.00,1448047.00,-1448047.00,0.00,0,1,0
6,2026-11-23,1096974.29,0.00,1096974.29,0.00,1,0,0
6,2026-11-26,0.00,0.00,0.00,105666.08,0,0,1
6,2026-11-27,1658833.77,0.00,1658833.77,0.00,1,0,0
6,2026-12-01,0.00,799107.03,-799107.03,39492.36,0,1,1
6,2026-12-02,900989.18,0.00,900989.18,25263.07,1,0,1
6,2026-12-09,0.00,652241.45,-652241.45,0.00,0,1,0
6,2026-12-11,0.00,993638.30,-993638.30,0.00,0,1,0
6,2026-12-14,0.00,1219712.66,-1219712.66,0.00,0,1,0
6,2026-12-22,0.00,4924065.04,-4924065.04,0.00,0,1,0
6,2026-12-24,0.00,1541277.76,-1541277.76,0.00,0,1,0
7,2025-02-24,200105543.78,0.00,200105543.78,0.00,1,0,0
7,2025-02-25,106778570.23,0.00,106778570.23,0.00,1,0,0
7,2025-02-27,57324782.35,0.00,57324782.35,0.00,1,0,0
7,2025-02-28,72772213.76,0.00,72772213.76,0.00,1,0,0
7,2025-03-03,126712463.22,0.00,126712463.22,0.00,1,0,0
7,2025-03-04,97545292.66,0.00,97545292.66,0.00,1,0,0
7,2025-03-05,121122784.90,0.00,121122784.90,0.00,1,0,0
7,2025-03-06,113140764.39,0.00,113140764.39,0.00,1,0,0
7,2025-03-07,65756940.88,0.00,65756940.88,0.00,1,0,0
7,2025-03-10,135797437.34,0.00,135797437.34,0.00,1,0,0
7,2025-03-11,112722733.14,0.00,112722733.14,0.00,1,0,0
7,2025-03-12,202055021.00,0.00,202055021.00,0.00,1,0,0
7,2025-03-13,166711816.83,0.00,166711816.83,0.00,1,0,0
7,2025-03-17,78795185.86,0.00,78795185.86,0.00,1,0,0
7,2025-03-18,56806868.50,0.00,56806868.50,0.00,1,0,0
7,2025-03-19,262075400.75,0.00,262075400.75,0.00,1,0,0
7,2025-03-20,272690702.96,0.00,272690702.96,0.00,1,0,0
7,2025-03-21,101466592.70,0.00,101466592.70,0.00,1,0,0
7,2025-03-24,209354351.20,0.00,209354351.20,0.00,1,0,0
7,2025-03-25,131282006.42,0.00,131282006.42,0.00,1,0,0
7,2025-03-26,183589638.08,0.00,183589638.08,0.00,1,0,0
7,2025-03-27,97030333.89,0.00,97030333.89,0.00,1,0,0
7,2025-03-28,116097722.31,0.00,116097722.31,0.00,1,0,0
7,2025-04-01,194238822.87,0.00,194238822.87,0.00,1,0,0
7,2025-04-02,44132365.14,0.00,44132365.14,0.00,1,0,0
7,2025-04-03,118849239.07,0.00,118849239.07,0.00,1,0,0
7,2025-04-04,139618157.27,0.00,139618157.27,0.00,1,0,0
7,2025-04-07,119844732.73,0.00,119844732.73,0.00,1,0,0
7,2025-04-08,48604223.17,0.00,48604223.17,0.00,1,0,0
7,2025-04-09,128808860.13,0.00,128808860.13,0.00,1,0,0
7,2025-04-11,99886038.81,0.00,99886038.81,0.00,1,0,0
7,2025-04-15,86845983.84,0.00,86845983.84,0.00,1,0,0
7,2025-04-16,160158182.95,0.00,160158182.95,0.00,1,0,0
7,2025-04-17,132561668.40,0.00,132561668.40,0.00,1,0,0
7,2025-04-21,34945137.56,0.00,34945137.56,882327.89,1,0,1
7,2025-04-22,0.00,35106410.19,-35106410.19,1019514.71,0,1,1
7,2025-04-23,9138992.61,0.00,9138992.61,0.00,1,0,0
7,2025-04-24,0.00,38191609.47,-38191609.47,0.00,0,1,0
7,2025-04-25,27008013.90,0.00,27008013.90,0.00,1,0,0
7,2025-04-30,33915180.06,0.00,33915180.06,0.00,1,0,0
7,2025-05-02,38271060.53,0.00,38271060.53,0.00,1,0,0
7,2025-05-05,0.00,86626791.52,-86626791.52,0.00,0,1,0
7,2025-05-06,97030572.46,0.00,97030572.46,0.00,1,0,0
7,2025-05-07,0.00,33419809.15,-33419809.15,0.00,0,1,0
7,2025-05-13,0.00,63795636.42,-63795636.42,0.00,0,1,0
7,2025-05-15,20927626.10,0.00,20927626.10,0.00,1,0,0
7,2025-05-19,40540116.72,0.00,40540116.72,1246531.87,1,0,1
7,2025-05-22,39638058.07,0.00,39638058.07,1974044.27,1,0,1
7,2025-05-27,13865746.23,0.00,13865746.23,0.00,1,0,0
7,2025-06-02,66314029.71,0.00,66314029.71,0.00,1,0,0
7,2025-06-03,0.00,24951372.16,-24951372.16,0.00,0,1,0
7,2025-06-04,0.00,0.00,0.00,585018.37,0,0,1
7,2025-06-06,0.00,56971931.11,-56971931.11,0.00,0,1,0
7,2025-06-09,19434352.51,0.00,19434352.51,1846967.65,1,0,1
7,2025-06-13,0.00,36813882.24,-36813882.24,0.00,0,1,0
7,2025-06-16,0.00,100189722.87,-100189722.87,0.00,0,1,0
7,2025-06-18,0.00,0.00,0.00,982466.08,0,0,1
7,2025-06-19,33300034.72,0.00,33300034.72,0.00,1,0,0
7,2025-06-25,0.00,0.00,0.00,806559.07,0,0,1
7,2025-06-26,8211945.36,0.00,8211945.36,0.00,1,0,0
7,2025-06-27,0.00,0.00,0.00,1128932.47,0,0,1
7,2025-06-30,0.00,26725737.41,-26725737.41,0.00,0,1,0
7,2025-07-04,36617366.46,0.00,36617366.46,3120628.55,1,0,2
7,2025-07-07,0.00,32331105.16,-32331105.16,0.00,0,1,0
7,2025-07-08,0.00,0.00,0.00,2642246.02,0,0,1
7,2025-07-09,37726629.05,0.00,37726629.05,0.00,1,0,0
7,2025-07-16,9726690.94,0.00,9726690.94,0.00,1,0,0
7,2025-07-22,0.00,28680764.04,-28680764.04,3777191.47,0,1,2
7,2025-07-23,0.00,0.00,0.00,1727574.25,0,0,1
7,2025-07-25,10124939.42,0.00,10124939.42,158052.48,1,0,1
7,2025-07-28,13965459.26,0.00,13965459.26,0.00,1,0,0
7,2025-07-30,25579870.69,0.00,25579870.69,0.00,1,0,0
7,2025-08-01,0.00,82349868.88,-82349868.88,0.00,0,1,0
7,2025-08-04,0.00,0.00,0.00,794190.82,0,0,1
7,2025-08-05,0.00,0.00,0.00,4868891.06,0,0,1
7,2025-08-06,0.00,0.00,0.00,3465297.90,0,0,2
7,2025-08-08,23271131.20,0.00,23271131.20,0.00,1,0,0
7,2025-08-11,43409063.58,0.00,43409063.58,2881118.42,1,0,1
7,2025-08-14,0.00,0.00,0.00,404126.19,0,0,1
7,2025-08-19,0.00,0.00,0.00,2597576.47,0,0,1
7,2025-08-21,78795127.65,0.00,78795127.65,0.00,1,0,0
7,2025-08-22,19281700.00,0.00,19281700.00,2342174.99,1,0,1
7,2025-08-25,56785089.15,0.00,56785089.15,0.00,1,0,0
7,2025-08-26,0.00,0.00,0.00,149895.52,0,0,1
7,2025-09-04,0.00,36034520.50,-36034520.50,0.00,0,1,0
7,2025-09-09,0.00,17335634.42,-17335634.42,0.00,0,1,0
7,2025-09-15,0.00,60630379.04,-60630379.04,0.00,0,1,0
7,2025-09-16,0.00,107929476.16,-107929476.16,0.00,0,1,0
7,2025-09-17,12990448.09,0.00,12990448.09,1168310.59,1,0,1
7,2025-09-23,0.00,67611376.11,-67611376.11,0.00,0,1,0
7,2025-09-25,17372266.98,0.00,17372266.98,0.00,1,0,0
7,2025-10-01,0.00,66627974.92,-66627974.92,0.00,0,1,0
7,2025-10-06,33844596.10,0.00,33844596.10,3514776.17,1,0,1
7,2025-10-09,30637001.82,0.00,30637001.82,0.00,1,0,0
7,2025-10-10,0.00,44857373.26,-44857373.26,0.00,0,1,0
7,2025-10-13,53314909.36,0.00,53314909.36,0.00,1,0,0
7,2025-10-17,38750442.34,0.00,38750442.34,0.00,1,0,0
7,2025-10-20,42783730.50,0.00,42783730.50,0.00,1,0,0
7,2025-10-23,0.00,55809599.10,-55809599.10,0.00,0,1,0
7,2025-10-24,0.00,55497361.27,-55497361.27,2248317.87,0,1,1
7,2025-10-27,18324997.23,0.00,18324997.23,0.00,1,0,0
7,2025-10-28,0.00,15888181.66,-15888181.66,0.00,0,1,0
7,2025-10-29,36185446.73,0.00,36185446.73,0.00,1,0,0
7,2025-11-04,21012691.73,0.00,21012691.73,2256522.47,1,0,1
7,2025-11-10,64579593.48,0.00,64579593.48,0.00,1,0,0
7,2025-11-12,16491532.00,0.00,16491532.00,0.00,1,0,0
7,2025-11-13,0.00,127573832.18,-127573832.18,0.00,0,1,0
7,2025-11-17,0.00,0.00,0.00,1044086.11,0,0,1
7,2025-11-18,21864535.15,0.00,21864535.15,0.00,1,0,0
7,2025-11-24,23172639.16,0.00,23172639.16,0.00,1,0,0
7,2025-11-25,24919014.47,0.00,24919014.47,790598.70,1,0,1
7,2025-11-27,9335039.35,0.00,9335039.35,0.00,1,0,0
7,2025-12-01,0.00,49760571.21,-49760571.21,0.00,0,1,0
7,2025-12-02,58633726.35,0.00,58633726.35,0.00,1,0,0
7,2025-12-03,63439650.55,0.00,63439650.55,0.00,1,0,0
7,2025-12-09,0.00,0.00,0.00,2079224.32,0,0,1
7,2025-12-10,0.00,0.00,0.00,1583517.84,0,0,1
7,2025-12-11,70515574.81,0.00,70515574.81,0.00,1,0,0
7,2025-12-16,0.00,50857182.24,-50857182.24,0.00,0,1,0
7,2025-12-19,24538900.53,0.00,24538900.53,0.00,1,0,0
7,2025-12-22,0.00,80878051.05,-80878051.05,0.00,0,1,0
7,2025-12-23,0.00,55534748.65,-55534748.65,0.00,0,1,0
7,2025-12-29,14450956.90,0.00,14450956.90,0.00,1,0,0
7,2026-01-05,22323826.84,0.00,22323826.84,0.00,1,0,0
7,2026-01-09,24214908.91,0.00,24214908.91,0.00,1,0,0
7,2026-01-14,16773529.01,0.00,16773529.01,0.00,1,0,0
7,2026-01-15,59836322.96,0.00,59836322.96,0.00,1,0,0
7,2026-01-16,37760606.01,0.00,37760606.01,0.00,1,0,0
7,2026-01-20,0.00,65932309.79,-65932309.79,0.00,0,1,0
7,2026-01-21,17260334.47,0.00,17260334.47,0.00,1,0,0
7,2026-01-27,34659378.31,0.00,34659378.31,0.00,1,0,0
7,2026-01-28,12271652.11,0.00,12271652.11,0.00,1,0,0
7,2026-01-29,9930924.03,0.00,9930924.03,0.00,1,0,0
7,2026-02-02,0.00,76055851.41,-76055851.41,0.00,0,1,0
7,2026-02-09,0.00,40170217.39,-40170217.39,0.00,0,1,0
7,2026-02-12,18297036.82,0.00,18297036.82,0.00,1,0,0
7,2026-02-13,0.00,10632468.77,-10632468.77,0.00,0,1,0
7,2026-02-18,0.00,16873879.37,-16873879.37,0.00,0,1,0
7,2026-02-20,23713610.94,0.00,23713610.94,0.00,1,0,0
7,2026-02-27,0.00,69271119.65,-69271119.65,0.00,0,1,0
7,2026-03-05,36902670.23,0.00,36902670.23,2978974.06,1,0,1
7,2026-03-10,0.00,36721388.76,-36721388.76,0.00,0,1,0
7,2026-03-13,16566357.00,0.00,16566357.00,0.00,1,0,0
7,2026-03-16,0.00,36752049.79,-36752049.79,0.00,0,1,0
7,2026-03-17,65756994.12,0.00,65756994.12,0.00,1,0,0
7,2026-03-23,40522806.94,0.00,40522806.94,0.00,1,0,0
7,2026-03-27,0.00,0.00,0.00,426938.59,0,0,1
7,2026-03-30,37907209.44,0.00,37907209.44,0.00,1,0,0
7,2026-04-01,66473465.58,0.00,66473465.58,0.00,1,0,0
7,2026-04-07,0.00,15800219.17,-15800219.17,0.00,0,1,0
7,2026-04-08,45564818.66,0.00,45564818.66,0.00,1,0,0
7,2026-04-10,14493157.56,0.00,14493157.56,0.00,1,0,0
7,2026-04-13,17003718.51,0.00,17003718.51,0.00,1,0,0
7,2026-04-16,0.00,23509865.94,-23509865.94,0.00,0,1,0
7,2026-04-17,25174949.46,0.00,25174949.46,0.00,1,0,0
7,2026-04-23,37196578.71,0.00,37196578.71,0.00,1,0,0
7,2026-04-27,8298441.66,0.00,8298441.66,0.00,1,0,0
7,2026-04-29,0.00,9624757.15,-9624757.15,0.00,0,1,0
7,2026-04-30,51351506.68,0.00,51351506.68,0.00,1,0,0
7,2026-05-05,0.00,0.00,0.00,772200.13,0,0,1
7,2026-05-06,36015728.43,0.00,36015728.43,0.00,1,0,0
7,2026-05-07,0.00,30915427.08,-30915427.08,0.00,0,1,0
7,2026-05-13,0.00,0.00,0.00,4191047.75,0,0,2
7,2026-05-15,8106400.45,0.00,8106400.45,0.00,1,0,0
7,2026-05-19,9805123.91,0.00,9805123.91,0.00,1,0,0
7,2026-05-20,20382924.38,0.00,20382924.38,0.00,1,0,0
7,2026-05-21,0.00,0.00,0.00,1958338.70,0,0,1
7,2026-05-25,0.00,90396852.02,-90396852.02,0.00,0,1,0
7,2026-05-28,52429416.21,0.00,52429416.21,0.00,1,0,0
7,2026-06-01,9052643.67,0.00,9052643.67,0.00,1,0,0
7,2026-06-03,68564813.48,0.00,68564813.48,0.00,1,0,0
7,2026-06-05,27942710.96,0.00,27942710.96,2323557.18,1,0,1
7,2026-06-09,10417366.62,0.00,10417366.62,2723274.13,1,0,1
7,2026-06-15,10155153.70,0.00,10155153.70,3481257.05,1,0,1
7,2026-06-17,26735926.79,0.00,26735926.79,0.00,1,0,0
7,2026-06-18,0.00,74091552.98,-74091552.98,0.00,0,1,0
7,2026-06-22,0.00,0.00,0.00,13278092.98,0,0,2
7,2026-06-24,0.00,10728685.68,-10728685.68,0.00,0,1,0
7,2026-06-25,0.00,0.00,0.00,1135013.31,0,0,1
7,2026-07-01,10407171.12,0.00,10407171.12,1564216.59,1,0,1
7,2026-07-02,0.00,0.00,0.00,3329973.95,0,0,1
7,2026-07-03,38971693.82,0.00,38971693.82,102517.18,1,0,1
7,2026-07-06,0.00,8972063.59,-8972063.59,0.00,0,1,0
7,2026-07-10,0.00,83263139.28,-83263139.28,1260688.28,0,1,1
7,2026-07-16,65756999.34,0.00,65756999.34,0.00,1,0,0
7,2026-07-20,0.00,0.00,0.00,1232409.99,0,0,1
7,2026-07-22,0.00,27907475.03,-27907475.03,0.00,0,1,0
7,2026-07-23,22797350.28,0.00,22797350.28,0.00,1,0,0
7,2026-07-24,0.00,0.00,0.00,3204943.10,0,0,2
7,2026-07-28,0.00,38883208.06,-38883208.06,0.00,0,1,0
7,2026-07-29,0.00,59877770.12,-59877770.12,0.00,0,1,0
7,2026-07-31,0.00,0.00,0.00,2032326.80,0,0,1
7,2026-08-04,18203392.22,0.00,18203392.22,0.00,1,0,0
7,2026-08-05,0.00,0.00,0.00,1645156.27,0,0,1
7,2026-08-06,0.00,143673427.67,-143673427.67,3992108.59,0,1,1
7,2026-08-10,33709867.06,0.00,33709867.06,0.00,1,0,0
7,2026-08-11,0.00,0.00,0.00,291151.82,0,0,1
7,2026-08-12,42784821.65,0.00,42784821.65,0.00,1,0,0
7,2026-08-13,0.00,0.00,0.00,691590.28,0,0,1
7,2026-08-14,0.00,0.00,0.00,598853.02,0,0,1
7,2026-08-18,0.00,93943763.28,-93943763.28,309284.88,0,1,1
7,2026-08-19,54630443.34,0.00,54630443.34,1407206.88,1,0,1
7,2026-08-24,14489495.43,0.00,14489495.43,0.00,1,0,0
7,2026-08-25,15012239.91,0.00,15012239.91,0.00,1,0,0
7,2026-08-28,0.00,13250653.59,-13250653.59,0.00,0,1,0
7,2026-09-01,11917524.82,0.00,11917524.82,0.00,1,0,0
7,2026-09-03,24329502.75,0.00,24329502.75,0.00,1,0,0
7,2026-09-08,0.00,27348813.66,-27348813.66,0.00,0,1,0
7,2026-09-09,0.00,0.00,0.00,6335972.94,0,0,2
7,2026-09-10,0.00,0.00,0.00,186129.21,0,0,1
7,2026-09-18,44132374.63,0.00,44132374.63,0.00,1,0,0
7,2026-09-21,0.00,45833580.19,-45833580.19,0.00,0,1,0
7,2026-09-22,0.00,10977267.76,-10977267.76,0.00,0,1,0
7,2026-09-23,25781494.58,0.00,25781494.58,0.00,1,0,0
7,2026-09-29,8189638.60,0.00,8189638.60,1205682.86,1,0,1
7,2026-09-30,8856325.44,0.00,8856325.44,0.00,1,0,0
7,2026-10-01,0.00,172734230.68,-172734230.68,0.00,0,1,0
7,2026-10-05,27029126.38,0.00,27029126.38,0.00,1,0,0
7,2026-10-07,0.00,61430095.84,-61430095.84,0.00,0,1,0
7,2026-10-12,21625334.56,0.00,21625334.56,0.00,1,0,0
7,2026-10-15,0.00,77432976.42,-77432976.42,0.00,0,1,0
7,2026-10-16,32785609.79,0.00,32785609.79,0.00,1,0,0
7,2026-10-19,14026593.75,0.00,14026593.75,0.00,1,0,0
7,2026-10-21,10380160.11,0.00,10380160.11,0.00,1,0,0
7,2026-10-30,36226942.56,0.00,36226942.56,0.00,1,0,0
7,2026-11-03,0.00,0.00,0.00,1996165.13,0,0,1
7,2026-11-05,0.00,0.00,0.00,2678739.36,0,0,1
7,2026-11-06,0.00,113250834.32,-113250834.32,0.00,0,1,0
7,2026-11-09,41246285.78,0.00,41246285.78,0.00,1,0,0
7,2026-11-12,28180206.39,0.00,28180206.39,0.00,1,0,0
7,2026-11-16,23203957.91,0.00,23203957.91,0.00,1,0,0
7,2026-11-17,28075377.02,0.00,28075377.02,0.00,1,0,0
7,2026-11-18,0.00,0.00,0.00,2144606.84,0,0,1
7,2026-11-19,42524154.54,0.00,42524154.54,0.00,1,0,0
7,2026-11-23,0.00,11876501.83,-11876501.83,0.00,0,1,0
7,2026-11-26,0.00,14855776.08,-14855776.08,0.00,0,1,0
7,2026-12-01,86845599.33,0.00,86845599.33,0.00,1,0,0
7,2026-12-02,51932727.02,0.00,51932727.02,0.00,1,0,0
7,2026-12-03,0.00,0.00,0.00,582628.15,0,0,1
7,2026-12-04,29777387.05,0.00,29777387.05,0.00,1,0,0
7,2026-12-07,0.00,20139635.35,-20139635.35,0.00,0,1,0
7,2026-12-08,0.00,38063697.00,-38063697.00,0.00,0,1,0
7,2026-12-09,42094663.00,0.00,42094663.00,0.00,1,0,0
7,2026-12-14,0.00,20390814.03,-20390814.03,0.00,0,1,0
7,2026-12-17,0.00,86091300.65,-86091300.65,0.00,0,1,0
7,2026-12-21,22826929.78,0.00,22826929.78,0.00,1,0,0
7,2026-12-22,8136493.80,0.00,8136493.80,0.00,1,0,0
7,2026-12-24,44454905.36,0.00,44454905.36,0.00,1,0,0
7,2026-12-29,41352520.81,0.00,41352520.81,0.00,1,0,0
8,2025-03-04,9298186.97,0.00,9298186.97,0.00,1,0,0
8,2025-03-05,6490276.68,0.00,6490276.68,0.00,1,0,0
8,2025-03-06,8174988.92,0.00,8174988.92,0.00,1,0,0
8,2025-03-07,14673529.24,0.00,14673529.24,0.00,1,0,0
8,2025-03-10,10597784.89,0.00,10597784.89,0.00,1,0,0
8,2025-03-11,18754047.02,0.00,18754047.02,0.00,1,0,0
8,2025-03-12,10773802.93,0.00,10773802.93,0.00,1,0,0
8,2025-03-13,16170404.19,0.00,16170404.19,0.00,1,0,0
8,2025-03-17,6886637.14,0.00,6886637.14,0.00,1,0,0
8,2025-03-18,6822205.15,0.00,6822205.15,36725.86,1,0,1
8,2025-03-19,9637997.34,0.00,9637997.34,0.00,1,0,0
8,2025-03-20,8193128.08,0.00,8193128.08,0.00,1,0,0
8,2025-03-21,13845873.16,0.00,13845873.16,58798.35,1,0,1
8,2025-03-24,6551874.69,0.00,6551874.69,0.00,1,0,0
8,2025-03-25,24063241.32,0.00,24063241.32,0.00,1,0,0
8,2025-03-26,12888098.35,0.00,12888098.35,0.00,1,0,0
8,2025-03-27,17821378.29,0.00,17821378.29,0.00,1,0,0
8,2025-03-28,18479591.68,0.00,18479591.68,0.00,1,0,0
8,2025-04-01,15097805.35,0.00,15097805.35,0.00,1,0,0
8,2025-04-02,8997319.40,0.00,8997319.40,0.00,1,0,0
8,2025-04-03,12363596.64,0.00,12363596.64,0.00,1,0,0
8,2025-04-04,10616667.64,0.00,10616667.64,0.00,1,0,0
8,2025-04-07,4959029.28,0.00,4959029.28,0.00,1,0,0
8,2025-04-08,15290695.57,0.00,15290695.57,0.00,1,0,0
8,2025-04-09,13084878.25,0.00,13084878.25,52156.74,1,0,1
8,2025-04-11,4932240.08,0.00,4932240.08,0.00,1,0,0
8,2025-04-15,7028353.82,0.00,7028353.82,0.00,1,0,0
8,2025-04-16,13773183.31,0.00,13773183.31,0.00,1,0,0
8,2025-04-17,11036634.51,0.00,11036634.51,0.00,1,0,0
8,2025-04-21,6070395.31,0.00,6070395.31,0.00,1,0,0
8,2025-04-22,14217138.85,0.00,14217138.85,0.00,1,0,0
8,2025-04-23,806302.62,0.00,806302.62,0.00,1,0,0
8,2025-04-24,0.00,1676127.60,-1676127.60,53249.82,0,1,1
8,2025-04-25,0.00,4670555.05,-4670555.05,0.00,0,1,0
8,2025-04-28,0.00,3162040.28,-3162040.28,0.00,0,1,0
8,2025-04-29,0.00,0.00,0.00,58346.13,0,0,1
8,2025-04-30,0.00,0.00,0.00,13732.65,0,0,1
8,2025-05-08,2110976.06,0.00,2110976.06,0.00,1,0,0
8,2025-05-14,1340678.71,0.00,1340678.71,13783.85,1,0,1
8,2025-05-15,3869821.15,0.00,3869821.15,0.00,1,0,0
8,2025-06-04,0.00,0.00,0.00,157877.02,0,0,2
8,2025-06-12,1734110.42,0.00,1734110.42,0.00,1,0,0
8,2025-06-19,0.00,1866429.55,-1866429.55,0.00,0,1,0
8,2025-06-23,2984846.36,0.00,2984846.36,0.00,1,0,0
8,2025-06-24,0.00,0.00,0.00,35222.40,0,0,1
8,2025-06-27,1382965.11,0.00,1382965.11,210227.01,1,0,1
8,2025-06-30,0.00,0.00,0.00,428841.85,0,0,1
8,2025-07-02,0.00,0.00,0.00,340501.68,0,0,2
8,2025-07-04,0.00,1166143.76,-1166143.76,0.00,0,1,0
8,2025-07-08,0.00,0.00,0.00,237945.02,0,0,1
8,2025-07-10,0.00,0.00,0.00,723374.41,0,0,2
8,2025-07-18,0.00,0.00,0.00,174749.72,0,0,1
8,2025-07-22,0.00,2240020.71,-2240020.71,527023.31,0,1,3
8,2025-07-23,4463146.75,0.00,4463146.75,228733.87,1,0,1
8,2025-07-30,2144927.73,0.00,2144927.73,0.00,1,0,0
8,2025-08-01,642187.25,0.00,642187.25,213794.91,1,0,3
8,2025-08-04,3974996.88,0.00,3974996.88,0.00,1,0,0
8,2025-08-06,1939590.54,0.00,1939590.54,0.00,1,0,0
8,2025-08-07,0.00,0.00,0.00,83586.92,0,0,1
8,2025-08-08,0.00,0.00,0.00,42661.17,0,0,1
8,2025-08-11,0.00,0.00,0.00,71412.61,0,0,1
8,2025-08-12,0.00,0.00,0.00,318438.17,0,0,1
8,2025-08-13,0.00,2087746.09,-2087746.09,0.00,0,1,0
8,2025-08-14,0.00,0.00,0.00,181471.58,0,0,1
8,2025-08-18,2356808.07,0.00,2356808.07,0.00,1,0,0
8,2025-08-21,3582477.09,0.00,3582477.09,181816.24,1,0,1
8,2025-08-26,7029221.06,0.00,7029221.06,0.00,1,0,0
8,2025-09-04,3550687.09,0.00,3550687.09,0.00,1,0,0
8,2025-09-05,0.00,2423029.28,-2423029.28,0.00,0,1,0
8,2025-10-06,0.00,6369502.32,-6369502.32,169057.57,0,1,2
8,2025-10-08,2268935.25,0.00,2268935.25,42322.75,1,0,1
8,2025-10-10,0.00,0.00,0.00,56282.27,0,0,1
8,2025-10-20,0.00,3612020.61,-3612020.61,0.00,0,1,0
8,2025-10-24,1250576.05,0.00,1250576.05,42785.24,1,0,1
8,2025-10-30,0.00,2370473.28,-2370473.28,0.00,0,1,0
8,2025-11-04,0.00,0.00,0.00,191601.80,0,0,1
8,2025-11-14,0.00,0.00,0.00,147853.59,0,0,2
8,2025-11-24,0.00,0.00,0.00,79903.05,0,0,1
8,2025-11-25,0.00,0.00,0.00,183190.04,0,0,1
8,2025-11-27,2144493.74,0.00,2144493.74,0.00,1,0,0
8,2025-11-28,4210865.16,0.00,4210865.16,0.00,1,0,0
8,2025-12-04,1721993.46,0.00,1721993.46,0.00,1,0,0
8,2025-12-10,1528461.94,0.00,1528461.94,0.00,1,0,0
8,2025-12-11,0.00,0.00,0.00,58043.96,0,0,1
8,2025-12-15,824820.18,0.00,824820.18,0.00,1,0,0
8,2025-12-22,1330181.88,0.00,1330181.88,0.00,1,0,0
8,2025-12-30,3827723.78,0.00,3827723.78,0.00,1,0,0
8,2025-12-31,4785658.22,0.00,4785658.22,0.00,1,0,0
8,2026-01-06,4199667.78,0.00,4199667.78,0.00,1,0,0
8,2026-01-12,1377163.69,0.00,1377163.69,0.00,1,0,0
8,2026-01-16,2352616.16,0.00,2352616.16,0.00,1,0,0
8,2026-01-23,1860514.41,0.00,1860514.41,0.00,1,0,0
8,2026-02-03,1658388.93,0.00,1658388.93,0.00,1,0,0
8,2026-02-10,0.00,0.00,0.00,44290.80,0,0,1
8,2026-02-12,0.00,2801333.89,-2801333.89,0.00,0,1,0
8,2026-02-16,0.00,22812888.02,-22812888.02,0.00,0,1,0
8,2026-02-17,0.00,23042132.81,-23042132.81,0.00,0,1,0
8,2026-02-24,13084733.19,0.00,13084733.19,69769.70,1,0,1
8,2026-02-26,0.00,3351987.00,-3351987.00,95727.09,0,1,1
8,2026-03-02,684474.90,0.00,684474.90,16731.94,1,0,1
8,2026-03-09,0.00,0.00,0.00,54522.19,0,0,1
8,2026-03-19,12363645.85,0.00,12363645.85,0.00,1,0,0
8,2026-03-27,0.00,0.00,0.00,183882.43,0,0,1
8,2026-04-01,0.00,5716237.97,-5716237.97,0.00,0,1,0
8,2026-04-02,1067669.28,0.00,1067669.28,0.00,1,0,0
8,2026-04-09,2926684.63,0.00,2926684.63,0.00,1,0,0
8,2026-04-10,1764195.01,0.00,1764195.01,0.00,1,0,0
8,2026-04-16,0.00,2748943.62,-2748943.62,70795.35,0,1,1
8,2026-04-20,4537247.99,0.00,4537247.99,0.00,1,0,0
8,2026-04-23,0.00,0.00,0.00,65356.35,0,0,1
8,2026-04-29,0.00,7360687.69,-7360687.69,0.00,0,1,0
8,2026-05-04,0.00,5539694.02,-5539694.02,0.00,0,1,0
8,2026-05-06,1528927.94,0.00,1528927.94,0.00,1,0,0
8,2026-05-13,0.00,0.00,0.00,390426.93,0,0,2
8,2026-05-26,1820680.19,0.00,1820680.19,0.00,1,0,0
8,2026-05-28,0.00,0.00,0.00,14373.42,0,0,1
8,2026-06-04,1693864.24,0.00,1693864.24,0.00,1,0,0
8,2026-06-05,0.00,0.00,0.00,40443.71,0,0,1
8,2026-06-08,0.00,2541327.45,-2541327.45,0.00,0,1,0
8,2026-06-10,0.00,0.00,0.00,58157.06,0,0,1
8,2026-06-16,0.00,0.00,0.00,320484.56,0,0,2
8,2026-06-24,1634854.90,0.00,1634854.90,0.00,1,0,0
8,2026-06-26,2177664.83,0.00,2177664.83,0.00,1,0,0
8,2026-07-01,0.00,0.00,0.00,165524.32,0,0,1
8,2026-07-03,0.00,0.00,0.00,548045.08,0,0,1
8,2026-07-06,1770650.59,0.00,1770650.59,0.00,1,0,0
8,2026-07-07,0.00,0.00,0.00,157428.92,0,0,1
8,2026-07-09,0.00,0.00,0.00,616053.56,0,0,2
8,2026-07-14,0.00,0.00,0.00,195748.10,0,0,3
8,2026-07-15,1396468.09,0.00,1396468.09,103224.23,1,0,1
8,2026-07-16,1499166.92,0.00,1499166.92,61234.68,1,0,1
8,2026-07-20,0.00,0.00,0.00,273929.58,0,0,1
8,2026-07-24,0.00,0.00,0.00,89665.06,0,0,1
8,2026-07-28,0.00,0.00,0.00,221412.79,0,0,1
8,2026-08-03,0.00,0.00,0.00,436403.21,0,0,1
8,2026-08-06,0.00,0.00,0.00,408352.06,0,0,2
8,2026-08-12,0.00,5358612.27,-5358612.27,0.00,0,1,0
8,2026-08-14,0.00,0.00,0.00,645685.48,0,0,2
8,2026-08-18,1852952.52,0.00,1852952.52,0.00,1,0,0
8,2026-08-20,2030706.79,0.00,2030706.79,0.00,1,0,0
8,2026-08-24,0.00,0.00,0.00,103491.96,0,0,1
8,2026-08-26,0.00,0.00,0.00,194282.88,0,0,1
8,2026-08-27,0.00,0.00,0.00,50433.21,0,0,1
8,2026-09-01,1787078.04,0.00,1787078.04,0.00,1,0,0
8,2026-09-07,2384386.33,0.00,2384386.33,0.00,1,0,0
8,2026-09-17,0.00,0.00,0.00,331044.57,0,0,2
8,2026-09-24,0.00,3624612.33,-3624612.33,0.00,0,1,0
8,2026-09-28,0.00,0.00,0.00,49413.15,0,0,1
8,2026-09-29,2670388.27,0.00,2670388.27,0.00,1,0,0
8,2026-09-30,1689779.40,0.00,1689779.40,0.00,1,0,0
8,2026-10-06,0.00,7291765.46,-7291765.46,0.00,0,1,0
8,2026-10-12,0.00,3612776.38,-3612776.38,42882.52,0,1,1
8,2026-10-13,0.00,0.00,0.00,72195.78,0,0,1
8,2026-10-14,0.00,7986654.19,-7986654.19,0.00,0,1,0
8,2026-10-19,0.00,7906014.76,-7906014.76,0.00,0,1,0
8,2026-10-23,0.00,0.00,0.00,49995.13,0,0,1
8,2026-10-27,0.00,5149715.08,-5149715.08,0.00,0,1,0
8,2026-10-29,1859487.44,0.00,1859487.44,0.00,1,0,0
8,2026-11-04,0.00,0.00,0.00,307587.92,0,0,1
8,2026-11-06,1695372.22,0.00,1695372.22,0.00,1,0,0
8,2026-11-12,0.00,4827521.17,-4827521.17,0.00,0,1,0
8,2026-11-13,0.00,0.00,0.00,67285.71,0,0,1
8,2026-11-25,0.00,8088136.87,-8088136.87,0.00,0,1,0
8,2026-11-30,0.00,0.00,0.00,82843.67,0,0,1
8,2026-12-08,0.00,6203633.72,-6203633.72,0.00,0,1,0
8,2026-12-11,3868529.74,0.00,3868529.74,0.00,1,0,0
8,2026-12-16,2660972.67,0.00,2660972.67,0.00,1,0,0
8,2026-12-17,0.00,10554771.48,-10554771.48,0.00,0,1,0
8,2026-12-31,4512449.40,0.00,4512449.40,0.00,1,0,0
9,2025-03-11,533103381.73,0.00,533103381.73,0.00,1,0,0
9,2025-03-12,366350317.37,0.00,366350317.37,0.00,1,0,0
9,2025-03-13,161947503.37,0.00,161947503.37,0.00,1,0,0
9,2025-03-18,115340151.87,0.00,115340151.87,0.00,1,0,0
9,2025-03-19,154232863.13,0.00,154232863.13,0.00,1,0,0
9,2025-03-20,82891333.38,0.00,82891333.38,0.00,1,0,0
9,2025-03-21,106002856.39,0.00,106002856.39,0.00,1,0,0
9,2025-03-25,126044379.38,0.00,126044379.38,0.00,1,0,0
9,2025-03-26,157751232.87,0.00,157751232.87,0.00,1,0,0
9,2025-03-27,56043223.92,0.00,56043223.92,0.00,1,0,0
9,2025-03-28,113371158.73,0.00,113371158.73,0.00,1,0,0
9,2025-04-01,136579744.76,0.00,136579744.76,0.00,1,0,0
9,2025-04-02,229678285.32,0.00,229678285.32,0.00,1,0,0
9,2025-04-03,138814192.69,0.00,138814192.69,0.00,1,0,0
9,2025-04-04,180970712.20,0.00,180970712.20,0.00,1,0,0
9,2025-04-07,320273873.37,0.00,320273873.37,0.00,1,0,0
9,2025-04-08,107188580.26,0.00,107188580.26,0.00,1,0,0
9,2025-04-09,139975754.82,0.00,139975754.82,0.00,1,0,0
9,2025-04-11,84900178.53,0.00,84900178.53,0.00,1,0,0
9,2025-04-15,175561335.26,0.00,175561335.26,0.00,1,0,0
9,2025-04-16,130309353.69,0.00,130309353.69,0.00,1,0,0
9,2025-04-17,37664131.22,0.00,37664131.22,0.00,1,0,0
9,2025-04-21,88731176.92,0.00,88731176.92,0.00,1,0,0
9,2025-04-22,0.00,0.00,0.00,2668878.15,0,0,1
9,2025-04-24,0.00,0.00,0.00,889378.82,0,0,1
9,2025-04-28,40193134.76,0.00,40193134.76,0.00,1,0,0
9,2025-05-02,33961825.02,0.00,33961825.02,0.00,1,0,0
9,2025-05-09,40351244.38,0.00,40351244.38,0.00,1,0,0
9,2025-05-14,23618172.38,0.00,23618172.38,0.00,1,0,0
9,2025-05-15,0.00,0.00,0.00,1562869.70,0,0,1
9,2025-05-28,0.00,64812263.24,-64812263.24,0.00,0,1,0
9,2025-06-03,102054308.48,0.00,102054308.48,0.00,1,0,0
9,2025-06-05,0.00,469961407.66,-469961407.66,0.00,0,1,0
9,2025-06-11,0.00,0.00,0.00,893296.41,0,0,1
9,2025-06-12,61389362.53,0.00,61389362.53,0.00,1,0,0
9,2025-06-17,0.00,14732658.25,-14732658.25,0.00,0,1,0
9,2025-06-18,0.00,0.00,0.00,2974468.77,0,0,2
9,2025-06-19,0.00,49003253.93,-49003253.93,0.00,0,1,0
9,2025-06-27,0.00,0.00,0.00,998614.99,0,0,1
9,2025-07-03,0.00,0.00,0.00,956604.66,0,0,1
9,2025-07-09,0.00,0.00,0.00,2698858.35,0,0,1
9,2025-07-10,0.00,0.00,0.00,1138537.92,0,0,1
9,2025-07-15,366350057.88,0.00,366350057.88,0.00,1,0,0
9,2025-07-16,0.00,0.00,0.00,9299292.13,0,0,1
9,2025-07-18,0.00,0.00,0.00,2075378.58,0,0,1
9,2025-07-23,0.00,0.00,0.00,1204397.09,0,0,1
9,2025-07-24,0.00,0.00,0.00,2701105.51,0,0,1
9,2025-07-29,48714277.62,0.00,48714277.62,11573119.08,1,0,1
9,2025-07-31,0.00,0.00,0.00,1965681.08,0,0,1
9,2025-08-06,0.00,0.00,0.00,1967490.43,0,0,1
9,2025-08-08,55841580.43,0.00,55841580.43,737297.84,1,0,1
9,2025-08-12,75115167.38,0.00,75115167.38,0.00,1,0,0
9,2025-08-14,0.00,40797793.58,-40797793.58,0.00,0,1,0
9,2025-08-19,0.00,0.00,0.00,461244.70,0,0,1
9,2025-08-21,0.00,0.00,0.00,2298534.48,0,0,1
9,2025-08-22,0.00,0.00,0.00,5120910.42,0,0,1
9,2025-08-28,0.00,0.00,0.00,2289445.67,0,0,1
9,2025-09-11,0.00,36754071.20,-36754071.20,0.00,0,1,0
9,2025-09-24,43183764.41,0.00,43183764.41,0.00,1,0,0
9,2025-09-30,43352677.48,0.00,43352677.48,0.00,1,0,0
9,2025-10-08,28631365.90,0.00,28631365.90,0.00,1,0,0
9,2025-10-10,32976696.08,0.00,32976696.08,0.00,1,0,0
9,2025-10-14,22015167.70,0.00,22015167.70,0.00,1,0,0
9,2025-10-17,77080022.99,0.00,77080022.99,0.00,1,0,0
9,2025-10-20,22884619.69,0.00,22884619.69,0.00,1,0,0
9,2025-10-28,99552205.81,0.00,99552205.81,0.00,1,0,0
9,2025-11-04,42285023.86,0.00,42285023.86,0.00,1,0,0
9,2025-11-06,16217785.30,0.00,16217785.30,0.00,1,0,0
9,2025-11-11,0.00,0.00,0.00,1080941.48,0,0,1
9,2025-11-14,0.00,0.00,0.00,1026407.89,0,0,1
9,2026-01-09,0.00,85120352.35,-85120352.35,0.00,0,1,0
9,2026-01-13,0.00,43625567.67,-43625567.67,0.00,0,1,0
9,2026-01-16,42285923.87,0.00,42285923.87,0.00,1,0,0
9,2026-01-19,36861543.83,0.00,36861543.83,0.00,1,0,0
9,2026-01-27,0.00,86722170.05,-86722170.05,0.00,0,1,0
9,2026-01-28,0.00,21105195.80,-21105195.80,0.00,0,1,0
9,2026-02-11,84732194.84,0.00,84732194.84,0.00,1,0,0
9,2026-02-16,50940718.93,0.00,50940718.93,0.00,1,0,0
9,2026-02-19,12140166.13,0.00,12140166.13,0.00,1,0,0
9,2026-02-23,0.00,32745950.26,-32745950.26,0.00,0,1,0
9,2026-02-24,41015881.48,0.00,41015881.48,0.00,1,0,0
9,2026-03-02,0.00,58838966.73,-58838966.73,0.00,0,1,0
9,2026-03-05,8917859.63,0.00,8917859.63,0.00,1,0,0
9,2026-03-18,13383157.11,0.00,13383157.11,0.00,1,0,0
9,2026-04-06,85976483.30,0.00,85976483.30,0.00,1,0,0
9,2026-04-10,32740489.96,0.00,32740489.96,0.00,1,0,0
9,2026-04-22,73071106.46,0.00,73071106.46,0.00,1,0,0
9,2026-04-24,0.00,0.00,0.00,2563817.17,0,0,1
9,2026-05-04,48325187.20,0.00,48325187.20,0.00,1,0,0
9,2026-05-05,0.00,0.00,0.00,3016902.88,0,0,1
9,2026-05-19,0.00,293891725.30,-293891725.30,0.00,0,1,0
9,2026-05-25,24511780.51,0.00,24511780.51,0.00,1,0,0
9,2026-05-28,0.00,184758742.90,-184758742.90,0.00,0,1,0
9,2026-06-04,13373611.91,0.00,13373611.91,0.00,1,0,0
9,2026-06-08,0.00,47797782.60,-47797782.60,0.00,0,1,0
9,2026-06-09,0.00,0.00,0.00,3131989.78,0,0,1
9,2026-06-10,0.00,69210233.78,-69210233.78,0.00,0,1,0
9,2026-06-11,0.00,0.00,0.00,1268424.41,0,0,1
9,2026-06-15,29054595.32,0.00,29054595.32,14538974.08,1,0,2
9,2026-06-17,17799392.65,0.00,17799392.65,0.00,1,0,0
9,2026-06-19,0.00,0.00,0.00,934823.44,0,0,1
9,2026-06-25,0.00,0.00,0.00,700660.66,0,0,1
9,2026-07-03,43378284.49,0.00,43378284.49,0.00,1,0,0
9,2026-07-07,33921070.04,0.00,33921070.04,0.00,1,0,0
9,2026-07-08,13318781.70,0.00,13318781.70,0.00,1,0,0
9,2026-07-09,0.00,0.00,0.00,2630845.92,0,0,1
9,2026-07-10,0.00,0.00,0.00,1394632.08,0,0,1
9,2026-07-13,0.00,0.00,0.00,8290150.72,0,0,1
9,2026-07-14,0.00,0.00,0.00,1692258.05,0,0,2
9,2026-07-15,0.00,0.00,0.00,3836135.78,0,0,1
9,2026-07-17,0.00,0.00,0.00,1383013.03,0,0,1
9,2026-07-23,0.00,0.00,0.00,1371683.35,0,0,1
9,2026-07-27,0.00,0.00,0.00,4296714.75,0,0,1
9,2026-08-05,0.00,0.00,0.00,907959.52,0,0,1
9,2026-08-10,0.00,0.00,0.00,4288279.88,0,0,1
9,2026-08-13,0.00,0.00,0.00,2701968.87,0,0,1
9,2026-08-14,43380073.26,0.00,43380073.26,2076080.87,1,0,1
9,2026-08-21,32224412.86,0.00,32224412.86,0.00,1,0,0
9,2026-08-26,58618725.55,0.00,58618725.55,0.00,1,0,0
9,2026-09-16,0.00,137438764.52,-137438764.52,0.00,0,1,0
9,2026-09-29,0.00,0.00,0.00,2247214.96,0,0,1
9,2026-09-30,0.00,234035083.24,-234035083.24,0.00,0,1,0
9,2026-10-01,107708697.94,0.00,107708697.94,0.00,1,0,0
9,2026-10-05,107188438.27,0.00,107188438.27,0.00,1,0,0
9,2026-10-09,0.00,35114078.41,-35114078.41,0.00,0,1,0
9,2026-10-16,0.00,0.00,0.00,2283669.52,0,0,1
9,2026-10-21,37981607.37,0.00,37981607.37,0.00,1,0,0
9,2026-10-22,22799237.73,0.00,22799237.73,0.00,1,0,0
9,2026-10-28,157751249.04,0.00,157751249.04,0.00,1,0,0
9,2026-10-29,17964541.84,0.00,17964541.84,0.00,1,0,0
9,2026-11-09,38925312.69,0.00,38925312.69,0.00,1,0,0
9,2026-11-12,0.00,154445651.28,-154445651.28,0.00,0,1,0
9,2026-11-16,30319627.37,0.00,30319627.37,0.00,1,0,0
9,2026-11-17,32131972.40,0.00,32131972.40,0.00,1,0,0
9,2026-11-27,14252032.49,0.00,14252032.49,0.00,1,0,0
9,2026-11-30,0.00,0.00,0.00,990411.49,0,0,1
9,2026-12-04,22939457.77,0.00,22939457.77,0.00,1,0,0
9,2026-12-09,19056309.90,0.00,19056309.90,0.00,1,0,0
9,2026-12-11,32132741.17,0.00,32132741.17,0.00,1,0,0
9,2026-12-28,18368447.15,0.00,18368447.15,0.00,1,0,0
9,2026-12-31,0.00,31020115.40,-31020115.40,0.00,0,1,0
10,2025-03-25,133807801.17,0.00,133807801.17,0.00,1,0,0
10,2025-03-26,57052194.88,0.00,57052194.88,0.00,1,0,0
10,2025-03-27,239382917.25,0.00,239382917.25,0.00,1,0,0
10,2025-03-28,222414968.61,0.00,222414968.61,0.00,1,0,0
10,2025-04-01,236970267.84,0.00,236970267.84,0.00,1,0,0
10,2025-04-02,49033038.55,0.00,49033038.55,0.00,1,0,0
10,2025-04-03,117606574.48,0.00,117606574.48,0.00,1,0,0
10,2025-04-04,104854544.24,0.00,104854544.24,0.00,1,0,0
10,2025-04-07,142818358.56,0.00,142818358.56,0.00,1,0,0
10,2025-04-08,94919338.66,0.00,94919338.66,0.00,1,0,0
10,2025-04-09,98326797.15,0.00,98326797.15,0.00,1,0,0
10,2025-04-11,68434818.84,0.00,68434818.84,0.00,1,0,0
10,2025-04-15,68908356.10,0.00,68908356.10,0.00,1,0,0
10,2025-04-16,55960286.70,0.00,55960286.70,0.00,1,0,0
10,2025-04-17,116963487.09,0.00,116963487.09,0.00,1,0,0
10,2025-04-21,98202063.37,0.00,98202063.37,0.00,1,0,0
10,2025-04-22,136486470.15,0.00,136486470.15,0.00,1,0,0
10,2025-04-23,88471419.99,0.00,88471419.99,0.00,1,0,0
10,2025-04-24,62470600.06,0.00,62470600.06,0.00,1,0,0
10,2025-04-28,94163264.58,0.00,94163264.58,0.00,1,0,0
10,2025-04-29,92603000.21,0.00,92603000.21,0.00,1,0,0
10,2025-04-30,71400574.89,0.00,71400574.89,0.00,1,0,0
10,2025-05-02,63205561.76,0.00,63205561.76,0.00,1,0,0
10,2025-05-05,67602289.24,0.00,67602289.24,0.00,1,0,0
10,2025-05-07,32428120.20,0.00,32428120.20,0.00,1,0,0
10,2025-05-08,37589701.46,0.00,37589701.46,0.00,1,0,0
10,2025-05-09,0.00,12774640.49,-12774640.49,0.00,0,1,0
10,2025-05-12,23655419.28,0.00,23655419.28,0.00,1,0,0
10,2025-05-15,0.00,0.00,0.00,740902.13,0,0,1
10,2025-06-02,0.00,47127858.94,-47127858.94,0.00,0,1,0
10,2025-06-04,14563327.72,0.00,14563327.72,0.00,1,0,0
10,2025-06-05,0.00,0.00,0.00,766288.97,0,0,1
10,2025-06-06,0.00,0.00,0.00,1284174.34,0,0,1
10,2025-06-09,0.00,19616779.56,-19616779.56,1283493.99,0,1,1
10,2025-06-10,8026587.89,0.00,8026587.89,0.00,1,0,0
10,2025-06-12,0.00,0.00,0.00,1322895.65,0,0,1
10,2025-06-17,0.00,0.00,0.00,892228.57,0,0,1
10,2025-06-19,0.00,0.00,0.00,3882318.78,0,0,1
10,2025-06-20,0.00,56186117.01,-56186117.01,0.00,0,1,0
10,2025-06-26,14091362.57,0.00,14091362.57,0.00,1,0,0
10,2025-06-27,0.00,37722295.43,-37722295.43,0.00,0,1,0
10,2025-07-01,0.00,0.00,0.00,685089.32,0,0,1
10,2025-07-02,8882602.26,0.00,8882602.26,0.00,1,0,0
10,2025-07-11,0.00,0.00,0.00,2569332.21,0,0,1
10,2025-07-14,0.00,0.00,0.00,4304135.31,0,0,2
10,2025-07-15,21165686.54,0.00,21165686.54,0.00,1,0,0
10,2025-07-22,0.00,75377244.22,-75377244.22,0.00,0,1,0
10,2025-07-24,17063645.45,0.00,17063645.45,2795670.63,1,0,1
10,2025-07-25,0.00,0.00,0.00,1893115.27,0,0,1
10,2025-07-31,0.00,0.00,0.00,564718.09,0,0,1
10,2025-08-06,0.00,40079521.80,-40079521.80,1124652.00,0,1,1
10,2025-08-11,0.00,0.00,0.00,1400034.69,0,0,1
10,2025-08-13,17156157.09,0.00,17156157.09,0.00,1,0,0
10,2025-08-19,0.00,0.00,0.00,1012307.38,0,0,1
10,2025-09-02,9073151.48,0.00,9073151.48,0.00,1,0,0
10,2025-09-05,0.00,0.00,0.00,912390.05,0,0,1
10,2025-10-06,20981650.49,0.00,20981650.49,1707950.81,1,0,1
10,2025-10-10,33371013.25,0.00,33371013.25,0.00,1,0,0
10,2025-10-14,17339182.26,0.00,17339182.26,0.00,1,0,0
10,2025-10-23,21975686.69,0.00,21975686.69,0.00,1,0,0
10,2025-11-03,10785936.31,0.00,10785936.31,0.00,1,0,0
10,2025-11-04,0.00,98963484.32,-98963484.32,1096149.58,0,1,1
10,2025-11-12,16827414.71,0.00,16827414.71,1019620.26,1,0,1
10,2025-11-17,13137622.51,0.00,13137622.51,0.00,1,0,0
10,2025-11-24,0.00,63094615.38,-63094615.38,0.00,0,1,0
10,2025-11-25,0.00,0.00,0.00,1048026.12,0,0,1
10,2025-12-02,0.00,22705961.55,-22705961.55,0.00,0,1,0
10,2025-12-10,12933288.94,0.00,12933288.94,0.00,1,0,0
10,2025-12-17,0.00,132974203.08,-132974203.08,0.00,0,1,0
10,2025-12-26,10706684.47,0.00,10706684.47,0.00,1,0,0
10,2026-01-01,41017789.94,0.00,41017789.94,0.00,1,0,0
10,2026-01-06,0.00,27124016.10,-27124016.10,0.00,0,1,0
10,2026-01-13,0.00,23643431.22,-23643431.22,0.00,0,1,0
10,2026-01-27,20863087.49,0.00,20863087.49,0.00,1,0,0
10,2026-02-02,0.00,29811093.11,-29811093.11,0.00,0,1,0
10,2026-02-04,0.00,100851518.77,-100851518.77,0.00,0,1,0
10,2026-02-18,37018893.34,0.00,37018893.34,0.00,1,0,0
10,2026-02-19,18061272.49,0.00,18061272.49,0.00,1,0,0
10,2026-02-20,0.00,0.00,0.00,1027574.39,0,0,1
10,2026-02-24,22180642.00,0.00,22180642.00,0.00,1,0,0
10,2026-03-06,14269333.90,0.00,14269333.90,0.00,1,0,0
10,2026-03-11,0.00,0.00,0.00,2284310.99,0,0,2
10,2026-03-13,27687129.47,0.00,27687129.47,0.00,1,0,0
10,2026-03-19,0.00,0.00,0.00,1565577.70,0,0,1
10,2026-03-23,74669814.59,0.00,74669814.59,0.00,1,0,0
10,2026-03-25,20739720.72,0.00,20739720.72,0.00,1,0,0
10,2026-03-27,0.00,0.00,0.00,1051987.26,0,0,1
10,2026-04-13,0.00,0.00,0.00,618059.68,0,0,1
10,2026-04-17,15663329.10,0.00,15663329.10,0.00,1,0,0
10,2026-04-21,0.00,47837407.95,-47837407.95,0.00,0,1,0
10,2026-04-22,15818147.71,0.00,15818147.71,0.00,1,0,0
10,2026-04-27,15739361.30,0.00,15739361.30,0.00,1,0,0
10,2026-04-29,12254195.24,0.00,12254195.24,0.00,1,0,0
10,2026-05-12,0.00,0.00,0.00,1649593.65,0,0,1
10,2026-05-13,0.00,0.00,0.00,1893264.47,0,0,1
10,2026-05-21,18786642.10,0.00,18786642.10,0.00,1,0,0
10,2026-05-22,0.00,68899052.46,-68899052.46,0.00,0,1,0
10,2026-06-04,0.00,0.00,0.00,1123791.60,0,0,1
10,2026-06-05,0.00,0.00,0.00,1812982.72,0,0,1
10,2026-06-08,0.00,0.00,0.00,2587086.72,0,0,1
10,2026-06-09,21629739.46,0.00,21629739.46,0.00,1,0,0
10,2026-06-10,0.00,50546876.23,-50546876.23,0.00,0,1,0
10,2026-06-15,32852819.85,0.00,32852819.85,0.00,1,0,0
10,2026-06-16,0.00,33347336.82,-33347336.82,1613763.17,0,1,1
10,2026-06-23,18287826.97,0.00,18287826.97,1356407.93,1,0,1
10,2026-07-01,0.00,0.00,0.00,1293360.12,0,0,1
10,2026-07-03,0.00,26285653.66,-26285653.66,1687011.79,0,1,1
10,2026-07-14,20838035.90,0.00,20838035.90,0.00,1,0,0
10,2026-07-20,13305340.09,0.00,13305340.09,0.00,1,0,0
10,2026-07-22,0.00,16530997.36,-16530997.36,0.00,0,1,0
10,2026-07-24,0.00,0.00,0.00,2501868.26,0,0,1
10,2026-07-28,0.00,16215717.12,-16215717.12,982541.13,0,1,1
10,2026-08-07,0.00,0.00,0.00,1396342.01,0,0,2
10,2026-08-11,13113992.61,0.00,13113992.61,0.00,1,0,0
10,2026-08-14,0.00,49534733.80,-49534733.80,0.00,0,1,0
10,2026-08-18,0.00,0.00,0.00,1005367.68,0,0,1
10,2026-08-19,0.00,16177941.48,-16177941.48,1668769.66,0,1,1
10,2026-08-21,0.00,10522101.39,-10522101.39,0.00,0,1,0
10,2026-08-24,0.00,0.00,0.00,1483915.22,0,0,1
10,2026-08-27,16931869.38,0.00,16931869.38,0.00,1,0,0
10,2026-09-02,17879955.04,0.00,17879955.04,0.00,1,0,0
10,2026-09-08,28887172.07,0.00,28887172.07,0.00,1,0,0
10,2026-09-09,0.00,0.00,0.00,1456468.63,0,0,1
10,2026-09-10,31916952.79,0.00,31916952.79,0.00,1,0,0
10,2026-09-16,40424154.93,0.00,40424154.93,0.00,1,0,0
10,2026-09-25,9471266.24,0.00,9471266.24,0.00,1,0,0
10,2026-09-29,0.00,11458032.31,-11458032.31,0.00,0,1,0
10,2026-09-30,6421850.58,0.00,6421850.58,0.00,1,0,0
10,2026-10-26,0.00,0.00,0.00,823059.07,0,0,1
10,2026-10-28,25347013.33,0.00,25347013.33,0.00,1,0,0
10,2026-10-29,68417160.43,0.00,68417160.43,0.00,1,0,0
10,2026-11-04,11702317.77,0.00,11702317.77,1598154.81,1,0,1
10,2026-11-06,33510028.82,0.00,33510028.82,0.00,1,0,0
10,2026-11-11,11200274.00,0.00,11200274.00,0.00,1,0,0
10,2026-11-16,0.00,15692194.34,-15692194.34,0.00,0,1,0
10,2026-11-18,17501208.74,0.00,17501208.74,0.00,1,0,0
10,2026-11-23,0.00,46010888.94,-46010888.94,0.00,0,1,0
10,2026-12-02,0.00,32459179.83,-32459179.83,758696.29,0,1,1
10,2026-12-03,35238906.78,0.00,35238906.78,0.00,1,0,0
10,2026-12-07,20932558.10,0.00,20932558.10,0.00,1,0,0
10,2026-12-09,0.00,0.00,0.00,3071837.67,0,0,1
10,2026-12-29,0.00,21461528.46,-21461528.46,0.00,0,1,0
11,2025-04-03,70842965.05,0.00,70842965.05,0.00,1,0,0
11,2025-04-04,15921318.35,0.00,15921318.35,0.00,1,0,0
11,2025-04-07,29220528.84,0.00,29220528.84,0.00,1,0,0
11,2025-04-08,25561291.36,0.00,25561291.36,0.00,1,0,0
11,2025-04-09,34250185.50,0.00,34250185.50,0.00,1,0,0
11,2025-04-11,7758908.09,0.00,7758908.09,0.00,1,0,0
11,2025-04-15,39842554.12,0.00,39842554.12,0.00,1,0,0
11,2025-04-16,24297000.21,0.00,24297000.21,344161.50,1,0,1
11,2025-04-17,25506950.55,0.00,25506950.55,0.00,1,0,0
11,2025-04-22,32345633.91,0.00,32345633.91,0.00,1,0,0
11,2025-04-23,27283514.13,0.00,27283514.13,0.00,1,0,0
11,2025-04-24,48067961.90,0.00,48067961.90,0.00,1,0,0
11,2025-04-25,5137782.03,0.00,5137782.03,0.00,1,0,0
11,2025-04-28,62318351.91,0.00,62318351.91,0.00,1,0,0
11,2025-04-29,16313745.01,0.00,16313745.01,0.00,1,0,0
11,2025-04-30,23283957.50,0.00,23283957.50,0.00,1,0,0
11,2025-05-02,69122642.62,0.00,69122642.62,0.00,1,0,0
11,2025-05-05,13912405.53,0.00,13912405.53,0.00,1,0,0
11,2025-05-06,8702136.60,0.00,8702136.60,0.00,1,0,0
11,2025-05-07,31397861.19,0.00,31397861.19,0.00,1,0,0
11,2025-05-09,24653437.41,0.00,24653437.41,0.00,1,0,0
11,2025-05-12,56227865.85,0.00,56227865.85,0.00,1,0,0
11,2025-05-13,33317777.72,0.00,33317777.72,0.00,1,0,0
11,2025-05-14,17570232.01,0.00,17570232.01,0.00,1,0,0
11,2025-05-15,1110350.39,0.00,1110350.39,0.00,1,0,0
11,2025-05-29,0.00,14883015.51,-14883015.51,0.00,0,1,0
11,2025-06-05,0.00,0.00,0.00,425663.75,0,0,1
11,2025-06-06,0.00,0.00,0.00,1599989.51,0,0,1
11,2025-06-09,0.00,12164271.23,-12164271.23,0.00,0,1,0
11,2025-06-11,0.00,6160169.47,-6160169.47,0.00,0,1,0
11,2025-06-18,5418387.57,0.00,5418387.57,0.00,1,0,0
11,2025-06-19,0.00,0.00,0.00,390566.68,0,0,1
11,2025-06-20,0.00,0.00,0.00,590545.38,0,0,1
11,2025-06-23,0.00,16852574.06,-16852574.06,0.00,0,1,0
11,2025-06-25,0.00,32800175.89,-32800175.89,0.00,0,1,0
11,2025-07-02,0.00,0.00,0.00,228651.41,0,0,1
11,2025-07-07,0.00,0.00,0.00,442813.93,0,0,1
11,2025-07-08,0.00,0.00,0.00,552965.09,0,0,1
11,2025-07-14,6765096.39,0.00,6765096.39,315320.89,1,0,1
11,2025-07-23,961961.99,0.00,961961.99,0.00,1,0,0
11,2025-07-25,0.00,0.00,0.00,474053.66,0,0,1
11,2025-07-30,0.00,0.00,0.00,316873.82,0,0,1
11,2025-07-31,0.00,0.00,0.00,308901.25,0,0,1
11,2025-08-04,0.00,6156236.00,-6156236.00,421358.09,0,1,1
11,2025-08-05,32345869.77,0.00,32345869.77,0.00,1,0,0
11,2025-08-11,0.00,0.00,0.00,269957.12,0,0,1
11,2025-08-13,0.00,24139992.47,-24139992.47,0.00,0,1,0
11,2025-08-18,0.00,0.00,0.00,295976.82,0,0,1
11,2025-08-20,0.00,20543024.41,-20543024.41,0.00,0,1,0
11,2025-08-21,5841911.04,0.00,5841911.04,0.00,1,0,0
11,2025-08-22,0.00,0.00,0.00,678255.62,0,0,1
11,2025-09-01,9637205.39,0.00,9637205.39,0.00,1,0,0
11,2025-09-04,8157596.89,0.00,8157596.89,0.00,1,0,0
11,2025-09-10,0.00,13915515.97,-13915515.97,0.00,0,1,0
11,2025-09-11,0.00,8822552.04,-8822552.04,67910.45,0,1,1
11,2025-09-15,24297000.91,0.00,24297000.91,0.00,1,0,0
11,2025-09-17,0.00,0.00,0.00,373276.48,0,0,1
11,2025-10-01,2574601.06,0.00,2574601.06,0.00,1,0,0
11,2025-10-03,10023456.94,0.00,10023456.94,0.00,1,0,0
11,2025-10-24,2679353.16,0.00,2679353.16,0.00,1,0,0
11,2025-10-28,4379820.65,0.00,4379820.65,0.00,1,0,0
11,2025-10-29,0.00,6227545.46,-6227545.46,0.00,0,1,0
11,2025-11-06,0.00,0.00,0.00,87304.79,0,0,1
11,2025-11-12,0.00,0.00,0.00,223731.58,0,0,1
11,2025-11-13,0.00,13875969.67,-13875969.67,0.00,0,1,0
11,2025-11-14,0.00,15839304.78,-15839304.78,0.00,0,1,0
11,2025-11-20,9444129.30,0.00,9444129.30,0.00,1,0,0
11,2025-11-21,7843289.55,0.00,7843289.55,0.00,1,0,0
11,2025-11-26,0.00,26832702.81,-26832702.81,0.00,0,1,0
11,2025-11-27,0.00,21117061.28,-21117061.28,0.00,0,1,0
11,2025-12-04,0.00,11090690.95,-11090690.95,0.00,0,1,0
11,2025-12-08,16313981.93,0.00,16313981.93,0.00,1,0,0
11,2025-12-12,0.00,16805650.06,-16805650.06,0.00,0,1,0
11,2026-01-21,0.00,18172099.16,-18172099.16,0.00,0,1,0
11,2026-01-22,2461195.67,0.00,2461195.67,0.00,1,0,0
11,2026-02-13,0.00,0.00,0.00,329788.51,0,0,1
11,2026-02-26,0.00,0.00,0.00,324874.59,0,0,1
11,2026-03-05,0.00,9201704.32,-9201704.32,0.00,0,1,0
11,2026-03-06,0.00,6170614.56,-6170614.56,0.00,0,1,0
11,2026-03-09,6232313.99,0.00,6232313.99,0.00,1,0,0
11,2026-03-13,9272179.03,0.00,9272179.03,0.00,1,0,0
11,2026-03-27,9809276.94,0.00,9809276.94,0.00,1,0,0
11,2026-03-30,7322204.06,0.00,7322204.06,0.00,1,0,0
11,2026-04-01,1642618.07,0.00,1642618.07,0.00,1,0,0
11,2026-04-06,0.00,0.00,0.00,373333.59,0,0,1
11,2026-04-10,0.00,0.00,0.00,102608.85,0,0,1
11,2026-04-13,0.00,7104381.93,-7104381.93,0.00,0,1,0
11,2026-04-20,11640251.62,0.00,11640251.62,0.00,1,0,0
11,2026-04-24,0.00,0.00,0.00,392336.83,0,0,1
11,2026-04-30,0.00,4231690.71,-4231690.71,0.00,0,1,0
11,2026-05-07,0.00,2835374.29,-2835374.29,0.00,0,1,0
11,2026-05-12,0.00,0.00,0.00,288993.07,0,0,1
11,2026-05-14,0.00,18184059.48,-18184059.48,0.00,0,1,0
11,2026-05-15,2289381.58,0.00,2289381.58,0.00,1,0,0
11,2026-05-21,0.00,6310645.22,-6310645.22,0.00,0,1,0
11,2026-05-25,3121236.43,0.00,3121236.43,0.00,1,0,0
11,2026-06-03,4191460.88,0.00,4191460.88,0.00,1,0,0
11,2026-06-04,0.00,0.00,0.00,317365.74,0,0,1
11,2026-06-05,3067147.26,0.00,3067147.26,0.00,1,0,0
11,2026-06-22,0.00,0.00,0.00,232238.39,0,0,1
11,2026-06-29,0.00,28688039.05,-28688039.05,0.00,0,1,0
11,2026-07-01,8523613.84,0.00,8523613.84,0.00,1,0,0
11,2026-07-03,0.00,0.00,0.00,583681.43,0,0,1
11,2026-07-07,0.00,0.00,0.00,278516.53,0,0,1
11,2026-07-14,0.00,0.00,0.00,462318.84,0,0,1
11,2026-07-15,0.00,0.00,0.00,523767.96,0,0,1
11,2026-07-20,4379127.76,0.00,4379127.76,0.00,1,0,0
11,2026-07-23,0.00,0.00,0.00,832987.38,0,0,1
11,2026-07-24,0.00,10863847.24,-10863847.24,1119506.53,0,1,2
11,2026-07-27,0.00,0.00,0.00,216930.02,0,0,1
11,2026-07-29,0.00,0.00,0.00,342303.41,0,0,1
11,2026-07-30,0.00,0.00,0.00,511344.26,0,0,1
11,2026-08-04,0.00,0.00,0.00,105272.69,0,0,1
11,2026-08-06,0.00,0.00,0.00,601653.58,0,0,1
11,2026-08-18,0.00,0.00,0.00,215592.26,0,0,1
11,2026-08-20,8149152.56,0.00,8149152.56,0.00,1,0,0
11,2026-08-24,0.00,0.00,0.00,428169.34,0,0,1
11,2026-08-25,2148127.38,0.00,2148127.38,0.00,1,0,0
11,2026-09-09,7218073.77,0.00,7218073.77,0.00,1,0,0
11,2026-09-10,6612357.54,0.00,6612357.54,0.00,1,0,0
11,2026-09-22,10674438.14,0.00,10674438.14,0.00,1,0,0
11,2026-09-25,10931642.03,0.00,10931642.03,0.00,1,0,0
11,2026-10-01,12572167.53,0.00,12572167.53,0.00,1,0,0
11,2026-10-05,4485501.32,0.00,4485501.32,0.00,1,0,0
11,2026-10-06,8816988.67,0.00,8816988.67,0.00,1,0,0
11,2026-10-12,0.00,4395423.73,-4395423.73,0.00,0,1,0
11,2026-10-23,16912137.26,0.00,16912137.26,0.00,1,0,0
11,2026-10-26,3758998.16,0.00,3758998.16,0.00,1,0,0
11,2026-11-04,0.00,36512064.49,-36512064.49,0.00,0,1,0
11,2026-11-11,0.00,19715742.62,-19715742.62,0.00,0,1,0
11,2026-11-19,8321596.41,0.00,8321596.41,0.00,1,0,0
11,2026-11-23,0.00,1463659.20,-1463659.20,0.00,0,1,0
11,2026-11-27,0.00,8953005.27,-8953005.27,0.00,0,1,0
11,2026-12-03,0.00,16750949.65,-16750949.65,0.00,0,1,0
11,2026-12-31,0.00,20428521.09,-20428521.09,0.00,0,1,0
12,2025-04-07,19342669.73,0.00,19342669.73,0.00,1,0,0
12,2025-04-08,22469124.72,0.00,22469124.72,0.00,1,0,0
12,2025-04-09,28190346.85,0.00,28190346.85,0.00,1,0,0
12,2025-04-11,41580216.00,0.00,41580216.00,0.00,1,0,0
12,2025-04-15,23123103.86,0.00,23123103.86,0.00,1,0,0
12,2025-04-16,31105655.13,0.00,31105655.13,0.00,1,0,0
12,2025-04-17,31763276.82,0.00,31763276.82,0.00,1,0,0
12,2025-04-21,44692757.95,0.00,44692757.95,0.00,1,0,0
12,2025-04-22,21799958.79,0.00,21799958.79,0.00,1,0,0
12,2025-04-23,17331634.26,0.00,17331634.26,0.00,1,0,0
12,2025-04-24,26825134.78,0.00,26825134.78,0.00,1,0,0
12,2025-04-25,13128076.56,0.00,13128076.56,0.00,1,0,0
12,2025-04-28,25741162.04,0.00,25741162.04,0.00,1,0,0
12,2025-04-29,36528719.02,0.00,36528719.02,0.00,1,0,0
12,2025-04-30,37105859.24,0.00,37105859.24,63453.80,1,0,1
12,2025-05-02,52178082.69,0.00,52178082.69,0.00,1,0,0
12,2025-05-05,24307107.58,0.00,24307107.58,0.00,1,0,0
12,2025-05-06,22496192.19,0.00,22496192.19,0.00,1,0,0
12,2025-05-07,31877151.94,0.00,31877151.94,0.00,1,0,0
12,2025-05-08,52040767.18,0.00,52040767.18,0.00,1,0,0
12,2025-05-09,32354245.90,0.00,32354245.90,0.00,1,0,0
12,2025-05-12,20199326.96,0.00,20199326.96,0.00,1,0,0
12,2025-05-13,32957736.82,0.00,32957736.82,0.00,1,0,0
12,2025-05-14,35563216.69,0.00,35563216.69,63690.36,1,0,1
12,2025-05-15,29135665.34,0.00,29135665.34,0.00,1,0,0
12,2025-05-16,82552475.65,0.00,82552475.65,0.00,1,0,0
12,2025-05-19,22480013.15,0.00,22480013.15,455598.50,1,0,1
12,2025-05-20,27460685.08,0.00,27460685.08,0.00,1,0,0
12,2025-05-21,28471489.84,0.00,28471489.84,0.00,1,0,0
12,2025-05-22,23798313.94,0.00,23798313.94,0.00,1,0,0
12,2025-05-23,13043217.61,0.00,13043217.61,0.00,1,0,0
12,2025-05-26,20765956.98,0.00,20765956.98,0.00,1,0,0
12,2025-05-27,4648031.42,0.00,4648031.42,0.00,1,0,0
12,2025-05-28,3694533.82,0.00,3694533.82,0.00,1,0,0
12,2025-05-29,3385438.57,0.00,3385438.57,0.00,1,0,0
12,2025-05-30,3274222.92,0.00,3274222.92,0.00,1,0,0
12,2025-06-02,0.00,4206220.57,-4206220.57,0.00,0,1,0
12,2025-06-03,0.00,0.00,0.00,88178.96,0,0,1
12,2025-06-04,0.00,0.00,0.00,132271.90,0,0,1
12,2025-06-06,9558841.31,0.00,9558841.31,0.00,1,0,0
12,2025-06-09,3030850.03,0.00,3030850.03,290875.31,1,0,1
12,2025-06-16,0.00,0.00,0.00,239689.88,0,0,1
12,2025-06-17,25154160.99,0.00,25154160.99,0.00,1,0,0
12,2025-06-25,0.00,0.00,0.00,276150.86,0,0,1
12,2025-06-26,2141176.92,0.00,2141176.92,0.00,1,0,0
12,2025-06-30,0.00,12572681.68,-12572681.68,953694.32,0,1,1
12,2025-07-02,0.00,0.00,0.00,1703916.91,0,0,2
12,2025-07-07,0.00,0.00,0.00,651462.68,0,0,1
12,2025-07-08,22608643.50,0.00,22608643.50,1038933.94,1,0,2
12,2025-07-09,0.00,0.00,0.00,1112170.66,0,0,1
12,2025-07-10,0.00,0.00,0.00,496545.58,0,0,1
12,2025-07-16,2926716.20,0.00,2926716.20,0.00,1,0,0
12,2025-07-18,0.00,0.00,0.00,294656.76,0,0,1
12,2025-07-22,0.00,0.00,0.00,510552.88,0,0,3
12,2025-07-23,5926630.45,0.00,5926630.45,737728.67,1,0,1
12,2025-07-24,4813562.54,0.00,4813562.54,3339728.31,1,0,1
12,2025-07-29,0.00,0.00,0.00,223591.75,0,0,1
12,2025-07-30,7620931.58,0.00,7620931.58,298911.55,1,0,1
12,2025-07-31,0.00,0.00,0.00,291390.91,0,0,1
12,2025-08-01,0.00,0.00,0.00,69321.13,0,0,1
12,2025-08-05,0.00,16473161.25,-16473161.25,483106.65,0,1,1
12,2025-08-08,0.00,0.00,0.00,512798.51,0,0,1
12,2025-08-11,0.00,0.00,0.00,281242.31,0,0,1
12,2025-08-14,0.00,0.00,0.00,169330.77,0,0,1
12,2025-08-20,0.00,0.00,0.00,263112.52,0,0,2
12,2025-08-25,0.00,8128735.86,-8128735.86,0.00,0,1,0
12,2025-08-26,0.00,0.00,0.00,193100.63,0,0,1
12,2025-08-28,0.00,0.00,0.00,192279.28,0,0,1
12,2025-09-02,0.00,10836889.16,-10836889.16,0.00,0,1,0
12,2025-09-05,5656039.29,0.00,5656039.29,0.00,1,0,0
12,2025-09-09,0.00,4670883.85,-4670883.85,0.00,0,1,0
12,2025-09-10,5387954.05,0.00,5387954.05,0.00,1,0,0
12,2025-09-17,8642295.65,0.00,8642295.65,0.00,1,0,0
12,2025-09-25,10186762.43,0.00,10186762.43,0.00,1,0,0
12,2025-09-26,8582682.56,0.00,8582682.56,0.00,1,0,0
12,2025-10-01,0.00,3927503.49,-3927503.49,0.00,0,1,0
12,2025-10-08,0.00,0.00,0.00,155945.08,0,0,1
12,2025-10-10,0.00,0.00,0.00,206762.10,0,0,1
12,2025-10-24,2528634.13,0.00,2528634.13,0.00,1,0,0
12,2025-10-30,0.00,0.00,0.00,429366.63,0,0,2
12,2025-11-06,5955728.73,0.00,5955728.73,0.00,1,0,0
12,2025-11-07,4460789.61,0.00,4460789.61,0.00,1,0,0
12,2025-11-18,0.00,0.00,0.00,307429.12,0,0,1
12,2025-11-24,0.00,0.00,0.00,139661.60,0,0,1
12,2025-11-25,4557251.05,0.00,4557251.05,0.00,1,0,0
12,2025-11-27,8330664.93,0.00,8330664.93,0.00,1,0,0
12,2025-12-04,2349861.67,0.00,2349861.67,0.00,1,0,0
12,2025-12-08,10679728.02,0.00,10679728.02,0.00,1,0,0
12,2025-12-09,0.00,0.00,0.00,641996.67,0,0,1
12,2025-12-26,4014287.88,0.00,4014287.88,0.00,1,0,0
12,2026-01-06,7783935.93,0.00,7783935.93,0.00,1,0,0
12,2026-01-08,19482270.01,0.00,19482270.01,0.00,1,0,0
12,2026-01-21,6720782.43,0.00,6720782.43,0.00,1,0,0
12,2026-01-23,3465821.34,0.00,3465821.34,0.00,1,0,0
12,2026-02-05,5526465.91,0.00,5526465.91,0.00,1,0,0
12,2026-02-10,0.00,30254550.56,-30254550.56,163196.68,0,1,1
12,2026-02-16,0.00,15000696.50,-15000696.50,0.00,0,1,0
12,2026-02-24,0.00,0.00,0.00,205521.39,0,0,1
12,2026-02-26,0.00,8512180.24,-8512180.24,0.00,0,1,0
12,2026-03-02,0.00,0.00,0.00,85868.91,0,0,1
12,2026-03-03,4023553.45,0.00,4023553.45,0.00,1,0,0
12,2026-03-05,12110795.36,0.00,12110795.36,528367.73,1,0,1
12,2026-03-12,0.00,11326872.90,-11326872.90,305873.47,0,1,1
12,2026-03-17,6506355.86,0.00,6506355.86,0.00,1,0,0
12,2026-03-24,0.00,0.00,0.00,106273.80,0,0,1
12,2026-04-01,7160219.32,0.00,7160219.32,0.00,1,0,0
12,2026-04-16,0.00,0.00,0.00,121305.16,0,0,1
12,2026-04-17,2445515.55,0.00,2445515.55,0.00,1,0,0
12,2026-04-24,0.00,52366586.97,-52366586.97,0.00,0,1,0
12,2026-05-28,0.00,0.00,0.00,73764.89,0,0,1
12,2026-06-02,3435869.82,0.00,3435869.82,0.00,1,0,0
12,2026-06-09,0.00,0.00,0.00,400226.59,0,0,1
12,2026-06-10,0.00,0.00,0.00,367005.72,0,0,2
12,2026-06-15,0.00,0.00,0.00,3406059.67,0,0,2
12,2026-06-16,2990289.57,0.00,2990289.57,599673.42,1,0,1
12,2026-06-17,6792118.27,0.00,6792118.27,391954.12,1,0,1
12,2026-06-22,0.00,0.00,0.00,673964.77,0,0,1
12,2026-06-24,2644527.09,0.00,2644527.09,0.00,1,0,0
12,2026-07-03,0.00,0.00,0.00,219380.24,0,0,1
12,2026-07-08,3975267.14,0.00,3975267.14,0.00,1,0,0
12,2026-07-10,0.00,24092866.40,-24092866.40,225718.95,0,1,1
12,2026-07-13,0.00,8411859.13,-8411859.13,0.00,0,1,0
12,2026-07-14,0.00,0.00,0.00,106015.42,0,0,1
12,2026-07-17,8139238.00,0.00,8139238.00,0.00,1,0,0
12,2026-07-20,0.00,11094673.93,-11094673.93,965934.66,0,1,1
12,2026-07-23,6543189.81,0.00,6543189.81,0.00,1,0,0
12,2026-07-24,0.00,0.00,0.00,235111.78,0,0,1
12,2026-07-27,0.00,0.00,0.00,500927.67,0,0,1
12,2026-07-29,0.00,0.00,0.00,1160349.22,0,0,1
12,2026-07-30,0.00,0.00,0.00,249874.45,0,0,1
12,2026-08-03,0.00,0.00,0.00,1142946.71,0,0,2
12,2026-08-04,0.00,0.00,0.00,172912.74,0,0,2
12,2026-08-06,0.00,0.00,0.00,1186502.28,0,0,2
12,2026-08-07,6121929.19,0.00,6121929.19,0.00,1,0,0
12,2026-08-12,0.00,0.00,0.00,970528.66,0,0,2
12,2026-08-14,0.00,0.00,0.00,230604.28,0,0,1
12,2026-08-18,4607540.96,0.00,4607540.96,0.00,1,0,0
12,2026-08-19,0.00,0.00,0.00,251952.26,0,0,1
12,2026-08-20,0.00,0.00,0.00,1265584.84,0,0,1
12,2026-08-25,0.00,7405031.26,-7405031.26,0.00,0,1,0
12,2026-08-26,0.00,0.00,0.00,839212.05,0,0,1
12,2026-08-27,0.00,0.00,0.00,48713.33,0,0,1
12,2026-09-04,5690034.65,0.00,5690034.65,0.00,1,0,0
12,2026-09-07,4817574.01,0.00,4817574.01,0.00,1,0,0
12,2026-09-09,0.00,0.00,0.00,685931.24,0,0,1
12,2026-09-17,0.00,0.00,0.00,650579.26,0,0,2
12,2026-09-22,0.00,40472455.84,-40472455.84,0.00,0,1,0
12,2026-09-25,9177919.98,0.00,9177919.98,0.00,1,0,0
12,2026-09-28,0.00,0.00,0.00,52279.57,0,0,1
12,2026-09-30,5590323.23,0.00,5590323.23,0.00,1,0,0
12,2026-10-05,9524022.34,0.00,9524022.34,0.00,1,0,0
12,2026-10-08,0.00,0.00,0.00,107144.30,0,0,1
12,2026-10-12,0.00,0.00,0.00,236657.90,0,0,1
12,2026-10-13,0.00,0.00,0.00,137086.30,0,0,1
12,2026-10-21,0.00,14916775.37,-14916775.37,0.00,0,1,0
12,2026-10-22,6489723.90,0.00,6489723.90,0.00,1,0,0
12,2026-10-28,4309686.13,0.00,4309686.13,0.00,1,0,0
12,2026-10-30,8133831.65,0.00,8133831.65,0.00,1,0,0
12,2026-11-02,10571582.13,0.00,10571582.13,0.00,1,0,0
12,2026-11-04,0.00,34969490.32,-34969490.32,741867.62,0,1,1
12,2026-11-05,0.00,0.00,0.00,452631.56,0,0,1
12,2026-11-11,11518439.05,0.00,11518439.05,0.00,1,0,0
12,2026-11-13,3634085.66,0.00,3634085.66,195083.99,1,0,1
12,2026-11-27,5522999.11,0.00,5522999.11,0.00,1,0,0
12,2026-12-03,0.00,10981180.35,-10981180.35,0.00,0,1,0
12,2026-12-10,0.00,144674038.10,-144674038.10,0.00,0,1,0
12,2026-12-14,0.00,25170186.78,-25170186.78,0.00,0,1,0
12,2026-12-16,0.00,8426662.48,-8426662.48,0.00,0,1,0
12,2026-12-21,0.00,9266662.85,-9266662.85,0.00,0,1,0
12,2026-12-22,7156638.91,0.00,7156638.91,0.00,1,0,0
12,2026-12-28,0.00,3395233.86,-3395233.86,0.00,0,1,0
12,2026-12-29,4089965.81,0.00,4089965.81,0.00,1,0,0
13,2025-04-15,29207858.90,0.00,29207858.90,0.00,1,0,0
13,2025-04-16,17397558.53,0.00,17397558.53,0.00,1,0,0
13,2025-04-17,96415334.87,0.00,96415334.87,0.00,1,0,0
13,2025-04-21,70472596.01,0.00,70472596.01,0.00,1,0,0
13,2025-04-24,34714934.95,0.00,34714934.95,0.00,1,0,0
13,2025-04-25,83457285.50,0.00,83457285.50,0.00,1,0,0
13,2025-04-29,36483881.68,0.00,36483881.68,0.00,1,0,0
13,2025-04-30,48922988.15,0.00,48922988.15,0.00,1,0,0
13,2025-05-02,20956774.22,0.00,20956774.22,0.00,1,0,0
13,2025-05-05,121348797.83,0.00,121348797.83,0.00,1,0,0
13,2025-05-06,72493820.68,0.00,72493820.68,0.00,1,0,0
13,2025-05-09,19360219.23,0.00,19360219.23,0.00,1,0,0
13,2025-05-22,12601888.22,0.00,12601888.22,0.00,1,0,0
13,2025-05-29,0.00,6046615.36,-6046615.36,0.00,0,1,0
13,2025-06-02,10095839.81,0.00,10095839.81,0.00,1,0,0
13,2025-07-01,20534398.04,0.00,20534398.04,0.00,1,0,0
13,2025-07-08,0.00,0.00,0.00,681050.17,0,0,1
13,2025-07-09,2096291.87,0.00,2096291.87,0.00,1,0,0
13,2025-07-18,0.00,0.00,0.00,408308.00,0,0,1
13,2025-07-30,7408406.21,0.00,7408406.21,0.00,1,0,0
13,2025-08-12,0.00,0.00,0.00,368579.05,0,0,1
13,2025-08-13,5117315.30,0.00,5117315.30,0.00,1,0,0
13,2025-08-22,0.00,0.00,0.00,480423.14,0,0,1
13,2025-08-26,9874161.22,0.00,9874161.22,0.00,1,0,0
13,2025-09-08,7539790.28,0.00,7539790.28,0.00,1,0,0
13,2025-09-25,13325975.90,0.00,13325975.90,0.00,1,0,0
13,2025-10-08,0.00,11079538.38,-11079538.38,0.00,0,1,0
13,2025-10-17,0.00,6450415.91,-6450415.91,0.00,0,1,0
13,2025-10-24,0.00,11368327.34,-11368327.34,0.00,0,1,0
13,2025-10-27,2937666.51,0.00,2937666.51,0.00,1,0,0
13,2025-11-14,0.00,20910110.38,-20910110.38,0.00,0,1,0
13,2025-11-24,18460323.66,0.00,18460323.66,352341.51,1,0,1
13,2025-12-08,3266384.00,0.00,3266384.00,0.00,1,0,0
13,2026-01-02,6981092.94,0.00,6981092.94,0.00,1,0,0
13,2026-01-16,10921575.41,0.00,10921575.41,0.00,1,0,0
13,2026-01-22,0.00,19569000.49,-19569000.49,0.00,0,1,0
13,2026-02-11,16702328.89,0.00,16702328.89,0.00,1,0,0
13,2026-02-17,9661141.04,0.00,9661141.04,0.00,1,0,0
13,2026-02-23,0.00,159074465.67,-159074465.67,0.00,0,1,0
13,2026-03-13,0.00,14640657.35,-14640657.35,0.00,0,1,0
13,2026-03-16,36575501.79,0.00,36575501.79,0.00,1,0,0
13,2026-03-25,96415334.18,0.00,96415334.18,0.00,1,0,0
13,2026-04-21,34846962.35,0.00,34846962.35,0.00,1,0,0
13,2026-05-14,0.00,30046646.35,-30046646.35,0.00,0,1,0
13,2026-05-19,25810482.40,0.00,25810482.40,0.00,1,0,0
13,2026-06-01,23330219.03,0.00,23330219.03,0.00,1,0,0
13,2026-06-11,3256995.53,0.00,3256995.53,0.00,1,0,0
13,2026-06-16,8764113.79,0.00,8764113.79,456158.33,1,0,1
13,2026-06-26,17228663.81,0.00,17228663.81,0.00,1,0,0
13,2026-06-30,0.00,0.00,0.00,352535.82,0,0,1
13,2026-07-01,5590524.39,0.00,5590524.39,0.00,1,0,0
13,2026-07-07,0.00,0.00,0.00,276541.81,0,0,1
13,2026-07-10,1775619.01,0.00,1775619.01,0.00,1,0,0
13,2026-07-30,41423923.94,0.00,41423923.94,0.00,1,0,0
13,2026-08-04,14228104.21,0.00,14228104.21,0.00,1,0,0
13,2026-08-06,0.00,0.00,0.00,637712.91,0,0,1
13,2026-10-06,0.00,2316813.66,-2316813.66,0.00,0,1,0
13,2026-10-16,8132275.99,0.00,8132275.99,0.00,1,0,0
13,2026-10-19,0.00,22233554.16,-22233554.16,0.00,0,1,0
13,2026-10-29,21699640.23,0.00,21699640.23,0.00,1,0,0
13,2026-11-05,0.00,0.00,0.00,216661.28,0,0,1
13,2026-11-06,37428124.35,0.00,37428124.35,0.00,1,0,0
13,2026-11-12,3471691.73,0.00,3471691.73,0.00,1,0,0
13,2026-11-20,12049718.72,0.00,12049718.72,0.00,1,0,0
13,2026-12-09,17539995.67,0.00,17539995.67,0.00,1,0,0
13,2026-12-22,18082236.94,0.00,18082236.94,0.00,1,0,0
13,2026-12-28,31336391.49,0.00,31336391.49,0.00,1,0,0
14,2025-05-08,189778008.35,0.00,189778008.35,0.00,1,0,0
14,2025-05-09,54909263.16,0.00,54909263.16,0.00,1,0,0
14,2025-05-13,139694423.84,0.00,139694423.84,0.00,1,0,0
14,2025-05-14,47333486.88,0.00,47333486.88,0.00,1,0,0
14,2025-05-15,315548258.56,0.00,315548258.56,0.00,1,0,0
14,2025-05-16,113735637.41,0.00,113735637.41,0.00,1,0,0
14,2025-05-19,134069991.87,0.00,134069991.87,0.00,1,0,0
14,2025-05-21,145388130.15,0.00,145388130.15,0.00,1,0,0
14,2025-05-22,89617816.35,0.00,89617816.35,0.00,1,0,0
14,2025-05-23,106968818.93,0.00,106968818.93,0.00,1,0,0
14,2025-05-27,128716182.93,0.00,128716182.93,0.00,1,0,0
14,2025-05-28,220766264.79,0.00,220766264.79,0.00,1,0,0
14,2025-05-29,63421205.09,0.00,63421205.09,0.00,1,0,0
14,2025-05-30,150972368.56,0.00,150972368.56,0.00,1,0,0
14,2025-06-02,170919834.14,0.00,170919834.14,0.00,1,0,0
14,2025-06-04,123563873.88,0.00,123563873.88,0.00,1,0,0
14,2025-06-05,74046562.38,0.00,74046562.38,0.00,1,0,0
14,2025-06-06,65186350.43,0.00,65186350.43,3369679.64,1,0,1
14,2025-06-09,69040631.48,0.00,69040631.48,0.00,1,0,0
14,2025-06-10,223506065.22,0.00,223506065.22,0.00,1,0,0
14,2025-06-12,66424448.26,0.00,66424448.26,0.00,1,0,0
14,2025-06-13,134393722.67,0.00,134393722.67,0.00,1,0,0
14,2025-06-17,49826856.58,0.00,49826856.58,0.00,1,0,0
14,2025-06-18,0.00,31085084.78,-31085084.78,0.00,0,1,0
14,2025-06-19,23860704.23,0.00,23860704.23,3721643.87,1,0,2
14,2025-06-20,0.00,25164324.58,-25164324.58,0.00,0,1,0
14,2025-06-27,0.00,7792919.37,-7792919.37,0.00,0,1,0
14,2025-06-30,0.00,0.00,0.00,1837145.61,0,0,1
14,2025-07-01,0.00,54324359.52,-54324359.52,0.00,0,1,0
14,2025-07-02,0.00,0.00,0.00,2994536.00,0,0,1
14,2025-07-04,0.00,144198748.02,-144198748.02,0.00,0,1,0
14,2025-07-08,0.00,0.00,0.00,3515721.68,0,0,1
14,2025-07-10,0.00,0.00,0.00,1355151.20,0,0,1
14,2025-07-14,0.00,56141119.13,-56141119.13,1526978.48,0,1,1
14,2025-07-16,0.00,0.00,0.00,1024285.70,0,0,1
14,2025-07-25,0.00,0.00,0.00,1710052.47,0,0,1
14,2025-07-29,39528514.93,0.00,39528514.93,0.00,1,0,0
14,2025-08-01,48422861.48,0.00,48422861.48,0.00,1,0,0
14,2025-08-06,45540046.14,0.00,45540046.14,0.00,1,0,0
14,2025-08-07,10635581.26,0.00,10635581.26,0.00,1,0,0
14,2025-08-12,0.00,0.00,0.00,1906045.13,0,0,1
14,2025-08-14,0.00,0.00,0.00,1741152.45,0,0,1
14,2025-08-28,0.00,0.00,0.00,3663637.36,0,0,1
14,2025-09-02,16710975.49,0.00,16710975.49,0.00,1,0,0
14,2025-09-09,14074172.94,0.00,14074172.94,0.00,1,0,0
14,2025-09-11,0.00,0.00,0.00,984747.38,0,0,1
14,2025-09-12,15681547.15,0.00,15681547.15,0.00,1,0,0
14,2025-09-19,0.00,38625552.85,-38625552.85,0.00,0,1,0
14,2025-09-24,0.00,16120106.89,-16120106.89,0.00,0,1,0
14,2025-10-01,25038921.80,0.00,25038921.80,0.00,1,0,0
14,2025-10-03,0.00,21286626.32,-21286626.32,0.00,0,1,0
14,2025-10-16,5494832.01,0.00,5494832.01,0.00,1,0,0
14,2025-10-17,21975550.53,0.00,21975550.53,0.00,1,0,0
14,2025-10-20,0.00,67387285.32,-67387285.32,0.00,0,1,0
14,2025-10-23,0.00,29352248.39,-29352248.39,0.00,0,1,0
14,2025-11-06,26482402.57,0.00,26482402.57,1265978.37,1,0,1
14,2025-11-17,22955676.74,0.00,22955676.74,0.00,1,0,0
14,2025-11-18,0.00,0.00,0.00,546092.50,0,0,1
14,2025-11-19,16308082.35,0.00,16308082.35,1411260.47,1,0,1
14,2025-12-04,30938674.11,0.00,30938674.11,0.00,1,0,0
14,2025-12-05,11768036.37,0.00,11768036.37,0.00,1,0,0
14,2025-12-10,18127195.56,0.00,18127195.56,0.00,1,0,0
14,2025-12-15,33757333.69,0.00,33757333.69,0.00,1,0,0
14,2025-12-16,12243146.88,0.00,12243146.88,0.00,1,0,0
14,2025-12-31,22481087.56,0.00,22481087.56,0.00,1,0,0
14,2026-01-01,9069963.16,0.00,9069963.16,0.00,1,0,0
14,2026-01-29,18861959.05,0.00,18861959.05,0.00,1,0,0
14,2026-02-11,9574511.10,0.00,9574511.10,0.00,1,0,0
14,2026-02-18,0.00,0.00,0.00,5240519.08,0,0,1
14,2026-02-26,22329108.95,0.00,22329108.95,0.00,1,0,0
14,2026-02-27,25744777.17,0.00,25744777.17,0.00,1,0,0
14,2026-03-03,16932311.42,0.00,16932311.42,0.00,1,0,0
14,2026-03-06,28413838.18,0.00,28413838.18,0.00,1,0,0
14,2026-03-09,20067837.02,0.00,20067837.02,0.00,1,0,0
14,2026-03-25,0.00,68569509.01,-68569509.01,0.00,0,1,0
14,2026-03-27,15018582.67,0.00,15018582.67,0.00,1,0,0
14,2026-04-01,23991593.08,0.00,23991593.08,0.00,1,0,0
14,2026-04-02,0.00,78042467.66,-78042467.66,0.00,0,1,0
14,2026-04-06,20289473.20,0.00,20289473.20,0.00,1,0,0
14,2026-04-09,47129752.13,0.00,47129752.13,0.00,1,0,0
14,2026-04-10,0.00,0.00,0.00,1490507.17,0,0,1
14,2026-04-13,0.00,35283393.87,-35283393.87,0.00,0,1,0
14,2026-04-17,29622581.48,0.00,29622581.48,0.00,1,0,0
14,2026-04-24,16960798.63,0.00,16960798.63,0.00,1,0,0
14,2026-05-05,43202600.42,0.00,43202600.42,0.00,1,0,0
14,2026-05-07,12201123.62,0.00,12201123.62,0.00,1,0,0
14,2026-05-12,44483493.48,0.00,44483493.48,0.00,1,0,0
14,2026-05-18,45853550.00,0.00,45853550.00,0.00,1,0,0
14,2026-05-19,52608795.49,0.00,52608795.49,0.00,1,0,0
14,2026-06-01,41982373.91,0.00,41982373.91,0.00,1,0,0
14,2026-06-05,9990408.77,0.00,9990408.77,0.00,1,0,0
14,2026-06-08,0.00,0.00,0.00,3273868.02,0,0,1
14,2026-06-15,0.00,0.00,0.00,1353302.65,0,0,1
14,2026-06-16,0.00,27658921.67,-27658921.67,0.00,0,1,0
14,2026-06-22,0.00,0.00,0.00,1485928.26,0,0,1
14,2026-07-01,25038247.66,0.00,25038247.66,0.00,1,0,0
14,2026-07-03,26385203.64,0.00,26385203.64,6439255.76,1,0,1
14,2026-07-07,0.00,0.00,0.00,1856339.31,0,0,1
14,2026-07-10,14104966.71,0.00,14104966.71,1358502.41,1,0,1
14,2026-07-14,0.00,0.00,0.00,2549942.20,0,0,1
14,2026-07-15,0.00,75816063.90,-75816063.90,0.00,0,1,0
14,2026-07-16,0.00,0.00,0.00,2499303.78,0,0,1
14,2026-07-21,75454506.21,0.00,75454506.21,0.00,1,0,0
14,2026-07-23,17417926.00,0.00,17417926.00,0.00,1,0,0
14,2026-08-04,18357285.59,0.00,18357285.59,1529202.31,1,0,1
14,2026-08-06,0.00,0.00,0.00,3348311.30,0,0,1
14,2026-08-14,0.00,0.00,0.00,755045.81,0,0,1
14,2026-08-24,0.00,0.00,0.00,3019144.25,0,0,1
14,2026-08-27,16952463.93,0.00,16952463.93,0.00,1,0,0
14,2026-08-28,0.00,108605967.24,-108605967.24,0.00,0,1,0
14,2026-09-04,14258302.91,0.00,14258302.91,0.00,1,0,0
14,2026-09-17,0.00,0.00,0.00,1532087.80,0,0,2
14,2026-09-21,66548467.40,0.00,66548467.40,0.00,1,0,0
14,2026-09-23,0.00,0.00,0.00,2050797.52,0,0,1
14,2026-09-24,0.00,70341835.02,-70341835.02,0.00,0,1,0
14,2026-10-05,0.00,0.00,0.00,2050483.84,0,0,1
14,2026-10-06,38559119.87,0.00,38559119.87,0.00,1,0,0
14,2026-10-23,6573071.33,0.00,6573071.33,0.00,1,0,0
14,2026-10-28,16211312.88,0.00,16211312.88,0.00,1,0,0
14,2026-10-29,31621879.19,0.00,31621879.19,0.00,1,0,0
14,2026-11-02,26190573.90,0.00,26190573.90,0.00,1,0,0
14,2026-11-04,0.00,0.00,0.00,1005255.46,0,0,1
14,2026-11-09,43068628.67,0.00,43068628.67,0.00,1,0,0
14,2026-11-11,56790245.30,0.00,56790245.30,0.00,1,0,0
14,2026-11-19,0.00,161986714.85,-161986714.85,0.00,0,1,0
14,2026-11-26,0.00,0.00,0.00,991015.28,0,0,1
14,2026-11-27,12868374.38,0.00,12868374.38,0.00,1,0,0
14,2026-12-08,56416461.58,0.00,56416461.58,0.00,1,0,0
14,2026-12-11,0.00,30901125.00,-30901125.00,8734605.66,0,1,1
14,2026-12-14,0.00,59733502.21,-59733502.21,0.00,0,1,0
14,2026-12-21,15310401.85,0.00,15310401.85,0.00,1,0,0
14,2026-12-22,19758225.36,0.00,19758225.36,0.00,1,0,0
14,2026-12-28,0.00,61508305.99,-61508305.99,0.00,0,1,0
15,2025-06-02,119003477.55,0.00,119003477.55,0.00,1,0,0
15,2025-06-03,94997821.03,0.00,94997821.03,0.00,1,0,0
15,2025-06-04,133108259.25,0.00,133108259.25,0.00,1,0,0
15,2025-06-05,92730264.68,0.00,92730264.68,0.00,1,0,0
15,2025-06-06,67392546.45,0.00,67392546.45,0.00,1,0,0
15,2025-06-09,150198294.00,0.00,150198294.00,0.00,1,0,0
15,2025-06-10,123940859.65,0.00,123940859.65,0.00,1,0,0
15,2025-06-11,218281324.38,0.00,218281324.38,0.00,1,0,0
15,2025-06-12,82337006.23,0.00,82337006.23,0.00,1,0,0
15,2025-06-13,60473620.13,0.00,60473620.13,0.00,1,0,0
15,2025-06-16,236855539.71,0.00,236855539.71,0.00,1,0,0
15,2025-06-17,82141133.64,0.00,82141133.64,0.00,1,0,0
15,2025-06-18,184549957.98,0.00,184549957.98,0.00,1,0,0
15,2025-06-19,264666144.98,0.00,264666144.98,0.00,1,0,0
15,2025-06-20,117555099.15,0.00,117555099.15,0.00,1,0,0
15,2025-06-23,180314879.27,0.00,180314879.27,0.00,1,0,0
15,2025-06-24,63239656.55,0.00,63239656.55,0.00,1,0,0
15,2025-06-25,291940918.78,0.00,291940918.78,0.00,1,0,0
15,2025-06-26,127581275.42,0.00,127581275.42,0.00,1,0,0
15,2025-06-27,245270001.90,0.00,245270001.90,3133683.93,1,0,1
15,2025-07-02,0.00,0.00,0.00,7655354.59,0,0,1
15,2025-07-10,0.00,0.00,0.00,3981593.54,0,0,1
15,2025-07-14,0.00,0.00,0.00,3604636.16,0,0,1
15,2025-07-15,0.00,0.00,0.00,1281925.86,0,0,1
15,2025-07-22,12138235.70,0.00,12138235.70,0.00,1,0,0
15,2025-07-23,0.00,0.00,0.00,2187411.67,0,0,1
15,2025-07-30,35418499.32,0.00,35418499.32,0.00,1,0,0
15,2025-08-05,0.00,0.00,0.00,2145757.01,0,0,1
15,2025-08-07,23746804.10,0.00,23746804.10,0.00,1,0,0
15,2025-08-11,0.00,0.00,0.00,8608755.31,0,0,2
15,2025-08-13,23661750.74,0.00,23661750.74,0.00,1,0,0
15,2025-08-21,27726378.87,0.00,27726378.87,0.00,1,0,0
15,2025-08-28,0.00,0.00,0.00,778075.56,0,0,1
15,2025-09-01,18621434.43,0.00,18621434.43,0.00,1,0,0
15,2025-09-02,36195130.98,0.00,36195130.98,0.00,1,0,0
15,2025-09-05,0.00,0.00,0.00,1318790.11,0,0,1
15,2025-09-15,40677726.66,0.00,40677726.66,0.00,1,0,0
15,2025-09-16,0.00,0.00,0.00,1574818.81,0,0,1
15,2025-09-22,26445241.58,0.00,26445241.58,0.00,1,0,0
15,2025-09-24,17389282.85,0.00,17389282.85,0.00,1,0,0
15,2025-09-29,19515864.00,0.00,19515864.00,0.00,1,0,0
15,2025-09-30,54012923.57,0.00,54012923.57,0.00,1,0,0
15,2025-10-13,0.00,0.00,0.00,875763.72,0,0,1
15,2025-10-23,76028600.00,0.00,76028600.00,0.00,1,0,0
15,2025-10-29,36435848.53,0.00,36435848.53,0.00,1,0,0
15,2025-11-07,0.00,0.00,0.00,2185589.12,0,0,1
15,2025-11-10,21237584.60,0.00,21237584.60,0.00,1,0,0
15,2025-11-12,36533398.92,0.00,36533398.92,0.00,1,0,0
15,2025-11-14,0.00,0.00,0.00,644208.93,0,0,1
15,2025-11-18,0.00,0.00,0.00,839811.83,0,0,1
15,2025-11-19,0.00,53912326.28,-53912326.28,0.00,0,1,0
15,2025-11-21,28288938.49,0.00,28288938.49,0.00,1,0,0
15,2025-11-26,0.00,121785604.47,-121785604.47,0.00,0,1,0
15,2025-12-04,70299319.63,0.00,70299319.63,0.00,1,0,0
15,2025-12-11,0.00,0.00,0.00,323878.50,0,0,1
15,2025-12-17,12377534.07,0.00,12377534.07,0.00,1,0,0
15,2025-12-23,117554426.99,0.00,117554426.99,0.00,1,0,0
15,2025-12-30,22490004.71,0.00,22490004.71,0.00,1,0,0
15,2025-12-31,0.00,176582137.87,-176582137.87,0.00,0,1,0
15,2026-01-07,0.00,66866840.08,-66866840.08,0.00,0,1,0
15,2026-01-12,0.00,57379416.08,-57379416.08,0.00,0,1,0
15,2026-01-15,34811384.22,0.00,34811384.22,0.00,1,0,0
15,2026-01-30,19732213.53,0.00,19732213.53,0.00,1,0,0
15,2026-02-26,0.00,91862564.44,-91862564.44,0.00,0,1,0
15,2026-02-27,0.00,0.00,0.00,494226.95,0,0,1
15,2026-03-02,36970783.39,0.00,36970783.39,0.00,1,0,0
15,2026-03-09,36920247.49,0.00,36920247.49,0.00,1,0,0
15,2026-03-12,0.00,69726882.34,-69726882.34,0.00,0,1,0
15,2026-03-16,24918014.37,0.00,24918014.37,0.00,1,0,0
15,2026-03-19,29620114.31,0.00,29620114.31,0.00,1,0,0
15,2026-03-30,37763534.54,0.00,37763534.54,0.00,1,0,0
15,2026-04-02,0.00,37045182.02,-37045182.02,0.00,0,1,0
15,2026-04-06,0.00,0.00,0.00,285957.48,0,0,1
15,2026-04-07,39387430.80,0.00,39387430.80,0.00,1,0,0
15,2026-04-10,15591618.37,0.00,15591618.37,0.00,1,0,0
15,2026-04-15,36764944.40,0.00,36764944.40,0.00,1,0,0
15,2026-04-16,0.00,29649764.78,-29649764.78,874938.73,0,1,1
15,2026-04-27,0.00,53278284.72,-53278284.72,0.00,0,1,0
15,2026-04-30,23437275.58,0.00,23437275.58,0.00,1,0,0
15,2026-05-12,22671698.14,0.00,22671698.14,0.00,1,0,0
15,2026-05-13,30123629.32,0.00,30123629.32,4260258.57,1,0,1
15,2026-05-19,76616505.32,0.00,76616505.32,0.00,1,0,0
15,2026-05-20,32321987.29,0.00,32321987.29,0.00,1,0,0
15,2026-06-05,0.00,12032996.56,-12032996.56,0.00,0,1,0
15,2026-06-09,0.00,0.00,0.00,144487.22,0,0,1
15,2026-06-10,0.00,0.00,0.00,1204767.13,0,0,1
15,2026-06-12,0.00,0.00,0.00,16269425.56,0,0,2
15,2026-06-16,0.00,112428663.09,-112428663.09,0.00,0,1,0
15,2026-06-18,66487009.20,0.00,66487009.20,0.00,1,0,0
15,2026-06-19,0.00,0.00,0.00,328394.46,0,0,1
15,2026-06-22,0.00,0.00,0.00,7315493.82,0,0,2
15,2026-06-24,62652619.54,0.00,62652619.54,0.00,1,0,0
15,2026-06-26,10442311.83,0.00,10442311.83,0.00,1,0,0
15,2026-06-29,0.00,42063241.44,-42063241.44,0.00,0,1,0
15,2026-07-03,0.00,56981202.82,-56981202.82,4048071.66,0,1,2
15,2026-07-07,0.00,44383613.25,-44383613.25,0.00,0,1,0
15,2026-07-08,35807491.16,0.00,35807491.16,0.00,1,0,0
15,2026-07-14,0.00,0.00,0.00,574763.34,0,0,1
15,2026-07-16,0.00,58266710.42,-58266710.42,0.00,0,1,0
15,2026-07-20,0.00,0.00,0.00,1116806.47,0,0,1
15,2026-07-22,18609294.40,0.00,18609294.40,0.00,1,0,0
15,2026-07-24,16810819.80,0.00,16810819.80,908103.28,1,0,1
15,2026-07-27,7299469.08,0.00,7299469.08,1600569.35,1,0,1
15,2026-07-29,0.00,6251569.35,-6251569.35,10776664.39,0,1,2
15,2026-08-03,0.00,0.00,0.00,239730.84,0,0,1
15,2026-08-14,0.00,0.00,0.00,4747687.90,0,0,1
15,2026-09-09,0.00,126067584.62,-126067584.62,0.00,0,1,0
15,2026-09-10,133108340.50,0.00,133108340.50,0.00,1,0,0
15,2026-09-17,19803933.27,0.00,19803933.27,891716.90,1,0,1
15,2026-09-23,13545364.90,0.00,13545364.90,0.00,1,0,0
15,2026-09-28,0.00,0.00,0.00,2602056.43,0,0,1
15,2026-09-29,17461069.80,0.00,17461069.80,0.00,1,0,0
15,2026-09-30,32266818.15,0.00,32266818.15,0.00,1,0,0
15,2026-10-07,0.00,37600989.33,-37600989.33,0.00,0,1,0
15,2026-10-08,0.00,66585516.36,-66585516.36,0.00,0,1,0
15,2026-10-19,0.00,79334863.01,-79334863.01,0.00,0,1,0
15,2026-10-27,22775618.08,0.00,22775618.08,0.00,1,0,0
15,2026-10-28,0.00,0.00,0.00,1955010.04,0,0,2
15,2026-10-30,78337086.69,0.00,78337086.69,0.00,1,0,0
15,2026-11-03,0.00,103261310.86,-103261310.86,0.00,0,1,0
15,2026-11-04,0.00,0.00,0.00,950807.10,0,0,1
15,2026-11-09,0.00,0.00,0.00,2803758.92,0,0,1
15,2026-11-12,0.00,13076525.37,-13076525.37,1465757.17,0,1,1
15,2026-11-23,67392873.33,0.00,67392873.33,0.00,1,0,0
15,2026-11-26,13737309.46,0.00,13737309.46,0.00,1,0,0
15,2026-11-30,0.00,0.00,0.00,611543.29,0,0,1
15,2026-12-04,31824719.06,0.00,31824719.06,0.00,1,0,0
15,2026-12-11,13264696.23,0.00,13264696.23,0.00,1,0,0
15,2026-12-18,36349972.85,0.00,36349972.85,0.00,1,0,0
15,2026-12-21,22050219.38,0.00,22050219.38,0.00,1,0,0
15,2026-12-24,0.00,20311870.84,-20311870.84,0.00,0,1,0
16,2025-06-10,170364714.41,0.00,170364714.41,0.00,1,0,0
16,2025-06-11,407770015.13,0.00,407770015.13,0.00,1,0,0
16,2025-06-12,155585288.96,0.00,155585288.96,0.00,1,0,0
16,2025-06-13,72241612.40,0.00,72241612.40,0.00,1,0,0
16,2025-06-16,78638610.69,0.00,78638610.69,0.00,1,0,0
16,2025-06-17,218093754.21,0.00,218093754.21,0.00,1,0,0
16,2025-06-18,175013320.44,0.00,175013320.44,0.00,1,0,0
16,2025-06-19,151303302.49,0.00,151303302.49,0.00,1,0,0
16,2025-06-24,93449153.57,0.00,93449153.57,0.00,1,0,0
16,2025-06-25,261015874.38,0.00,261015874.38,0.00,1,0,0
16,2025-06-26,86897198.22,0.00,86897198.22,0.00,1,0,0
16,2025-06-27,102862117.59,0.00,102862117.59,0.00,1,0,0
16,2025-06-30,79370235.76,0.00,79370235.76,0.00,1,0,0
16,2025-07-02,291174274.83,0.00,291174274.83,0.00,1,0,0
16,2025-07-03,164108437.61,0.00,164108437.61,0.00,1,0,0
16,2025-07-04,83021700.95,0.00,83021700.95,0.00,1,0,0
16,2025-07-07,143683916.31,0.00,143683916.31,929062.41,1,0,1
16,2025-07-09,109777857.91,0.00,109777857.91,3721726.82,1,0,1
16,2025-07-10,172712253.21,0.00,172712253.21,0.00,1,0,0
16,2025-07-11,200069077.68,0.00,200069077.68,2109364.80,1,0,1
16,2025-07-14,222500924.75,0.00,222500924.75,2421376.89,1,0,1
16,2025-07-15,179197548.87,0.00,179197548.87,0.00,1,0,0
16,2025-07-17,219127303.86,0.00,219127303.86,0.00,1,0,0
16,2025-07-18,322132908.04,0.00,322132908.04,0.00,1,0,0
16,2025-07-21,66100336.98,0.00,66100336.98,0.00,1,0,0
16,2025-07-24,28633970.13,0.00,28633970.13,3927739.25,1,0,1
16,2025-07-29,0.00,0.00,0.00,7657265.88,0,0,2
16,2025-07-31,0.00,35225223.02,-35225223.02,0.00,0,1,0
16,2025-08-07,0.00,67710664.32,-67710664.32,0.00,0,1,0
16,2025-08-08,54985815.20,0.00,54985815.20,1792486.74,1,0,1
16,2025-08-11,0.00,0.00,0.00,4484661.03,0,0,1
16,2025-08-14,0.00,0.00,0.00,5177718.26,0,0,1
16,2025-08-19,62582545.99,0.00,62582545.99,1571420.11,1,0,1
16,2025-08-21,27238491.79,0.00,27238491.79,0.00,1,0,0
16,2025-08-28,0.00,0.00,0.00,1288659.27,0,0,1
16,2025-09-01,21976624.64,0.00,21976624.64,0.00,1,0,0
16,2025-09-03,0.00,133462585.42,-133462585.42,0.00,0,1,0
16,2025-09-15,43218082.11,0.00,43218082.11,0.00,1,0,0
16,2025-09-17,17749529.32,0.00,17749529.32,0.00,1,0,0
16,2025-09-23,55258665.61,0.00,55258665.61,0.00,1,0,0
16,2025-09-26,0.00,410209689.13,-410209689.13,0.00,0,1,0
16,2025-10-09,0.00,145531044.44,-145531044.44,0.00,0,1,0
16,2025-10-14,407770005.50,0.00,407770005.50,0.00,1,0,0
16,2025-10-16,36019861.53,0.00,36019861.53,0.00,1,0,0
16,2025-10-23,41091302.87,0.00,41091302.87,0.00,1,0,0
16,2025-10-30,36738433.64,0.00,36738433.64,0.00,1,0,0
16,2025-10-31,39121807.33,0.00,39121807.33,0.00,1,0,0
16,2025-11-04,0.00,0.00,0.00,1991878.22,0,0,1
16,2025-11-07,143683907.24,0.00,143683907.24,0.00,1,0,0
16,2025-11-11,0.00,19011762.73,-19011762.73,1085627.35,0,1,1
16,2025-11-13,0.00,24591979.66,-24591979.66,0.00,0,1,0
16,2025-11-18,49649081.86,0.00,49649081.86,0.00,1,0,0
16,2025-11-25,0.00,0.00,0.00,1904430.24,0,0,1
16,2025-11-26,57651130.95,0.00,57651130.95,0.00,1,0,0
16,2025-11-27,88005923.14,0.00,88005923.14,0.00,1,0,0
16,2025-12-03,18800795.34,0.00,18800795.34,0.00,1,0,0
16,2025-12-08,0.00,0.00,0.00,928989.99,0,0,1
16,2025-12-11,16357619.80,0.00,16357619.80,0.00,1,0,0
16,2025-12-12,29296624.09,0.00,29296624.09,0.00,1,0,0
16,2025-12-19,35375101.85,0.00,35375101.85,0.00,1,0,0
16,2026-01-06,10384830.06,0.00,10384830.06,0.00,1,0,0
16,2026-01-08,27231001.00,0.00,27231001.00,0.00,1,0,0
16,2026-01-13,0.00,361689554.96,-361689554.96,0.00,0,1,0
16,2026-01-15,219127679.95,0.00,219127679.95,0.00,1,0,0
16,2026-02-02,0.00,48555580.04,-48555580.04,0.00,0,1,0
16,2026-02-16,99918799.46,0.00,99918799.46,1016730.15,1,0,1
16,2026-02-18,0.00,0.00,0.00,1967321.08,0,0,1
16,2026-02-25,0.00,0.00,0.00,889156.53,0,0,1
16,2026-03-05,27512690.62,0.00,27512690.62,0.00,1,0,0
16,2026-03-11,0.00,0.00,0.00,1895570.44,0,0,1
16,2026-03-17,0.00,57628742.57,-57628742.57,0.00,0,1,0
16,2026-03-18,68988975.15,0.00,68988975.15,0.00,1,0,0
16,2026-03-19,0.00,0.00,0.00,1295244.94,0,0,1
16,2026-03-27,0.00,149401442.22,-149401442.22,2384554.39,0,1,1
16,2026-03-30,51096550.96,0.00,51096550.96,0.00,1,0,0
16,2026-04-07,0.00,32719643.99,-32719643.99,0.00,0,1,0
16,2026-04-17,44930876.93,0.00,44930876.93,0.00,1,0,0
16,2026-04-22,14170555.35,0.00,14170555.35,0.00,1,0,0
16,2026-04-28,18911757.37,0.00,18911757.37,0.00,1,0,0
16,2026-04-29,0.00,71325467.74,-71325467.74,0.00,0,1,0
16,2026-05-05,0.00,36029060.25,-36029060.25,0.00,0,1,0
16,2026-05-08,27957653.56,0.00,27957653.56,0.00,1,0,0
16,2026-05-13,0.00,28502318.54,-28502318.54,0.00,0,1,0
16,2026-06-02,0.00,174474793.59,-174474793.59,0.00,0,1,0
16,2026-06-03,0.00,0.00,0.00,4985044.23,0,0,1
16,2026-06-04,0.00,50910178.91,-50910178.91,0.00,0,1,0
16,2026-06-09,0.00,34987555.07,-34987555.07,0.00,0,1,0
16,2026-06-11,18145464.38,0.00,18145464.38,0.00,1,0,0
16,2026-06-22,0.00,0.00,0.00,1255523.54,0,0,1
16,2026-06-23,0.00,0.00,0.00,4951137.77,0,0,1
16,2026-06-25,0.00,42568217.17,-42568217.17,0.00,0,1,0
16,2026-06-26,50227532.23,0.00,50227532.23,0.00,1,0,0
16,2026-06-29,0.00,47880197.07,-47880197.07,0.00,0,1,0
16,2026-06-30,93448909.09,0.00,93448909.09,0.00,1,0,0
16,2026-07-03,0.00,0.00,0.00,1195298.65,0,0,1
16,2026-07-09,0.00,0.00,0.00,2062053.45,0,0,1
16,2026-07-14,0.00,10669288.79,-10669288.79,0.00,0,1,0
16,2026-07-15,0.00,0.00,0.00,2048308.41,0,0,1
16,2026-07-16,49289488.51,0.00,49289488.51,0.00,1,0,0
16,2026-07-24,0.00,0.00,0.00,1490197.13,0,0,1
16,2026-07-27,55709869.81,0.00,55709869.81,5354377.42,1,0,1
16,2026-07-28,0.00,0.00,0.00,3315189.62,0,0,3
16,2026-07-29,0.00,0.00,0.00,7998262.43,0,0,1
16,2026-07-31,0.00,18867646.34,-18867646.34,0.00,0,1,0
16,2026-08-12,0.00,0.00,0.00,1609165.71,0,0,1
16,2026-08-13,23800098.88,0.00,23800098.88,0.00,1,0,0
16,2026-08-14,0.00,44149968.87,-44149968.87,1241421.30,0,1,1
16,2026-08-20,0.00,0.00,0.00,7786538.50,0,0,1
16,2026-08-25,0.00,0.00,0.00,6272426.90,0,0,1
16,2026-08-26,0.00,165225926.87,-165225926.87,0.00,0,1,0
16,2026-09-01,27617188.34,0.00,27617188.34,0.00,1,0,0
16,2026-09-07,0.00,65263985.34,-65263985.34,0.00,0,1,0
16,2026-09-08,20478785.16,0.00,20478785.16,0.00,1,0,0
16,2026-09-16,65756937.62,0.00,65756937.62,0.00,1,0,0
16,2026-09-18,32295331.03,0.00,32295331.03,0.00,1,0,0
16,2026-09-21,0.00,35990437.83,-35990437.83,0.00,0,1,0
16,2026-09-23,23199901.41,0.00,23199901.41,0.00,1,0,0
16,2026-10-13,0.00,44721676.50,-44721676.50,0.00,0,1,0
16,2026-10-14,0.00,44070597.32,-44070597.32,0.00,0,1,0
16,2026-10-26,17812738.73,0.00,17812738.73,0.00,1,0,0
16,2026-10-27,0.00,38891523.88,-38891523.88,0.00,0,1,0
16,2026-11-09,49844311.76,0.00,49844311.76,0.00,1,0,0
16,2026-11-11,0.00,73169325.60,-73169325.60,0.00,0,1,0
16,2026-11-16,24634554.53,0.00,24634554.53,0.00,1,0,0
16,2026-11-25,26239874.15,0.00,26239874.15,0.00,1,0,0
16,2026-11-30,175013260.65,0.00,175013260.65,0.00,1,0,0
16,2026-12-02,34390528.88,0.00,34390528.88,1712952.44,1,0,1
16,2026-12-11,0.00,0.00,0.00,1693709.25,0,0,1
16,2026-12-17,45486057.61,0.00,45486057.61,0.00,1,0,0
16,2026-12-22,51140810.12,0.00,51140810.12,0.00,1,0,0
17,2025-06-17,252216604.15,0.00,252216604.15,0.00,1,0,0
17,2025-06-18,320994821.46,0.00,320994821.46,0.00,1,0,0
17,2025-06-19,262902922.02,0.00,262902922.02,0.00,1,0,0
17,2025-06-20,300369165.46,0.00,300369165.46,0.00,1,0,0
17,2025-06-23,201071180.14,0.00,201071180.14,0.00,1,0,0
17,2025-06-24,199493181.85,0.00,199493181.85,0.00,1,0,0
17,2025-06-26,147449310.86,0.00,147449310.86,0.00,1,0,0
17,2025-06-27,221867143.29,0.00,221867143.29,2070991.81,1,0,1
17,2025-06-30,187255582.14,0.00,187255582.14,1946154.61,1,0,1
17,2025-07-01,183201976.37,0.00,183201976.37,0.00,1,0,0
17,2025-07-02,130730850.72,0.00,130730850.72,0.00,1,0,0
17,2025-07-03,425503188.73,0.00,425503188.73,831410.51,1,0,1
17,2025-07-04,0.00,0.00,0.00,1520257.75,0,0,1
17,2025-07-08,74446221.71,0.00,74446221.71,0.00,1,0,0
17,2025-07-09,0.00,203538408.91,-203538408.91,0.00,0,1,0
17,2025-07-10,79709681.26,0.00,79709681.26,0.00,1,0,0
17,2025-07-14,51771783.88,0.00,51771783.88,0.00,1,0,0
17,2025-07-15,0.00,176528885.24,-176528885.24,0.00,0,1,0
17,2025-07-16,0.00,220604601.81,-220604601.81,6227470.71,0,1,2
17,2025-07-17,0.00,149988268.25,-149988268.25,1746098.79,0,1,1
17,2025-07-23,19814113.04,0.00,19814113.04,0.00,1,0,0
17,2025-07-24,0.00,0.00,0.00,9232813.74,0,0,1
17,2025-07-25,0.00,181336848.23,-181336848.23,0.00,0,1,0
17,2025-07-28,0.00,66856982.03,-66856982.03,0.00,0,1,0
17,2025-07-31,26387863.23,0.00,26387863.23,0.00,1,0,0
17,2025-08-01,39758833.19,0.00,39758833.19,0.00,1,0,0
17,2025-08-04,33382969.07,0.00,33382969.07,0.00,1,0,0
17,2025-08-05,47105890.88,0.00,47105890.88,0.00,1,0,0
17,2025-08-06,0.00,37423676.30,-37423676.30,0.00,0,1,0
17,2025-08-07,187255857.76,0.00,187255857.76,0.00,1,0,0
17,2025-08-08,320995027.55,0.00,320995027.55,0.00,1,0,0
17,2025-08-12,0.00,94751660.94,-94751660.94,0.00,0,1,0
17,2025-08-13,201071316.88,0.00,201071316.88,0.00,1,0,0
17,2025-08-18,25092658.58,0.00,25092658.58,0.00,1,0,0
17,2025-08-20,48417624.70,0.00,48417624.70,0.00,1,0,0
17,2025-08-21,21662493.26,0.00,21662493.26,0.00,1,0,0
17,2025-08-22,68843398.03,0.00,68843398.03,0.00,1,0,0
17,2025-08-25,0.00,82129365.55,-82129365.55,0.00,0,1,0
17,2025-08-28,183201992.72,0.00,183201992.72,0.00,1,0,0
17,2025-08-29,56928262.56,0.00,56928262.56,0.00,1,0,0
17,2025-09-01,0.00,66261776.59,-66261776.59,0.00,0,1,0
17,2025-09-04,0.00,74029112.19,-74029112.19,0.00,0,1,0
17,2025-09-05,0.00,70514567.73,-70514567.73,0.00,0,1,0
17,2025-09-08,46829982.37,0.00,46829982.37,0.00,1,0,0
17,2025-09-10,34248592.92,0.00,34248592.92,0.00,1,0,0
17,2025-09-15,45073627.95,0.00,45073627.95,0.00,1,0,0
17,2025-09-16,72647280.72,0.00,72647280.72,0.00,1,0,0
17,2025-09-19,21779857.71,0.00,21779857.71,0.00,1,0,0
17,2025-09-22,52530161.67,0.00,52530161.67,0.00,1,0,0
17,2025-09-23,56977392.34,0.00,56977392.34,0.00,1,0,0
17,2025-09-24,0.00,184039429.00,-184039429.00,0.00,0,1,0
17,2025-09-25,38322755.35,0.00,38322755.35,0.00,1,0,0
17,2025-09-26,0.00,38102705.76,-38102705.76,0.00,0,1,0
17,2025-09-29,0.00,134699613.58,-134699613.58,0.00,0,1,0
17,2025-09-30,0.00,95592327.74,-95592327.74,0.00,0,1,0
17,2025-10-01,0.00,411352403.51,-411352403.51,0.00,0,1,0
17,2025-10-06,262903308.66,0.00,262903308.66,0.00,1,0,0
17,2025-10-08,47094622.10,0.00,47094622.10,0.00,1,0,0
17,2025-10-09,0.00,32823091.14,-32823091.14,0.00,0,1,0
17,2025-10-10,46421379.53,0.00,46421379.53,0.00,1,0,0
17,2025-10-14,0.00,163250388.75,-163250388.75,0.00,0,1,0
17,2025-10-16,0.00,53597126.20,-53597126.20,0.00,0,1,0
17,2025-10-17,54322895.33,0.00,54322895.33,0.00,1,0,0
17,2025-10-20,101146570.02,0.00,101146570.02,0.00,1,0,0
17,2025-10-23,58833754.49,0.00,58833754.49,0.00,1,0,0
17,2025-10-24,0.00,139656911.51,-139656911.51,0.00,0,1,0
17,2025-10-27,0.00,156738248.91,-156738248.91,0.00,0,1,0
17,2025-10-29,0.00,49545954.53,-49545954.53,0.00,0,1,0
17,2025-10-30,90830800.77,0.00,90830800.77,0.00,1,0,0
17,2025-10-31,63342027.47,0.00,63342027.47,0.00,1,0,0
17,2025-11-04,57253524.62,0.00,57253524.62,0.00,1,0,0
17,2025-11-07,0.00,82122725.91,-82122725.91,0.00,0,1,0
17,2025-11-10,38132487.70,0.00,38132487.70,0.00,1,0,0
17,2025-11-12,35023622.66,0.00,35023622.66,0.00,1,0,0
17,2025-11-13,74241298.03,0.00,74241298.03,0.00,1,0,0
17,2025-11-14,56483563.24,0.00,56483563.24,0.00,1,0,0
17,2025-11-17,0.00,410589965.60,-410589965.60,0.00,0,1,0
17,2025-11-18,53603415.46,0.00,53603415.46,0.00,1,0,0
17,2025-11-19,0.00,84266966.70,-84266966.70,0.00,0,1,0
17,2025-11-24,262903186.25,0.00,262903186.25,0.00,1,0,0
17,2025-11-25,0.00,58745943.86,-58745943.86,0.00,0,1,0
17,2025-11-28,221867076.94,0.00,221867076.94,0.00,1,0,0
17,2025-12-01,40283795.72,0.00,40283795.72,0.00,1,0,0
17,2025-12-04,0.00,254128658.81,-254128658.81,0.00,0,1,0
17,2025-12-05,62616040.09,0.00,62616040.09,0.00,1,0,0
17,2025-12-09,0.00,65371425.54,-65371425.54,0.00,0,1,0
17,2025-12-10,49975106.10,0.00,49975106.10,0.00,1,0,0
17,2025-12-15,0.00,269356739.73,-269356739.73,0.00,0,1,0
17,2025-12-17,47247621.61,0.00,47247621.61,0.00,1,0,0
17,2025-12-18,262902962.48,0.00,262902962.48,0.00,1,0,0
17,2025-12-19,80049800.20,0.00,80049800.20,0.00,1,0,0
17,2025-12-22,89445852.30,0.00,89445852.30,0.00,1,0,0
17,2025-12-23,130731699.52,0.00,130731699.52,0.00,1,0,0
17,2025-12-24,45931781.48,0.00,45931781.48,0.00,1,0,0
17,2025-12-26,0.00,433860203.05,-433860203.05,0.00,0,1,0
17,2025-12-29,320994548.34,0.00,320994548.34,0.00,1,0,0
17,2025-12-31,0.00,101649867.84,-101649867.84,0.00,0,1,0
17,2026-01-01,0.00,41475458.85,-41475458.85,0.00,0,1,0
17,2026-01-06,0.00,293166669.75,-293166669.75,0.00,0,1,0
17,2026-01-07,84894159.74,0.00,84894159.74,0.00,1,0,0
17,2026-01-08,76472153.52,0.00,76472153.52,0.00,1,0,0
17,2026-01-09,0.00,180333734.66,-180333734.66,0.00,0,1,0
17,2026-01-12,60328439.28,0.00,60328439.28,0.00,1,0,0
17,2026-01-14,0.00,121319289.96,-121319289.96,0.00,0,1,0
17,2026-01-16,0.00,101144389.46,-101144389.46,0.00,0,1,0
17,2026-01-19,50030721.25,0.00,50030721.25,0.00,1,0,0
17,2026-01-21,0.00,23039171.95,-23039171.95,0.00,0,1,0
17,2026-01-22,130730649.94,0.00,130730649.94,0.00,1,0,0
17,2026-01-23,187255686.13,0.00,187255686.13,0.00,1,0,0
17,2026-01-27,300369256.78,0.00,300369256.78,0.00,1,0,0
17,2026-01-28,56644066.12,0.00,56644066.12,0.00,1,0,0
17,2026-01-29,40603820.92,0.00,40603820.92,0.00,1,0,0
17,2026-01-30,0.00,564430696.77,-564430696.77,0.00,0,1,0
17,2026-02-04,0.00,20337058.99,-20337058.99,0.00,0,1,0
17,2026-02-05,28436921.39,0.00,28436921.39,0.00,1,0,0
17,2026-02-09,0.00,274161254.28,-274161254.28,0.00,0,1,0
17,2026-02-11,43405351.35,0.00,43405351.35,0.00,1,0,0
17,2026-02-12,0.00,47983261.40,-47983261.40,0.00,0,1,0
17,2026-02-13,19112260.41,0.00,19112260.41,0.00,1,0,0
17,2026-02-16,0.00,105171795.12,-105171795.12,0.00,0,1,0
17,2026-02-17,40551886.78,0.00,40551886.78,0.00,1,0,0
17,2026-02-24,0.00,97948381.74,-97948381.74,0.00,0,1,0
17,2026-02-26,36110464.07,0.00,36110464.07,0.00,1,0,0
17,2026-02-27,78221237.10,0.00,78221237.10,0.00,1,0,0
17,2026-03-03,0.00,276447900.08,-276447900.08,0.00,0,1,0
17,2026-03-05,252216961.99,0.00,252216961.99,0.00,1,0,0
17,2026-03-11,39714874.70,0.00,39714874.70,0.00,1,0,0
17,2026-03-12,320994914.57,0.00,320994914.57,0.00,1,0,0
17,2026-03-13,425503140.64,0.00,425503140.64,0.00,1,0,0
17,2026-03-17,104113896.52,0.00,104113896.52,0.00,1,0,0
17,2026-03-18,36430605.93,0.00,36430605.93,0.00,1,0,0
17,2026-03-23,40063378.39,0.00,40063378.39,0.00,1,0,0
17,2026-03-25,61145224.00,0.00,61145224.00,0.00,1,0,0
17,2026-03-27,49970527.91,0.00,49970527.91,0.00,1,0,0
17,2026-03-30,0.00,206478025.47,-206478025.47,0.00,0,1,0
17,2026-04-01,0.00,126937305.60,-126937305.60,0.00,0,1,0
17,2026-04-02,0.00,100519321.24,-100519321.24,0.00,0,1,0
17,2026-04-06,0.00,375069718.31,-375069718.31,0.00,0,1,0
17,2026-04-07,98404643.05,0.00,98404643.05,0.00,1,0,0
17,2026-04-08,147449267.62,0.00,147449267.62,0.00,1,0,0
17,2026-04-09,129955778.12,0.00,129955778.12,0.00,1,0,0
17,2026-04-10,66938321.27,0.00,66938321.27,0.00,1,0,0
17,2026-04-15,0.00,102905478.58,-102905478.58,0.00,0,1,0
17,2026-04-16,0.00,32193009.29,-32193009.29,0.00,0,1,0
17,2026-04-17,40170555.38,0.00,40170555.38,0.00,1,0,0
17,2026-04-22,53359838.93,0.00,53359838.93,0.00,1,0,0
17,2026-04-23,0.00,64630285.82,-64630285.82,0.00,0,1,0
17,2026-04-27,0.00,20639034.61,-20639034.61,0.00,0,1,0
17,2026-04-28,87414791.79,0.00,87414791.79,0.00,1,0,0
17,2026-04-29,36323891.80,0.00,36323891.80,0.00,1,0,0
17,2026-04-30,20321118.95,0.00,20321118.95,0.00,1,0,0
17,2026-05-06,0.00,57459846.61,-57459846.61,0.00,0,1,0
17,2026-05-07,0.00,100300264.93,-100300264.93,0.00,0,1,0
17,2026-05-14,0.00,92806787.39,-92806787.39,0.00,0,1,0
17,2026-05-15,56401251.36,0.00,56401251.36,0.00,1,0,0
17,2026-05-18,0.00,119888698.65,-119888698.65,887098.22,0,1,1
17,2026-05-22,46567507.46,0.00,46567507.46,0.00,1,0,0
17,2026-05-25,0.00,65560110.34,-65560110.34,0.00,0,1,0
17,2026-05-26,0.00,61463210.14,-61463210.14,0.00,0,1,0
17,2026-05-28,36725921.24,0.00,36725921.24,0.00,1,0,0
17,2026-05-29,183201479.23,0.00,183201479.23,0.00,1,0,0
17,2026-06-01,14645537.16,0.00,14645537.16,0.00,1,0,0
17,2026-06-02,145825758.38,0.00,145825758.38,0.00,1,0,0
17,2026-06-03,0.00,71638899.29,-71638899.29,0.00,0,1,0
17,2026-06-04,0.00,124264597.48,-124264597.48,0.00,0,1,0
17,2026-06-08,0.00,0.00,0.00,930414.59,0,0,1
17,2026-06-09,61721522.08,0.00,61721522.08,0.00,1,0,0
17,2026-06-12,42634504.55,0.00,42634504.55,0.00,1,0,0
17,2026-06-15,108843193.06,0.00,108843193.06,6202600.05,1,0,2
17,2026-06-16,0.00,555413359.82,-555413359.82,0.00,0,1,0
17,2026-06-17,320994817.11,0.00,320994817.11,0.00,1,0,0
17,2026-06-18,22542062.55,0.00,22542062.55,2213734.92,1,0,1
17,2026-06-19,55410849.09,0.00,55410849.09,0.00,1,0,0
17,2026-06-23,44077472.00,0.00,44077472.00,0.00,1,0,0
17,2026-06-25,32739017.62,0.00,32739017.62,0.00,1,0,0
17,2026-06-26,100685584.61,0.00,100685584.61,0.00,1,0,0
17,2026-06-30,0.00,108084027.40,-108084027.40,966462.98,0,1,1
17,2026-07-01,30121935.64,0.00,30121935.64,1401240.32,1,0,1
17,2026-07-02,54175671.43,0.00,54175671.43,0.00,1,0,0
17,2026-07-06,0.00,100816553.39,-100816553.39,2402850.25,0,1,1
17,2026-07-08,0.00,0.00,0.00,2022482.77,0,0,1
17,2026-07-10,0.00,109443295.93,-109443295.93,0.00,0,1,0
17,2026-07-13,76532484.05,0.00,76532484.05,0.00,1,0,0
17,2026-07-14,0.00,61095467.32,-61095467.32,23810566.99,0,1,1
17,2026-07-15,0.00,34430876.77,-34430876.77,0.00,0,1,0
17,2026-07-17,0.00,26250614.82,-26250614.82,0.00,0,1,0
17,2026-07-20,42794165.00,0.00,42794165.00,0.00,1,0,0
17,2026-07-21,0.00,35915354.37,-35915354.37,0.00,0,1,0
17,2026-07-22,0.00,17198358.65,-17198358.65,407636.74,0,1,1
17,2026-07-23,83795724.19,0.00,83795724.19,0.00,1,0,0
17,2026-07-24,0.00,93464177.26,-93464177.26,0.00,0,1,0
17,2026-07-27,0.00,36638041.66,-36638041.66,0.00,0,1,0
17,2026-07-28,0.00,194030239.71,-194030239.71,0.00,0,1,0
17,2026-07-29,0.00,350995525.08,-350995525.08,0.00,0,1,0
17,2026-07-30,0.00,99351721.24,-99351721.24,0.00,0,1,0
17,2026-07-31,0.00,8738335.95,-8738335.95,0.00,0,1,0
17,2026-08-03,22079952.22,0.00,22079952.22,0.00,1,0,0
17,2026-08-04,36421095.64,0.00,36421095.64,712916.57,1,0,1
17,2026-08-05,0.00,0.00,0.00,427785.32,0,0,1
17,2026-08-07,0.00,57219036.82,-57219036.82,0.00,0,1,0
17,2026-08-10,0.00,7140550.42,-7140550.42,0.00,0,1,0
17,2026-08-12,0.00,184409180.73,-184409180.73,0.00,0,1,0
17,2026-08-13,0.00,33191870.43,-33191870.43,0.00,0,1,0
17,2026-08-14,18889601.92,0.00,18889601.92,0.00,1,0,0
17,2026-08-17,0.00,34184149.54,-34184149.54,0.00,0,1,0
17,2026-08-18,183201646.11,0.00,183201646.11,0.00,1,0,0
17,2026-08-19,320994586.63,0.00,320994586.63,0.00,1,0,0
17,2026-08-20,0.00,181934731.63,-181934731.63,0.00,0,1,0
17,2026-08-21,201071791.06,0.00,201071791.06,0.00,1,0,0
17,2026-08-24,183200859.28,0.00,183200859.28,0.00,1,0,0
17,2026-08-25,0.00,77216365.51,-77216365.51,0.00,0,1,0
17,2026-08-26,47941337.40,0.00,47941337.40,0.00,1,0,0
17,2026-08-27,54845396.36,0.00,54845396.36,0.00,1,0,0
17,2026-08-28,0.00,35416297.49,-35416297.49,0.00,0,1,0
17,2026-08-31,0.00,90020423.33,-90020423.33,0.00,0,1,0
17,2026-09-01,187255955.13,0.00,187255955.13,0.00,1,0,0
17,2026-09-02,57495023.47,0.00,57495023.47,0.00,1,0,0
17,2026-09-03,0.00,5432239.64,-5432239.64,0.00,0,1,0
17,2026-09-04,54140801.40,0.00,54140801.40,0.00,1,0,0
17,2026-09-07,59742346.88,0.00,59742346.88,0.00,1,0,0
17,2026-09-08,28335088.57,0.00,28335088.57,0.00,1,0,0
17,2026-09-10,89686749.98,0.00,89686749.98,0.00,1,0,0
17,2026-09-11,0.00,46556365.13,-46556365.13,0.00,0,1,0
17,2026-09-15,62779538.34,0.00,62779538.34,0.00,1,0,0
17,2026-09-16,37918664.72,0.00,37918664.72,0.00,1,0,0
17,2026-09-17,47712801.22,0.00,47712801.22,4688979.69,1,0,1
17,2026-09-18,0.00,92199503.88,-92199503.88,0.00,0,1,0
17,2026-09-22,73822831.59,0.00,73822831.59,0.00,1,0,0
17,2026-09-23,0.00,87279562.12,-87279562.12,0.00,0,1,0
17,2026-09-24,62949877.85,0.00,62949877.85,0.00,1,0,0
17,2026-09-25,60315143.79,0.00,60315143.79,0.00,1,0,0
17,2026-09-29,63642739.83,0.00,63642739.83,0.00,1,0,0
17,2026-10-01,61219363.08,0.00,61219363.08,0.00,1,0,0
17,2026-10-06,0.00,201861433.97,-201861433.97,0.00,0,1,0
17,2026-10-09,130552890.14,0.00,130552890.14,0.00,1,0,0
17,2026-10-13,21758421.75,0.00,21758421.75,0.00,1,0,0
17,2026-10-14,50865016.58,0.00,50865016.58,0.00,1,0,0
17,2026-10-19,92424765.11,0.00,92424765.11,0.00,1,0,0
17,2026-10-21,0.00,70488658.81,-70488658.81,0.00,0,1,0
17,2026-10-23,85524011.12,0.00,85524011.12,0.00,1,0,0
17,2026-10-26,0.00,48480351.32,-48480351.32,0.00,0,1,0
17,2026-10-28,0.00,133387042.51,-133387042.51,0.00,0,1,0
17,2026-10-29,37862430.28,0.00,37862430.28,0.00,1,0,0
17,2026-10-30,71784298.52,0.00,71784298.52,0.00,1,0,0
17,2026-11-03,91369688.59,0.00,91369688.59,0.00,1,0,0
17,2026-11-04,0.00,37435285.91,-37435285.91,3624232.03,0,1,1
17,2026-11-05,130730640.43,0.00,130730640.43,0.00,1,0,0
17,2026-11-09,0.00,23870836.80,-23870836.80,0.00,0,1,0
17,2026-11-11,79834171.76,0.00,79834171.76,0.00,1,0,0
17,2026-11-13,0.00,63674361.23,-63674361.23,0.00,0,1,0
17,2026-11-19,41007639.27,0.00,41007639.27,0.00,1,0,0
17,2026-11-20,114083005.02,0.00,114083005.02,0.00,1,0,0
17,2026-11-23,26000223.07,0.00,26000223.07,0.00,1,0,0
17,2026-11-25,26380472.29,0.00,26380472.29,0.00,1,0,0
17,2026-11-26,0.00,177631348.34,-177631348.34,0.00,0,1,0
17,2026-12-01,147449497.89,0.00,147449497.89,0.00,1,0,0
17,2026-12-02,0.00,112417941.66,-112417941.66,0.00,0,1,0
17,2026-12-03,0.00,64453174.19,-64453174.19,0.00,0,1,0
17,2026-12-07,105138524.82,0.00,105138524.82,0.00,1,0,0
17,2026-12-08,39636661.34,0.00,39636661.34,0.00,1,0,0
17,2026-12-09,63257319.78,0.00,63257319.78,0.00,1,0,0
17,2026-12-10,0.00,279017771.78,-279017771.78,0.00,0,1,0
17,2026-12-11,0.00,67459179.29,-67459179.29,0.00,0,1,0
17,2026-12-14,36329395.07,0.00,36329395.07,0.00,1,0,0
17,2026-12-16,32590316.82,0.00,32590316.82,0.00,1,0,0
17,2026-12-17,29233101.73,0.00,29233101.73,0.00,1,0,0
17,2026-12-18,87692381.14,0.00,87692381.14,0.00,1,0,0
17,2026-12-22,83123818.41,0.00,83123818.41,0.00,1,0,0
17,2026-12-24,41864909.70,0.00,41864909.70,0.00,1,0,0
17,2026-12-28,66043728.01,0.00,66043728.01,0.00,1,0,0
17,2026-12-29,0.00,72254032.02,-72254032.02,0.00,0,1,0
17,2026-12-30,28748513.87,0.00,28748513.87,0.00,1,0,0
17,2026-12-31,38820133.18,0.00,38820133.18,0.00,1,0,0
18,2025-06-26,66303926.69,0.00,66303926.69,0.00,1,0,0
18,2025-06-27,156424950.19,0.00,156424950.19,0.00,1,0,0
18,2025-06-30,132885907.01,0.00,132885907.01,0.00,1,0,0
18,2025-07-01,119697726.14,0.00,119697726.14,0.00,1,0,0
18,2025-07-02,104009272.79,0.00,104009272.79,1648799.03,1,0,1
18,2025-07-03,94321955.99,0.00,94321955.99,0.00,1,0,0
18,2025-07-04,348751581.91,0.00,348751581.91,0.00,1,0,0
18,2025-07-07,246343472.94,0.00,246343472.94,0.00,1,0,0
18,2025-07-08,112902018.95,0.00,112902018.95,0.00,1,0,0
18,2025-07-09,143196388.68,0.00,143196388.68,0.00,1,0,0
18,2025-07-10,44269646.74,0.00,44269646.74,0.00,1,0,0
18,2025-07-11,125127722.59,0.00,125127722.59,0.00,1,0,0
18,2025-07-14,83549937.81,0.00,83549937.81,0.00,1,0,0
18,2025-07-15,71221913.46,0.00,71221913.46,2572032.72,1,0,1
18,2025-07-16,227342629.04,0.00,227342629.04,0.00,1,0,0
18,2025-07-17,110638186.94,0.00,110638186.94,0.00,1,0,0
18,2025-07-18,216948382.95,0.00,216948382.95,0.00,1,0,0
18,2025-07-21,138727604.81,0.00,138727604.81,3768141.21,1,0,1
18,2025-07-22,187154191.42,0.00,187154191.42,0.00,1,0,0
18,2025-07-23,192093470.15,0.00,192093470.15,0.00,1,0,0
18,2025-07-24,243866241.63,0.00,243866241.63,0.00,1,0,0
18,2025-07-25,133469214.88,0.00,133469214.88,0.00,1,0,0
18,2025-07-28,103342008.64,0.00,103342008.64,0.00,1,0,0
18,2025-07-29,142515480.07,0.00,142515480.07,0.00,1,0,0
18,2025-07-30,196880099.50,0.00,196880099.50,0.00,1,0,0
18,2025-07-31,179064776.37,0.00,179064776.37,0.00,1,0,0
18,2025-08-01,295251433.49,0.00,295251433.49,1038569.58,1,0,1
18,2025-08-04,56555201.73,0.00,56555201.73,0.00,1,0,0
18,2025-08-05,47037697.08,0.00,47037697.08,2451844.82,1,0,1
18,2025-08-06,0.00,38226833.69,-38226833.69,0.00,0,1,0
18,2025-08-07,0.00,66930782.01,-66930782.01,3088240.97,0,1,1
18,2025-08-08,64062109.43,0.00,64062109.43,0.00,1,0,0
18,2025-08-11,0.00,83428371.36,-83428371.36,0.00,0,1,0
18,2025-08-13,0.00,41824790.28,-41824790.28,0.00,0,1,0
18,2025-08-18,27741789.12,0.00,27741789.12,0.00,1,0,0
18,2025-08-21,49229659.03,0.00,49229659.03,0.00,1,0,0
18,2025-08-22,0.00,0.00,0.00,784005.39,0,0,1
18,2025-08-28,62864688.95,0.00,62864688.95,1122204.37,1,0,1
18,2025-09-02,0.00,52760642.98,-52760642.98,0.00,0,1,0
18,2025-09-03,0.00,17871538.21,-17871538.21,0.00,0,1,0
18,2025-09-05,0.00,129565617.39,-129565617.39,0.00,0,1,0
18,2025-09-09,0.00,229936160.48,-229936160.48,0.00,0,1,0
18,2025-09-10,5676052.05,0.00,5676052.05,0.00,1,0,0
18,2025-09-11,26697728.32,0.00,26697728.32,0.00,1,0,0
18,2025-09-17,0.00,66262579.24,-66262579.24,0.00,0,1,0
18,2025-09-19,0.00,98403417.30,-98403417.30,0.00,0,1,0
18,2025-09-22,0.00,29228511.46,-29228511.46,0.00,0,1,0
18,2025-09-26,23121537.15,0.00,23121537.15,0.00,1,0,0
18,2025-09-30,0.00,48875590.29,-48875590.29,0.00,0,1,0
18,2025-10-08,93085162.80,0.00,93085162.80,0.00,1,0,0
18,2025-10-16,227342526.84,0.00,227342526.84,0.00,1,0,0
18,2025-10-24,47772288.49,0.00,47772288.49,0.00,1,0,0
18,2025-10-27,35351477.81,0.00,35351477.81,0.00,1,0,0
18,2025-10-28,23544873.51,0.00,23544873.51,0.00,1,0,0
18,2025-10-29,62629852.19,0.00,62629852.19,0.00,1,0,0
18,2025-11-03,73823038.40,0.00,73823038.40,0.00,1,0,0
18,2025-11-06,0.00,38677658.36,-38677658.36,0.00,0,1,0
18,2025-11-11,0.00,31405670.78,-31405670.78,0.00,0,1,0
18,2025-11-17,0.00,50402607.44,-50402607.44,0.00,0,1,0
18,2025-11-18,31224599.60,0.00,31224599.60,0.00,1,0,0
18,2025-11-24,0.00,61289554.96,-61289554.96,565436.95,0,1,1
18,2025-11-26,11761504.65,0.00,11761504.65,0.00,1,0,0
18,2025-12-01,24008388.47,0.00,24008388.47,0.00,1,0,0
18,2025-12-03,0.00,0.00,0.00,461014.28,0,0,1
18,2025-12-10,17773085.32,0.00,17773085.32,0.00,1,0,0
18,2025-12-18,21886758.84,0.00,21886758.84,0.00,1,0,0
18,2025-12-22,0.00,114066535.53,-114066535.53,0.00,0,1,0
18,2025-12-30,0.00,37177553.38,-37177553.38,0.00,0,1,0
18,2026-01-01,46082864.42,0.00,46082864.42,0.00,1,0,0
18,2026-01-06,0.00,40484637.68,-40484637.68,0.00,0,1,0
18,2026-01-14,48168495.97,0.00,48168495.97,0.00,1,0,0
18,2026-01-16,41276994.78,0.00,41276994.78,0.00,1,0,0
18,2026-01-20,19861342.33,0.00,19861342.33,0.00,1,0,0
18,2026-01-21,0.00,100691667.91,-100691667.91,0.00,0,1,0
18,2026-01-22,0.00,12703662.91,-12703662.91,0.00,0,1,0
18,2026-01-27,7685555.58,0.00,7685555.58,0.00,1,0,0
18,2026-01-29,0.00,107094693.43,-107094693.43,0.00,0,1,0
18,2026-02-02,0.00,63895879.17,-63895879.17,0.00,0,1,0
18,2026-02-03,27783714.63,0.00,27783714.63,0.00,1,0,0
18,2026-02-05,0.00,223670584.21,-223670584.21,0.00,0,1,0
18,2026-02-09,24023484.02,0.00,24023484.02,0.00,1,0,0
18,2026-02-10,15673646.80,0.00,15673646.80,0.00,1,0,0
18,2026-02-13,26491814.88,0.00,26491814.88,0.00,1,0,0
18,2026-02-16,24056677.84,0.00,24056677.84,0.00,1,0,0
18,2026-02-18,0.00,0.00,0.00,1459189.95,0,0,1
18,2026-02-20,24844182.82,0.00,24844182.82,0.00,1,0,0
18,2026-02-24,12532185.88,0.00,12532185.88,775065.18,1,0,1
18,2026-02-25,30416954.58,0.00,30416954.58,0.00,1,0,0
18,2026-02-26,56583703.93,0.00,56583703.93,0.00,1,0,0
18,2026-03-02,0.00,0.00,0.00,290903.91,0,0,1
18,2026-03-05,0.00,49499283.38,-49499283.38,0.00,0,1,0
18,2026-03-09,24903564.30,0.00,24903564.30,0.00,1,0,0
18,2026-03-11,15465749.42,0.00,15465749.42,0.00,1,0,0
18,2026-03-18,31942161.67,0.00,31942161.67,0.00,1,0,0
18,2026-03-24,0.00,58335807.71,-58335807.71,0.00,0,1,0
18,2026-03-25,0.00,25554188.33,-25554188.33,0.00,0,1,0
18,2026-03-27,47050908.36,0.00,47050908.36,0.00,1,0,0
18,2026-04-02,16276544.42,0.00,16276544.42,0.00,1,0,0
18,2026-04-07,45798416.75,0.00,45798416.75,0.00,1,0,0
18,2026-04-08,20908081.19,0.00,20908081.19,0.00,1,0,0
18,2026-04-09,72909908.20,0.00,72909908.20,0.00,1,0,0
18,2026-04-15,37069003.38,0.00,37069003.38,0.00,1,0,0
18,2026-04-16,0.00,105153502.28,-105153502.28,0.00,0,1,0
18,2026-04-22,0.00,26749187.36,-26749187.36,0.00,0,1,0
18,2026-04-23,64967343.55,0.00,64967343.55,0.00,1,0,0
18,2026-04-24,27244371.77,0.00,27244371.77,0.00,1,0,0
18,2026-04-27,42870022.35,0.00,42870022.35,0.00,1,0,0
18,2026-04-29,0.00,11267499.60,-11267499.60,0.00,0,1,0
18,2026-05-04,10290898.35,0.00,10290898.35,0.00,1,0,0
18,2026-05-08,35718906.14,0.00,35718906.14,0.00,1,0,0
18,2026-05-12,0.00,65040693.52,-65040693.52,0.00,0,1,0
18,2026-05-13,0.00,48369667.98,-48369667.98,0.00,0,1,0
18,2026-05-14,0.00,34088645.64,-34088645.64,0.00,0,1,0
18,2026-05-19,0.00,56633796.59,-56633796.59,0.00,0,1,0
18,2026-05-20,37867121.73,0.00,37867121.73,0.00,1,0,0
18,2026-05-21,85440764.10,0.00,85440764.10,0.00,1,0,0
18,2026-05-26,0.00,251428024.83,-251428024.83,0.00,0,1,0
18,2026-05-28,0.00,133082850.84,-133082850.84,249898.32,0,1,1
18,2026-05-29,90986902.33,0.00,90986902.33,0.00,1,0,0
18,2026-06-01,110637988.70,0.00,110637988.70,0.00,1,0,0
18,2026-06-04,64257697.91,0.00,64257697.91,0.00,1,0,0
18,2026-06-08,26191725.93,0.00,26191725.93,1111758.64,1,0,1
18,2026-06-09,38013314.94,0.00,38013314.94,0.00,1,0,0
18,2026-06-10,0.00,0.00,0.00,1327030.15,0,0,1
18,2026-06-12,36405737.43,0.00,36405737.43,0.00,1,0,0
18,2026-06-15,31656458.56,0.00,31656458.56,1456291.66,1,0,1
18,2026-06-18,156425950.03,0.00,156425950.03,0.00,1,0,0
18,2026-06-19,52213038.02,0.00,52213038.02,1188970.14,1,0,1
18,2026-06-22,0.00,0.00,0.00,2403932.17,0,0,1
18,2026-06-23,44828570.68,0.00,44828570.68,0.00,1,0,0
18,2026-06-24,47017661.65,0.00,47017661.65,0.00,1,0,0
18,2026-06-26,43072773.36,0.00,43072773.36,0.00,1,0,0
18,2026-06-30,0.00,0.00,0.00,251106.50,0,0,1
18,2026-07-01,0.00,110516366.09,-110516366.09,457586.63,0,1,1
18,2026-07-03,0.00,0.00,0.00,2117731.21,0,0,1
18,2026-07-06,41328821.37,0.00,41328821.37,0.00,1,0,0
18,2026-07-07,0.00,32669358.16,-32669358.16,0.00,0,1,0
18,2026-07-10,0.00,0.00,0.00,1012091.07,0,0,1
18,2026-07-14,0.00,0.00,0.00,1331456.58,0,0,1
18,2026-07-17,0.00,52358535.71,-52358535.71,0.00,0,1,0
18,2026-07-20,0.00,0.00,0.00,2552501.94,0,0,1
18,2026-07-22,16515442.80,0.00,16515442.80,1055762.88,1,0,1
18,2026-07-27,39045080.97,0.00,39045080.97,0.00,1,0,0
18,2026-07-28,0.00,73316848.73,-73316848.73,0.00,0,1,0
18,2026-07-31,30043440.70,0.00,30043440.70,0.00,1,0,0
18,2026-08-04,37584113.73,0.00,37584113.73,0.00,1,0,0
18,2026-08-05,23756198.39,0.00,23756198.39,0.00,1,0,0
18,2026-08-06,0.00,0.00,0.00,3741191.92,0,0,1
18,2026-08-07,47102000.21,0.00,47102000.21,0.00,1,0,0
18,2026-08-10,0.00,12765522.70,-12765522.70,0.00,0,1,0
18,2026-08-12,0.00,34024420.89,-34024420.89,0.00,0,1,0
18,2026-08-14,51894909.10,0.00,51894909.10,0.00,1,0,0
18,2026-08-17,53348201.15,0.00,53348201.15,0.00,1,0,0
18,2026-08-19,62751369.81,0.00,62751369.81,1129717.42,1,0,1
18,2026-08-20,53943087.80,0.00,53943087.80,6825705.25,1,0,1
18,2026-08-25,0.00,0.00,0.00,4244993.16,0,0,1
18,2026-08-26,61479282.83,0.00,61479282.83,0.00,1,0,0
18,2026-08-27,0.00,31622132.22,-31622132.22,0.00,0,1,0
18,2026-08-28,65416430.52,0.00,65416430.52,0.00,1,0,0
18,2026-09-02,0.00,12245329.39,-12245329.39,0.00,0,1,0
18,2026-09-03,0.00,13132726.49,-13132726.49,0.00,0,1,0
18,2026-09-04,13556318.76,0.00,13556318.76,0.00,1,0,0
18,2026-09-10,16330135.47,0.00,16330135.47,0.00,1,0,0
18,2026-09-16,36690226.10,0.00,36690226.10,0.00,1,0,0
18,2026-09-18,9904119.24,0.00,9904119.24,0.00,1,0,0
18,2026-09-24,51963719.85,0.00,51963719.85,0.00,1,0,0
18,2026-09-28,23153112.17,0.00,23153112.17,0.00,1,0,0
18,2026-09-30,39717677.13,0.00,39717677.13,0.00,1,0,0
18,2026-10-01,30471300.75,0.00,30471300.75,0.00,1,0,0
18,2026-10-05,0.00,29966374.52,-29966374.52,0.00,0,1,0
18,2026-10-07,40938709.16,0.00,40938709.16,0.00,1,0,0
18,2026-10-09,0.00,24310316.82,-24310316.82,0.00,0,1,0
18,2026-10-13,0.00,39873461.01,-39873461.01,0.00,0,1,0
18,2026-10-14,0.00,76613760.07,-76613760.07,0.00,0,1,0
18,2026-10-15,29067133.15,0.00,29067133.15,0.00,1,0,0
18,2026-10-22,16614684.92,0.00,16614684.92,0.00,1,0,0
18,2026-10-23,0.00,70761645.57,-70761645.57,0.00,0,1,0
18,2026-10-28,0.00,8334869.07,-8334869.07,1155685.23,0,1,1
18,2026-10-29,0.00,19132467.26,-19132467.26,0.00,0,1,0
18,2026-10-30,0.00,321536941.99,-321536941.99,0.00,0,1,0
18,2026-11-02,0.00,161123324.16,-161123324.16,0.00,0,1,0
18,2026-11-04,187154153.62,0.00,187154153.62,0.00,1,0,0
18,2026-11-05,0.00,0.00,0.00,242432.71,0,0,1
18,2026-11-06,0.00,109600556.23,-109600556.23,0.00,0,1,0
18,2026-11-09,0.00,90876163.97,-90876163.97,0.00,0,1,0
18,2026-11-12,12726997.05,0.00,12726997.05,0.00,1,0,0
18,2026-11-13,0.00,150590643.62,-150590643.62,0.00,0,1,0
18,2026-11-18,5908264.86,0.00,5908264.86,0.00,1,0,0
18,2026-11-19,19103674.68,0.00,19103674.68,0.00,1,0,0
18,2026-11-20,28385376.55,0.00,28385376.55,0.00,1,0,0
18,2026-11-25,24851405.21,0.00,24851405.21,0.00,1,0,0
18,2026-11-26,0.00,0.00,0.00,708593.37,0,0,1
18,2026-11-30,0.00,73348756.88,-73348756.88,0.00,0,1,0
18,2026-12-01,29268903.62,0.00,29268903.62,0.00,1,0,0
18,2026-12-02,78443014.70,0.00,78443014.70,0.00,1,0,0
18,2026-12-10,28688930.95,0.00,28688930.95,0.00,1,0,0
18,2026-12-11,0.00,0.00,0.00,1571016.10,0,0,1
18,2026-12-16,61685768.32,0.00,61685768.32,0.00,1,0,0
18,2026-12-23,58216489.75,0.00,58216489.75,0.00,1,0,0
18,2026-12-29,34858489.66,0.00,34858489.66,0.00,1,0,0
19,2025-07-02,214611300.25,0.00,214611300.25,0.00,1,0,0
19,2025-07-03,194787645.88,0.00,194787645.88,0.00,1,0,0
19,2025-07-04,234446341.41,0.00,234446341.41,0.00,1,0,0
19,2025-07-07,356063337.02,0.00,356063337.02,0.00,1,0,0
19,2025-07-09,95889500.92,0.00,95889500.92,0.00,1,0,0
19,2025-07-11,151474040.29,0.00,151474040.29,0.00,1,0,0
19,2025-07-14,395722320.97,0.00,395722320.97,0.00,1,0,0
19,2025-07-16,127341068.39,0.00,127341068.39,0.00,1,0,0
19,2025-07-17,130900933.84,0.00,130900933.84,0.00,1,0,0
19,2025-07-21,959256773.89,0.00,959256773.89,0.00,1,0,0
19,2025-07-23,316127603.68,0.00,316127603.68,0.00,1,0,0
19,2025-07-24,0.00,167647412.60,-167647412.60,0.00,0,1,0
19,2025-08-12,44241378.65,0.00,44241378.65,0.00,1,0,0
19,2025-08-21,0.00,0.00,0.00,1005947.77,0,0,1
19,2025-08-28,0.00,0.00,0.00,4424952.39,0,0,2
19,2025-09-03,0.00,72889793.97,-72889793.97,0.00,0,1,0
19,2025-09-11,70397627.85,0.00,70397627.85,0.00,1,0,0
19,2025-09-16,0.00,106266634.64,-106266634.64,0.00,0,1,0
19,2025-10-01,0.00,58732272.26,-58732272.26,0.00,0,1,0
19,2025-10-10,59176829.43,0.00,59176829.43,0.00,1,0,0
19,2025-10-15,0.00,31705213.21,-31705213.21,0.00,0,1,0
19,2025-10-30,0.00,90812460.34,-90812460.34,0.00,0,1,0
19,2025-11-03,40552179.78,0.00,40552179.78,0.00,1,0,0
19,2025-11-18,0.00,0.00,0.00,1377195.25,0,0,1
19,2025-11-25,0.00,31433303.60,-31433303.60,0.00,0,1,0
19,2025-12-02,51465173.60,0.00,51465173.60,0.00,1,0,0
19,2025-12-10,0.00,67249289.58,-67249289.58,0.00,0,1,0
19,2025-12-19,39436291.67,0.00,39436291.67,0.00,1,0,0
19,2025-12-29,0.00,460167033.68,-460167033.68,0.00,0,1,0
19,2026-01-08,0.00,33322678.17,-33322678.17,0.00,0,1,0
19,2026-01-12,27232939.63,0.00,27232939.63,0.00,1,0,0
19,2026-01-20,0.00,158573217.21,-158573217.21,0.00,0,1,0
19,2026-02-05,0.00,167940019.92,-167940019.92,0.00,0,1,0
19,2026-02-12,49421384.95,0.00,49421384.95,0.00,1,0,0
19,2026-02-18,0.00,0.00,0.00,5542267.93,0,0,1
19,2026-02-20,0.00,28684853.24,-28684853.24,0.00,0,1,0
19,2026-03-06,22647409.08,0.00,22647409.08,0.00,1,0,0
19,2026-03-11,19041978.89,0.00,19041978.89,0.00,1,0,0
19,2026-03-18,30177014.33,0.00,30177014.33,0.00,1,0,0
19,2026-04-13,17435528.26,0.00,17435528.26,0.00,1,0,0
19,2026-04-16,0.00,0.00,0.00,626071.93,0,0,1
19,2026-04-23,88431738.42,0.00,88431738.42,0.00,1,0,0
19,2026-04-28,256492303.72,0.00,256492303.72,0.00,1,0,0
19,2026-05-04,0.00,26400205.01,-26400205.01,0.00,0,1,0
19,2026-05-26,52640488.06,0.00,52640488.06,0.00,1,0,0
19,2026-06-02,49668965.36,0.00,49668965.36,0.00,1,0,0
19,2026-06-09,0.00,0.00,0.00,2300926.36,0,0,1
19,2026-06-17,59729275.19,0.00,59729275.19,0.00,1,0,0
19,2026-07-09,0.00,0.00,0.00,476990.63,0,0,1
19,2026-07-15,23943551.93,0.00,23943551.93,0.00,1,0,0
19,2026-07-23,106725810.41,0.00,106725810.41,0.00,1,0,0
19,2026-07-30,63196084.46,0.00,63196084.46,0.00,1,0,0
19,2026-08-03,0.00,0.00,0.00,2193004.00,0,0,1
19,2026-08-14,117385407.53,0.00,117385407.53,0.00,1,0,0
19,2026-08-17,0.00,67646649.31,-67646649.31,0.00,0,1,0
19,2026-09-01,25669062.38,0.00,25669062.38,0.00,1,0,0
19,2026-09-18,25536202.58,0.00,25536202.58,0.00,1,0,0
19,2026-10-07,21829301.35,0.00,21829301.35,0.00,1,0,0
19,2026-10-13,0.00,0.00,0.00,469940.92,0,0,1
19,2026-10-15,21138315.55,0.00,21138315.55,0.00,1,0,0
19,2026-11-06,77568987.03,0.00,77568987.03,0.00,1,0,0
19,2026-11-09,31056688.97,0.00,31056688.97,0.00,1,0,0
19,2026-11-18,200265700.45,0.00,200265700.45,0.00,1,0,0
19,2026-11-23,36018595.82,0.00,36018595.82,0.00,1,0,0
19,2026-12-04,110373709.99,0.00,110373709.99,0.00,1,0,0
19,2026-12-11,0.00,0.00,0.00,12254570.33,0,0,1
19,2026-12-14,82061638.52,0.00,82061638.52,0.00,1,0,0
19,2026-12-22,0.00,54240740.21,-54240740.21,0.00,0,1,0
20,2025-07-09,85108885.34,0.00,85108885.34,1639490.92,1,0,1
20,2025-07-10,76775799.48,0.00,76775799.48,0.00,1,0,0
20,2025-07-11,126197635.47,0.00,126197635.47,0.00,1,0,0
20,2025-07-14,128818315.31,0.00,128818315.31,0.00,1,0,0
20,2025-07-15,100442030.27,0.00,100442030.27,0.00,1,0,0
20,2025-07-16,138942474.54,0.00,138942474.54,0.00,1,0,0
20,2025-07-17,61936462.74,0.00,61936462.74,0.00,1,0,0
20,2025-07-18,75583118.55,0.00,75583118.55,0.00,1,0,0
20,2025-07-21,60953911.06,0.00,60953911.06,0.00,1,0,0
20,2025-07-22,48215831.91,0.00,48215831.91,0.00,1,0,0
20,2025-07-23,84430869.45,0.00,84430869.45,0.00,1,0,0
20,2025-07-24,81670087.13,0.00,81670087.13,2632804.33,1,0,1
20,2025-07-25,49474425.56,0.00,49474425.56,729098.14,1,0,1
20,2025-07-28,78585774.69,0.00,78585774.69,0.00,1,0,0
20,2025-07-29,89449356.54,0.00,89449356.54,0.00,1,0,0
20,2025-07-30,69912932.69,0.00,69912932.69,0.00,1,0,0
20,2025-07-31,61045108.29,0.00,61045108.29,0.00,1,0,0
20,2025-08-01,150166581.20,0.00,150166581.20,1288901.61,1,0,2
20,2025-08-04,101895330.91,0.00,101895330.91,0.00,1,0,0
20,2025-08-05,68238581.08,0.00,68238581.08,0.00,1,0,0
20,2025-08-06,52501851.09,0.00,52501851.09,0.00,1,0,0
20,2025-08-07,32604744.33,0.00,32604744.33,0.00,1,0,0
20,2025-08-08,17759315.95,0.00,17759315.95,917797.70,1,0,1
20,2025-08-11,0.00,0.00,0.00,4164019.93,0,0,3
20,2025-08-13,0.00,0.00,0.00,1595490.77,0,0,1
20,2025-08-19,43648425.27,0.00,43648425.27,0.00,1,0,0
20,2025-08-22,8408063.03,0.00,8408063.03,987708.84,1,0,1
20,2025-09-05,0.00,0.00,0.00,1231912.87,0,0,1
20,2025-09-08,26437349.68,0.00,26437349.68,0.00,1,0,0
20,2025-09-10,0.00,28682558.00,-28682558.00,0.00,0,1,0
20,2025-09-16,0.00,14463867.68,-14463867.68,0.00,0,1,0
20,2025-09-17,0.00,0.00,0.00,2201610.23,0,0,1
20,2025-09-19,16107116.78,0.00,16107116.78,0.00,1,0,0
20,2025-09-25,8942773.74,0.00,8942773.74,0.00,1,0,0
20,2025-10-06,0.00,0.00,0.00,1081182.75,0,0,1
20,2025-10-09,17621698.82,0.00,17621698.82,0.00,1,0,0
20,2025-10-10,19718371.40,0.00,19718371.40,0.00,1,0,0
20,2025-10-14,0.00,88280160.66,-88280160.66,0.00,0,1,0
20,2025-10-17,0.00,78044752.42,-78044752.42,0.00,0,1,0
20,2025-10-20,0.00,54850051.33,-54850051.33,0.00,0,1,0
20,2025-10-24,0.00,0.00,0.00,886206.30,0,0,1
20,2025-10-29,9871735.97,0.00,9871735.97,0.00,1,0,0
20,2025-11-13,0.00,23252380.23,-23252380.23,0.00,0,1,0
20,2025-11-18,0.00,35287559.16,-35287559.16,0.00,0,1,0
20,2025-11-24,0.00,0.00,0.00,1061700.08,0,0,1
20,2025-12-09,0.00,0.00,0.00,328169.81,0,0,1
20,2025-12-11,0.00,40731304.00,-40731304.00,0.00,0,1,0
20,2025-12-24,5350329.91,0.00,5350329.91,0.00,1,0,0
20,2025-12-26,0.00,57058438.70,-57058438.70,0.00,0,1,0
20,2025-12-29,0.00,70831789.44,-70831789.44,0.00,0,1,0
20,2025-12-31,16652943.11,0.00,16652943.11,0.00,1,0,0
20,2026-01-09,16307726.48,0.00,16307726.48,0.00,1,0,0
20,2026-01-20,0.00,14576800.90,-14576800.90,0.00,0,1,0
20,2026-02-09,0.00,12141901.91,-12141901.91,0.00,0,1,0
20,2026-02-19,0.00,42559919.53,-42559919.53,0.00,0,1,0
20,2026-02-20,76774589.30,0.00,76774589.30,0.00,1,0,0
20,2026-03-02,0.00,0.00,0.00,164974.70,0,0,1
20,2026-03-05,0.00,39517305.18,-39517305.18,0.00,0,1,0
20,2026-03-06,22316991.93,0.00,22316991.93,0.00,1,0,0
20,2026-03-23,81670734.25,0.00,81670734.25,0.00,1,0,0
20,2026-03-24,0.00,19223303.80,-19223303.80,0.00,0,1,0
20,2026-03-30,0.00,33075646.59,-33075646.59,0.00,0,1,0
20,2026-04-01,0.00,8548610.74,-8548610.74,0.00,0,1,0
20,2026-04-06,0.00,0.00,0.00,1502343.12,0,0,1
20,2026-04-08,0.00,26011876.52,-26011876.52,0.00,0,1,0
20,2026-04-16,19114092.93,0.00,19114092.93,0.00,1,0,0
20,2026-04-23,16532501.49,0.00,16532501.49,0.00,1,0,0
20,2026-04-24,0.00,0.00,0.00,1578814.63,0,0,1
20,2026-04-29,0.00,0.00,0.00,563154.86,0,0,1
20,2026-05-06,32344816.20,0.00,32344816.20,0.00,1,0,0
20,2026-05-13,0.00,0.00,0.00,862296.64,0,0,1
20,2026-05-21,0.00,0.00,0.00,406765.28,0,0,1
20,2026-05-28,20442164.33,0.00,20442164.33,141719.99,1,0,1
20,2026-06-01,0.00,25193809.88,-25193809.88,0.00,0,1,0
20,2026-06-05,14251110.13,0.00,14251110.13,825731.92,1,0,1
20,2026-06-10,0.00,0.00,0.00,1105980.65,0,0,1
20,2026-06-12,0.00,0.00,0.00,2156866.70,0,0,1
20,2026-06-15,14668454.29,0.00,14668454.29,694550.38,1,0,1
20,2026-06-16,0.00,0.00,0.00,2600874.50,0,0,2
20,2026-06-23,0.00,0.00,0.00,2733062.43,0,0,1
20,2026-06-24,5315917.12,0.00,5315917.12,0.00,1,0,0
20,2026-06-29,9747234.78,0.00,9747234.78,0.00,1,0,0
20,2026-06-30,0.00,0.00,0.00,587038.86,0,0,1
20,2026-07-02,13411880.68,0.00,13411880.68,0.00,1,0,0
20,2026-07-03,0.00,0.00,0.00,5006222.16,0,0,2
20,2026-07-07,0.00,0.00,0.00,766460.46,0,0,1
20,2026-07-09,14642064.70,0.00,14642064.70,0.00,1,0,0
20,2026-07-13,0.00,11925971.69,-11925971.69,0.00,0,1,0
20,2026-07-14,0.00,0.00,0.00,695753.67,0,0,1
20,2026-07-15,0.00,37776717.33,-37776717.33,0.00,0,1,0
20,2026-07-21,0.00,0.00,0.00,1979922.92,0,0,1
20,2026-07-24,0.00,0.00,0.00,1202886.81,0,0,1
20,2026-07-27,0.00,0.00,0.00,960999.58,0,0,1
20,2026-07-29,34314087.64,0.00,34314087.64,529408.84,1,0,1
20,2026-07-31,12404038.95,0.00,12404038.95,422133.30,1,0,1
20,2026-08-11,0.00,24815124.66,-24815124.66,0.00,0,1,0
20,2026-08-12,0.00,0.00,0.00,2184408.05,0,0,2
20,2026-08-24,0.00,0.00,0.00,342643.77,0,0,1
20,2026-09-04,8411206.88,0.00,8411206.88,0.00,1,0,0
20,2026-09-09,28049921.68,0.00,28049921.68,0.00,1,0,0
20,2026-09-15,0.00,20442423.72,-20442423.72,0.00,0,1,0
20,2026-09-18,15418550.18,0.00,15418550.18,0.00,1,0,0
20,2026-09-29,40654171.69,0.00,40654171.69,0.00,1,0,0
20,2026-10-06,28423878.69,0.00,28423878.69,0.00,1,0,0
20,2026-10-09,38411364.55,0.00,38411364.55,0.00,1,0,0
20,2026-10-30,29884276.87,0.00,29884276.87,0.00,1,0,0
20,2026-11-05,0.00,0.00,0.00,1450596.98,0,0,2
20,2026-11-09,33983173.23,0.00,33983173.23,0.00,1,0,0
20,2026-11-17,47194721.11,0.00,47194721.11,0.00,1,0,0
20,2026-11-19,5548792.54,0.00,5548792.54,0.00,1,0,0
20,2026-11-23,0.00,76894239.95,-76894239.95,0.00,0,1,0
20,2026-11-27,21452624.92,0.00,21452624.92,0.00,1,0,0
20,2026-12-09,3659920.35,0.00,3659920.35,0.00,1,0,0
20,2026-12-16,0.00,30440504.50,-30440504.50,0.00,0,1,0
20,2026-12-18,0.00,24292520.67,-24292520.67,0.00,0,1,0
21,2025-07-11,13869181.89,0.00,13869181.89,0.00,1,0,0
21,2025-07-15,4832636.65,0.00,4832636.65,0.00,1,0,0
21,2025-07-16,14685383.91,0.00,14685383.91,0.00,1,0,0
21,2025-07-17,16036469.65,0.00,16036469.65,0.00,1,0,0
21,2025-07-22,16597708.17,0.00,16597708.17,0.00,1,0,0
21,2025-07-23,6595718.31,0.00,6595718.31,0.00,1,0,0
21,2025-07-24,3574811.25,0.00,3574811.25,0.00,1,0,0
21,2025-07-28,15482052.37,0.00,15482052.37,0.00,1,0,0
21,2025-07-29,22282059.81,0.00,22282059.81,0.00,1,0,0
21,2025-07-31,27834847.23,0.00,27834847.23,0.00,1,0,0
21,2025-08-04,10574131.75,0.00,10574131.75,0.00,1,0,0
21,2025-08-07,26528516.58,0.00,26528516.58,0.00,1,0,0
21,2025-08-08,0.00,5345126.45,-5345126.45,0.00,0,1,0
21,2025-08-25,0.00,4231883.90,-4231883.90,0.00,0,1,0
21,2025-09-02,4217251.11,0.00,4217251.11,0.00,1,0,0
21,2025-09-16,1733128.04,0.00,1733128.04,0.00,1,0,0
21,2025-10-16,4158745.07,0.00,4158745.07,0.00,1,0,0
21,2025-10-30,1665362.65,0.00,1665362.65,0.00,1,0,0
21,2025-11-04,8138750.66,0.00,8138750.66,0.00,1,0,0
21,2025-11-20,3966677.10,0.00,3966677.10,0.00,1,0,0
21,2025-12-08,4958564.32,0.00,4958564.32,0.00,1,0,0
21,2026-01-15,4468062.15,0.00,4468062.15,0.00,1,0,0
21,2026-02-02,944836.75,0.00,944836.75,0.00,1,0,0
21,2026-03-02,0.00,0.00,0.00,75284.59,0,0,1
21,2026-03-16,0.00,12299950.49,-12299950.49,0.00,0,1,0
21,2026-04-10,4933010.96,0.00,4933010.96,0.00,1,0,0
21,2026-04-17,0.00,10678592.65,-10678592.65,0.00,0,1,0
21,2026-04-20,2738099.40,0.00,2738099.40,0.00,1,0,0
21,2026-04-28,0.00,2336463.16,-2336463.16,0.00,0,1,0
21,2026-05-05,0.00,10209358.59,-10209358.59,0.00,0,1,0
21,2026-05-15,0.00,5446894.14,-5446894.14,0.00,0,1,0
21,2026-05-28,0.00,0.00,0.00,64672.53,0,0,1
21,2026-06-17,0.00,0.00,0.00,37509.25,0,0,1
21,2026-06-18,4633158.78,0.00,4633158.78,0.00,1,0,0
21,2026-06-22,826569.80,0.00,826569.80,0.00,1,0,0
21,2026-06-29,1001638.28,0.00,1001638.28,0.00,1,0,0
21,2026-07-17,2149334.48,0.00,2149334.48,0.00,1,0,0
21,2026-07-23,0.00,9688758.64,-9688758.64,0.00,0,1,0
21,2026-07-24,0.00,0.00,0.00,60797.35,0,0,1
21,2026-07-28,0.00,6008262.27,-6008262.27,0.00,0,1,0
21,2026-08-04,7972890.42,0.00,7972890.42,0.00,1,0,0
21,2026-08-20,0.00,0.00,0.00,209309.55,0,0,1
21,2026-08-24,0.00,6277662.64,-6277662.64,0.00,0,1,0
21,2026-09-16,0.00,6006269.12,-6006269.12,0.00,0,1,0
21,2026-09-17,0.00,0.00,0.00,90490.80,0,0,1
21,2026-09-22,1653898.55,0.00,1653898.55,0.00,1,0,0
21,2026-10-01,9713658.50,0.00,9713658.50,0.00,1,0,0
21,2026-10-08,699369.12,0.00,699369.12,0.00,1,0,0
21,2026-10-22,4049001.12,0.00,4049001.12,0.00,1,0,0
21,2026-11-04,0.00,0.00,0.00,121463.07,0,0,1
21,2026-11-05,1728982.25,0.00,1728982.25,0.00,1,0,0
21,2026-11-11,0.00,1696004.88,-1696004.88,0.00,0,1,0
21,2026-11-25,1434664.56,0.00,1434664.56,0.00,1,0,0
21,2026-12-04,391440.35,0.00,391440.35,0.00,1,0,0
21,2026-12-24,0.00,10021768.55,-10021768.55,0.00,0,1,0
22,2025-07-21,139109575.41,0.00,139109575.41,0.00,1,0,0
22,2025-07-24,304880072.22,0.00,304880072.22,0.00,1,0,0
22,2025-07-25,270104739.12,0.00,270104739.12,0.00,1,0,0
22,2025-07-28,261224186.47,0.00,261224186.47,0.00,1,0,0
22,2025-07-29,396900946.45,0.00,396900946.45,0.00,1,0,0
22,2025-07-30,484537872.99,0.00,484537872.99,0.00,1,0,0
22,2025-08-05,348907344.49,0.00,348907344.49,0.00,1,0,0
22,2025-08-07,197596962.74,0.00,197596962.74,0.00,1,0,0
22,2025-08-08,208979318.85,0.00,208979318.85,0.00,1,0,0
22,2025-09-16,0.00,115534867.28,-115534867.28,0.00,0,1,0
22,2025-10-09,44115203.36,0.00,44115203.36,0.00,1,0,0
22,2025-11-04,49621103.87,0.00,49621103.87,0.00,1,0,0
22,2025-11-11,0.00,23201476.18,-23201476.18,0.00,0,1,0
22,2025-11-20,47650694.18,0.00,47650694.18,0.00,1,0,0
22,2026-01-28,0.00,221104050.78,-221104050.78,0.00,0,1,0
22,2026-02-09,16887720.85,0.00,16887720.85,0.00,1,0,0
22,2026-02-17,0.00,45509680.24,-45509680.24,0.00,0,1,0
22,2026-03-17,0.00,99249824.30,-99249824.30,0.00,0,1,0
22,2026-04-23,49325276.29,0.00,49325276.29,0.00,1,0,0
22,2026-05-12,0.00,62615959.67,-62615959.67,0.00,0,1,0
22,2026-06-03,68515769.81,0.00,68515769.81,0.00,1,0,0
22,2026-06-10,48815910.50,0.00,48815910.50,0.00,1,0,0
22,2026-06-23,104185390.50,0.00,104185390.50,0.00,1,0,0
22,2026-07-01,143584964.19,0.00,143584964.19,0.00,1,0,0
22,2026-07-10,89155974.96,0.00,89155974.96,0.00,1,0,0
22,2026-07-13,32078766.06,0.00,32078766.06,0.00,1,0,0
22,2026-07-31,45763598.63,0.00,45763598.63,0.00,1,0,0
22,2026-08-04,67731141.65,0.00,67731141.65,0.00,1,0,0
22,2026-08-14,86865198.10,0.00,86865198.10,0.00,1,0,0
22,2026-08-21,0.00,152234286.43,-152234286.43,0.00,0,1,0
22,2026-08-25,160383285.59,0.00,160383285.59,0.00,1,0,0
22,2026-09-04,59876577.14,0.00,59876577.14,0.00,1,0,0
22,2026-09-10,86629878.86,0.00,86629878.86,0.00,1,0,0
22,2026-09-15,0.00,83770680.64,-83770680.64,0.00,0,1,0
22,2026-09-29,51258250.64,0.00,51258250.64,0.00,1,0,0
22,2026-10-12,0.00,74342710.06,-74342710.06,0.00,0,1,0
22,2026-10-28,52406975.42,0.00,52406975.42,0.00,1,0,0
22,2026-11-23,77545337.78,0.00,77545337.78,0.00,1,0,0
22,2026-12-01,0.00,70280216.93,-70280216.93,0.00,0,1,0
23,2025-08-04,123211317.93,0.00,123211317.93,0.00,1,0,0
23,2025-08-06,142877283.48,0.00,142877283.48,0.00,1,0,0
23,2025-08-07,73554584.65,0.00,73554584.65,0.00,1,0,0
23,2025-08-08,161181480.25,0.00,161181480.25,0.00,1,0,0
23,2025-08-11,101596340.40,0.00,101596340.40,0.00,1,0,0
23,2025-08-12,206818029.33,0.00,206818029.33,2036672.64,1,0,1
23,2025-08-13,172456342.71,0.00,172456342.71,0.00,1,0,0
23,2025-08-14,262530802.04,0.00,262530802.04,0.00,1,0,0
23,2025-08-18,149998933.35,0.00,149998933.35,0.00,1,0,0
23,2025-08-19,164968065.24,0.00,164968065.24,0.00,1,0,0
23,2025-08-20,77148983.66,0.00,77148983.66,0.00,1,0,0
23,2025-08-21,150016926.48,0.00,150016926.48,0.00,1,0,0
23,2025-08-25,138283911.30,0.00,138283911.30,0.00,1,0,0
23,2025-08-26,208225434.82,0.00,208225434.82,0.00,1,0,0
23,2025-08-28,59686742.27,0.00,59686742.27,0.00,1,0,0
23,2025-08-29,91201630.89,0.00,91201630.89,0.00,1,0,0
23,2025-09-02,145281967.92,0.00,145281967.92,0.00,1,0,0
23,2025-09-03,184583935.20,0.00,184583935.20,0.00,1,0,0
23,2025-09-04,345173147.77,0.00,345173147.77,0.00,1,0,0
23,2025-09-05,65527827.17,0.00,65527827.17,0.00,1,0,0
23,2025-09-09,304511077.84,0.00,304511077.84,0.00,1,0,0
23,2025-09-10,426783014.45,0.00,426783014.45,0.00,1,0,0
23,2025-09-11,77719477.83,0.00,77719477.83,2307509.45,1,0,1
23,2025-09-12,0.00,70626589.24,-70626589.24,0.00,0,1,0
23,2025-09-17,28852706.36,0.00,28852706.36,2664117.13,1,0,1
23,2025-09-18,21951906.67,0.00,21951906.67,0.00,1,0,0
23,2025-09-22,14559490.10,0.00,14559490.10,0.00,1,0,0
23,2025-09-29,19838455.08,0.00,19838455.08,0.00,1,0,0
23,2025-10-03,0.00,70438547.79,-70438547.79,0.00,0,1,0
23,2025-10-06,0.00,0.00,0.00,3171855.38,0,0,1
23,2025-10-20,21517585.84,0.00,21517585.84,0.00,1,0,0
23,2025-10-24,10990736.15,0.00,10990736.15,0.00,1,0,0
23,2025-10-30,6519830.62,0.00,6519830.62,0.00,1,0,0
23,2025-11-04,0.00,0.00,0.00,5458739.06,0,0,1
23,2025-11-06,0.00,0.00,0.00,2966504.00,0,0,1
23,2025-11-07,0.00,46953949.60,-46953949.60,0.00,0,1,0
23,2025-11-10,0.00,0.00,0.00,1050519.27,0,0,1
23,2025-11-19,0.00,0.00,0.00,1480891.54,0,0,1
23,2025-11-24,0.00,0.00,0.00,2744077.69,0,0,1
23,2025-11-25,0.00,0.00,0.00,5219088.01,0,0,1
23,2025-11-26,7879291.00,0.00,7879291.00,0.00,1,0,0
23,2025-11-27,0.00,79100278.37,-79100278.37,0.00,0,1,0
23,2025-12-05,56202930.87,0.00,56202930.87,0.00,1,0,0
23,2025-12-15,50832123.96,0.00,50832123.96,0.00,1,0,0
23,2025-12-16,0.00,80143699.16,-80143699.16,0.00,0,1,0
23,2026-01-01,17470127.75,0.00,17470127.75,0.00,1,0,0
23,2026-01-05,0.00,21936867.54,-21936867.54,0.00,0,1,0
23,2026-01-15,24521258.09,0.00,24521258.09,0.00,1,0,0
23,2026-01-16,33801008.06,0.00,33801008.06,0.00,1,0,0
23,2026-01-28,0.00,127716991.98,-127716991.98,0.00,0,1,0
23,2026-01-29,19125432.10,0.00,19125432.10,0.00,1,0,0
23,2026-02-09,101596346.37,0.00,101596346.37,0.00,1,0,0
23,2026-02-12,0.00,23571949.57,-23571949.57,0.00,0,1,0
23,2026-02-16,31477721.49,0.00,31477721.49,0.00,1,0,0
23,2026-02-17,0.00,21791155.11,-21791155.11,0.00,0,1,0
23,2026-02-27,28587643.65,0.00,28587643.65,0.00,1,0,0
23,2026-03-03,0.00,0.00,0.00,736967.37,0,0,1
23,2026-03-12,99614711.19,0.00,99614711.19,0.00,1,0,0
23,2026-03-18,25882716.26,0.00,25882716.26,0.00,1,0,0
23,2026-03-23,0.00,46050978.72,-46050978.72,0.00,0,1,0
23,2026-03-24,28115787.64,0.00,28115787.64,0.00,1,0,0
23,2026-03-27,0.00,0.00,0.00,6035762.85,0,0,1
23,2026-03-30,47395499.66,0.00,47395499.66,0.00,1,0,0
23,2026-04-02,0.00,31075114.95,-31075114.95,0.00,0,1,0
23,2026-04-06,0.00,0.00,0.00,3145601.89,0,0,1
23,2026-04-07,17719816.01,0.00,17719816.01,0.00,1,0,0
23,2026-04-08,32393361.18,0.00,32393361.18,0.00,1,0,0
23,2026-04-10,0.00,0.00,0.00,2791187.96,0,0,1
23,2026-04-15,0.00,48667676.61,-48667676.61,0.00,0,1,0
23,2026-04-23,0.00,74589696.66,-74589696.66,0.00,0,1,0
23,2026-04-24,0.00,0.00,0.00,2330271.81,0,0,1
23,2026-04-29,19402324.21,0.00,19402324.21,0.00,1,0,0
23,2026-04-30,23835694.87,0.00,23835694.87,0.00,1,0,0
23,2026-05-05,29853921.09,0.00,29853921.09,0.00,1,0,0
23,2026-05-06,15309414.88,0.00,15309414.88,0.00,1,0,0
23,2026-05-13,0.00,0.00,0.00,3470819.38,0,0,1
23,2026-05-22,0.00,67895220.55,-67895220.55,0.00,0,1,0
23,2026-05-26,0.00,47071138.66,-47071138.66,0.00,0,1,0
23,2026-05-28,81028026.54,0.00,81028026.54,0.00,1,0,0
23,2026-06-04,0.00,53356122.81,-53356122.81,0.00,0,1,0
23,2026-06-05,0.00,0.00,0.00,1979182.25,0,0,1
23,2026-06-09,20616499.76,0.00,20616499.76,0.00,1,0,0
23,2026-06-12,17405404.66,0.00,17405404.66,0.00,1,0,0
23,2026-06-22,0.00,0.00,0.00,12130746.24,0,0,3
23,2026-06-25,0.00,77162627.42,-77162627.42,0.00,0,1,0
23,2026-06-26,22487806.99,0.00,22487806.99,0.00,1,0,0
23,2026-06-29,0.00,117018041.09,-117018041.09,0.00,0,1,0
23,2026-06-30,0.00,0.00,0.00,2910469.98,0,0,1
23,2026-07-07,0.00,0.00,0.00,2339588.87,0,0,1
23,2026-07-08,24675414.08,0.00,24675414.08,0.00,1,0,0
23,2026-07-09,0.00,0.00,0.00,3755992.18,0,0,1
23,2026-07-14,11706071.31,0.00,11706071.31,0.00,1,0,0
23,2026-07-15,24362465.78,0.00,24362465.78,5055498.89,1,0,1
23,2026-07-24,0.00,73392770.93,-73392770.93,0.00,0,1,0
23,2026-07-27,33268690.21,0.00,33268690.21,0.00,1,0,0
23,2026-07-28,0.00,0.00,0.00,5637316.64,0,0,1
23,2026-07-29,0.00,0.00,0.00,1163212.48,0,0,1
23,2026-07-31,0.00,54054229.01,-54054229.01,0.00,0,1,0
23,2026-08-03,0.00,181936006.43,-181936006.43,0.00,0,1,0
23,2026-08-04,0.00,0.00,0.00,2863650.15,0,0,1
23,2026-08-06,0.00,79436748.09,-79436748.09,0.00,0,1,0
23,2026-08-18,26129291.45,0.00,26129291.45,0.00,1,0,0
23,2026-08-21,0.00,0.00,0.00,2200344.43,0,0,1
23,2026-08-25,0.00,51461380.12,-51461380.12,0.00,0,1,0
23,2026-08-26,0.00,0.00,0.00,2773630.68,0,0,1
23,2026-09-04,95549880.90,0.00,95549880.90,0.00,1,0,0
23,2026-09-08,16265597.20,0.00,16265597.20,0.00,1,0,0
23,2026-09-09,0.00,0.00,0.00,3550006.20,0,0,1
23,2026-09-10,0.00,27585515.25,-27585515.25,0.00,0,1,0
23,2026-09-23,0.00,0.00,0.00,2042266.63,0,0,1
23,2026-09-28,0.00,75898814.48,-75898814.48,0.00,0,1,0
23,2026-10-05,0.00,0.00,0.00,1181226.39,0,0,1
23,2026-10-15,25823919.83,0.00,25823919.83,0.00,1,0,0
23,2026-10-19,42773863.38,0.00,42773863.38,0.00,1,0,0
23,2026-10-23,48387963.05,0.00,48387963.05,0.00,1,0,0
23,2026-10-26,40478189.31,0.00,40478189.31,0.00,1,0,0
23,2026-10-28,0.00,195269746.65,-195269746.65,0.00,0,1,0
23,2026-11-05,0.00,0.00,0.00,5178651.48,0,0,1
23,2026-11-11,0.00,92565836.55,-92565836.55,0.00,0,1,0
23,2026-11-18,0.00,16789025.06,-16789025.06,0.00,0,1,0
23,2026-11-19,87502815.65,0.00,87502815.65,0.00,1,0,0
23,2026-11-27,41585974.18,0.00,41585974.18,0.00,1,0,0
23,2026-12-09,0.00,0.00,0.00,1453354.86,0,0,1
23,2026-12-14,24019486.13,0.00,24019486.13,0.00,1,0,0
23,2026-12-16,0.00,77396559.71,-77396559.71,0.00,0,1,0
23,2026-12-21,36800596.70,0.00,36800596.70,0.00,1,0,0
23,2026-12-23,74031934.85,0.00,74031934.85,0.00,1,0,0
24,2025-08-06,91995070.97,0.00,91995070.97,0.00,1,0,0
24,2025-08-07,33362360.26,0.00,33362360.26,0.00,1,0,0
24,2025-08-08,131576278.73,0.00,131576278.73,0.00,1,0,0
24,2025-08-11,59800907.48,0.00,59800907.48,1506990.37,1,0,1
24,2025-08-12,114488307.57,0.00,114488307.57,0.00,1,0,0
24,2025-08-13,93849986.42,0.00,93849986.42,0.00,1,0,0
24,2025-08-14,44140123.61,0.00,44140123.61,1210197.29,1,0,1
24,2025-08-19,59044086.75,0.00,59044086.75,0.00,1,0,0
24,2025-08-20,53754776.72,0.00,53754776.72,0.00,1,0,0
24,2025-08-21,39627935.85,0.00,39627935.85,420289.85,1,0,1
24,2025-08-22,66526338.07,0.00,66526338.07,0.00,1,0,0
24,2025-08-25,76357798.85,0.00,76357798.85,0.00,1,0,0
24,2025-08-26,29495650.09,0.00,29495650.09,0.00,1,0,0
24,2025-08-28,69214580.18,0.00,69214580.18,0.00,1,0,0
24,2025-08-29,30778351.74,0.00,30778351.74,0.00,1,0,0
24,2025-09-01,8796775.10,0.00,8796775.10,0.00,1,0,0
24,2025-09-03,4111580.70,0.00,4111580.70,0.00,1,0,0
24,2025-09-04,0.00,66799774.02,-66799774.02,0.00,0,1,0
24,2025-09-05,66525841.64,0.00,66525841.64,0.00,1,0,0
24,2025-09-08,8319711.25,0.00,8319711.25,0.00,1,0,0
24,2025-09-09,23854899.95,0.00,23854899.95,0.00,1,0,0
24,2025-09-10,6520012.97,0.00,6520012.97,0.00,1,0,0
24,2025-09-11,15378171.76,0.00,15378171.76,0.00,1,0,0
24,2025-09-12,29830905.17,0.00,29830905.17,0.00,1,0,0
24,2025-09-15,11667279.45,0.00,11667279.45,0.00,1,0,0
24,2025-09-16,0.00,85009917.17,-85009917.17,0.00,0,1,0
24,2025-09-19,0.00,5677757.70,-5677757.70,0.00,0,1,0
24,2025-09-22,0.00,82440064.19,-82440064.19,0.00,0,1,0
24,2025-09-25,10366141.38,0.00,10366141.38,0.00,1,0,0
24,2025-09-29,91995044.88,0.00,91995044.88,602773.37,1,0,1
24,2025-09-30,0.00,37735846.50,-37735846.50,0.00,0,1,0
24,2025-10-01,8474709.03,0.00,8474709.03,0.00,1,0,0
24,2025-10-03,0.00,65959187.35,-65959187.35,0.00,0,1,0
24,2025-10-06,0.00,20806084.78,-20806084.78,0.00,0,1,0
24,2025-10-07,20352640.67,0.00,20352640.67,0.00,1,0,0
24,2025-10-08,0.00,10470696.44,-10470696.44,0.00,0,1,0
24,2025-10-09,7218323.70,0.00,7218323.70,0.00,1,0,0
24,2025-10-14,0.00,8830255.86,-8830255.86,0.00,0,1,0
24,2025-10-16,42555753.60,0.00,42555753.60,0.00,1,0,0
24,2025-10-17,0.00,22192939.62,-22192939.62,0.00,0,1,0
24,2025-10-20,5399378.28,0.00,5399378.28,93577.67,1,0,1
24,2025-10-23,24547651.84,0.00,24547651.84,0.00,1,0,0
24,2025-10-24,0.00,6421149.76,-6421149.76,0.00,0,1,0
24,2025-10-27,0.00,20542159.85,-20542159.85,0.00,0,1,0
24,2025-10-28,9862576.22,0.00,9862576.22,0.00,1,0,0
24,2025-10-29,66525950.17,0.00,66525950.17,0.00,1,0,0
24,2025-11-03,0.00,46675790.23,-46675790.23,0.00,0,1,0
24,2025-11-04,0.00,15707835.87,-15707835.87,0.00,0,1,0
24,2025-11-06,14729248.22,0.00,14729248.22,0.00,1,0,0
24,2025-11-07,0.00,11034880.16,-11034880.16,0.00,0,1,0
24,2025-11-13,5702255.80,0.00,5702255.80,0.00,1,0,0
24,2025-11-14,0.00,153520768.75,-153520768.75,0.00,0,1,0
24,2025-11-17,6486780.12,0.00,6486780.12,0.00,1,0,0
24,2025-11-18,114488370.98,0.00,114488370.98,0.00,1,0,0
24,2025-11-19,20254964.61,0.00,20254964.61,1046222.26,1,0,1
24,2025-11-20,0.00,28292525.27,-28292525.27,0.00,0,1,0
24,2025-11-21,17835959.75,0.00,17835959.75,0.00,1,0,0
24,2025-11-24,0.00,11362542.44,-11362542.44,261973.00,0,1,1
24,2025-11-25,0.00,15325955.15,-15325955.15,0.00,0,1,0
24,2025-11-27,16411328.86,0.00,16411328.86,0.00,1,0,0
24,2025-11-28,22961892.95,0.00,22961892.95,0.00,1,0,0
24,2025-12-02,0.00,231302566.96,-231302566.96,0.00,0,1,0
24,2025-12-05,22682573.41,0.00,22682573.41,0.00,1,0,0
24,2025-12-08,17287948.14,0.00,17287948.14,0.00,1,0,0
24,2025-12-09,22582919.01,0.00,22582919.01,0.00,1,0,0
24,2025-12-10,6208489.49,0.00,6208489.49,0.00,1,0,0
24,2025-12-11,3354002.13,0.00,3354002.13,0.00,1,0,0
24,2025-12-12,0.00,8250010.48,-8250010.48,0.00,0,1,0
24,2025-12-15,0.00,28942354.07,-28942354.07,0.00,0,1,0
24,2025-12-16,0.00,31117281.37,-31117281.37,0.00,0,1,0
24,2025-12-17,0.00,33244115.81,-33244115.81,0.00,0,1,0
24,2025-12-18,19822674.21,0.00,19822674.21,0.00,1,0,0
24,2025-12-19,39626634.22,0.00,39626634.22,0.00,1,0,0
24,2025-12-22,0.00,109933619.76,-109933619.76,0.00,0,1,0
24,2025-12-24,0.00,38148669.23,-38148669.23,0.00,0,1,0
24,2025-12-26,19399502.70,0.00,19399502.70,0.00,1,0,0
24,2025-12-30,0.00,6502147.31,-6502147.31,0.00,0,1,0
24,2025-12-31,0.00,13639261.53,-13639261.53,0.00,0,1,0
24,2026-01-02,22951879.27,0.00,22951879.27,0.00,1,0,0
24,2026-01-05,21669872.33,0.00,21669872.33,0.00,1,0,0
24,2026-01-06,10593843.23,0.00,10593843.23,0.00,1,0,0
24,2026-01-08,0.00,52751878.60,-52751878.60,0.00,0,1,0
24,2026-01-09,6463517.86,0.00,6463517.86,0.00,1,0,0
24,2026-01-13,0.00,50836175.85,-50836175.85,0.00,0,1,0
24,2026-01-14,16949446.37,0.00,16949446.37,0.00,1,0,0
24,2026-01-15,0.00,64118735.60,-64118735.60,0.00,0,1,0
24,2026-01-19,0.00,30776274.49,-30776274.49,0.00,0,1,0
24,2026-01-21,6650806.19,0.00,6650806.19,0.00,1,0,0
24,2026-01-23,0.00,18492466.52,-18492466.52,0.00,0,1,0
24,2026-01-27,6958529.65,0.00,6958529.65,0.00,1,0,0
24,2026-01-28,131576280.20,0.00,131576280.20,0.00,1,0,0
24,2026-01-29,7783009.51,0.00,7783009.51,0.00,1,0,0
24,2026-02-03,0.00,8182619.92,-8182619.92,0.00,0,1,0
24,2026-02-04,6108397.08,0.00,6108397.08,0.00,1,0,0
24,2026-02-06,13898455.35,0.00,13898455.35,0.00,1,0,0
24,2026-02-09,59044067.66,0.00,59044067.66,0.00,1,0,0
24,2026-02-10,0.00,35315512.41,-35315512.41,0.00,0,1,0
24,2026-02-11,0.00,22553938.57,-22553938.57,0.00,0,1,0
24,2026-02-12,5130446.44,0.00,5130446.44,0.00,1,0,0
24,2026-02-13,10103595.90,0.00,10103595.90,0.00,1,0,0
24,2026-02-16,0.00,106252569.86,-106252569.86,0.00,0,1,0
24,2026-02-18,0.00,37242280.19,-37242280.19,0.00,0,1,0
24,2026-02-19,4502054.81,0.00,4502054.81,0.00,1,0,0
24,2026-02-20,0.00,15913352.73,-15913352.73,0.00,0,1,0
24,2026-02-23,12536382.90,0.00,12536382.90,0.00,1,0,0
24,2026-02-24,44140534.03,0.00,44140534.03,0.00,1,0,0
24,2026-02-25,0.00,6389736.37,-6389736.37,0.00,0,1,0
24,2026-02-26,4379432.16,0.00,4379432.16,0.00,1,0,0
24,2026-02-27,0.00,9730253.23,-9730253.23,0.00,0,1,0
24,2026-03-02,8413316.63,0.00,8413316.63,0.00,1,0,0
24,2026-03-03,0.00,10755939.00,-10755939.00,0.00,0,1,0
24,2026-03-05,0.00,12575144.25,-12575144.25,0.00,0,1,0
24,2026-03-06,91995084.99,0.00,91995084.99,0.00,1,0,0
24,2026-03-09,4610294.90,0.00,4610294.90,0.00,1,0,0
24,2026-03-10,16226761.53,0.00,16226761.53,0.00,1,0,0
24,2026-03-11,0.00,26984729.33,-26984729.33,0.00,0,1,0
24,2026-03-12,0.00,45701729.60,-45701729.60,0.00,0,1,0
24,2026-03-13,13653963.00,0.00,13653963.00,0.00,1,0,0
24,2026-03-16,76357724.09,0.00,76357724.09,0.00,1,0,0
24,2026-03-17,0.00,37412897.05,-37412897.05,0.00,0,1,0
24,2026-03-18,69214629.53,0.00,69214629.53,0.00,1,0,0
24,2026-03-19,0.00,8278866.78,-8278866.78,0.00,0,1,0
24,2026-03-23,0.00,7509356.55,-7509356.55,0.00,0,1,0
24,2026-03-24,0.00,3651604.48,-3651604.48,0.00,0,1,0
24,2026-03-25,0.00,40196689.34,-40196689.34,0.00,0,1,0
24,2026-03-27,15235772.84,0.00,15235772.84,0.00,1,0,0
24,2026-03-30,0.00,63675049.60,-63675049.60,0.00,0,1,0
24,2026-04-01,0.00,56605551.42,-56605551.42,0.00,0,1,0
24,2026-04-02,59044086.56,0.00,59044086.56,0.00,1,0,0
24,2026-04-06,0.00,31567321.59,-31567321.59,0.00,0,1,0
24,2026-04-07,0.00,8254519.52,-8254519.52,0.00,0,1,0
24,2026-04-08,11755536.61,0.00,11755536.61,0.00,1,0,0
24,2026-04-09,0.00,8722491.64,-8722491.64,0.00,0,1,0
24,2026-04-13,7703755.70,0.00,7703755.70,0.00,1,0,0
24,2026-04-16,0.00,19136733.59,-19136733.59,0.00,0,1,0
24,2026-04-17,19727622.85,0.00,19727622.85,0.00,1,0,0
24,2026-04-20,33362365.91,0.00,33362365.91,0.00,1,0,0
24,2026-04-22,0.00,19513391.30,-19513391.30,0.00,0,1,0
24,2026-04-23,27617168.21,0.00,27617168.21,0.00,1,0,0
24,2026-04-27,0.00,58956774.82,-58956774.82,0.00,0,1,0
24,2026-04-28,6442570.04,0.00,6442570.04,0.00,1,0,0
24,2026-05-06,131575951.99,0.00,131575951.99,0.00,1,0,0
24,2026-05-08,21502643.67,0.00,21502643.67,0.00,1,0,0
24,2026-05-11,11468763.10,0.00,11468763.10,0.00,1,0,0
24,2026-05-12,0.00,84656661.56,-84656661.56,0.00,0,1,0
24,2026-05-13,15642987.44,0.00,15642987.44,0.00,1,0,0
24,2026-05-14,0.00,11402198.66,-11402198.66,0.00,0,1,0
24,2026-05-15,0.00,39277263.90,-39277263.90,0.00,0,1,0
24,2026-05-19,3859822.62,0.00,3859822.62,0.00,1,0,0
24,2026-05-20,12872340.33,0.00,12872340.33,0.00,1,0,0
24,2026-05-21,0.00,32648153.23,-32648153.23,0.00,0,1,0
24,2026-05-25,53754804.01,0.00,53754804.01,0.00,1,0,0
24,2026-05-28,0.00,6654608.48,-6654608.48,0.00,0,1,0
24,2026-05-29,0.00,56258120.27,-56258120.27,0.00,0,1,0
24,2026-06-02,0.00,8189333.64,-8189333.64,0.00,0,1,0
24,2026-06-03,15358450.17,0.00,15358450.17,0.00,1,0,0
24,2026-06-04,14166466.59,0.00,14166466.59,0.00,1,0,0
24,2026-06-05,69214449.55,0.00,69214449.55,0.00,1,0,0
24,2026-06-09,23260940.68,0.00,23260940.68,0.00,1,0,0
24,2026-06-10,0.00,33731512.47,-33731512.47,0.00,0,1,0
24,2026-06-11,59800941.98,0.00,59800941.98,0.00,1,0,0
24,2026-06-12,0.00,16013684.38,-16013684.38,0.00,0,1,0
24,2026-06-15,39551579.33,0.00,39551579.33,0.00,1,0,0
24,2026-06-16,19589526.83,0.00,19589526.83,556065.36,1,0,1
24,2026-06-17,18617812.80,0.00,18617812.80,0.00,1,0,0
24,2026-06-18,0.00,14745586.71,-14745586.71,0.00,0,1,0
24,2026-06-19,0.00,4524036.06,-4524036.06,0.00,0,1,0
24,2026-06-22,0.00,10204927.31,-10204927.31,0.00,0,1,0
24,2026-06-23,23876904.66,0.00,23876904.66,0.00,1,0,0
24,2026-06-26,11721167.22,0.00,11721167.22,706927.53,1,0,1
24,2026-06-29,23039264.51,0.00,23039264.51,0.00,1,0,0
24,2026-07-01,0.00,0.00,0.00,349811.93,0,0,1
24,2026-07-02,0.00,22900920.65,-22900920.65,0.00,0,1,0
24,2026-07-07,5595799.21,0.00,5595799.21,0.00,1,0,0
24,2026-07-08,0.00,88864013.81,-88864013.81,0.00,0,1,0
24,2026-07-10,0.00,4631616.38,-4631616.38,1242445.67,0,1,1
24,2026-07-13,0.00,0.00,0.00,1178030.23,0,0,1
24,2026-07-14,69214607.44,0.00,69214607.44,0.00,1,0,0
24,2026-07-15,0.00,28788265.87,-28788265.87,0.00,0,1,0
24,2026-07-20,10564931.14,0.00,10564931.14,0.00,1,0,0
24,2026-07-23,32412676.58,0.00,32412676.58,0.00,1,0,0
24,2026-07-24,0.00,0.00,0.00,996260.23,0,0,1
24,2026-07-27,0.00,93279069.35,-93279069.35,0.00,0,1,0
24,2026-07-28,8714871.60,0.00,8714871.60,911234.64,1,0,1
24,2026-07-29,13424896.65,0.00,13424896.65,0.00,1,0,0
24,2026-07-30,0.00,8371268.14,-8371268.14,0.00,0,1,0
24,2026-07-31,0.00,44423817.62,-44423817.62,0.00,0,1,0
24,2026-08-03,0.00,17650722.17,-17650722.17,0.00,0,1,0
24,2026-08-05,66526134.86,0.00,66526134.86,0.00,1,0,0
24,2026-08-06,0.00,26142352.08,-26142352.08,0.00,0,1,0
24,2026-08-07,0.00,0.00,0.00,984474.15,0,0,1
24,2026-08-11,12411906.94,0.00,12411906.94,0.00,1,0,0
24,2026-08-12,93849778.98,0.00,93849778.98,0.00,1,0,0
24,2026-08-13,7791992.10,0.00,7791992.10,0.00,1,0,0
24,2026-08-14,0.00,10392677.06,-10392677.06,0.00,0,1,0
24,2026-08-17,4228494.79,0.00,4228494.79,0.00,1,0,0
24,2026-08-18,0.00,10632139.02,-10632139.02,0.00,0,1,0
24,2026-08-19,6470581.65,0.00,6470581.65,0.00,1,0,0
24,2026-08-20,20082784.10,0.00,20082784.10,0.00,1,0,0
24,2026-08-21,0.00,0.00,0.00,4285686.42,0,0,2
24,2026-08-24,6610111.30,0.00,6610111.30,0.00,1,0,0
24,2026-08-25,0.00,11156048.93,-11156048.93,0.00,0,1,0
24,2026-08-26,0.00,34864805.58,-34864805.58,0.00,0,1,0
24,2026-08-27,0.00,0.00,0.00,568130.77,0,0,1
24,2026-08-28,21777792.97,0.00,21777792.97,386100.46,1,0,1
24,2026-08-31,0.00,12848420.79,-12848420.79,0.00,0,1,0
24,2026-09-02,12279887.91,0.00,12279887.91,0.00,1,0,0
24,2026-09-03,8309576.22,0.00,8309576.22,0.00,1,0,0
24,2026-09-04,0.00,24090539.05,-24090539.05,0.00,0,1,0
24,2026-09-08,0.00,0.00,0.00,159399.50,0,0,1
24,2026-09-10,0.00,12776086.81,-12776086.81,0.00,0,1,0
24,2026-09-11,0.00,8221736.13,-8221736.13,0.00,0,1,0
24,2026-09-15,4226756.99,0.00,4226756.99,0.00,1,0,0
24,2026-09-16,0.00,27759754.54,-27759754.54,0.00,0,1,0
24,2026-09-18,0.00,10817643.50,-10817643.50,0.00,0,1,0
24,2026-09-21,0.00,2977057.83,-2977057.83,79532.08,0,1,1
24,2026-09-22,40963170.56,0.00,40963170.56,0.00,1,0,0
24,2026-09-23,5458387.65,0.00,5458387.65,961408.73,1,0,1
24,2026-09-24,26433113.15,0.00,26433113.15,0.00,1,0,0
24,2026-09-25,10680024.80,0.00,10680024.80,0.00,1,0,0
24,2026-09-28,23865590.97,0.00,23865590.97,532164.82,1,0,1
24,2026-09-29,0.00,81203196.50,-81203196.50,0.00,0,1,0
24,2026-10-05,15464283.27,0.00,15464283.27,961261.68,1,0,1
24,2026-10-07,0.00,0.00,0.00,89884.49,0,0,1
24,2026-10-08,0.00,112918351.95,-112918351.95,0.00,0,1,0
24,2026-10-12,0.00,15786734.11,-15786734.11,0.00,0,1,0
24,2026-10-13,114488742.19,0.00,114488742.19,0.00,1,0,0
24,2026-10-14,25950494.79,0.00,25950494.79,0.00,1,0,0
24,2026-10-15,6290125.48,0.00,6290125.48,0.00,1,0,0
24,2026-10-16,11223478.10,0.00,11223478.10,0.00,1,0,0
24,2026-10-21,29758724.20,0.00,29758724.20,0.00,1,0,0
24,2026-10-22,17837709.47,0.00,17837709.47,0.00,1,0,0
24,2026-10-27,28592564.63,0.00,28592564.63,0.00,1,0,0
24,2026-10-28,6399515.06,0.00,6399515.06,0.00,1,0,0
24,2026-11-02,0.00,15612013.64,-15612013.64,0.00,0,1,0
24,2026-11-03,12248985.87,0.00,12248985.87,0.00,1,0,0
24,2026-11-09,6081497.62,0.00,6081497.62,97941.71,1,0,1
24,2026-11-12,0.00,25400909.60,-25400909.60,0.00,0,1,0
24,2026-11-13,0.00,13650535.82,-13650535.82,0.00,0,1,0
24,2026-11-17,12095545.59,0.00,12095545.59,0.00,1,0,0
24,2026-11-18,15026878.90,0.00,15026878.90,0.00,1,0,0
24,2026-11-19,0.00,20533323.54,-20533323.54,0.00,0,1,0
24,2026-11-20,19395615.57,0.00,19395615.57,0.00,1,0,0
24,2026-11-25,6025582.56,0.00,6025582.56,0.00,1,0,0
24,2026-11-26,0.00,33340055.75,-33340055.75,0.00,0,1,0
24,2026-11-30,0.00,25412897.86,-25412897.86,0.00,0,1,0
24,2026-12-01,39713247.68,0.00,39713247.68,0.00,1,0,0
24,2026-12-02,11437658.88,0.00,11437658.88,0.00,1,0,0
24,2026-12-07,19583828.02,0.00,19583828.02,0.00,1,0,0
24,2026-12-09,14828124.64,0.00,14828124.64,0.00,1,0,0
24,2026-12-10,3527989.85,0.00,3527989.85,0.00,1,0,0
24,2026-12-11,15961150.26,0.00,15961150.26,0.00,1,0,0
24,2026-12-15,0.00,53294643.90,-53294643.90,0.00,0,1,0
24,2026-12-16,0.00,106147712.22,-106147712.22,0.00,0,1,0
24,2026-12-21,0.00,24467132.79,-24467132.79,0.00,0,1,0
24,2026-12-22,0.00,14977109.64,-14977109.64,0.00,0,1,0
24,2026-12-23,22942257.11,0.00,22942257.11,0.00,1,0,0
24,2026-12-28,30009365.40,0.00,30009365.40,0.00,1,0,0
24,2026-12-31,6914732.41,0.00,6914732.41,0.00,1,0,0
25,2025-08-11,187842910.52,0.00,187842910.52,0.00,1,0,0
25,2025-08-12,454387676.81,0.00,454387676.81,0.00,1,0,0
25,2025-08-14,269824642.53,0.00,269824642.53,0.00,1,0,0
25,2025-08-20,192046326.08,0.00,192046326.08,0.00,1,0,0
25,2025-08-21,147340890.92,0.00,147340890.92,0.00,1,0,0
25,2025-08-22,220532734.93,0.00,220532734.93,0.00,1,0,0
25,2025-08-25,142061076.56,0.00,142061076.56,0.00,1,0,0
25,2025-08-28,585799785.84,0.00,585799785.84,0.00,1,0,0
25,2025-08-29,244384474.89,0.00,244384474.89,0.00,1,0,0
25,2025-09-01,270636155.99,0.00,270636155.99,0.00,1,0,0
25,2025-09-02,228662518.62,0.00,228662518.62,0.00,1,0,0
25,2025-09-04,64578317.51,0.00,64578317.51,0.00,1,0,0
25,2025-09-17,66849716.61,0.00,66849716.61,0.00,1,0,0
25,2025-10-13,0.00,0.00,0.00,1293418.20,0,0,1
25,2025-10-27,55784601.76,0.00,55784601.76,0.00,1,0,0
25,2025-11-03,0.00,123459737.51,-123459737.51,0.00,0,1,0
25,2025-11-14,0.00,118826990.07,-118826990.07,0.00,0,1,0
25,2025-11-26,0.00,269819012.98,-269819012.98,0.00,0,1,0
25,2025-12-09,0.00,0.00,0.00,2411652.20,0,0,1
25,2025-12-11,0.00,45643272.37,-45643272.37,0.00,0,1,0
25,2025-12-26,0.00,134394625.27,-134394625.27,0.00,0,1,0
25,2026-01-02,0.00,123034298.73,-123034298.73,0.00,0,1,0
25,2026-01-07,53372721.23,0.00,53372721.23,0.00,1,0,0
25,2026-01-19,58999469.05,0.00,58999469.05,0.00,1,0,0
25,2026-02-03,0.00,14480531.11,-14480531.11,0.00,0,1,0
25,2026-02-11,41317416.01,0.00,41317416.01,0.00,1,0,0
25,2026-02-18,75699657.46,0.00,75699657.46,0.00,1,0,0
25,2026-03-05,0.00,64376229.68,-64376229.68,0.00,0,1,0
25,2026-03-18,63765764.93,0.00,63765764.93,0.00,1,0,0
25,2026-03-25,110444060.40,0.00,110444060.40,0.00,1,0,0
25,2026-04-02,0.00,245854374.33,-245854374.33,0.00,0,1,0
25,2026-04-08,24597677.77,0.00,24597677.77,0.00,1,0,0
25,2026-04-16,0.00,0.00,0.00,861709.98,0,0,1
25,2026-04-20,128895043.11,0.00,128895043.11,0.00,1,0,0
25,2026-05-06,0.00,123204642.91,-123204642.91,0.00,0,1,0
25,2026-05-26,76396222.78,0.00,76396222.78,0.00,1,0,0
25,2026-06-10,46146326.98,0.00,46146326.98,0.00,1,0,0
25,2026-06-15,0.00,0.00,0.00,2506808.07,0,0,1
25,2026-06-24,0.00,191589322.03,-191589322.03,0.00,0,1,0
25,2026-07-03,244386807.28,0.00,244386807.28,10824390.39,1,0,1
25,2026-07-09,0.00,57836284.60,-57836284.60,0.00,0,1,0
25,2026-07-20,29251813.66,0.00,29251813.66,0.00,1,0,0
25,2026-08-06,30437478.99,0.00,30437478.99,0.00,1,0,0
25,2026-08-27,27899042.34,0.00,27899042.34,0.00,1,0,0
25,2026-09-01,58988514.64,0.00,58988514.64,0.00,1,0,0
25,2026-09-11,108874358.04,0.00,108874358.04,0.00,1,0,0
25,2026-09-21,0.00,102272444.86,-102272444.86,0.00,0,1,0
25,2026-10-05,41019421.61,0.00,41019421.61,0.00,1,0,0
25,2026-11-03,0.00,262892997.04,-262892997.04,0.00,0,1,0
25,2026-11-05,0.00,0.00,0.00,3003577.39,0,0,1
25,2026-11-12,0.00,0.00,0.00,1117268.63,0,0,1
25,2026-11-25,0.00,132372459.58,-132372459.58,0.00,0,1,0
25,2026-12-14,0.00,229450770.28,-229450770.28,0.00,0,1,0
25,2026-12-31,0.00,48673878.08,-48673878.08,0.00,0,1,0
26,2025-08-12,150449574.58,0.00,150449574.58,0.00,1,0,0
26,2025-08-13,326490264.98,0.00,326490264.98,0.00,1,0,0
26,2025-08-14,187874096.40,0.00,187874096.40,0.00,1,0,0
26,2025-08-18,244901374.29,0.00,244901374.29,0.00,1,0,0
26,2025-08-20,117451453.69,0.00,117451453.69,0.00,1,0,0
26,2025-08-21,64002013.84,0.00,64002013.84,6239361.27,1,0,1
26,2025-08-22,224670291.87,0.00,224670291.87,0.00,1,0,0
26,2025-08-25,176655221.28,0.00,176655221.28,0.00,1,0,0
26,2025-08-26,266454779.03,0.00,266454779.03,0.00,1,0,0
26,2025-08-28,392514870.21,0.00,392514870.21,2003800.03,1,0,1
26,2025-08-29,195965628.43,0.00,195965628.43,0.00,1,0,0
26,2025-09-02,172751215.57,0.00,172751215.57,0.00,1,0,0
26,2025-09-03,121783422.89,0.00,121783422.89,0.00,1,0,0
26,2025-09-04,392131332.01,0.00,392131332.01,590511.00,1,0,1
26,2025-09-05,164021186.95,0.00,164021186.95,0.00,1,0,0
26,2025-09-08,371467081.94,0.00,371467081.94,0.00,1,0,0
26,2025-09-09,355579068.21,0.00,355579068.21,0.00,1,0,0
26,2025-09-11,146753549.70,0.00,146753549.70,0.00,1,0,0
26,2025-09-12,168623419.95,0.00,168623419.95,0.00,1,0,0
26,2025-09-15,135311043.30,0.00,135311043.30,0.00,1,0,0
26,2025-09-16,133549997.84,0.00,133549997.84,0.00,1,0,0
26,2025-09-17,0.00,261483924.14,-261483924.14,0.00,0,1,0
26,2025-09-18,0.00,133710681.95,-133710681.95,2500787.55,0,1,1
26,2025-09-23,18312177.16,0.00,18312177.16,0.00,1,0,0
26,2025-09-29,75036383.12,0.00,75036383.12,0.00,1,0,0
26,2025-10-03,15693124.80,0.00,15693124.80,0.00,1,0,0
26,2025-10-07,37768790.85,0.00,37768790.85,0.00,1,0,0
26,2025-10-08,0.00,41010441.34,-41010441.34,0.00,0,1,0
26,2025-10-24,0.00,84721944.02,-84721944.02,0.00,0,1,0
26,2025-10-27,0.00,52258898.61,-52258898.61,0.00,0,1,0
26,2025-11-06,0.00,141948632.36,-141948632.36,0.00,0,1,0
26,2025-11-17,0.00,96174953.64,-96174953.64,0.00,0,1,0
26,2025-11-20,38955079.22,0.00,38955079.22,0.00,1,0,0
26,2025-11-25,63690438.23,0.00,63690438.23,0.00,1,0,0
26,2025-11-28,38764327.26,0.00,38764327.26,0.00,1,0,0
26,2025-12-05,0.00,54000465.94,-54000465.94,0.00,0,1,0
26,2025-12-09,0.00,84068785.10,-84068785.10,0.00,0,1,0
26,2025-12-11,37052647.03,0.00,37052647.03,0.00,1,0,0
26,2025-12-22,0.00,35722644.66,-35722644.66,0.00,0,1,0
26,2025-12-26,17085514.93,0.00,17085514.93,0.00,1,0,0
26,2025-12-29,87610289.99,0.00,87610289.99,0.00,1,0,0
26,2025-12-31,41142045.71,0.00,41142045.71,0.00,1,0,0
26,2026-01-22,0.00,99352773.55,-99352773.55,0.00,0,1,0
26,2026-02-05,0.00,117608862.80,-117608862.80,0.00,0,1,0
26,2026-03-19,43255197.11,0.00,43255197.11,0.00,1,0,0
26,2026-03-24,12045842.54,0.00,12045842.54,0.00,1,0,0
26,2026-03-27,0.00,96207058.15,-96207058.15,0.00,0,1,0
26,2026-03-30,0.00,71480111.84,-71480111.84,0.00,0,1,0
26,2026-04-02,40321941.99,0.00,40321941.99,0.00,1,0,0
26,2026-04-07,24646941.86,0.00,24646941.86,0.00,1,0,0
26,2026-04-08,17781369.82,0.00,17781369.82,0.00,1,0,0
26,2026-04-30,30297939.77,0.00,30297939.77,0.00,1,0,0
26,2026-05-05,16506752.16,0.00,16506752.16,0.00,1,0,0
26,2026-05-07,0.00,0.00,0.00,459432.74,0,0,1
26,2026-05-08,110738211.19,0.00,110738211.19,681444.31,1,0,1
26,2026-05-15,46703201.81,0.00,46703201.81,0.00,1,0,0
26,2026-05-19,0.00,0.00,0.00,660638.39,0,0,1
26,2026-05-21,21691775.88,0.00,21691775.88,0.00,1,0,0
26,2026-05-22,0.00,134597616.49,-134597616.49,0.00,0,1,0
26,2026-06-01,224670326.65,0.00,224670326.65,0.00,1,0,0
26,2026-06-03,0.00,227768926.26,-227768926.26,0.00,0,1,0
26,2026-06-05,0.00,0.00,0.00,240782.58,0,0,1
26,2026-06-12,392131302.32,0.00,392131302.32,8984669.16,1,0,2
26,2026-06-16,0.00,0.00,0.00,1802598.83,0,0,1
26,2026-06-19,0.00,0.00,0.00,5035425.21,0,0,1
26,2026-06-23,0.00,0.00,0.00,1666767.31,0,0,1
26,2026-06-24,0.00,0.00,0.00,6716355.40,0,0,1
26,2026-06-25,0.00,0.00,0.00,1682925.97,0,0,1
26,2026-06-29,125532986.31,0.00,125532986.31,0.00,1,0,0
26,2026-06-30,0.00,0.00,0.00,2713294.12,0,0,2
26,2026-07-02,52350827.35,0.00,52350827.35,0.00,1,0,0
26,2026-07-03,0.00,0.00,0.00,2512858.18,0,0,1
26,2026-07-08,0.00,0.00,0.00,1573259.63,0,0,1
26,2026-07-09,0.00,0.00,0.00,8024336.97,0,0,1
26,2026-07-13,0.00,0.00,0.00,7487946.09,0,0,1
26,2026-07-14,0.00,27872579.81,-27872579.81,0.00,0,1,0
26,2026-07-15,0.00,108556947.81,-108556947.81,0.00,0,1,0
26,2026-07-20,0.00,55676713.29,-55676713.29,3701403.73,0,1,2
26,2026-07-21,0.00,0.00,0.00,3628893.39,0,0,1
26,2026-07-24,40877910.88,0.00,40877910.88,0.00,1,0,0
26,2026-07-30,0.00,0.00,0.00,4524081.30,0,0,1
26,2026-08-03,27979691.60,0.00,27979691.60,5874505.97,1,0,1
26,2026-08-04,0.00,0.00,0.00,1552236.37,0,0,1
26,2026-08-10,0.00,0.00,0.00,1999311.92,0,0,1
26,2026-08-11,43998951.05,0.00,43998951.05,0.00,1,0,0
26,2026-08-14,54818406.92,0.00,54818406.92,0.00,1,0,0
26,2026-08-18,0.00,71819362.20,-71819362.20,0.00,0,1,0
26,2026-08-26,48492870.67,0.00,48492870.67,355851.10,1,0,1
26,2026-09-03,0.00,182034678.36,-182034678.36,1419571.60,0,1,1
26,2026-09-10,0.00,30703596.05,-30703596.05,0.00,0,1,0
26,2026-09-11,99831545.33,0.00,99831545.33,0.00,1,0,0
26,2026-09-16,0.00,52422124.32,-52422124.32,0.00,0,1,0
26,2026-09-21,50594663.75,0.00,50594663.75,0.00,1,0,0
26,2026-09-22,0.00,56259042.53,-56259042.53,0.00,0,1,0
26,2026-10-12,41720381.57,0.00,41720381.57,0.00,1,0,0
26,2026-10-13,0.00,153338101.12,-153338101.12,0.00,0,1,0
26,2026-10-28,0.00,99957922.26,-99957922.26,0.00,0,1,0
26,2026-11-06,0.00,95833749.50,-95833749.50,0.00,0,1,0
26,2026-11-09,42609568.73,0.00,42609568.73,0.00,1,0,0
26,2026-11-13,0.00,212953658.60,-212953658.60,0.00,0,1,0
26,2026-11-25,0.00,71990366.42,-71990366.42,0.00,0,1,0
26,2026-11-27,0.00,151914444.90,-151914444.90,0.00,0,1,0
26,2026-11-30,0.00,0.00,0.00,178863.55,0,0,1
26,2026-12-02,26458665.60,0.00,26458665.60,0.00,1,0,0
26,2026-12-04,50849161.17,0.00,50849161.17,0.00,1,0,0
26,2026-12-16,0.00,13428827.21,-13428827.21,0.00,0,1,0
26,2026-12-21,0.00,38550367.48,-38550367.48,0.00,0,1,0
26,2026-12-23,0.00,11032570.71,-11032570.71,0.00,0,1,0
27,2025-09-02,21028753.87,0.00,21028753.87,0.00,1,0,0
27,2025-09-03,13537840.59,0.00,13537840.59,0.00,1,0,0
27,2025-09-04,11381220.26,0.00,11381220.26,0.00,1,0,0
27,2025-09-05,26925375.08,0.00,26925375.08,0.00,1,0,0
27,2025-09-08,49337350.94,0.00,49337350.94,0.00,1,0,0
27,2025-09-09,55449851.64,0.00,55449851.64,0.00,1,0,0
27,2025-09-10,63281770.97,0.00,63281770.97,0.00,1,0,0
27,2025-09-11,56497783.36,0.00,56497783.36,0.00,1,0,0
27,2025-09-15,24799122.06,0.00,24799122.06,0.00,1,0,0
27,2025-09-16,27655660.14,0.00,27655660.14,0.00,1,0,0
27,2025-09-17,90404282.34,0.00,90404282.34,798008.53,1,0,1
27,2025-09-18,29233017.46,0.00,29233017.46,0.00,1,0,0
27,2025-09-22,29991195.45,0.00,29991195.45,0.00,1,0,0
27,2025-09-23,33233900.98,0.00,33233900.98,0.00,1,0,0
27,2025-09-24,13007889.56,0.00,13007889.56,0.00,1,0,0
27,2025-09-25,57192152.44,0.00,57192152.44,0.00,1,0,0
27,2025-09-29,25705199.96,0.00,25705199.96,0.00,1,0,0
27,2025-09-30,46137243.10,0.00,46137243.10,0.00,1,0,0
27,2025-10-01,30504837.37,0.00,30504837.37,0.00,1,0,0
27,2025-10-03,24900804.86,0.00,24900804.86,0.00,1,0,0
27,2025-10-17,0.00,10256821.01,-10256821.01,0.00,0,1,0
27,2025-10-29,3425825.35,0.00,3425825.35,0.00,1,0,0
27,2025-10-30,0.00,12258769.30,-12258769.30,0.00,0,1,0
27,2025-11-06,6591737.31,0.00,6591737.31,0.00,1,0,0
27,2025-11-14,0.00,7845305.43,-7845305.43,0.00,0,1,0
27,2025-11-17,0.00,5862888.32,-5862888.32,0.00,0,1,0
27,2025-11-18,0.00,13280342.14,-13280342.14,0.00,0,1,0
27,2025-11-25,7518711.55,0.00,7518711.55,0.00,1,0,0
27,2025-11-27,1569707.77,0.00,1569707.77,0.00,1,0,0
27,2025-12-01,0.00,0.00,0.00,265647.85,0,0,1
27,2025-12-18,7132018.70,0.00,7132018.70,0.00,1,0,0
27,2025-12-19,0.00,13576247.20,-13576247.20,0.00,0,1,0
27,2025-12-24,2878821.55,0.00,2878821.55,0.00,1,0,0
27,2026-01-01,9414630.57,0.00,9414630.57,0.00,1,0,0
27,2026-01-12,9745222.21,0.00,9745222.21,0.00,1,0,0
27,2026-01-16,4823831.39,0.00,4823831.39,0.00,1,0,0
27,2026-01-21,0.00,2362925.07,-2362925.07,0.00,0,1,0
27,2026-01-23,11050048.97,0.00,11050048.97,0.00,1,0,0
27,2026-01-28,10364242.75,0.00,10364242.75,0.00,1,0,0
27,2026-02-02,8162297.02,0.00,8162297.02,0.00,1,0,0
27,2026-02-04,0.00,30388625.08,-30388625.08,0.00,0,1,0
27,2026-02-11,0.00,10272042.40,-10272042.40,221749.68,0,1,1
27,2026-02-13,0.00,0.00,0.00,189241.79,0,0,1
27,2026-02-26,13230795.25,0.00,13230795.25,186422.05,1,0,1
27,2026-03-05,7885837.99,0.00,7885837.99,0.00,1,0,0
27,2026-03-11,0.00,0.00,0.00,403765.39,0,0,1
27,2026-03-17,0.00,4805439.11,-4805439.11,0.00,0,1,0
27,2026-03-18,0.00,0.00,0.00,133459.15,0,0,1
27,2026-03-24,0.00,0.00,0.00,81215.73,0,0,1
27,2026-03-25,9942177.99,0.00,9942177.99,0.00,1,0,0
27,2026-03-27,0.00,6477576.28,-6477576.28,0.00,0,1,0
27,2026-04-01,0.00,9724916.51,-9724916.51,0.00,0,1,0
27,2026-04-02,13930596.45,0.00,13930596.45,0.00,1,0,0
27,2026-04-06,0.00,0.00,0.00,484008.35,0,0,1
27,2026-04-13,9405779.92,0.00,9405779.92,0.00,1,0,0
27,2026-04-16,3859206.20,0.00,3859206.20,0.00,1,0,0
27,2026-04-23,4330077.24,0.00,4330077.24,0.00,1,0,0
27,2026-04-24,0.00,0.00,0.00,508645.09,0,0,1
27,2026-05-04,0.00,0.00,0.00,91136.71,0,0,1
27,2026-05-14,0.00,0.00,0.00,550659.79,0,0,1
27,2026-05-28,7763426.96,0.00,7763426.96,0.00,1,0,0
27,2026-05-29,17474036.25,0.00,17474036.25,0.00,1,0,0
27,2026-06-18,3597926.46,0.00,3597926.46,0.00,1,0,0
27,2026-06-19,0.00,7822648.82,-7822648.82,0.00,0,1,0
27,2026-06-22,3922583.60,0.00,3922583.60,0.00,1,0,0
27,2026-06-23,2834413.74,0.00,2834413.74,0.00,1,0,0
27,2026-06-24,0.00,0.00,0.00,830619.28,0,0,1
27,2026-07-01,0.00,0.00,0.00,453109.00,0,0,1
27,2026-07-02,0.00,8610875.25,-8610875.25,704398.73,0,1,1
27,2026-07-08,0.00,0.00,0.00,232206.22,0,0,1
27,2026-07-09,0.00,0.00,0.00,1299032.13,0,0,1
27,2026-07-16,0.00,0.00,0.00,21671.34,0,0,1
27,2026-07-22,0.00,4734292.18,-4734292.18,153639.20,0,1,1
27,2026-07-23,0.00,0.00,0.00,767813.93,0,0,1
27,2026-07-24,5581645.36,0.00,5581645.36,127200.55,1,0,1
27,2026-07-28,0.00,0.00,0.00,498818.22,0,0,1
27,2026-07-30,0.00,0.00,0.00,135187.48,0,0,1
27,2026-07-31,3586833.14,0.00,3586833.14,1263177.47,1,0,1
27,2026-08-06,8925805.97,0.00,8925805.97,0.00,1,0,0
27,2026-08-07,0.00,4311937.39,-4311937.39,0.00,0,1,0
27,2026-08-10,0.00,0.00,0.00,242338.62,0,0,1
27,2026-08-13,2685305.57,0.00,2685305.57,0.00,1,0,0
27,2026-08-14,13902362.95,0.00,13902362.95,0.00,1,0,0
27,2026-08-18,0.00,0.00,0.00,1590449.98,0,0,1
27,2026-08-19,0.00,10440133.03,-10440133.03,0.00,0,1,0
27,2026-08-24,0.00,0.00,0.00,310968.07,0,0,1
27,2026-08-27,0.00,0.00,0.00,224910.89,0,0,1
27,2026-09-01,0.00,3253512.28,-3253512.28,0.00,0,1,0
27,2026-09-02,0.00,0.00,0.00,216846.27,0,0,1
27,2026-09-10,0.00,0.00,0.00,476317.59,0,0,1
27,2026-09-11,5241799.03,0.00,5241799.03,0.00,1,0,0
27,2026-09-15,8377578.79,0.00,8377578.79,0.00,1,0,0
27,2026-09-16,0.00,12013231.78,-12013231.78,0.00,0,1,0
27,2026-09-21,0.00,23508243.58,-23508243.58,0.00,0,1,0
27,2026-09-28,0.00,0.00,0.00,268606.53,0,0,2
27,2026-10-14,3411406.57,0.00,3411406.57,0.00,1,0,0
27,2026-10-26,5391814.24,0.00,5391814.24,0.00,1,0,0
27,2026-10-27,0.00,37665349.61,-37665349.61,0.00,0,1,0
27,2026-11-05,5692356.24,0.00,5692356.24,0.00,1,0,0
27,2026-11-09,0.00,46135836.81,-46135836.81,0.00,0,1,0
27,2026-11-13,4259497.02,0.00,4259497.02,0.00,1,0,0
27,2026-11-18,8712777.16,0.00,8712777.16,0.00,1,0,0
27,2026-11-19,5212660.10,0.00,5212660.10,0.00,1,0,0
27,2026-11-23,3203469.91,0.00,3203469.91,0.00,1,0,0
27,2026-11-25,0.00,0.00,0.00,120062.11,0,0,1
27,2026-11-27,0.00,16539976.01,-16539976.01,0.00,0,1,0
27,2026-12-23,7874609.44,0.00,7874609.44,0.00,1,0,0
27,2026-12-24,8532277.09,0.00,8532277.09,0.00,1,0,0
27,2026-12-28,0.00,23408327.13,-23408327.13,0.00,0,1,0
27,2026-12-29,6228314.88,0.00,6228314.88,0.00,1,0,0
28,2025-09-18,54367234.76,0.00,54367234.76,0.00,1,0,0
28,2025-09-19,25727298.35,0.00,25727298.35,0.00,1,0,0
28,2025-09-23,55590650.43,0.00,55590650.43,0.00,1,0,0
28,2025-09-24,28285898.66,0.00,28285898.66,0.00,1,0,0
28,2025-09-25,37726734.85,0.00,37726734.85,0.00,1,0,0
28,2025-09-26,41284214.10,0.00,41284214.10,0.00,1,0,0
28,2025-09-29,33050487.42,0.00,33050487.42,0.00,1,0,0
28,2025-09-30,30427584.91,0.00,30427584.91,0.00,1,0,0
28,2025-10-01,44785790.47,0.00,44785790.47,0.00,1,0,0
28,2025-10-03,70214597.43,0.00,70214597.43,0.00,1,0,0
28,2025-10-06,37964947.08,0.00,37964947.08,0.00,1,0,0
28,2025-10-07,27726444.61,0.00,27726444.61,0.00,1,0,0
28,2025-10-08,44803214.82,0.00,44803214.82,0.00,1,0,0
28,2025-10-09,37630808.98,0.00,37630808.98,336149.61,1,0,1
28,2025-10-13,27580165.62,0.00,27580165.62,0.00,1,0,0
28,2025-10-14,61043112.48,0.00,61043112.48,0.00,1,0,0
28,2025-10-16,71542169.60,0.00,71542169.60,0.00,1,0,0
28,2025-10-17,58678574.38,0.00,58678574.38,0.00,1,0,0
28,2025-10-20,52627895.79,0.00,52627895.79,112067.39,1,0,1
28,2025-10-23,42172074.17,0.00,42172074.17,0.00,1,0,0
28,2025-10-24,25804743.07,0.00,25804743.07,0.00,1,0,0
28,2025-10-27,7497190.19,0.00,7497190.19,0.00,1,0,0
28,2025-10-29,12984949.10,0.00,12984949.10,0.00,1,0,0
28,2025-10-30,12299617.84,0.00,12299617.84,0.00,1,0,0
28,2025-10-31,0.00,17370905.82,-17370905.82,0.00,0,1,0
28,2025-11-03,11714764.55,0.00,11714764.55,0.00,1,0,0
28,2025-11-04,10505153.35,0.00,10505153.35,410080.55,1,0,1
28,2025-11-06,0.00,0.00,0.00,605714.51,0,0,1
28,2025-11-07,0.00,15923756.10,-15923756.10,0.00,0,1,0
28,2025-11-10,11577887.53,0.00,11577887.53,513027.08,1,0,1
28,2025-11-11,4108385.59,0.00,4108385.59,0.00,1,0,0
28,2025-11-12,17400010.43,0.00,17400010.43,0.00,1,0,0
28,2025-11-17,5715325.28,0.00,5715325.28,0.00,1,0,0
28,2025-11-18,0.00,8621626.54,-8621626.54,0.00,0,1,0
28,2025-11-19,0.00,12455256.08,-12455256.08,0.00,0,1,0
28,2025-11-21,0.00,41425155.60,-41425155.60,0.00,0,1,0
28,2025-11-24,0.00,0.00,0.00,440337.13,0,0,1
28,2025-11-25,7979616.40,0.00,7979616.40,0.00,1,0,0
28,2025-11-26,8288237.12,0.00,8288237.12,0.00,1,0,0
28,2025-11-28,15167948.01,0.00,15167948.01,0.00,1,0,0
28,2025-12-01,4586353.09,0.00,4586353.09,0.00,1,0,0
28,2025-12-03,5286432.68,0.00,5286432.68,0.00,1,0,0
28,2025-12-09,12428414.36,0.00,12428414.36,0.00,1,0,0
28,2025-12-10,11627386.77,0.00,11627386.77,0.00,1,0,0
28,2025-12-11,10995689.87,0.00,10995689.87,0.00,1,0,0
28,2025-12-12,0.00,19808234.53,-19808234.53,0.00,0,1,0
28,2025-12-15,9546076.95,0.00,9546076.95,0.00,1,0,0
28,2025-12-16,6058828.97,0.00,6058828.97,0.00,1,0,0
28,2025-12-18,0.00,5913447.22,-5913447.22,0.00,0,1,0
28,2025-12-19,15747434.34,0.00,15747434.34,0.00,1,0,0
28,2025-12-22,5652173.12,0.00,5652173.12,0.00,1,0,0
28,2025-12-24,0.00,13827780.05,-13827780.05,0.00,0,1,0
28,2025-12-29,0.00,77430847.14,-77430847.14,0.00,0,1,0
28,2025-12-30,55590705.28,0.00,55590705.28,0.00,1,0,0
28,2025-12-31,8332598.77,0.00,8332598.77,0.00,1,0,0
28,2026-01-01,18678698.52,0.00,18678698.52,0.00,1,0,0
28,2026-01-02,0.00,10136697.25,-10136697.25,0.00,0,1,0
28,2026-01-06,7064488.17,0.00,7064488.17,0.00,1,0,0
28,2026-01-07,0.00,30559622.59,-30559622.59,0.00,0,1,0
28,2026-01-09,20125361.61,0.00,20125361.61,0.00,1,0,0
28,2026-01-12,25804801.35,0.00,25804801.35,0.00,1,0,0
28,2026-01-13,9632494.81,0.00,9632494.81,0.00,1,0,0
28,2026-01-15,0.00,27752711.53,-27752711.53,0.00,0,1,0
28,2026-01-16,0.00,31350078.46,-31350078.46,0.00,0,1,0
28,2026-01-20,0.00,49446924.61,-49446924.61,0.00,0,1,0
28,2026-01-21,0.00,5839524.20,-5839524.20,0.00,0,1,0
28,2026-01-22,37964990.85,0.00,37964990.85,0.00,1,0,0
28,2026-01-23,0.00,13995328.09,-13995328.09,0.00,0,1,0
28,2026-01-27,28285800.32,0.00,28285800.32,0.00,1,0,0
28,2026-01-28,0.00,6123324.98,-6123324.98,0.00,0,1,0
28,2026-01-29,0.00,17059848.88,-17059848.88,0.00,0,1,0
28,2026-01-30,2593166.09,0.00,2593166.09,0.00,1,0,0
28,2026-02-02,7609257.19,0.00,7609257.19,0.00,1,0,0
28,2026-02-03,0.00,24047439.23,-24047439.23,0.00,0,1,0
28,2026-02-05,4463498.87,0.00,4463498.87,0.00,1,0,0
28,2026-02-06,0.00,18164451.79,-18164451.79,0.00,0,1,0
28,2026-02-09,0.00,3628749.08,-3628749.08,0.00,0,1,0
28,2026-02-10,5749606.80,0.00,5749606.80,0.00,1,0,0
28,2026-02-13,0.00,3931560.39,-3931560.39,0.00,0,1,0
28,2026-02-16,11203918.10,0.00,11203918.10,0.00,1,0,0
28,2026-02-17,9252443.76,0.00,9252443.76,0.00,1,0,0
28,2026-02-18,17506896.12,0.00,17506896.12,0.00,1,0,0
28,2026-02-19,0.00,19114301.55,-19114301.55,0.00,0,1,0
28,2026-02-20,4921676.09,0.00,4921676.09,0.00,1,0,0
28,2026-02-24,4126597.26,0.00,4126597.26,0.00,1,0,0
28,2026-02-27,4996655.39,0.00,4996655.39,0.00,1,0,0
28,2026-03-02,8676680.26,0.00,8676680.26,167006.20,1,0,1
28,2026-03-05,6353897.33,0.00,6353897.33,0.00,1,0,0
28,2026-03-10,0.00,11688507.10,-11688507.10,0.00,0,1,0
28,2026-03-11,0.00,15090741.06,-15090741.06,0.00,0,1,0
28,2026-03-13,0.00,0.00,0.00,111644.53,0,0,1
28,2026-03-16,6650613.46,0.00,6650613.46,0.00,1,0,0
28,2026-03-18,2814418.26,0.00,2814418.26,0.00,1,0,0
28,2026-03-23,0.00,19560727.69,-19560727.69,0.00,0,1,0
28,2026-03-24,7396485.25,0.00,7396485.25,0.00,1,0,0
28,2026-03-25,0.00,33587371.71,-33587371.71,0.00,0,1,0
28,2026-03-27,30427128.73,0.00,30427128.73,0.00,1,0,0
28,2026-03-30,0.00,31938218.70,-31938218.70,0.00,0,1,0
28,2026-04-01,0.00,17023261.46,-17023261.46,0.00,0,1,0
28,2026-04-06,18832774.30,0.00,18832774.30,0.00,1,0,0
28,2026-04-07,9810705.16,0.00,9810705.16,0.00,1,0,0
28,2026-04-10,8641889.96,0.00,8641889.96,1030205.63,1,0,2
28,2026-04-13,10961189.23,0.00,10961189.23,0.00,1,0,0
28,2026-04-15,3940279.65,0.00,3940279.65,0.00,1,0,0
28,2026-04-17,0.00,18626730.85,-18626730.85,0.00,0,1,0
28,2026-04-20,10381529.86,0.00,10381529.86,0.00,1,0,0
28,2026-04-22,0.00,90111253.21,-90111253.21,0.00,0,1,0
28,2026-04-24,8465865.15,0.00,8465865.15,0.00,1,0,0
28,2026-04-27,0.00,30944161.15,-30944161.15,0.00,0,1,0
28,2026-04-29,33050532.03,0.00,33050532.03,0.00,1,0,0
28,2026-05-04,0.00,41503247.83,-41503247.83,0.00,0,1,0
28,2026-05-05,0.00,30328317.75,-30328317.75,0.00,0,1,0
28,2026-05-07,10250473.58,0.00,10250473.58,0.00,1,0,0
28,2026-05-08,19365505.16,0.00,19365505.16,0.00,1,0,0
28,2026-05-11,0.00,9409680.22,-9409680.22,0.00,0,1,0
28,2026-05-12,4743417.57,0.00,4743417.57,0.00,1,0,0
28,2026-05-13,0.00,46780855.70,-46780855.70,0.00,0,1,0
28,2026-05-14,7132107.34,0.00,7132107.34,0.00,1,0,0
28,2026-05-15,7648579.25,0.00,7648579.25,0.00,1,0,0
28,2026-05-18,0.00,27994839.98,-27994839.98,0.00,0,1,0
28,2026-05-19,0.00,21655533.20,-21655533.20,0.00,0,1,0
28,2026-05-21,0.00,1337845.12,-1337845.12,0.00,0,1,0
28,2026-05-22,0.00,40533918.02,-40533918.02,0.00,0,1,0
28,2026-05-25,0.00,7648485.42,-7648485.42,0.00,0,1,0
28,2026-05-28,0.00,23549237.26,-23549237.26,176161.76,0,1,1
28,2026-05-29,0.00,422633.42,-422633.42,0.00,0,1,0
28,2026-06-01,0.00,268041.39,-268041.39,0.00,0,1,0
28,2026-06-02,0.00,11388354.05,-11388354.05,0.00,0,1,0
28,2026-06-03,27580160.39,0.00,27580160.39,0.00,1,0,0
28,2026-06-04,16800916.08,0.00,16800916.08,0.00,1,0,0
28,2026-06-05,0.00,11579704.92,-11579704.92,0.00,0,1,0
28,2026-06-08,0.00,4955138.07,-4955138.07,202203.43,0,1,1
28,2026-06-10,0.00,15261185.57,-15261185.57,0.00,0,1,0
28,2026-06-11,10130733.57,0.00,10130733.57,0.00,1,0,0
28,2026-06-12,0.00,22117011.75,-22117011.75,219627.61,0,1,1
28,2026-06-15,12603778.30,0.00,12603778.30,0.00,1,0,0
28,2026-06-16,0.00,2502203.27,-2502203.27,258916.83,0,1,1
28,2026-06-17,0.00,17124796.59,-17124796.59,0.00,0,1,0
28,2026-06-18,0.00,12682623.21,-12682623.21,0.00,0,1,0
28,2026-06-19,4316391.12,0.00,4316391.12,0.00,1,0,0
28,2026-06-23,70214673.13,0.00,70214673.13,0.00,1,0,0
28,2026-06-24,0.00,0.00,0.00,229797.39,0,0,1
28,2026-06-25,42172739.53,0.00,42172739.53,0.00,1,0,0
28,2026-06-29,7142835.03,0.00,7142835.03,157073.52,1,0,1
28,2026-06-30,9810075.79,0.00,9810075.79,0.00,1,0,0
28,2026-07-01,8737602.29,0.00,8737602.29,0.00,1,0,0
28,2026-07-02,0.00,1846518.96,-1846518.96,0.00,0,1,0
28,2026-07-03,3881221.15,0.00,3881221.15,0.00,1,0,0
28,2026-07-08,13544246.95,0.00,13544246.95,0.00,1,0,0
28,2026-07-10,5683216.85,0.00,5683216.85,0.00,1,0,0
28,2026-07-13,0.00,3531380.09,-3531380.09,0.00,0,1,0
28,2026-07-14,4133577.99,0.00,4133577.99,0.00,1,0,0
28,2026-07-15,30426919.80,0.00,30426919.80,303980.20,1,0,1
28,2026-07-16,0.00,31593067.82,-31593067.82,0.00,0,1,0
28,2026-07-17,6282921.14,0.00,6282921.14,0.00,1,0,0
28,2026-07-20,4828965.92,0.00,4828965.92,0.00,1,0,0
28,2026-07-23,0.00,35539251.99,-35539251.99,0.00,0,1,0
28,2026-07-24,11227701.61,0.00,11227701.61,0.00,1,0,0
28,2026-07-27,0.00,6503663.46,-6503663.46,1017836.45,0,1,1
28,2026-07-28,0.00,6924790.71,-6924790.71,2409125.98,0,1,2
28,2026-07-29,0.00,12314839.52,-12314839.52,0.00,0,1,0
28,2026-08-03,0.00,0.00,0.00,227677.44,0,0,1
28,2026-08-04,0.00,9754722.36,-9754722.36,738492.60,0,1,2
28,2026-08-05,12598518.27,0.00,12598518.27,1755558.57,1,0,1
28,2026-08-06,27580092.22,0.00,27580092.22,0.00,1,0,0
28,2026-08-07,0.00,8307147.03,-8307147.03,0.00,0,1,0
28,2026-08-12,11742276.78,0.00,11742276.78,0.00,1,0,0
28,2026-08-13,0.00,38985166.00,-38985166.00,0.00,0,1,0
28,2026-08-17,14211068.19,0.00,14211068.19,0.00,1,0,0
28,2026-08-18,25727120.96,0.00,25727120.96,0.00,1,0,0
28,2026-08-19,11206375.52,0.00,11206375.52,0.00,1,0,0
28,2026-08-20,4378750.79,0.00,4378750.79,0.00,1,0,0
28,2026-08-21,5445965.98,0.00,5445965.98,0.00,1,0,0
28,2026-08-24,3189264.59,0.00,3189264.59,0.00,1,0,0
28,2026-08-25,18099228.76,0.00,18099228.76,0.00,1,0,0
28,2026-08-26,58678741.78,0.00,58678741.78,0.00,1,0,0
28,2026-08-31,16621743.51,0.00,16621743.51,0.00,1,0,0
28,2026-09-01,8044947.15,0.00,8044947.15,0.00,1,0,0
28,2026-09-02,41284236.97,0.00,41284236.97,0.00,1,0,0
28,2026-09-03,0.00,12003897.32,-12003897.32,0.00,0,1,0
28,2026-09-04,13601749.61,0.00,13601749.61,0.00,1,0,0
28,2026-09-07,0.00,30639059.66,-30639059.66,0.00,0,1,0
28,2026-09-08,61043010.31,0.00,61043010.31,254277.51,1,0,1
28,2026-09-09,0.00,44224302.86,-44224302.86,0.00,0,1,0
28,2026-09-10,0.00,8468438.05,-8468438.05,0.00,0,1,0
28,2026-09-11,41283552.11,0.00,41283552.11,0.00,1,0,0
28,2026-09-15,11591203.52,0.00,11591203.52,0.00,1,0,0
28,2026-09-17,0.00,13919413.55,-13919413.55,0.00,0,1,0
28,2026-09-18,0.00,39108499.06,-39108499.06,0.00,0,1,0
28,2026-09-21,0.00,0.00,0.00,272385.79,0,0,1
28,2026-09-23,27579160.63,0.00,27579160.63,0.00,1,0,0
28,2026-09-24,4508713.78,0.00,4508713.78,0.00,1,0,0
28,2026-09-28,10568263.67,0.00,10568263.67,0.00,1,0,0
28,2026-09-30,0.00,3163928.37,-3163928.37,0.00,0,1,0
28,2026-10-01,8871456.97,0.00,8871456.97,0.00,1,0,0
28,2026-10-06,25804833.03,0.00,25804833.03,0.00,1,0,0
28,2026-10-07,0.00,29966119.83,-29966119.83,0.00,0,1,0
28,2026-10-08,0.00,12737411.42,-12737411.42,0.00,0,1,0
28,2026-10-09,0.00,107382840.94,-107382840.94,0.00,0,1,0
28,2026-10-14,0.00,28667043.48,-28667043.48,0.00,0,1,0
28,2026-10-15,15330778.24,0.00,15330778.24,0.00,1,0,0
28,2026-10-16,12705052.75,0.00,12705052.75,0.00,1,0,0
28,2026-10-19,0.00,28077397.58,-28077397.58,0.00,0,1,0
28,2026-10-21,6351605.12,0.00,6351605.12,0.00,1,0,0
28,2026-10-22,0.00,34336511.77,-34336511.77,0.00,0,1,0
28,2026-10-23,25727213.81,0.00,25727213.81,0.00,1,0,0
28,2026-10-27,10708124.85,0.00,10708124.85,0.00,1,0,0
28,2026-10-28,12732487.75,0.00,12732487.75,0.00,1,0,0
28,2026-10-29,6243168.41,0.00,6243168.41,0.00,1,0,0
28,2026-10-30,0.00,4901151.81,-4901151.81,0.00,0,1,0
28,2026-11-03,0.00,57045272.17,-57045272.17,409603.99,0,1,1
28,2026-11-04,70214639.57,0.00,70214639.57,0.00,1,0,0
28,2026-11-05,0.00,51523991.71,-51523991.71,0.00,0,1,0
28,2026-11-06,0.00,7814491.56,-7814491.56,160281.72,0,1,1
28,2026-11-09,0.00,27364961.44,-27364961.44,0.00,0,1,0
28,2026-11-11,0.00,8913679.76,-8913679.76,0.00,0,1,0
28,2026-11-12,7921858.70,0.00,7921858.70,0.00,1,0,0
28,2026-11-16,0.00,17371144.34,-17371144.34,0.00,0,1,0
28,2026-11-17,5151057.70,0.00,5151057.70,0.00,1,0,0
28,2026-11-18,27578636.74,0.00,27578636.74,388600.82,1,0,1
28,2026-11-19,42173002.55,0.00,42173002.55,0.00,1,0,0
28,2026-11-20,23424281.34,0.00,23424281.34,0.00,1,0,0
28,2026-11-23,44785470.75,0.00,44785470.75,0.00,1,0,0
28,2026-11-25,0.00,53572889.50,-53572889.50,200094.30,0,1,1
28,2026-11-26,23540195.08,0.00,23540195.08,0.00,1,0,0
28,2026-11-27,0.00,22519757.56,-22519757.56,330277.52,0,1,1
28,2026-11-30,13764719.29,0.00,13764719.29,0.00,1,0,0
28,2026-12-02,0.00,9272138.89,-9272138.89,0.00,0,1,0
28,2026-12-04,0.00,8935513.06,-8935513.06,0.00,0,1,0
28,2026-12-09,54367403.77,0.00,54367403.77,0.00,1,0,0
28,2026-12-10,0.00,19087741.42,-19087741.42,0.00,0,1,0
28,2026-12-11,8217392.68,0.00,8217392.68,0.00,1,0,0
28,2026-12-14,0.00,5401212.94,-5401212.94,0.00,0,1,0
28,2026-12-15,6089018.52,0.00,6089018.52,0.00,1,0,0
28,2026-12-17,6616298.49,0.00,6616298.49,0.00,1,0,0
28,2026-12-18,0.00,13605440.18,-13605440.18,0.00,0,1,0
28,2026-12-21,0.00,8680038.11,-8680038.11,0.00,0,1,0
28,2026-12-22,9316989.94,0.00,9316989.94,0.00,1,0,0
28,2026-12-28,4422503.77,0.00,4422503.77,0.00,1,0,0
28,2026-12-29,13066019.12,0.00,13066019.12,0.00,1,0,0
28,2026-12-30,0.00,5448480.38,-5448480.38,0.00,0,1,0
28,2026-12-31,0.00,15581920.83,-15581920.83,0.00,0,1,0
29,2025-11-10,73267489.53,0.00,73267489.53,0.00,1,0,0
29,2025-11-11,23202502.80,0.00,23202502.80,0.00,1,0,0
29,2025-11-12,99017342.59,0.00,99017342.59,0.00,1,0,0
29,2025-11-17,77177597.94,0.00,77177597.94,0.00,1,0,0
29,2025-11-18,66486579.42,0.00,66486579.42,0.00,1,0,0
29,2025-11-20,40179066.10,0.00,40179066.10,0.00,1,0,0
29,2025-11-25,142036839.33,0.00,142036839.33,0.00,1,0,0
29,2025-11-26,35773455.65,0.00,35773455.65,0.00,1,0,0
29,2025-11-28,16570404.18,0.00,16570404.18,0.00,1,0,0
29,2025-12-02,19916852.21,0.00,19916852.21,0.00,1,0,0
29,2025-12-18,0.00,7571813.60,-7571813.60,0.00,0,1,0
29,2025-12-26,10571716.55,0.00,10571716.55,0.00,1,0,0
29,2025-12-31,5974637.48,0.00,5974637.48,0.00,1,0,0
29,2026-02-04,43520616.49,0.00,43520616.49,0.00,1,0,0
29,2026-02-12,23175145.11,0.00,23175145.11,0.00,1,0,0
29,2026-03-02,0.00,13769585.82,-13769585.82,0.00,0,1,0
29,2026-04-29,0.00,0.00,0.00,237520.76,0,0,1
29,2026-05-08,0.00,37040251.03,-37040251.03,0.00,0,1,0
29,2026-05-28,19307091.26,0.00,19307091.26,0.00,1,0,0
29,2026-06-05,8070110.02,0.00,8070110.02,0.00,1,0,0
29,2026-06-16,0.00,0.00,0.00,875139.04,0,0,1
29,2026-06-29,0.00,15428101.88,-15428101.88,0.00,0,1,0
29,2026-07-23,0.00,0.00,0.00,290288.32,0,0,1
29,2026-08-12,0.00,0.00,0.00,351405.27,0,0,1
29,2026-08-28,27893542.73,0.00,27893542.73,0.00,1,0,0
29,2026-09-11,0.00,46742272.59,-46742272.59,0.00,0,1,0
29,2026-09-28,35917506.47,0.00,35917506.47,0.00,1,0,0
29,2026-10-21,5043450.05,0.00,5043450.05,0.00,1,0,0
29,2026-11-03,0.00,47154304.64,-47154304.64,0.00,0,1,0
29,2026-11-20,0.00,144443112.52,-144443112.52,0.00,0,1,0
29,2026-12-01,8363529.61,0.00,8363529.61,0.00,1,0,0
29,2026-12-31,0.00,18063588.69,-18063588.69,0.00,0,1,0
30,2025-11-11,73806694.19,0.00,73806694.19,0.00,1,0,0
30,2025-11-12,54885550.54,0.00,54885550.54,0.00,1,0,0
30,2025-11-13,120974631.58,0.00,120974631.58,0.00,1,0,0
30,2025-11-14,52926106.89,0.00,52926106.89,0.00,1,0,0
30,2025-11-18,41904796.18,0.00,41904796.18,0.00,1,0,0
30,2025-11-19,50589425.76,0.00,50589425.76,0.00,1,0,0
30,2025-11-20,82387387.93,0.00,82387387.93,0.00,1,0,0
30,2025-11-21,67081011.01,0.00,67081011.01,0.00,1,0,0
30,2025-11-24,41600737.22,0.00,41600737.22,726136.20,1,0,1
30,2025-11-25,89915410.98,0.00,89915410.98,639859.31,1,0,1
30,2025-11-26,45294155.75,0.00,45294155.75,0.00,1,0,0
30,2025-11-28,40959696.58,0.00,40959696.58,0.00,1,0,0
30,2025-12-01,52258165.96,0.00,52258165.96,0.00,1,0,0
30,2025-12-02,41500781.69,0.00,41500781.69,0.00,1,0,0
30,2025-12-03,58933689.19,0.00,58933689.19,0.00,1,0,0
30,2025-12-05,36820791.94,0.00,36820791.94,0.00,1,0,0
30,2025-12-08,99828703.17,0.00,99828703.17,0.00,1,0,0
30,2025-12-09,38573599.12,0.00,38573599.12,0.00,1,0,0
30,2025-12-10,28180806.38,0.00,28180806.38,0.00,1,0,0
30,2025-12-12,106539083.76,0.00,106539083.76,0.00,1,0,0
30,2025-12-15,67677890.07,0.00,67677890.07,0.00,1,0,0
30,2025-12-16,35638608.50,0.00,35638608.50,0.00,1,0,0
30,2025-12-17,56630755.89,0.00,56630755.89,0.00,1,0,0
30,2025-12-18,37794337.73,0.00,37794337.73,0.00,1,0,0
30,2025-12-22,65411687.08,0.00,65411687.08,0.00,1,0,0
30,2025-12-23,137244633.33,0.00,137244633.33,0.00,1,0,0
30,2025-12-24,47141237.99,0.00,47141237.99,0.00,1,0,0
30,2025-12-26,39395317.15,0.00,39395317.15,0.00,1,0,0
30,2026-01-15,0.00,31887484.76,-31887484.76,0.00,0,1,0
30,2026-01-28,10331964.85,0.00,10331964.85,0.00,1,0,0
30,2026-02-10,7074283.63,0.00,7074283.63,0.00,1,0,0
30,2026-02-13,26362142.69,0.00,26362142.69,0.00,1,0,0
30,2026-02-17,23144872.80,0.00,23144872.80,0.00,1,0,0
30,2026-03-13,0.00,13501245.83,-13501245.83,0.00,0,1,0
30,2026-03-18,0.00,46546529.14,-46546529.14,0.00,0,1,0
30,2026-03-23,14708232.37,0.00,14708232.37,0.00,1,0,0
30,2026-04-01,9926902.68,0.00,9926902.68,0.00,1,0,0
30,2026-04-08,0.00,19435540.03,-19435540.03,0.00,0,1,0
30,2026-04-09,0.00,23032982.70,-23032982.70,0.00,0,1,0
30,2026-04-20,8527046.69,0.00,8527046.69,0.00,1,0,0
30,2026-04-27,0.00,0.00,0.00,197272.01,0,0,1
30,2026-04-28,0.00,34204957.60,-34204957.60,0.00,0,1,0
30,2026-05-05,56629829.14,0.00,56629829.14,0.00,1,0,0
30,2026-05-06,0.00,68147671.97,-68147671.97,0.00,0,1,0
30,2026-05-28,0.00,32409008.18,-32409008.18,0.00,0,1,0
30,2026-06-04,58932992.85,0.00,58932992.85,0.00,1,0,0
30,2026-06-05,45294306.92,0.00,45294306.92,0.00,1,0,0
30,2026-06-10,8549327.38,0.00,8549327.38,0.00,1,0,0
30,2026-06-11,0.00,0.00,0.00,1451399.03,0,0,1
30,2026-06-12,11233297.76,0.00,11233297.76,0.00,1,0,0
30,2026-06-16,0.00,0.00,0.00,1269227.54,0,0,1
30,2026-06-17,10208331.35,0.00,10208331.35,0.00,1,0,0
30,2026-06-24,0.00,60770592.45,-60770592.45,0.00,0,1,0
30,2026-06-29,24174485.18,0.00,24174485.18,0.00,1,0,0
30,2026-06-30,0.00,0.00,0.00,2257865.80,0,0,3
30,2026-07-06,0.00,0.00,0.00,291550.26,0,0,1
30,2026-07-07,0.00,0.00,0.00,948420.61,0,0,1
30,2026-07-08,0.00,31270051.54,-31270051.54,0.00,0,1,0
30,2026-07-09,0.00,0.00,0.00,3550151.54,0,0,3
30,2026-07-10,39395320.87,0.00,39395320.87,0.00,1,0,0
30,2026-07-13,15762894.51,0.00,15762894.51,0.00,1,0,0
30,2026-07-21,0.00,0.00,0.00,2740263.36,0,0,2
30,2026-07-22,15826017.03,0.00,15826017.03,0.00,1,0,0
30,2026-07-28,0.00,0.00,0.00,3083559.13,0,0,2
30,2026-07-29,0.00,18012169.45,-18012169.45,0.00,0,1,0
30,2026-07-31,23261086.20,0.00,23261086.20,639947.90,1,0,1
30,2026-08-06,0.00,11578137.94,-11578137.94,0.00,0,1,0
30,2026-08-07,12008193.54,0.00,12008193.54,0.00,1,0,0
30,2026-08-12,0.00,0.00,0.00,1123656.79,0,0,2
30,2026-08-14,0.00,0.00,0.00,230829.09,0,0,1
30,2026-08-19,0.00,0.00,0.00,412146.75,0,0,1
30,2026-08-20,0.00,21563135.31,-21563135.31,173655.59,0,1,1
30,2026-08-21,0.00,0.00,0.00,416201.19,0,0,1
30,2026-08-25,0.00,0.00,0.00,1403530.89,0,0,1
30,2026-08-27,0.00,24624814.61,-24624814.61,0.00,0,1,0
30,2026-08-31,0.00,44124460.57,-44124460.57,0.00,0,1,0
30,2026-09-02,0.00,35161026.28,-35161026.28,0.00,0,1,0
30,2026-09-08,8624578.82,0.00,8624578.82,0.00,1,0,0
30,2026-09-09,31719735.88,0.00,31719735.88,0.00,1,0,0
30,2026-09-15,11391513.48,0.00,11391513.48,0.00,1,0,0
30,2026-09-16,0.00,0.00,0.00,364998.04,0,0,1
30,2026-09-17,0.00,0.00,0.00,1558572.48,0,0,2
30,2026-09-18,7233147.84,0.00,7233147.84,0.00,1,0,0
30,2026-09-22,6618098.46,0.00,6618098.46,0.00,1,0,0
30,2026-09-30,18751393.80,0.00,18751393.80,0.00,1,0,0
30,2026-10-05,0.00,10678803.81,-10678803.81,0.00,0,1,0
30,2026-10-07,0.00,0.00,0.00,796187.30,0,0,1
30,2026-10-08,0.00,59274113.54,-59274113.54,0.00,0,1,0
30,2026-10-09,0.00,0.00,0.00,390281.48,0,0,1
30,2026-10-12,40958545.32,0.00,40958545.32,0.00,1,0,0
30,2026-10-13,15040452.80,0.00,15040452.80,0.00,1,0,0
30,2026-10-23,7531629.85,0.00,7531629.85,330721.40,1,0,1
30,2026-10-29,0.00,16153632.30,-16153632.30,0.00,0,1,0
30,2026-11-03,0.00,0.00,0.00,949373.60,0,0,1
30,2026-11-04,0.00,0.00,0.00,827235.12,0,0,1
30,2026-11-06,16875088.20,0.00,16875088.20,0.00,1,0,0
30,2026-11-09,0.00,10812763.04,-10812763.04,999149.11,0,1,1
30,2026-11-18,19188920.37,0.00,19188920.37,900692.80,1,0,1
30,2026-11-19,8650248.84,0.00,8650248.84,0.00,1,0,0
30,2026-11-26,6985445.85,0.00,6985445.85,392439.24,1,0,1
30,2026-12-02,10383467.37,0.00,10383467.37,0.00,1,0,0
30,2026-12-07,34616422.04,0.00,34616422.04,0.00,1,0,0
30,2026-12-08,0.00,0.00,0.00,207945.82,0,0,1
30,2026-12-10,0.00,29869933.76,-29869933.76,0.00,0,1,0
30,2026-12-23,13423687.59,0.00,13423687.59,0.00,1,0,0
30,2026-12-24,0.00,14032431.66,-14032431.66,0.00,0,1,0
30,2026-12-31,0.00,27211510.44,-27211510.44,0.00,0,1,0
31,2025-11-26,68813238.28,0.00,68813238.28,0.00,1,0,0
31,2025-11-27,206445357.32,0.00,206445357.32,0.00,1,0,0
31,2025-11-28,233548741.89,0.00,233548741.89,0.00,1,0,0
31,2025-12-02,81640137.98,0.00,81640137.98,0.00,1,0,0
31,2025-12-03,179489599.48,0.00,179489599.48,0.00,1,0,0
31,2025-12-04,180540133.15,0.00,180540133.15,0.00,1,0,0
31,2025-12-05,493664305.88,0.00,493664305.88,0.00,1,0,0
31,2025-12-09,130800031.92,0.00,130800031.92,0.00,1,0,0
31,2025-12-10,224372231.66,0.00,224372231.66,0.00,1,0,0
31,2025-12-11,168755848.45,0.00,168755848.45,0.00,1,0,0
31,2025-12-12,203843952.66,0.00,203843952.66,0.00,1,0,0
31,2025-12-16,95686759.11,0.00,95686759.11,0.00,1,0,0
31,2025-12-17,92235207.76,0.00,92235207.76,0.00,1,0,0
31,2025-12-18,148696528.21,0.00,148696528.21,0.00,1,0,0
31,2025-12-19,283700043.45,0.00,283700043.45,0.00,1,0,0
31,2025-12-22,203407336.84,0.00,203407336.84,0.00,1,0,0
31,2025-12-23,261431548.58,0.00,261431548.58,0.00,1,0,0
31,2025-12-24,104044084.66,0.00,104044084.66,0.00,1,0,0
31,2025-12-26,118910229.11,0.00,118910229.11,0.00,1,0,0
31,2025-12-29,148570740.72,0.00,148570740.72,0.00,1,0,0
31,2025-12-31,130013334.50,0.00,130013334.50,0.00,1,0,0
31,2026-01-01,163741325.24,0.00,163741325.24,0.00,1,0,0
31,2026-01-02,141704291.15,0.00,141704291.15,0.00,1,0,0
31,2026-01-13,19420244.23,0.00,19420244.23,0.00,1,0,0
31,2026-01-16,37634893.86,0.00,37634893.86,0.00,1,0,0
31,2026-01-21,21787195.04,0.00,21787195.04,0.00,1,0,0
31,2026-01-23,0.00,56018317.57,-56018317.57,0.00,0,1,0
31,2026-01-29,72096689.17,0.00,72096689.17,0.00,1,0,0
31,2026-02-02,0.00,54813005.68,-54813005.68,0.00,0,1,0
31,2026-02-03,31695504.25,0.00,31695504.25,0.00,1,0,0
31,2026-02-09,0.00,234679278.99,-234679278.99,0.00,0,1,0
31,2026-02-13,0.00,81834796.14,-81834796.14,1116836.82,0,1,1
31,2026-02-17,42901719.52,0.00,42901719.52,0.00,1,0,0
31,2026-02-20,0.00,130389824.80,-130389824.80,0.00,0,1,0
31,2026-02-26,0.00,0.00,0.00,1100195.70,0,0,1
31,2026-03-02,0.00,23170938.39,-23170938.39,0.00,0,1,0
31,2026-03-05,37124294.85,0.00,37124294.85,0.00,1,0,0
31,2026-03-09,32159896.48,0.00,32159896.48,0.00,1,0,0
31,2026-03-11,0.00,0.00,0.00,2471067.06,0,0,1
31,2026-03-19,0.00,31001590.52,-31001590.52,1472884.71,0,1,1
31,2026-03-25,0.00,41161593.96,-41161593.96,0.00,0,1,0
31,2026-04-02,0.00,0.00,0.00,1368506.23,0,0,1
31,2026-04-16,0.00,0.00,0.00,1771264.94,0,0,1
31,2026-04-23,81640001.83,0.00,81640001.83,0.00,1,0,0
31,2026-04-28,37130185.59,0.00,37130185.59,0.00,1,0,0
31,2026-05-06,21987597.96,0.00,21987597.96,0.00,1,0,0
31,2026-05-07,29745838.23,0.00,29745838.23,0.00,1,0,0
31,2026-05-11,12299578.19,0.00,12299578.19,0.00,1,0,0
31,2026-05-13,0.00,98209710.95,-98209710.95,0.00,0,1,0
31,2026-05-26,20526410.31,0.00,20526410.31,0.00,1,0,0
31,2026-06-01,0.00,50639346.44,-50639346.44,0.00,0,1,0
31,2026-06-05,0.00,40825565.59,-40825565.59,0.00,0,1,0
31,2026-06-08,0.00,0.00,0.00,6666850.15,0,0,2
31,2026-06-09,47426165.75,0.00,47426165.75,0.00,1,0,0
31,2026-06-12,78543771.50,0.00,78543771.50,0.00,1,0,0
31,2026-06-16,0.00,27955573.58,-27955573.58,0.00,0,1,0
31,2026-06-17,0.00,86122621.76,-86122621.76,0.00,0,1,0
31,2026-06-24,0.00,0.00,0.00,425394.78,0,0,1
31,2026-06-30,0.00,0.00,0.00,2666971.42,0,0,1
31,2026-07-01,0.00,0.00,0.00,1006022.57,0,0,1
31,2026-07-02,0.00,0.00,0.00,2662455.89,0,0,1
31,2026-07-03,0.00,0.00,0.00,1539213.38,0,0,1
31,2026-07-07,0.00,0.00,0.00,2590846.40,0,0,1
31,2026-07-08,18062810.05,0.00,18062810.05,0.00,1,0,0
31,2026-07-09,0.00,0.00,0.00,4510222.20,0,0,1
31,2026-07-10,56254077.19,0.00,56254077.19,0.00,1,0,0
31,2026-07-13,0.00,76200817.26,-76200817.26,0.00,0,1,0
31,2026-07-15,0.00,0.00,0.00,2033243.25,0,0,1
31,2026-07-17,45367990.57,0.00,45367990.57,0.00,1,0,0
31,2026-07-23,0.00,0.00,0.00,10417493.08,0,0,2
31,2026-07-24,0.00,85684502.08,-85684502.08,0.00,0,1,0
31,2026-07-28,0.00,0.00,0.00,6435623.41,0,0,2
31,2026-07-29,45311729.93,0.00,45311729.93,0.00,1,0,0
31,2026-07-31,35941004.27,0.00,35941004.27,1114257.59,1,0,1
31,2026-08-03,0.00,0.00,0.00,2401380.20,0,0,1
31,2026-08-07,0.00,0.00,0.00,4962823.78,0,0,1
31,2026-08-10,0.00,0.00,0.00,3257730.75,0,0,1
31,2026-08-13,26940302.85,0.00,26940302.85,0.00,1,0,0
31,2026-08-20,0.00,0.00,0.00,2277104.11,0,0,1
31,2026-08-25,0.00,0.00,0.00,6456840.76,0,0,1
31,2026-08-26,41786433.93,0.00,41786433.93,0.00,1,0,0
31,2026-08-31,0.00,30295991.11,-30295991.11,0.00,0,1,0
31,2026-09-03,0.00,21807812.74,-21807812.74,0.00,0,1,0
31,2026-09-24,49345754.14,0.00,49345754.14,0.00,1,0,0
31,2026-09-25,0.00,45425103.90,-45425103.90,0.00,0,1,0
31,2026-10-08,0.00,0.00,0.00,2338844.60,0,0,1
31,2026-10-23,0.00,152619780.27,-152619780.27,0.00,0,1,0
31,2026-10-28,39214433.24,0.00,39214433.24,0.00,1,0,0
31,2026-10-30,54749464.63,0.00,54749464.63,0.00,1,0,0
31,2026-11-05,0.00,0.00,0.00,3591843.88,0,0,1
31,2026-11-09,7615151.00,0.00,7615151.00,0.00,1,0,0
31,2026-11-11,0.00,31556625.77,-31556625.77,0.00,0,1,0
31,2026-11-26,51205097.98,0.00,51205097.98,0.00,1,0,0
31,2026-11-27,0.00,45625551.65,-45625551.65,0.00,0,1,0
31,2026-12-01,0.00,0.00,0.00,3992232.96,0,0,1
31,2026-12-02,0.00,0.00,0.00,1378434.52,0,0,1
31,2026-12-03,0.00,49772256.79,-49772256.79,0.00,0,1,0
31,2026-12-04,25907532.36,0.00,25907532.36,0.00,1,0,0
31,2026-12-08,0.00,70612340.01,-70612340.01,0.00,0,1,0
31,2026-12-09,0.00,110262977.89,-110262977.89,0.00,0,1,0
31,2026-12-16,0.00,110545731.17,-110545731.17,0.00,0,1,0
31,2026-12-24,118909938.22,0.00,118909938.22,0.00,1,0,0
32,2025-11-27,160402476.47,0.00,160402476.47,0.00,1,0,0
32,2025-11-28,63628663.96,0.00,63628663.96,0.00,1,0,0
32,2025-12-01,192006098.47,0.00,192006098.47,0.00,1,0,0
32,2025-12-02,48446684.50,0.00,48446684.50,0.00,1,0,0
32,2025-12-03,152400507.03,0.00,152400507.03,0.00,1,0,0
32,2025-12-04,106733641.42,0.00,106733641.42,0.00,1,0,0
32,2025-12-05,54526472.97,0.00,54526472.97,0.00,1,0,0
32,2025-12-08,79452868.23,0.00,79452868.23,0.00,1,0,0
32,2025-12-09,88609719.49,0.00,88609719.49,0.00,1,0,0
32,2025-12-10,113380959.53,0.00,113380959.53,0.00,1,0,0
32,2025-12-11,100715278.28,0.00,100715278.28,0.00,1,0,0
32,2025-12-12,79065443.93,0.00,79065443.93,0.00,1,0,0
32,2025-12-15,65990656.93,0.00,65990656.93,0.00,1,0,0
32,2025-12-16,43881648.47,0.00,43881648.47,0.00,1,0,0
32,2025-12-17,52279415.91,0.00,52279415.91,0.00,1,0,0
32,2025-12-18,82980100.74,0.00,82980100.74,0.00,1,0,0
32,2025-12-19,73645201.36,0.00,73645201.36,0.00,1,0,0
32,2025-12-22,88035967.20,0.00,88035967.20,0.00,1,0,0
32,2025-12-23,32519102.28,0.00,32519102.28,0.00,1,0,0
32,2025-12-24,111262758.92,0.00,111262758.92,0.00,1,0,0
32,2025-12-26,158679061.79,0.00,158679061.79,0.00,1,0,0
32,2025-12-29,38938011.62,0.00,38938011.62,0.00,1,0,0
32,2025-12-30,54463248.56,0.00,54463248.56,0.00,1,0,0
32,2025-12-31,68841493.07,0.00,68841493.07,0.00,1,0,0
32,2026-01-01,184332420.92,0.00,184332420.92,0.00,1,0,0
32,2026-01-02,35516683.14,0.00,35516683.14,0.00,1,0,0
32,2026-01-05,136802476.77,0.00,136802476.77,0.00,1,0,0
32,2026-01-06,81114228.28,0.00,81114228.28,0.00,1,0,0
32,2026-01-07,97220281.48,0.00,97220281.48,0.00,1,0,0
32,2026-01-08,59908179.03,0.00,59908179.03,0.00,1,0,0
32,2026-01-09,51682775.23,0.00,51682775.23,0.00,1,0,0
32,2026-01-13,8147537.38,0.00,8147537.38,0.00,1,0,0
32,2026-01-14,6052561.16,0.00,6052561.16,0.00,1,0,0
32,2026-01-16,29177105.25,0.00,29177105.25,0.00,1,0,0
32,2026-01-19,6507089.99,0.00,6507089.99,0.00,1,0,0
32,2026-01-23,0.00,32838247.35,-32838247.35,0.00,0,1,0
32,2026-01-29,15171383.03,0.00,15171383.03,0.00,1,0,0
32,2026-02-03,20683811.60,0.00,20683811.60,0.00,1,0,0
32,2026-02-10,0.00,0.00,0.00,298654.86,0,0,1
32,2026-02-12,0.00,24131056.46,-24131056.46,0.00,0,1,0
32,2026-02-16,13356316.54,0.00,13356316.54,0.00,1,0,0
32,2026-02-17,0.00,0.00,0.00,164123.67,0,0,1
32,2026-02-18,0.00,34760282.85,-34760282.85,0.00,0,1,0
32,2026-02-19,35516818.39,0.00,35516818.39,0.00,1,0,0
32,2026-02-24,22231168.87,0.00,22231168.87,0.00,1,0,0
32,2026-02-26,0.00,0.00,0.00,328180.16,0,0,1
32,2026-02-27,0.00,54226642.31,-54226642.31,0.00,0,1,0
32,2026-03-02,9473912.37,0.00,9473912.37,251942.96,1,0,1
32,2026-03-05,0.00,20238172.22,-20238172.22,1089021.45,0,1,1
32,2026-03-10,48300706.25,0.00,48300706.25,0.00,1,0,0
32,2026-03-16,11585072.29,0.00,11585072.29,0.00,1,0,0
32,2026-03-18,14238064.55,0.00,14238064.55,0.00,1,0,0
32,2026-03-19,0.00,27359801.91,-27359801.91,802182.83,0,1,1
32,2026-03-23,0.00,14431824.72,-14431824.72,0.00,0,1,0
32,2026-03-27,0.00,7106801.91,-7106801.91,978434.29,0,1,1
32,2026-04-01,13361573.11,0.00,13361573.11,0.00,1,0,0
32,2026-04-07,11447096.97,0.00,11447096.97,0.00,1,0,0
32,2026-04-08,0.00,21277285.09,-21277285.09,0.00,0,1,0
32,2026-04-17,33218431.97,0.00,33218431.97,0.00,1,0,0
32,2026-04-23,0.00,0.00,0.00,550407.50,0,0,1
32,2026-04-24,15052970.78,0.00,15052970.78,0.00,1,0,0
32,2026-04-27,0.00,24298249.12,-24298249.12,0.00,0,1,0
32,2026-04-28,0.00,103330554.95,-103330554.95,0.00,0,1,0
32,2026-04-30,22597219.88,0.00,22597219.88,0.00,1,0,0
32,2026-05-07,28524809.36,0.00,28524809.36,0.00,1,0,0
32,2026-05-11,8020995.04,0.00,8020995.04,0.00,1,0,0
32,2026-05-15,14535989.88,0.00,14535989.88,0.00,1,0,0
32,2026-05-18,0.00,61766094.43,-61766094.43,0.00,0,1,0
32,2026-05-20,13646894.85,0.00,13646894.85,0.00,1,0,0
32,2026-05-28,23715455.89,0.00,23715455.89,0.00,1,0,0
32,2026-06-04,36867469.40,0.00,36867469.40,0.00,1,0,0
32,2026-06-05,43232368.96,0.00,43232368.96,0.00,1,0,0
32,2026-06-08,0.00,27424036.72,-27424036.72,0.00,0,1,0
32,2026-06-10,16713805.21,0.00,16713805.21,0.00,1,0,0
32,2026-06-12,0.00,10425054.07,-10425054.07,0.00,0,1,0
32,2026-06-15,0.00,0.00,0.00,265356.76,0,0,1
32,2026-06-16,0.00,14420094.30,-14420094.30,0.00,0,1,0
32,2026-06-17,31451365.51,0.00,31451365.51,383386.71,1,0,1
32,2026-06-18,0.00,0.00,0.00,1907183.22,0,0,1
32,2026-06-22,8311806.83,0.00,8311806.83,8388479.29,1,0,2
32,2026-06-23,0.00,0.00,0.00,4345210.71,0,0,1
32,2026-06-29,29669336.11,0.00,29669336.11,0.00,1,0,0
32,2026-06-30,0.00,0.00,0.00,941537.44,0,0,1
32,2026-07-02,10399618.28,0.00,10399618.28,0.00,1,0,0
32,2026-07-03,0.00,0.00,0.00,1285584.81,0,0,2
32,2026-07-08,14151098.37,0.00,14151098.37,0.00,1,0,0
32,2026-07-09,27141275.88,0.00,27141275.88,0.00,1,0,0
32,2026-07-10,0.00,0.00,0.00,956911.33,0,0,2
32,2026-07-15,0.00,0.00,0.00,303856.21,0,0,1
32,2026-07-16,0.00,75448037.96,-75448037.96,515696.28,0,1,1
32,2026-07-17,19831307.09,0.00,19831307.09,0.00,1,0,0
32,2026-07-20,7155625.40,0.00,7155625.40,0.00,1,0,0
32,2026-07-22,43054108.64,0.00,43054108.64,0.00,1,0,0
32,2026-07-24,0.00,0.00,0.00,2524287.60,0,0,1
32,2026-07-28,0.00,0.00,0.00,913843.70,0,0,1
32,2026-07-31,15515309.99,0.00,15515309.99,0.00,1,0,0
32,2026-08-03,23323210.41,0.00,23323210.41,0.00,1,0,0
32,2026-08-05,0.00,73548395.22,-73548395.22,385186.42,0,1,1
32,2026-08-07,0.00,22740896.55,-22740896.55,0.00,0,1,0
32,2026-08-10,8965320.51,0.00,8965320.51,0.00,1,0,0
32,2026-08-14,16033788.33,0.00,16033788.33,0.00,1,0,0
32,2026-08-19,0.00,0.00,0.00,80734.48,0,0,1
32,2026-08-21,25595291.43,0.00,25595291.43,2886932.46,1,0,1
32,2026-08-24,0.00,11220253.00,-11220253.00,0.00,0,1,0
32,2026-08-26,0.00,23114589.58,-23114589.58,0.00,0,1,0
32,2026-08-31,15460458.59,0.00,15460458.59,0.00,1,0,0
32,2026-09-01,0.00,72452811.45,-72452811.45,0.00,0,1,0
32,2026-09-08,0.00,3852991.20,-3852991.20,0.00,0,1,0
32,2026-09-09,0.00,0.00,0.00,1811650.96,0,0,1
32,2026-09-11,0.00,16940977.29,-16940977.29,0.00,0,1,0
32,2026-09-15,88035996.84,0.00,88035996.84,0.00,1,0,0
32,2026-09-16,8294579.83,0.00,8294579.83,0.00,1,0,0
32,2026-09-17,11880708.72,0.00,11880708.72,0.00,1,0,0
32,2026-09-21,16192218.05,0.00,16192218.05,0.00,1,0,0
32,2026-09-22,22069827.46,0.00,22069827.46,0.00,1,0,0
32,2026-09-25,0.00,16458946.85,-16458946.85,0.00,0,1,0
32,2026-09-28,16381110.56,0.00,16381110.56,0.00,1,0,0
32,2026-10-09,23433572.39,0.00,23433572.39,0.00,1,0,0
32,2026-10-13,11322081.93,0.00,11322081.93,0.00,1,0,0
32,2026-10-15,0.00,0.00,0.00,149319.10,0,0,1
32,2026-10-19,17583427.88,0.00,17583427.88,0.00,1,0,0
32,2026-10-21,0.00,44761589.01,-44761589.01,0.00,0,1,0
32,2026-10-22,16928702.66,0.00,16928702.66,0.00,1,0,0
32,2026-10-27,33550327.12,0.00,33550327.12,0.00,1,0,0
32,2026-11-05,0.00,38099372.78,-38099372.78,1268050.90,0,1,1
32,2026-11-06,0.00,31524611.22,-31524611.22,0.00,0,1,0
32,2026-11-09,23546372.80,0.00,23546372.80,0.00,1,0,0
32,2026-11-11,0.00,48298075.19,-48298075.19,0.00,0,1,0
32,2026-11-13,0.00,0.00,0.00,622916.09,0,0,1
32,2026-11-17,16942028.94,0.00,16942028.94,0.00,1,0,0
32,2026-11-20,10831434.46,0.00,10831434.46,0.00,1,0,0
32,2026-11-23,18731990.44,0.00,18731990.44,0.00,1,0,0
32,2026-11-25,20105918.76,0.00,20105918.76,0.00,1,0,0
32,2026-12-02,26783358.60,0.00,26783358.60,0.00,1,0,0
32,2026-12-08,27064463.56,0.00,27064463.56,0.00,1,0,0
32,2026-12-09,0.00,12988474.27,-12988474.27,0.00,0,1,0
32,2026-12-14,13080101.24,0.00,13080101.24,0.00,1,0,0
32,2026-12-24,13858375.84,0.00,13858375.84,0.00,1,0,0
32,2026-12-28,0.00,39424193.68,-39424193.68,0.00,0,1,0
32,2026-12-30,21150715.36,0.00,21150715.36,0.00,1,0,0
33,2025-12-09,2381402.57,0.00,2381402.57,0.00,1,0,0
33,2025-12-10,2530178.41,0.00,2530178.41,0.00,1,0,0
33,2025-12-11,2906082.59,0.00,2906082.59,0.00,1,0,0
33,2025-12-12,1384950.28,0.00,1384950.28,0.00,1,0,0
33,2025-12-15,3537470.38,0.00,3537470.38,0.00,1,0,0
33,2025-12-16,7040791.81,0.00,7040791.81,0.00,1,0,0
33,2025-12-17,2492660.12,0.00,2492660.12,0.00,1,0,0
33,2025-12-18,2386498.59,0.00,2386498.59,0.00,1,0,0
33,2025-12-19,3156070.01,0.00,3156070.01,0.00,1,0,0
33,2025-12-22,2577742.54,0.00,2577742.54,0.00,1,0,0
33,2025-12-23,6225984.90,0.00,6225984.90,0.00,1,0,0
33,2025-12-24,3443345.92,0.00,3443345.92,0.00,1,0,0
33,2025-12-26,2116965.07,0.00,2116965.07,0.00,1,0,0
33,2025-12-29,3109435.62,0.00,3109435.62,0.00,1,0,0
33,2025-12-30,2249212.46,0.00,2249212.46,0.00,1,0,0
33,2025-12-31,4774371.05,0.00,4774371.05,0.00,1,0,0
33,2026-01-01,1733011.90,0.00,1733011.90,0.00,1,0,0
33,2026-01-02,2626773.84,0.00,2626773.84,0.00,1,0,0
33,2026-01-05,2761254.93,0.00,2761254.93,0.00,1,0,0
33,2026-01-06,1889350.74,0.00,1889350.74,0.00,1,0,0
33,2026-01-07,2014475.09,0.00,2014475.09,0.00,1,0,0
33,2026-01-08,1924490.69,0.00,1924490.69,0.00,1,0,0
33,2026-01-09,1474669.39,0.00,1474669.39,0.00,1,0,0
33,2026-01-12,1985884.34,0.00,1985884.34,0.00,1,0,0
33,2026-01-13,3210163.11,0.00,3210163.11,0.00,1,0,0
33,2026-01-14,2360426.38,0.00,2360426.38,0.00,1,0,0
33,2026-01-15,5298797.23,0.00,5298797.23,0.00,1,0,0
33,2026-01-16,2157251.05,0.00,2157251.05,0.00,1,0,0
33,2026-01-19,2944163.46,0.00,2944163.46,0.00,1,0,0
33,2026-01-20,2051182.33,0.00,2051182.33,0.00,1,0,0
33,2026-01-21,3836360.67,0.00,3836360.67,0.00,1,0,0
33,2026-01-22,3556323.94,0.00,3556323.94,0.00,1,0,0
33,2026-01-23,244005.93,0.00,244005.93,0.00,1,0,0
33,2026-01-28,0.00,1676166.68,-1676166.68,0.00,0,1,0
33,2026-01-29,426695.61,0.00,426695.61,0.00,1,0,0
33,2026-01-30,1109169.95,0.00,1109169.95,0.00,1,0,0
33,2026-02-03,855551.46,0.00,855551.46,0.00,1,0,0
33,2026-02-04,866505.70,0.00,866505.70,0.00,1,0,0
33,2026-02-05,853266.91,0.00,853266.91,0.00,1,0,0
33,2026-02-12,708103.63,0.00,708103.63,0.00,1,0,0
33,2026-02-13,493010.45,0.00,493010.45,0.00,1,0,0
33,2026-02-18,1640936.75,0.00,1640936.75,0.00,1,0,0
33,2026-02-23,565580.28,0.00,565580.28,0.00,1,0,0
33,2026-02-24,0.00,1343387.22,-1343387.22,0.00,0,1,0
33,2026-03-02,609651.89,0.00,609651.89,0.00,1,0,0
33,2026-03-06,0.00,889112.43,-889112.43,0.00,0,1,0
33,2026-03-13,0.00,973845.86,-973845.86,0.00,0,1,0
33,2026-03-16,0.00,333808.43,-333808.43,0.00,0,1,0
33,2026-03-17,430010.99,0.00,430010.99,0.00,1,0,0
33,2026-03-19,0.00,932254.63,-932254.63,0.00,0,1,0
33,2026-03-23,835165.52,0.00,835165.52,0.00,1,0,0
33,2026-03-27,0.00,0.00,0.00,22919.77,0,0,1
33,2026-03-30,0.00,546059.75,-546059.75,0.00,0,1,0
33,2026-04-01,745760.59,0.00,745760.59,0.00,1,0,0
33,2026-04-02,0.00,800545.27,-800545.27,0.00,0,1,0
33,2026-04-06,0.00,507455.66,-507455.66,22127.25,0,1,1
33,2026-04-08,0.00,1742739.66,-1742739.66,0.00,0,1,0
33,2026-04-13,1490308.55,0.00,1490308.55,0.00,1,0,0
33,2026-04-16,0.00,0.00,0.00,29517.22,0,0,2
33,2026-04-21,457939.17,0.00,457939.17,0.00,1,0,0
33,2026-04-23,355148.31,0.00,355148.31,0.00,1,0,0
33,2026-04-24,0.00,0.00,0.00,23253.56,0,0,1
33,2026-04-27,739206.97,0.00,739206.97,0.00,1,0,0
33,2026-04-28,0.00,1006588.65,-1006588.65,0.00,0,1,0
33,2026-05-05,364292.78,0.00,364292.78,0.00,1,0,0
33,2026-05-07,456335.78,0.00,456335.78,0.00,1,0,0
33,2026-05-08,464849.45,0.00,464849.45,0.00,1,0,0
33,2026-05-12,0.00,729667.13,-729667.13,0.00,0,1,0
33,2026-05-13,451297.33,0.00,451297.33,89128.57,1,0,2
33,2026-05-14,576186.04,0.00,576186.04,0.00,1,0,0
33,2026-05-21,741591.15,0.00,741591.15,0.00,1,0,0
33,2026-05-22,1086285.30,0.00,1086285.30,0.00,1,0,0
33,2026-05-26,0.00,693764.76,-693764.76,0.00,0,1,0
33,2026-06-02,0.00,1311982.16,-1311982.16,0.00,0,1,0
33,2026-06-03,792093.81,0.00,792093.81,0.00,1,0,0
33,2026-06-04,1512737.47,0.00,1512737.47,0.00,1,0,0
33,2026-06-05,0.00,0.00,0.00,33313.04,0,0,1
33,2026-06-09,0.00,0.00,0.00,26081.00,0,0,1
33,2026-06-10,640649.15,0.00,640649.15,0.00,1,0,0
33,2026-06-11,0.00,0.00,0.00,35796.69,0,0,1
33,2026-06-16,866752.24,0.00,866752.24,0.00,1,0,0
33,2026-06-19,0.00,0.00,0.00,34875.07,0,0,1
33,2026-06-23,0.00,0.00,0.00,25969.93,0,0,1
33,2026-06-24,402777.59,0.00,402777.59,0.00,1,0,0
33,2026-06-25,0.00,480474.83,-480474.83,0.00,0,1,0
33,2026-06-30,0.00,0.00,0.00,28122.10,0,0,1
33,2026-07-01,0.00,725829.44,-725829.44,0.00,0,1,0
33,2026-07-03,595211.17,0.00,595211.17,27276.11,1,0,1
33,2026-07-06,1148940.65,0.00,1148940.65,0.00,1,0,0
33,2026-07-08,759106.74,0.00,759106.74,0.00,1,0,0
33,2026-07-10,384071.53,0.00,384071.53,0.00,1,0,0
33,2026-07-14,443031.79,0.00,443031.79,54104.87,1,0,2
33,2026-07-16,952193.54,0.00,952193.54,0.00,1,0,0
33,2026-07-20,0.00,1148617.78,-1148617.78,0.00,0,1,0
33,2026-07-24,0.00,0.00,0.00,14910.43,0,0,1
33,2026-07-27,0.00,0.00,0.00,37510.08,0,0,1
33,2026-07-28,0.00,0.00,0.00,22665.95,0,0,1
33,2026-07-30,370136.60,0.00,370136.60,15846.65,1,0,1
33,2026-08-03,0.00,0.00,0.00,90805.83,0,0,2
33,2026-08-04,1173599.96,0.00,1173599.96,0.00,1,0,0
33,2026-08-05,0.00,2649135.06,-2649135.06,9188.99,0,1,1
33,2026-08-07,0.00,1024018.25,-1024018.25,0.00,0,1,0
33,2026-08-10,247243.53,0.00,247243.53,0.00,1,0,0
33,2026-08-11,236308.01,0.00,236308.01,0.00,1,0,0
33,2026-08-12,589430.34,0.00,589430.34,0.00,1,0,0
33,2026-08-14,0.00,0.00,0.00,91148.93,0,0,2
33,2026-08-17,0.00,2335279.93,-2335279.93,0.00,0,1,0
33,2026-08-20,0.00,325739.04,-325739.04,0.00,0,1,0
33,2026-08-21,0.00,272062.37,-272062.37,0.00,0,1,0
33,2026-08-25,783095.33,0.00,783095.33,0.00,1,0,0
33,2026-08-27,0.00,0.00,0.00,57342.86,0,0,2
33,2026-09-01,461185.89,0.00,461185.89,0.00,1,0,0
33,2026-09-02,0.00,376503.80,-376503.80,0.00,0,1,0
33,2026-09-07,1113466.87,0.00,1113466.87,0.00,1,0,0
33,2026-09-11,673617.76,0.00,673617.76,0.00,1,0,0
33,2026-09-16,807779.06,0.00,807779.06,0.00,1,0,0
33,2026-09-18,623033.83,0.00,623033.83,0.00,1,0,0
33,2026-09-21,295162.44,0.00,295162.44,0.00,1,0,0
33,2026-09-22,337470.89,0.00,337470.89,0.00,1,0,0
33,2026-09-23,520777.25,0.00,520777.25,0.00,1,0,0
33,2026-09-28,474690.97,0.00,474690.97,30249.40,1,0,1
33,2026-09-30,370732.54,0.00,370732.54,0.00,1,0,0
33,2026-10-01,0.00,1060833.09,-1060833.09,0.00,0,1,0
33,2026-10-05,0.00,0.00,0.00,37969.63,0,0,2
33,2026-10-08,1279335.45,0.00,1279335.45,0.00,1,0,0
33,2026-10-13,0.00,0.00,0.00,13313.01,0,0,1
33,2026-10-14,970170.98,0.00,970170.98,0.00,1,0,0
33,2026-10-15,1458323.39,0.00,1458323.39,0.00,1,0,0
33,2026-10-16,958903.94,0.00,958903.94,0.00,1,0,0
33,2026-10-21,672943.05,0.00,672943.05,0.00,1,0,0
33,2026-10-23,0.00,1821132.07,-1821132.07,0.00,0,1,0
33,2026-10-26,1026735.34,0.00,1026735.34,0.00,1,0,0
33,2026-10-30,542164.67,0.00,542164.67,0.00,1,0,0
33,2026-11-03,0.00,518666.08,-518666.08,0.00,0,1,0
33,2026-11-05,0.00,0.00,0.00,25292.26,0,0,1
33,2026-11-13,395508.79,0.00,395508.79,0.00,1,0,0
33,2026-11-16,0.00,827555.46,-827555.46,0.00,0,1,0
33,2026-11-20,395509.05,0.00,395509.05,0.00,1,0,0
33,2026-11-26,459241.17,0.00,459241.17,0.00,1,0,0
33,2026-11-27,0.00,971907.24,-971907.24,0.00,0,1,0
33,2026-11-30,1186391.54,0.00,1186391.54,0.00,1,0,0
33,2026-12-01,660938.34,0.00,660938.34,0.00,1,0,0
33,2026-12-03,841829.64,0.00,841829.64,0.00,1,0,0
33,2026-12-07,420926.30,0.00,420926.30,0.00,1,0,0
33,2026-12-10,597912.75,0.00,597912.75,0.00,1,0,0
33,2026-12-11,620370.21,0.00,620370.21,0.00,1,0,0
33,2026-12-14,493018.05,0.00,493018.05,0.00,1,0,0
33,2026-12-15,0.00,1020398.49,-1020398.49,0.00,0,1,0
33,2026-12-18,1214050.22,0.00,1214050.22,0.00,1,0,0
33,2026-12-22,584456.13,0.00,584456.13,0.00,1,0,0
33,2026-12-28,725867.02,0.00,725867.02,0.00,1,0,0
34,2025-12-12,326592729.60,0.00,326592729.60,0.00,1,0,0
34,2025-12-16,563286547.11,0.00,563286547.11,0.00,1,0,0
34,2025-12-17,378571782.07,0.00,378571782.07,0.00,1,0,0
34,2025-12-19,419195586.26,0.00,419195586.26,0.00,1,0,0
34,2025-12-22,261808181.27,0.00,261808181.27,0.00,1,0,0
34,2025-12-24,326602363.12,0.00,326602363.12,0.00,1,0,0
34,2025-12-26,452396555.66,0.00,452396555.66,0.00,1,0,0
34,2025-12-29,81660278.14,0.00,81660278.14,0.00,1,0,0
34,2025-12-30,460744128.65,0.00,460744128.65,0.00,1,0,0
34,2026-01-02,434679130.28,0.00,434679130.28,0.00,1,0,0
34,2026-01-05,190603792.89,0.00,190603792.89,0.00,1,0,0
34,2026-01-07,186387843.55,0.00,186387843.55,0.00,1,0,0
34,2026-01-08,26659972.75,0.00,26659972.75,0.00,1,0,0
34,2026-01-22,0.00,60481276.14,-60481276.14,0.00,0,1,0
34,2026-02-19,0.00,30755820.21,-30755820.21,0.00,0,1,0
34,2026-03-02,0.00,148609284.32,-148609284.32,0.00,0,1,0
34,2026-03-11,0.00,185329232.07,-185329232.07,0.00,0,1,0
34,2026-03-24,184646014.38,0.00,184646014.38,0.00,1,0,0
34,2026-03-30,79614034.43,0.00,79614034.43,0.00,1,0,0
34,2026-04-20,65485453.77,0.00,65485453.77,0.00,1,0,0
34,2026-05-04,97466419.47,0.00,97466419.47,0.00,1,0,0
34,2026-05-20,71280725.59,0.00,71280725.59,0.00,1,0,0
34,2026-06-02,28991765.91,0.00,28991765.91,0.00,1,0,0
34,2026-06-12,37397122.57,0.00,37397122.57,0.00,1,0,0
34,2026-07-14,85864102.29,0.00,85864102.29,0.00,1,0,0
34,2026-08-11,0.00,105024379.66,-105024379.66,0.00,0,1,0
34,2026-08-20,114486237.40,0.00,114486237.40,0.00,1,0,0
34,2026-09-03,192424790.27,0.00,192424790.27,0.00,1,0,0
34,2026-09-08,45247219.35,0.00,45247219.35,0.00,1,0,0
34,2026-09-25,125371301.26,0.00,125371301.26,0.00,1,0,0
34,2026-09-30,26921047.92,0.00,26921047.92,0.00,1,0,0
34,2026-10-09,129398461.08,0.00,129398461.08,0.00,1,0,0
34,2026-10-14,29891375.26,0.00,29891375.26,0.00,1,0,0
34,2026-11-16,82319431.85,0.00,82319431.85,0.00,1,0,0
34,2026-12-02,87736153.56,0.00,87736153.56,0.00,1,0,0
34,2026-12-10,38395911.06,0.00,38395911.06,0.00,1,0,0
34,2026-12-31,36143196.79,0.00,36143196.79,0.00,1,0,0
35,2025-12-23,118961795.92,0.00,118961795.92,0.00,1,0,0
35,2025-12-24,147838627.70,0.00,147838627.70,0.00,1,0,0
35,2025-12-26,123748561.25,0.00,123748561.25,0.00,1,0,0
35,2025-12-29,207689258.61,0.00,207689258.61,0.00,1,0,0
35,2025-12-30,307338212.22,0.00,307338212.22,0.00,1,0,0
35,2025-12-31,168472705.50,0.00,168472705.50,0.00,1,0,0
35,2026-01-01,134024640.12,0.00,134024640.12,0.00,1,0,0
35,2026-01-02,82098306.40,0.00,82098306.40,0.00,1,0,0
35,2026-01-05,31873394.23,0.00,31873394.23,0.00,1,0,0
35,2026-01-06,62018752.60,0.00,62018752.60,0.00,1,0,0
35,2026-01-07,72427418.39,0.00,72427418.39,0.00,1,0,0
35,2026-01-08,213437623.28,0.00,213437623.28,0.00,1,0,0
35,2026-01-09,156684895.58,0.00,156684895.58,0.00,1,0,0
35,2026-01-12,103062493.34,0.00,103062493.34,0.00,1,0,0
35,2026-01-13,144393470.44,0.00,144393470.44,0.00,1,0,0
35,2026-01-14,94122036.05,0.00,94122036.05,0.00,1,0,0
35,2026-01-15,255989191.99,0.00,255989191.99,0.00,1,0,0
35,2026-01-16,67302149.19,0.00,67302149.19,0.00,1,0,0
35,2026-01-19,139941981.19,0.00,139941981.19,0.00,1,0,0
35,2026-01-20,154641336.71,0.00,154641336.71,0.00,1,0,0
35,2026-01-21,164593766.67,0.00,164593766.67,0.00,1,0,0
35,2026-01-22,284474890.19,0.00,284474890.19,0.00,1,0,0
35,2026-01-23,89865241.88,0.00,89865241.88,0.00,1,0,0
35,2026-01-27,116727526.29,0.00,116727526.29,0.00,1,0,0
35,2026-01-28,109166498.93,0.00,109166498.93,0.00,1,0,0
35,2026-01-29,79271494.31,0.00,79271494.31,0.00,1,0,0
35,2026-01-30,191373032.11,0.00,191373032.11,0.00,1,0,0
35,2026-02-02,56447555.08,0.00,56447555.08,0.00,1,0,0
35,2026-02-03,179415583.23,0.00,179415583.23,0.00,1,0,0
35,2026-02-04,140813100.78,0.00,140813100.78,0.00,1,0,0
35,2026-02-05,97184846.70,0.00,97184846.70,0.00,1,0,0
35,2026-02-06,0.00,52316435.10,-52316435.10,0.00,0,1,0
35,2026-02-10,44675664.64,0.00,44675664.64,0.00,1,0,0
35,2026-02-16,35455766.57,0.00,35455766.57,0.00,1,0,0
35,2026-02-23,0.00,123161949.09,-123161949.09,0.00,0,1,0
35,2026-02-24,0.00,0.00,0.00,633798.26,0,0,1
35,2026-02-25,0.00,58447284.03,-58447284.03,0.00,0,1,0
35,2026-02-27,0.00,0.00,0.00,799628.11,0,0,1
35,2026-03-05,0.00,0.00,0.00,2166421.46,0,0,1
35,2026-03-09,33441374.61,0.00,33441374.61,0.00,1,0,0
35,2026-03-18,0.00,26803994.99,-26803994.99,0.00,0,1,0
35,2026-03-19,0.00,29398642.74,-29398642.74,0.00,0,1,0
35,2026-03-23,10761000.13,0.00,10761000.13,0.00,1,0,0
35,2026-03-25,35325695.64,0.00,35325695.64,0.00,1,0,0
35,2026-03-27,0.00,0.00,0.00,874546.33,0,0,1
35,2026-04-02,26576826.34,0.00,26576826.34,0.00,1,0,0
35,2026-04-06,46076801.33,0.00,46076801.33,0.00,1,0,0
35,2026-04-13,0.00,24325042.32,-24325042.32,0.00,0,1,0
35,2026-04-15,58224239.39,0.00,58224239.39,0.00,1,0,0
35,2026-04-16,0.00,0.00,0.00,729914.71,0,0,1
35,2026-04-23,0.00,0.00,0.00,1342194.65,0,0,1
35,2026-04-27,24128451.27,0.00,24128451.27,0.00,1,0,0
35,2026-04-28,0.00,38798029.99,-38798029.99,0.00,0,1,0
35,2026-04-29,0.00,0.00,0.00,1189202.44,0,0,1
35,2026-05-04,0.00,21960756.21,-21960756.21,0.00,0,1,0
35,2026-05-06,0.00,47288470.32,-47288470.32,0.00,0,1,0
35,2026-05-13,0.00,0.00,0.00,2503047.78,0,0,1
35,2026-05-15,0.00,26380070.54,-26380070.54,0.00,0,1,0
35,2026-06-01,40258952.75,0.00,40258952.75,0.00,1,0,0
35,2026-06-04,0.00,32499592.15,-32499592.15,0.00,0,1,0
35,2026-06-09,0.00,12483911.67,-12483911.67,311271.31,0,1,1
35,2026-06-10,0.00,64542585.65,-64542585.65,0.00,0,1,0
35,2026-06-12,0.00,0.00,0.00,2302100.73,0,0,1
35,2026-06-15,20569719.90,0.00,20569719.90,3507408.68,1,0,2
35,2026-06-16,0.00,0.00,0.00,4165138.19,0,0,2
35,2026-06-22,0.00,0.00,0.00,2914586.21,0,0,2
35,2026-06-24,0.00,26478159.62,-26478159.62,0.00,0,1,0
35,2026-06-25,0.00,20764972.84,-20764972.84,0.00,0,1,0
35,2026-06-26,0.00,0.00,0.00,4198197.82,0,0,2
35,2026-06-29,0.00,37911530.44,-37911530.44,0.00,0,1,0
35,2026-07-03,23724467.16,0.00,23724467.16,1990131.68,1,0,1
35,2026-07-07,0.00,0.00,0.00,276756.25,0,0,1
35,2026-07-14,0.00,106693452.18,-106693452.18,599304.93,0,1,1
35,2026-07-15,0.00,6338847.22,-6338847.22,0.00,0,1,0
35,2026-07-20,0.00,0.00,0.00,2440613.57,0,0,1
35,2026-07-21,0.00,0.00,0.00,1906090.66,0,0,1
35,2026-07-22,34194816.36,0.00,34194816.36,0.00,1,0,0
35,2026-07-23,8544770.56,0.00,8544770.56,0.00,1,0,0
35,2026-07-24,0.00,0.00,0.00,5462011.56,0,0,1
35,2026-07-28,19038532.21,0.00,19038532.21,414772.97,1,0,1
35,2026-07-29,0.00,0.00,0.00,6642021.68,0,0,1
35,2026-07-31,0.00,21774986.51,-21774986.51,0.00,0,1,0
35,2026-08-03,25238671.73,0.00,25238671.73,296671.48,1,0,1
35,2026-08-06,0.00,0.00,0.00,1504686.68,0,0,1
35,2026-08-07,25237726.47,0.00,25237726.47,0.00,1,0,0
35,2026-08-11,0.00,0.00,0.00,88446.07,0,0,1
35,2026-08-12,0.00,0.00,0.00,6655259.30,0,0,3
35,2026-08-14,0.00,0.00,0.00,3792506.78,0,0,1
35,2026-08-18,0.00,0.00,0.00,93954.53,0,0,1
35,2026-08-20,0.00,0.00,0.00,428364.32,0,0,1
35,2026-08-24,0.00,0.00,0.00,5080067.54,0,0,1
35,2026-08-26,0.00,0.00,0.00,790595.22,0,0,1
35,2026-08-28,18851399.94,0.00,18851399.94,0.00,1,0,0
35,2026-09-02,92928482.31,0.00,92928482.31,0.00,1,0,0
35,2026-09-03,20667086.59,0.00,20667086.59,0.00,1,0,0
35,2026-09-09,0.00,0.00,0.00,2812465.74,0,0,1
35,2026-09-22,31544588.12,0.00,31544588.12,0.00,1,0,0
35,2026-09-25,54332849.69,0.00,54332849.69,0.00,1,0,0
35,2026-10-12,0.00,0.00,0.00,640672.48,0,0,1
35,2026-10-13,0.00,0.00,0.00,372113.07,0,0,1
35,2026-10-19,54400410.21,0.00,54400410.21,0.00,1,0,0
35,2026-10-28,0.00,0.00,0.00,722666.06,0,0,1
35,2026-10-29,55654225.90,0.00,55654225.90,0.00,1,0,0
35,2026-11-05,38110177.23,0.00,38110177.23,630355.50,1,0,1
35,2026-11-09,59757414.21,0.00,59757414.21,0.00,1,0,0
35,2026-11-16,27941450.11,0.00,27941450.11,0.00,1,0,0
35,2026-11-17,0.00,62430185.64,-62430185.64,0.00,0,1,0
35,2026-11-27,0.00,51308839.91,-51308839.91,0.00,0,1,0
35,2026-11-30,0.00,0.00,0.00,857570.02,0,0,1
35,2026-12-02,0.00,32259436.49,-32259436.49,0.00,0,1,0
35,2026-12-08,0.00,0.00,0.00,901878.72,0,0,1
35,2026-12-09,0.00,23994609.52,-23994609.52,0.00,0,1,0
35,2026-12-15,0.00,74477142.99,-74477142.99,0.00,0,1,0
35,2026-12-17,58817482.13,0.00,58817482.13,0.00,1,0,0
36,2025-12-24,85946845.02,0.00,85946845.02,0.00,1,0,0
36,2025-12-26,113669777.49,0.00,113669777.49,0.00,1,0,0
36,2025-12-29,89312319.55,0.00,89312319.55,0.00,1,0,0
36,2025-12-30,88219562.95,0.00,88219562.95,0.00,1,0,0
36,2025-12-31,70959436.50,0.00,70959436.50,0.00,1,0,0
36,2026-01-01,91201990.68,0.00,91201990.68,0.00,1,0,0
36,2026-01-02,178265143.88,0.00,178265143.88,0.00,1,0,0
36,2026-01-05,123260557.07,0.00,123260557.07,0.00,1,0,0
36,2026-01-06,67970832.25,0.00,67970832.25,0.00,1,0,0
36,2026-01-07,154364670.68,0.00,154364670.68,0.00,1,0,0
36,2026-01-08,187390608.66,0.00,187390608.66,0.00,1,0,0
36,2026-01-09,89032936.87,0.00,89032936.87,0.00,1,0,0
36,2026-01-12,138138719.49,0.00,138138719.49,0.00,1,0,0
36,2026-01-13,125907643.95,0.00,125907643.95,0.00,1,0,0
36,2026-01-14,94708267.57,0.00,94708267.57,0.00,1,0,0
36,2026-01-15,91783252.50,0.00,91783252.50,0.00,1,0,0
36,2026-01-16,52318053.43,0.00,52318053.43,0.00,1,0,0
36,2026-01-19,112251417.76,0.00,112251417.76,0.00,1,0,0
36,2026-01-20,173411555.91,0.00,173411555.91,0.00,1,0,0
36,2026-01-21,160217552.22,0.00,160217552.22,0.00,1,0,0
36,2026-01-22,46642171.21,0.00,46642171.21,0.00,1,0,0
36,2026-01-23,161728972.37,0.00,161728972.37,0.00,1,0,0
36,2026-01-27,115728127.91,0.00,115728127.91,0.00,1,0,0
36,2026-01-28,157787009.25,0.00,157787009.25,0.00,1,0,0
36,2026-01-29,72145644.53,0.00,72145644.53,0.00,1,0,0
36,2026-01-30,24646940.30,0.00,24646940.30,0.00,1,0,0
36,2026-02-02,22393139.19,0.00,22393139.19,0.00,1,0,0
36,2026-02-09,20018541.78,0.00,20018541.78,0.00,1,0,0
36,2026-02-11,46798070.23,0.00,46798070.23,0.00,1,0,0
36,2026-02-12,9911281.10,0.00,9911281.10,0.00,1,0,0
36,2026-02-16,18039745.51,0.00,18039745.51,0.00,1,0,0
36,2026-02-18,22940041.56,0.00,22940041.56,0.00,1,0,0
36,2026-02-19,0.00,118808883.93,-118808883.93,0.00,0,1,0
36,2026-02-25,0.00,17924295.24,-17924295.24,0.00,0,1,0
36,2026-03-03,21708379.35,0.00,21708379.35,0.00,1,0,0
36,2026-03-06,37400693.71,0.00,37400693.71,0.00,1,0,0
36,2026-03-09,0.00,0.00,0.00,1083643.30,0,0,1
36,2026-03-11,123261282.31,0.00,123261282.31,1318932.81,1,0,1
36,2026-03-12,16319013.77,0.00,16319013.77,0.00,1,0,0
36,2026-03-13,0.00,23149650.87,-23149650.87,0.00,0,1,0
36,2026-03-16,19818520.22,0.00,19818520.22,0.00,1,0,0
36,2026-03-17,13630021.87,0.00,13630021.87,0.00,1,0,0
36,2026-03-23,24553723.40,0.00,24553723.40,0.00,1,0,0
36,2026-03-24,27862688.33,0.00,27862688.33,0.00,1,0,0
36,2026-03-27,14823980.66,0.00,14823980.66,0.00,1,0,0
36,2026-03-30,17555104.49,0.00,17555104.49,0.00,1,0,0
36,2026-04-01,24648191.10,0.00,24648191.10,0.00,1,0,0
36,2026-04-06,0.00,72094305.56,-72094305.56,0.00,0,1,0
36,2026-04-07,6243474.13,0.00,6243474.13,0.00,1,0,0
36,2026-04-10,0.00,26251875.78,-26251875.78,0.00,0,1,0
36,2026-04-13,20189556.81,0.00,20189556.81,0.00,1,0,0
36,2026-04-16,39122976.77,0.00,39122976.77,0.00,1,0,0
36,2026-04-20,34754727.56,0.00,34754727.56,0.00,1,0,0
36,2026-04-23,25220825.12,0.00,25220825.12,0.00,1,0,0
36,2026-04-27,22410056.27,0.00,22410056.27,0.00,1,0,0
36,2026-04-28,0.00,19198489.22,-19198489.22,0.00,0,1,0
36,2026-05-04,9792458.83,0.00,9792458.83,0.00,1,0,0
36,2026-05-11,27866214.81,0.00,27866214.81,0.00,1,0,0
36,2026-05-12,31452592.63,0.00,31452592.63,0.00,1,0,0
36,2026-05-14,0.00,20846279.71,-20846279.71,0.00,0,1,0
36,2026-05-19,40353746.64,0.00,40353746.64,0.00,1,0,0
36,2026-05-21,14035146.47,0.00,14035146.47,0.00,1,0,0
36,2026-05-22,9228509.21,0.00,9228509.21,0.00,1,0,0
36,2026-05-25,0.00,25860245.25,-25860245.25,0.00,0,1,0
36,2026-05-28,21777970.77,0.00,21777970.77,0.00,1,0,0
36,2026-05-29,45802007.08,0.00,45802007.08,0.00,1,0,0
36,2026-06-02,30071769.99,0.00,30071769.99,0.00,1,0,0
36,2026-06-03,0.00,33754411.08,-33754411.08,0.00,0,1,0
36,2026-06-10,0.00,0.00,0.00,553385.03,0,0,1
36,2026-06-12,41141483.90,0.00,41141483.90,3756649.58,1,0,1
36,2026-06-17,0.00,8915806.08,-8915806.08,0.00,0,1,0
36,2026-06-22,0.00,24828426.24,-24828426.24,0.00,0,1,0
36,2026-06-23,0.00,0.00,0.00,455354.62,0,0,1
36,2026-06-25,0.00,62651877.35,-62651877.35,0.00,0,1,0
36,2026-06-26,0.00,0.00,0.00,2438513.55,0,0,1
36,2026-06-30,0.00,0.00,0.00,450977.94,0,0,1
36,2026-07-01,0.00,0.00,0.00,2255007.39,0,0,2
36,2026-07-02,7642575.27,0.00,7642575.27,0.00,1,0,0
36,2026-07-07,27801697.63,0.00,27801697.63,0.00,1,0,0
36,2026-07-09,0.00,0.00,0.00,3298996.74,0,0,1
36,2026-07-10,0.00,0.00,0.00,3165211.27,0,0,2
36,2026-07-13,21150767.80,0.00,21150767.80,0.00,1,0,0
36,2026-07-14,0.00,30364404.04,-30364404.04,1473939.98,0,1,1
36,2026-07-22,42656760.77,0.00,42656760.77,0.00,1,0,0
36,2026-07-29,12922144.79,0.00,12922144.79,0.00,1,0,0
36,2026-08-03,21802533.36,0.00,21802533.36,0.00,1,0,0
36,2026-08-04,34228252.10,0.00,34228252.10,0.00,1,0,0
36,2026-08-05,0.00,0.00,0.00,1382905.06,0,0,1
36,2026-08-06,15666763.02,0.00,15666763.02,0.00,1,0,0
36,2026-08-10,0.00,19158921.24,-19158921.24,0.00,0,1,0
36,2026-08-11,0.00,28976443.85,-28976443.85,907930.22,0,1,1
36,2026-08-12,0.00,92643358.89,-92643358.89,528336.13,0,1,1
36,2026-08-17,0.00,132768434.83,-132768434.83,0.00,0,1,0
36,2026-08-18,89312429.54,0.00,89312429.54,0.00,1,0,0
36,2026-08-19,0.00,109527735.19,-109527735.19,1580394.01,0,1,1
36,2026-08-24,0.00,0.00,0.00,639170.90,0,0,1
36,2026-08-26,0.00,200642345.23,-200642345.23,0.00,0,1,0
36,2026-08-28,0.00,222320318.98,-222320318.98,0.00,0,1,0
36,2026-09-01,6130037.12,0.00,6130037.12,0.00,1,0,0
36,2026-09-04,51484368.98,0.00,51484368.98,0.00,1,0,0
36,2026-09-11,46943408.68,0.00,46943408.68,0.00,1,0,0
36,2026-09-15,0.00,29858581.33,-29858581.33,0.00,0,1,0
36,2026-09-16,178265463.96,0.00,178265463.96,0.00,1,0,0
36,2026-09-17,17964643.84,0.00,17964643.84,0.00,1,0,0
36,2026-09-21,0.00,46735299.96,-46735299.96,0.00,0,1,0
36,2026-09-22,25640733.57,0.00,25640733.57,0.00,1,0,0
36,2026-09-28,7436999.79,0.00,7436999.79,0.00,1,0,0
36,2026-09-29,34891029.22,0.00,34891029.22,0.00,1,0,0
36,2026-10-05,16501947.79,0.00,16501947.79,0.00,1,0,0
36,2026-10-12,138139982.42,0.00,138139982.42,0.00,1,0,0
36,2026-10-14,72145545.65,0.00,72145545.65,0.00,1,0,0
36,2026-10-16,36144259.86,0.00,36144259.86,0.00,1,0,0
36,2026-10-22,28186760.96,0.00,28186760.96,0.00,1,0,0
36,2026-10-23,0.00,0.00,0.00,1214968.80,0,0,1
36,2026-10-27,0.00,40873611.13,-40873611.13,0.00,0,1,0
36,2026-10-28,0.00,0.00,0.00,375850.32,0,0,1
36,2026-10-29,0.00,52695692.41,-52695692.41,0.00,0,1,0
36,2026-10-30,0.00,15027301.86,-15027301.86,0.00,0,1,0
36,2026-11-02,15878808.86,0.00,15878808.86,0.00,1,0,0
36,2026-11-04,21240348.56,0.00,21240348.56,0.00,1,0,0
36,2026-11-06,0.00,86387765.17,-86387765.17,0.00,0,1,0
36,2026-11-09,61818353.39,0.00,61818353.39,0.00,1,0,0
36,2026-11-11,38810467.97,0.00,38810467.97,0.00,1,0,0
36,2026-11-18,11428387.61,0.00,11428387.61,0.00,1,0,0
36,2026-11-19,22981213.86,0.00,22981213.86,0.00,1,0,0
36,2026-11-25,0.00,187690396.98,-187690396.98,0.00,0,1,0
36,2026-11-27,16224055.02,0.00,16224055.02,0.00,1,0,0
36,2026-11-30,0.00,70827524.89,-70827524.89,0.00,0,1,0
36,2026-12-02,0.00,30603102.10,-30603102.10,0.00,0,1,0
36,2026-12-03,26226618.28,0.00,26226618.28,0.00,1,0,0
36,2026-12-07,0.00,75743952.29,-75743952.29,0.00,0,1,0
36,2026-12-11,18426410.27,0.00,18426410.27,0.00,1,0,0
36,2026-12-15,11204633.34,0.00,11204633.34,0.00,1,0,0
36,2026-12-16,178265759.50,0.00,178265759.50,0.00,1,0,0
36,2026-12-22,12366088.21,0.00,12366088.21,0.00,1,0,0
36,2026-12-24,15787491.34,0.00,15787491.34,0.00,1,0,0
36,2026-12-28,0.00,55945325.22,-55945325.22,0.00,0,1,0
36,2026-12-30,20830277.61,0.00,20830277.61,0.00,1,0,0
37,2026-01-02,31966454.20,0.00,31966454.20,0.00,1,0,0
37,2026-01-05,17327999.88,0.00,17327999.88,0.00,1,0,0
37,2026-01-06,48376246.75,0.00,48376246.75,0.00,1,0,0
37,2026-01-07,37745243.52,0.00,37745243.52,0.00,1,0,0
37,2026-01-08,60610144.50,0.00,60610144.50,0.00,1,0,0
37,2026-01-09,121669416.39,0.00,121669416.39,0.00,1,0,0
37,2026-01-12,41891905.48,0.00,41891905.48,0.00,1,0,0
37,2026-01-13,36728059.41,0.00,36728059.41,0.00,1,0,0
37,2026-01-14,19847977.27,0.00,19847977.27,0.00,1,0,0
37,2026-01-15,41665593.16,0.00,41665593.16,0.00,1,0,0
37,2026-01-16,53929624.33,0.00,53929624.33,0.00,1,0,0
37,2026-01-19,29862514.23,0.00,29862514.23,0.00,1,0,0
37,2026-01-20,25493861.47,0.00,25493861.47,0.00,1,0,0
37,2026-01-21,64634169.26,0.00,64634169.26,0.00,1,0,0
37,2026-01-22,24492764.14,0.00,24492764.14,0.00,1,0,0
37,2026-01-23,40079506.47,0.00,40079506.47,0.00,1,0,0
37,2026-01-27,24746550.18,0.00,24746550.18,0.00,1,0,0
37,2026-01-28,58908493.23,0.00,58908493.23,0.00,1,0,0
37,2026-01-29,46758702.45,0.00,46758702.45,0.00,1,0,0
37,2026-01-30,26325509.59,0.00,26325509.59,0.00,1,0,0
37,2026-02-02,34340600.30,0.00,34340600.30,0.00,1,0,0
37,2026-02-03,16675891.96,0.00,16675891.96,0.00,1,0,0
37,2026-02-04,22070066.94,0.00,22070066.94,0.00,1,0,0
37,2026-02-05,17597737.04,0.00,17597737.04,0.00,1,0,0
37,2026-02-06,16763183.67,0.00,16763183.67,0.00,1,0,0
37,2026-02-09,44714440.11,0.00,44714440.11,0.00,1,0,0
37,2026-02-10,23962914.24,0.00,23962914.24,0.00,1,0,0
37,2026-02-11,25267029.42,0.00,25267029.42,0.00,1,0,0
37,2026-02-12,21746616.97,0.00,21746616.97,0.00,1,0,0
37,2026-02-13,32146288.12,0.00,32146288.12,0.00,1,0,0
37,2026-02-16,37552456.30,0.00,37552456.30,0.00,1,0,0
37,2026-02-17,27023103.04,0.00,27023103.04,0.00,1,0,0
37,2026-02-18,7172455.79,0.00,7172455.79,0.00,1,0,0
37,2026-02-19,0.00,12363334.19,-12363334.19,0.00,0,1,0
37,2026-02-20,0.00,8443192.20,-8443192.20,0.00,0,1,0
37,2026-02-23,12347758.07,0.00,12347758.07,0.00,1,0,0
37,2026-03-06,0.00,16569766.38,-16569766.38,0.00,0,1,0
37,2026-03-09,10023737.86,0.00,10023737.86,0.00,1,0,0
37,2026-03-11,0.00,0.00,0.00,192487.32,0,0,1
37,2026-03-17,0.00,9577420.44,-9577420.44,0.00,0,1,0
37,2026-03-23,3818134.06,0.00,3818134.06,0.00,1,0,0
37,2026-03-25,4034399.42,0.00,4034399.42,0.00,1,0,0
37,2026-03-27,12094050.81,0.00,12094050.81,0.00,1,0,0
37,2026-04-01,11843848.84,0.00,11843848.84,0.00,1,0,0
37,2026-04-06,0.00,13697522.70,-13697522.70,0.00,0,1,0
37,2026-04-16,0.00,8479540.13,-8479540.13,0.00,0,1,0
37,2026-04-20,0.00,4041907.65,-4041907.65,0.00,0,1,0
37,2026-04-21,0.00,5147713.23,-5147713.23,0.00,0,1,0
37,2026-04-23,0.00,0.00,0.00,186590.47,0,0,1
37,2026-04-24,15068690.61,0.00,15068690.61,152646.99,1,0,1
37,2026-04-28,26500532.46,0.00,26500532.46,0.00,1,0,0
37,2026-04-30,17990317.99,0.00,17990317.99,0.00,1,0,0
37,2026-05-06,3121328.74,0.00,3121328.74,0.00,1,0,0
37,2026-05-08,0.00,37839006.43,-37839006.43,0.00,0,1,0
37,2026-05-11,32143712.04,0.00,32143712.04,0.00,1,0,0
37,2026-05-12,9218669.00,0.00,9218669.00,0.00,1,0,0
37,2026-05-14,2721227.78,0.00,2721227.78,0.00,1,0,0
37,2026-05-19,3284860.47,0.00,3284860.47,0.00,1,0,0
37,2026-05-20,5705707.58,0.00,5705707.58,0.00,1,0,0
37,2026-05-22,0.00,29812518.74,-29812518.74,0.00,0,1,0
37,2026-05-25,2848748.38,0.00,2848748.38,0.00,1,0,0
37,2026-06-01,14891276.84,0.00,14891276.84,0.00,1,0,0
37,2026-06-05,31507262.87,0.00,31507262.87,0.00,1,0,0
37,2026-06-08,0.00,0.00,0.00,992460.59,0,0,2
37,2026-06-09,0.00,68680038.25,-68680038.25,0.00,0,1,0
37,2026-06-12,0.00,0.00,0.00,497369.91,0,0,1
37,2026-06-16,41894630.23,0.00,41894630.23,0.00,1,0,0
37,2026-06-17,6185806.78,0.00,6185806.78,0.00,1,0,0
37,2026-06-18,0.00,0.00,0.00,248025.60,0,0,1
37,2026-06-19,8796623.65,0.00,8796623.65,0.00,1,0,0
37,2026-06-22,5251254.81,0.00,5251254.81,0.00,1,0,0
37,2026-06-25,3736598.48,0.00,3736598.48,0.00,1,0,0
37,2026-06-26,0.00,16670329.18,-16670329.18,91054.16,0,1,1
37,2026-07-01,0.00,0.00,0.00,199109.90,0,0,1
37,2026-07-02,0.00,30502764.49,-30502764.49,0.00,0,1,0
37,2026-07-06,0.00,0.00,0.00,384214.95,0,0,1
37,2026-07-07,0.00,10545941.13,-10545941.13,0.00,0,1,0
37,2026-07-08,0.00,5778903.61,-5778903.61,0.00,0,1,0
37,2026-07-10,11125900.08,0.00,11125900.08,1297542.35,1,0,1
37,2026-07-14,5921005.83,0.00,5921005.83,309901.44,1,0,1
37,2026-07-15,16594170.21,0.00,16594170.21,0.00,1,0,0
37,2026-07-16,5669937.70,0.00,5669937.70,195291.05,1,0,1
37,2026-07-17,0.00,0.00,0.00,158393.21,0,0,1
37,2026-07-22,15407451.31,0.00,15407451.31,0.00,1,0,0
37,2026-07-23,0.00,10689555.25,-10689555.25,1126539.13,0,1,1
37,2026-07-24,0.00,12705478.68,-12705478.68,779360.90,0,1,1
37,2026-07-27,0.00,0.00,0.00,841861.27,0,0,2
37,2026-07-29,0.00,10101380.42,-10101380.42,173901.75,0,1,1
37,2026-07-30,7487082.18,0.00,7487082.18,828296.99,1,0,1
37,2026-07-31,7862695.59,0.00,7862695.59,0.00,1,0,0
37,2026-08-04,20670512.96,0.00,20670512.96,0.00,1,0,0
37,2026-08-06,0.00,3823714.94,-3823714.94,0.00,0,1,0
37,2026-08-07,0.00,11302094.15,-11302094.15,0.00,0,1,0
37,2026-08-10,7324723.26,0.00,7324723.26,0.00,1,0,0
37,2026-08-12,0.00,8701669.68,-8701669.68,1039787.27,0,1,1
37,2026-08-14,0.00,18258774.83,-18258774.83,0.00,0,1,0
37,2026-08-17,6310624.35,0.00,6310624.35,0.00,1,0,0
37,2026-08-18,7771907.48,0.00,7771907.48,0.00,1,0,0
37,2026-08-20,0.00,2365915.48,-2365915.48,0.00,0,1,0
37,2026-08-25,7748360.42,0.00,7748360.42,0.00,1,0,0
37,2026-08-28,8086764.41,0.00,8086764.41,0.00,1,0,0
37,2026-08-31,0.00,16909363.41,-16909363.41,0.00,0,1,0
37,2026-09-02,0.00,6817614.67,-6817614.67,0.00,0,1,0
37,2026-09-03,10802956.29,0.00,10802956.29,0.00,1,0,0
37,2026-09-07,7258534.15,0.00,7258534.15,0.00,1,0,0
37,2026-09-08,0.00,0.00,0.00,106456.61,0,0,1
37,2026-09-09,8949837.47,0.00,8949837.47,0.00,1,0,0
37,2026-09-11,7086554.25,0.00,7086554.25,0.00,1,0,0
37,2026-09-16,2710058.96,0.00,2710058.96,0.00,1,0,0
37,2026-09-17,0.00,0.00,0.00,139667.53,0,0,1
37,2026-09-21,0.00,0.00,0.00,101393.05,0,0,1
37,2026-09-23,17202105.23,0.00,17202105.23,0.00,1,0,0
37,2026-09-28,0.00,0.00,0.00,348569.90,0,0,1
37,2026-09-30,0.00,29948328.71,-29948328.71,0.00,0,1,0
37,2026-10-01,0.00,18048560.08,-18048560.08,0.00,0,1,0
37,2026-10-06,0.00,0.00,0.00,143023.89,0,0,1
37,2026-10-07,16448267.97,0.00,16448267.97,0.00,1,0,0
37,2026-10-09,10269209.13,0.00,10269209.13,0.00,1,0,0
37,2026-10-16,16665154.32,0.00,16665154.32,0.00,1,0,0
37,2026-10-19,2182462.88,0.00,2182462.88,0.00,1,0,0
37,2026-10-22,0.00,32777625.67,-32777625.67,0.00,0,1,0
37,2026-10-28,34655512.56,0.00,34655512.56,0.00,1,0,0
37,2026-11-02,9140995.40,0.00,9140995.40,0.00,1,0,0
37,2026-11-03,11173005.03,0.00,11173005.03,0.00,1,0,0
37,2026-11-05,0.00,6338777.14,-6338777.14,0.00,0,1,0
37,2026-11-09,5839558.86,0.00,5839558.86,275113.28,1,0,1
37,2026-11-11,0.00,16838136.74,-16838136.74,0.00,0,1,0
37,2026-11-17,0.00,3486251.83,-3486251.83,0.00,0,1,0
37,2026-11-19,0.00,16681446.25,-16681446.25,0.00,0,1,0
37,2026-11-20,0.00,7602745.59,-7602745.59,0.00,0,1,0
37,2026-11-23,5351632.77,0.00,5351632.77,0.00,1,0,0
37,2026-11-27,0.00,6126269.52,-6126269.52,0.00,0,1,0
37,2026-11-30,5085815.47,0.00,5085815.47,344017.57,1,0,1
37,2026-12-01,13745289.36,0.00,13745289.36,0.00,1,0,0
37,2026-12-02,4212336.17,0.00,4212336.17,0.00,1,0,0
37,2026-12-08,0.00,9298663.51,-9298663.51,0.00,0,1,0
37,2026-12-10,5111912.57,0.00,5111912.57,0.00,1,0,0
37,2026-12-18,3191715.95,0.00,3191715.95,0.00,1,0,0
37,2026-12-24,13924847.00,0.00,13924847.00,0.00,1,0,0
37,2026-12-28,21296492.91,0.00,21296492.91,0.00,1,0,0
37,2026-12-29,0.00,11387538.07,-11387538.07,0.00,0,1,0
37,2026-12-31,4642960.90,0.00,4642960.90,0.00,1,0,0
38,2026-02-11,210172904.73,0.00,210172904.73,0.00,1,0,0
38,2026-02-12,305350856.30,0.00,305350856.30,0.00,1,0,0
38,2026-02-13,168062553.55,0.00,168062553.55,0.00,1,0,0
38,2026-02-18,219307754.31,0.00,219307754.31,0.00,1,0,0
38,2026-02-19,45718792.96,0.00,45718792.96,0.00,1,0,0
38,2026-02-20,422838467.50,0.00,422838467.50,0.00,1,0,0
38,2026-02-24,209449689.29,0.00,209449689.29,0.00,1,0,0
38,2026-02-25,150466964.83,0.00,150466964.83,0.00,1,0,0
38,2026-02-27,466212857.57,0.00,466212857.57,0.00,1,0,0
38,2026-03-02,163141055.65,0.00,163141055.65,0.00,1,0,0
38,2026-03-05,70823140.71,0.00,70823140.71,0.00,1,0,0
38,2026-03-06,159607123.99,0.00,159607123.99,0.00,1,0,0
38,2026-03-09,124392848.13,0.00,124392848.13,0.00,1,0,0
38,2026-03-12,104613775.68,0.00,104613775.68,0.00,1,0,0
38,2026-03-13,104393214.95,0.00,104393214.95,0.00,1,0,0
38,2026-04-06,17887314.48,0.00,17887314.48,0.00,1,0,0
38,2026-04-21,0.00,50940207.95,-50940207.95,0.00,0,1,0
38,2026-05-15,28822732.61,0.00,28822732.61,0.00,1,0,0
38,2026-06-10,0.00,30264819.66,-30264819.66,0.00,0,1,0
38,2026-06-18,0.00,84812883.57,-84812883.57,0.00,0,1,0
38,2026-08-06,31813876.56,0.00,31813876.56,0.00,1,0,0
38,2026-08-13,36703663.55,0.00,36703663.55,0.00,1,0,0
38,2026-08-17,48813349.44,0.00,48813349.44,0.00,1,0,0
38,2026-08-28,0.00,92991208.11,-92991208.11,0.00,0,1,0
38,2026-09-02,52414454.39,0.00,52414454.39,0.00,1,0,0
38,2026-09-07,73190250.18,0.00,73190250.18,0.00,1,0,0
38,2026-09-18,26171530.37,0.00,26171530.37,0.00,1,0,0
38,2026-09-30,23005347.23,0.00,23005347.23,0.00,1,0,0
38,2026-10-06,21475083.70,0.00,21475083.70,0.00,1,0,0
38,2026-10-21,0.00,109624656.17,-109624656.17,0.00,0,1,0
38,2026-10-29,104032939.98,0.00,104032939.98,0.00,1,0,0
38,2026-11-12,69687173.74,0.00,69687173.74,0.00,1,0,0
38,2026-11-18,54458587.04,0.00,54458587.04,0.00,1,0,0
38,2026-11-27,35049138.60,0.00,35049138.60,0.00,1,0,0
38,2026-12-21,29890956.28,0.00,29890956.28,0.00,1,0,0
39,2026-02-16,91633626.79,0.00,91633626.79,0.00,1,0,0
39,2026-02-17,107540773.29,0.00,107540773.29,0.00,1,0,0
39,2026-02-18,67038240.10,0.00,67038240.10,0.00,1,0,0
39,2026-02-19,295595162.86,0.00,295595162.86,0.00,1,0,0
39,2026-02-23,168916823.67,0.00,168916823.67,0.00,1,0,0
39,2026-02-24,79110429.50,0.00,79110429.50,0.00,1,0,0
39,2026-02-25,102825770.43,0.00,102825770.43,0.00,1,0,0
39,2026-02-26,92557477.57,0.00,92557477.57,0.00,1,0,0
39,2026-03-02,101906889.90,0.00,101906889.90,0.00,1,0,0
39,2026-03-03,133362011.54,0.00,133362011.54,0.00,1,0,0
39,2026-03-05,168640502.78,0.00,168640502.78,0.00,1,0,0
39,2026-03-06,236266555.44,0.00,236266555.44,0.00,1,0,0
39,2026-03-09,80742866.50,0.00,80742866.50,0.00,1,0,0
39,2026-03-10,34960624.23,0.00,34960624.23,0.00,1,0,0
39,2026-03-11,0.00,19732976.80,-19732976.80,0.00,0,1,0
39,2026-03-12,28451295.30,0.00,28451295.30,0.00,1,0,0
39,2026-03-16,17546492.19,0.00,17546492.19,0.00,1,0,0
39,2026-03-19,0.00,49088508.53,-49088508.53,0.00,0,1,0
39,2026-03-23,0.00,246088340.05,-246088340.05,0.00,0,1,0
39,2026-03-24,12488549.31,0.00,12488549.31,0.00,1,0,0
39,2026-03-25,10448023.45,0.00,10448023.45,0.00,1,0,0
39,2026-03-27,55433714.44,0.00,55433714.44,1415094.03,1,0,1
39,2026-03-30,0.00,57445129.67,-57445129.67,0.00,0,1,0
39,2026-04-01,0.00,26661420.68,-26661420.68,0.00,0,1,0
39,2026-04-02,0.00,11716633.00,-11716633.00,0.00,0,1,0
39,2026-04-06,37828473.23,0.00,37828473.23,0.00,1,0,0
39,2026-04-07,0.00,45593146.73,-45593146.73,0.00,0,1,0
39,2026-04-08,0.00,35355972.20,-35355972.20,0.00,0,1,0
39,2026-04-09,0.00,18100086.90,-18100086.90,0.00,0,1,0
39,2026-04-10,295595368.95,0.00,295595368.95,0.00,1,0,0
39,2026-04-13,0.00,35599105.42,-35599105.42,0.00,0,1,0
39,2026-04-15,0.00,104344037.35,-104344037.35,109141.56,0,1,1
39,2026-04-16,102825903.78,0.00,102825903.78,0.00,1,0,0
39,2026-04-17,0.00,95163546.76,-95163546.76,0.00,0,1,0
39,2026-04-20,0.00,0.00,0.00,824374.93,0,0,1
39,2026-04-21,92557430.99,0.00,92557430.99,0.00,1,0,0
39,2026-04-22,7822117.61,0.00,7822117.61,0.00,1,0,0
39,2026-04-27,0.00,65713727.09,-65713727.09,0.00,0,1,0
39,2026-04-28,0.00,82997703.63,-82997703.63,0.00,0,1,0
39,2026-04-30,18370546.34,0.00,18370546.34,0.00,1,0,0
39,2026-05-06,46665199.22,0.00,46665199.22,0.00,1,0,0
39,2026-05-08,18913423.33,0.00,18913423.33,0.00,1,0,0
39,2026-05-11,0.00,104305478.91,-104305478.91,0.00,0,1,0
39,2026-05-13,22379834.21,0.00,22379834.21,0.00,1,0,0
39,2026-05-14,18540215.40,0.00,18540215.40,213257.29,1,0,1
39,2026-05-15,26072528.20,0.00,26072528.20,362857.71,1,0,1
39,2026-05-18,55332630.77,0.00,55332630.77,0.00,1,0,0
39,2026-05-19,0.00,70166331.20,-70166331.20,0.00,0,1,0
39,2026-05-20,23420574.69,0.00,23420574.69,0.00,1,0,0
39,2026-05-25,0.00,22125679.31,-22125679.31,0.00,0,1,0
39,2026-05-26,25986901.13,0.00,25986901.13,0.00,1,0,0
39,2026-05-28,0.00,60166037.03,-60166037.03,0.00,0,1,0
39,2026-05-29,79110468.71,0.00,79110468.71,292932.29,1,0,1
39,2026-06-01,92557451.36,0.00,92557451.36,0.00,1,0,0
39,2026-06-03,0.00,27824901.24,-27824901.24,0.00,0,1,0
39,2026-06-05,22057339.64,0.00,22057339.64,476403.42,1,0,1
39,2026-06-08,0.00,39236508.43,-39236508.43,0.00,0,1,0
39,2026-06-09,0.00,23528102.00,-23528102.00,0.00,0,1,0
39,2026-06-10,23725487.10,0.00,23725487.10,0.00,1,0,0
39,2026-06-11,16061129.51,0.00,16061129.51,517269.65,1,0,1
39,2026-06-12,16726796.92,0.00,16726796.92,0.00,1,0,0
39,2026-06-15,16140779.04,0.00,16140779.04,0.00,1,0,0
39,2026-06-17,0.00,43048732.24,-43048732.24,0.00,0,1,0
39,2026-06-19,0.00,246683702.03,-246683702.03,0.00,0,1,0
39,2026-06-22,0.00,188947865.80,-188947865.80,4556539.60,0,1,1
39,2026-06-23,0.00,144791098.05,-144791098.05,0.00,0,1,0
39,2026-06-24,0.00,100687520.83,-100687520.83,0.00,0,1,0
39,2026-06-25,9624592.18,0.00,9624592.18,0.00,1,0,0
39,2026-06-26,295595268.60,0.00,295595268.60,0.00,1,0,0
39,2026-06-29,17731773.94,0.00,17731773.94,0.00,1,0,0
39,2026-06-30,20271313.50,0.00,20271313.50,0.00,1,0,0
39,2026-07-01,0.00,41093448.21,-41093448.21,0.00,0,1,0
39,2026-07-02,15647164.98,0.00,15647164.98,0.00,1,0,0
39,2026-07-03,107541145.17,0.00,107541145.17,1245182.46,1,0,1
39,2026-07-09,236266726.83,0.00,236266726.83,0.00,1,0,0
39,2026-07-10,0.00,279229933.36,-279229933.36,0.00,0,1,0
39,2026-07-16,0.00,86541546.45,-86541546.45,0.00,0,1,0
39,2026-07-17,25279190.00,0.00,25279190.00,0.00,1,0,0
39,2026-07-20,26450037.50,0.00,26450037.50,4887856.81,1,0,1
39,2026-07-21,0.00,61437056.65,-61437056.65,0.00,0,1,0
39,2026-07-24,0.00,11196433.97,-11196433.97,0.00,0,1,0
39,2026-07-27,0.00,100037093.80,-100037093.80,0.00,0,1,0
39,2026-07-28,92557431.30,0.00,92557431.30,0.00,1,0,0
39,2026-07-31,295595015.00,0.00,295595015.00,0.00,1,0,0
39,2026-08-03,101906888.15,0.00,101906888.15,0.00,1,0,0
39,2026-08-05,28515678.64,0.00,28515678.64,0.00,1,0,0
39,2026-08-10,0.00,8726914.33,-8726914.33,0.00,0,1,0
39,2026-08-11,0.00,16435033.04,-16435033.04,0.00,0,1,0
39,2026-08-12,15214206.11,0.00,15214206.11,0.00,1,0,0
39,2026-08-13,0.00,13134469.20,-13134469.20,0.00,0,1,0
39,2026-08-14,34321993.00,0.00,34321993.00,0.00,1,0,0
39,2026-08-17,20620049.47,0.00,20620049.47,0.00,1,0,0
39,2026-08-18,30159824.69,0.00,30159824.69,0.00,1,0,0
39,2026-08-21,0.00,13311505.38,-13311505.38,706174.38,0,1,1
39,2026-08-24,19610713.44,0.00,19610713.44,1461385.41,1,0,1
39,2026-08-25,25754089.45,0.00,25754089.45,0.00,1,0,0
39,2026-08-26,0.00,32327162.06,-32327162.06,622497.49,0,1,1
39,2026-08-27,0.00,70812079.19,-70812079.19,0.00,0,1,0
39,2026-08-28,13108898.85,0.00,13108898.85,0.00,1,0,0
39,2026-08-31,27803152.25,0.00,27803152.25,0.00,1,0,0
39,2026-09-01,0.00,59636668.78,-59636668.78,0.00,0,1,0
39,2026-09-02,0.00,25525592.73,-25525592.73,0.00,0,1,0
39,2026-09-03,0.00,23569602.13,-23569602.13,0.00,0,1,0
39,2026-09-07,16883030.01,0.00,16883030.01,0.00,1,0,0
39,2026-09-08,0.00,40825582.15,-40825582.15,0.00,0,1,0
39,2026-09-09,0.00,116762864.16,-116762864.16,0.00,0,1,0
39,2026-09-10,25551316.95,0.00,25551316.95,0.00,1,0,0
39,2026-09-11,0.00,54485977.28,-54485977.28,842659.63,0,1,1
39,2026-09-15,8282757.23,0.00,8282757.23,0.00,1,0,0
39,2026-09-16,12653006.01,0.00,12653006.01,0.00,1,0,0
39,2026-09-17,12255412.40,0.00,12255412.40,0.00,1,0,0
39,2026-09-18,0.00,22130205.44,-22130205.44,0.00,0,1,0
39,2026-09-21,92557362.29,0.00,92557362.29,0.00,1,0,0
39,2026-09-22,43196409.56,0.00,43196409.56,0.00,1,0,0
39,2026-09-23,25156353.50,0.00,25156353.50,0.00,1,0,0
39,2026-09-24,0.00,6802529.71,-6802529.71,0.00,0,1,0
39,2026-09-25,0.00,0.00,0.00,707609.44,0,0,1
39,2026-09-28,0.00,97947366.81,-97947366.81,0.00,0,1,0
39,2026-09-29,33890890.13,0.00,33890890.13,0.00,1,0,0
39,2026-09-30,26113182.87,0.00,26113182.87,0.00,1,0,0
39,2026-10-01,0.00,28349263.26,-28349263.26,0.00,0,1,0
39,2026-10-05,0.00,60371048.84,-60371048.84,0.00,0,1,0
39,2026-10-08,16686518.23,0.00,16686518.23,0.00,1,0,0
39,2026-10-12,14367896.63,0.00,14367896.63,0.00,1,0,0
39,2026-10-15,10023182.11,0.00,10023182.11,0.00,1,0,0
39,2026-10-16,16496494.36,0.00,16496494.36,0.00,1,0,0
39,2026-10-22,11325558.99,0.00,11325558.99,0.00,1,0,0
39,2026-10-23,0.00,42937354.85,-42937354.85,0.00,0,1,0
39,2026-10-26,24692415.23,0.00,24692415.23,0.00,1,0,0
39,2026-10-28,0.00,57044546.77,-57044546.77,0.00,0,1,0
39,2026-10-29,23302376.45,0.00,23302376.45,0.00,1,0,0
39,2026-10-30,91633488.06,0.00,91633488.06,0.00,1,0,0
39,2026-11-04,0.00,18251672.68,-18251672.68,0.00,0,1,0
39,2026-11-05,19513450.69,0.00,19513450.69,0.00,1,0,0
39,2026-11-09,0.00,25393133.24,-25393133.24,0.00,0,1,0
39,2026-11-11,0.00,35155398.19,-35155398.19,0.00,0,1,0
39,2026-11-12,0.00,65508149.17,-65508149.17,0.00,0,1,0
39,2026-11-13,0.00,30842603.18,-30842603.18,426949.86,0,1,1
39,2026-11-16,56594492.74,0.00,56594492.74,0.00,1,0,0
39,2026-11-17,79110460.27,0.00,79110460.27,0.00,1,0,0
39,2026-11-18,58395959.16,0.00,58395959.16,0.00,1,0,0
39,2026-11-19,52678923.15,0.00,52678923.15,0.00,1,0,0
39,2026-11-20,0.00,30446093.09,-30446093.09,0.00,0,1,0
39,2026-11-23,13030524.89,0.00,13030524.89,0.00,1,0,0
39,2026-11-25,0.00,237881371.47,-237881371.47,0.00,0,1,0
39,2026-11-26,0.00,215707960.13,-215707960.13,0.00,0,1,0
39,2026-11-27,0.00,31252215.60,-31252215.60,0.00,0,1,0
39,2026-11-30,0.00,44921435.11,-44921435.11,0.00,0,1,0
39,2026-12-01,0.00,32683079.93,-32683079.93,525968.05,0,1,1
39,2026-12-03,44515803.32,0.00,44515803.32,0.00,1,0,0
39,2026-12-04,10083113.96,0.00,10083113.96,0.00,1,0,0
39,2026-12-09,0.00,149911326.75,-149911326.75,0.00,0,1,0
39,2026-12-10,0.00,137903694.39,-137903694.39,0.00,0,1,0
39,2026-12-11,25727388.01,0.00,25727388.01,0.00,1,0,0
39,2026-12-16,0.00,67752299.95,-67752299.95,0.00,0,1,0
39,2026-12-18,90912804.96,0.00,90912804.96,0.00,1,0,0
39,2026-12-22,0.00,37331076.18,-37331076.18,0.00,0,1,0
39,2026-12-23,0.00,40471930.81,-40471930.81,0.00,0,1,0
39,2026-12-24,0.00,79052234.46,-79052234.46,0.00,0,1,0
39,2026-12-28,236266728.71,0.00,236266728.71,0.00,1,0,0
39,2026-12-31,0.00,17863535.80,-17863535.80,0.00,0,1,0
40,2026-03-10,244727555.03,0.00,244727555.03,0.00,1,0,0
40,2026-03-12,576204513.92,0.00,576204513.92,0.00,1,0,0
40,2026-03-13,300456509.67,0.00,300456509.67,0.00,1,0,0
40,2026-03-17,182623198.67,0.00,182623198.67,0.00,1,0,0
40,2026-03-18,212075384.19,0.00,212075384.19,0.00,1,0,0
40,2026-03-19,228279061.01,0.00,228279061.01,0.00,1,0,0
40,2026-03-24,332301686.78,0.00,332301686.78,0.00,1,0,0
40,2026-03-25,206122387.47,0.00,206122387.47,0.00,1,0,0
40,2026-03-27,42500015.14,0.00,42500015.14,0.00,1,0,0
40,2026-04-10,86915597.69,0.00,86915597.69,0.00,1,0,0
40,2026-04-22,58982974.73,0.00,58982974.73,0.00,1,0,0
40,2026-04-29,0.00,71177786.18,-71177786.18,0.00,0,1,0
40,2026-05-08,45610689.93,0.00,45610689.93,0.00,1,0,0
40,2026-05-19,0.00,184703502.35,-184703502.35,0.00,0,1,0
40,2026-06-18,24017095.75,0.00,24017095.75,0.00,1,0,0
40,2026-07-10,0.00,43684875.34,-43684875.34,0.00,0,1,0
40,2026-07-30,39954341.17,0.00,39954341.17,0.00,1,0,0
40,2026-08-07,0.00,147496072.25,-147496072.25,0.00,0,1,0
40,2026-08-18,0.00,61371421.74,-61371421.74,0.00,0,1,0
40,2026-08-27,70267264.38,0.00,70267264.38,0.00,1,0,0
40,2026-09-17,34955468.01,0.00,34955468.01,0.00,1,0,0
40,2026-10-08,60893465.54,0.00,60893465.54,0.00,1,0,0
40,2026-10-14,47506944.37,0.00,47506944.37,0.00,1,0,0
40,2026-12-02,72453049.85,0.00,72453049.85,0.00,1,0,0
40,2026-12-10,131033943.62,0.00,131033943.62,0.00,1,0,0
41,2026-03-25,17582317.22,0.00,17582317.22,0.00,1,0,0
41,2026-03-27,10207501.69,0.00,10207501.69,0.00,1,0,0
41,2026-03-30,15945504.79,0.00,15945504.79,0.00,1,0,0
41,2026-04-01,9346108.34,0.00,9346108.34,0.00,1,0,0
41,2026-04-02,8925213.96,0.00,8925213.96,0.00,1,0,0
41,2026-04-06,11631586.36,0.00,11631586.36,0.00,1,0,0
41,2026-04-07,10543578.04,0.00,10543578.04,0.00,1,0,0
41,2026-04-08,9150699.89,0.00,9150699.89,0.00,1,0,0
41,2026-04-09,12756975.73,0.00,12756975.73,0.00,1,0,0
41,2026-04-10,8282443.69,0.00,8282443.69,0.00,1,0,0
41,2026-04-13,4829513.65,0.00,4829513.65,0.00,1,0,0
41,2026-04-15,10053456.68,0.00,10053456.68,0.00,1,0,0
41,2026-04-16,13245072.19,0.00,13245072.19,0.00,1,0,0
41,2026-04-17,12408488.82,0.00,12408488.82,0.00,1,0,0
41,2026-04-20,18391372.51,0.00,18391372.51,0.00,1,0,0
41,2026-04-21,9001340.73,0.00,9001340.73,0.00,1,0,0
41,2026-04-22,10094097.23,0.00,10094097.23,0.00,1,0,0
41,2026-04-23,14041932.67,0.00,14041932.67,0.00,1,0,0
41,2026-04-24,9108885.85,0.00,9108885.85,120981.23,1,0,1
41,2026-04-27,9329749.79,0.00,9329749.79,0.00,1,0,0
41,2026-04-28,5274752.36,0.00,5274752.36,0.00,1,0,0
41,2026-04-29,12185255.54,0.00,12185255.54,0.00,1,0,0
41,2026-04-30,8824296.84,0.00,8824296.84,0.00,1,0,0
41,2026-05-04,14934092.37,0.00,14934092.37,0.00,1,0,0
41,2026-05-05,23421277.24,0.00,23421277.24,0.00,1,0,0
41,2026-05-06,9263623.48,0.00,9263623.48,0.00,1,0,0
41,2026-05-07,13530874.38,0.00,13530874.38,0.00,1,0,0
41,2026-05-08,8828490.74,0.00,8828490.74,0.00,1,0,0
41,2026-05-11,0.00,4889360.93,-4889360.93,0.00,0,1,0
41,2026-05-12,0.00,3243116.16,-3243116.16,120949.57,0,1,1
41,2026-05-13,1585141.68,0.00,1585141.68,0.00,1,0,0
41,2026-05-20,2804620.02,0.00,2804620.02,0.00,1,0,0
41,2026-05-28,1957172.10,0.00,1957172.10,0.00,1,0,0
41,2026-06-03,1902091.62,0.00,1902091.62,0.00,1,0,0
41,2026-06-04,0.00,0.00,0.00,132824.12,0,0,1
41,2026-06-05,2666113.60,0.00,2666113.60,0.00,1,0,0
41,2026-06-08,3852478.70,0.00,3852478.70,194377.78,1,0,1
41,2026-06-09,1014950.60,0.00,1014950.60,0.00,1,0,0
41,2026-06-10,0.00,0.00,0.00,111286.53,0,0,1
41,2026-06-12,2709571.11,0.00,2709571.11,0.00,1,0,0
41,2026-06-15,1477220.33,0.00,1477220.33,121118.40,1,0,1
41,2026-06-16,0.00,0.00,0.00,161655.50,0,0,1
41,2026-06-17,0.00,7428964.94,-7428964.94,0.00,0,1,0
41,2026-06-18,2068819.89,0.00,2068819.89,0.00,1,0,0
41,2026-06-22,1878959.41,0.00,1878959.41,0.00,1,0,0
41,2026-06-23,1770009.03,0.00,1770009.03,0.00,1,0,0
41,2026-06-25,0.00,0.00,0.00,119675.93,0,0,1
41,2026-06-26,0.00,2881239.08,-2881239.08,0.00,0,1,0
41,2026-06-29,0.00,4999269.94,-4999269.94,0.00,0,1,0
41,2026-07-01,2870771.66,0.00,2870771.66,0.00,1,0,0
41,2026-07-03,0.00,0.00,0.00,740671.71,0,0,3
41,2026-07-06,0.00,3293968.96,-3293968.96,0.00,0,1,0
41,2026-07-07,0.00,0.00,0.00,637253.71,0,0,2
41,2026-07-08,1185115.43,0.00,1185115.43,0.00,1,0,0
41,2026-07-09,0.00,6136010.51,-6136010.51,0.00,0,1,0
41,2026-07-10,0.00,0.00,0.00,539781.33,0,0,1
41,2026-07-16,1648016.00,0.00,1648016.00,0.00,1,0,0
41,2026-07-20,0.00,5647397.76,-5647397.76,0.00,0,1,0
41,2026-07-21,1531727.56,0.00,1531727.56,0.00,1,0,0
41,2026-07-22,0.00,0.00,0.00,121678.86,0,0,1
41,2026-07-24,3593498.55,0.00,3593498.55,0.00,1,0,0
41,2026-07-27,7300619.82,0.00,7300619.82,0.00,1,0,0
41,2026-07-28,5995715.15,0.00,5995715.15,0.00,1,0,0
41,2026-07-30,743754.65,0.00,743754.65,0.00,1,0,0
41,2026-08-04,2798949.29,0.00,2798949.29,0.00,1,0,0
41,2026-08-05,0.00,2819522.11,-2819522.11,58949.61,0,1,1
41,2026-08-06,4185029.20,0.00,4185029.20,0.00,1,0,0
41,2026-08-11,4112318.50,0.00,4112318.50,0.00,1,0,0
41,2026-08-12,0.00,3087375.35,-3087375.35,551886.77,0,1,2
41,2026-08-13,0.00,4268130.71,-4268130.71,0.00,0,1,0
41,2026-08-21,2076586.46,0.00,2076586.46,0.00,1,0,0
41,2026-08-28,0.00,2884539.22,-2884539.22,0.00,0,1,0
41,2026-08-31,3218475.14,0.00,3218475.14,0.00,1,0,0
41,2026-09-01,3095084.55,0.00,3095084.55,0.00,1,0,0
41,2026-09-02,893292.06,0.00,893292.06,0.00,1,0,0
41,2026-09-07,0.00,1597493.81,-1597493.81,0.00,0,1,0
41,2026-09-08,0.00,0.00,0.00,39217.27,0,0,1
41,2026-09-10,0.00,6163904.02,-6163904.02,0.00,0,1,0
41,2026-09-15,2681199.16,0.00,2681199.16,0.00,1,0,0
41,2026-09-16,0.00,4249789.77,-4249789.77,0.00,0,1,0
41,2026-09-17,7402979.30,0.00,7402979.30,0.00,1,0,0
41,2026-09-21,0.00,0.00,0.00,37351.92,0,0,1
41,2026-09-22,1751280.25,0.00,1751280.25,0.00,1,0,0
41,2026-09-29,1992983.09,0.00,1992983.09,0.00,1,0,0
41,2026-09-30,3187782.60,0.00,3187782.60,0.00,1,0,0
41,2026-10-01,2794497.80,0.00,2794497.80,0.00,1,0,0
41,2026-10-05,0.00,1163196.73,-1163196.73,0.00,0,1,0
41,2026-10-07,2966549.70,0.00,2966549.70,0.00,1,0,0
41,2026-10-08,2538537.72,0.00,2538537.72,0.00,1,0,0
41,2026-10-16,0.00,8139701.14,-8139701.14,0.00,0,1,0
41,2026-10-23,4860928.66,0.00,4860928.66,0.00,1,0,0
41,2026-10-26,0.00,7930974.33,-7930974.33,0.00,0,1,0
41,2026-10-30,1265348.64,0.00,1265348.64,0.00,1,0,0
41,2026-11-02,0.00,5634192.26,-5634192.26,0.00,0,1,0
41,2026-11-03,0.00,2169748.97,-2169748.97,0.00,0,1,0
41,2026-11-05,0.00,2627256.76,-2627256.76,146154.38,0,1,1
41,2026-11-09,1968366.93,0.00,1968366.93,0.00,1,0,0
41,2026-11-11,0.00,7006508.51,-7006508.51,0.00,0,1,0
41,2026-11-12,1175381.71,0.00,1175381.71,0.00,1,0,0
41,2026-11-17,2233547.21,0.00,2233547.21,0.00,1,0,0
41,2026-11-18,2941556.18,0.00,2941556.18,0.00,1,0,0
41,2026-11-19,0.00,4283990.10,-4283990.10,0.00,0,1,0
41,2026-11-26,0.00,2949674.11,-2949674.11,0.00,0,1,0
41,2026-11-27,3806320.45,0.00,3806320.45,0.00,1,0,0
41,2026-11-30,1108340.91,0.00,1108340.91,0.00,1,0,0
41,2026-12-02,1300799.80,0.00,1300799.80,0.00,1,0,0
41,2026-12-07,2236257.78,0.00,2236257.78,0.00,1,0,0
41,2026-12-09,0.00,6818179.50,-6818179.50,0.00,0,1,0
41,2026-12-15,3024191.15,0.00,3024191.15,0.00,1,0,0
41,2026-12-16,2748546.60,0.00,2748546.60,0.00,1,0,0
41,2026-12-17,1373564.66,0.00,1373564.66,0.00,1,0,0
41,2026-12-24,2218673.24,0.00,2218673.24,0.00,1,0,0
41,2026-12-30,1647493.05,0.00,1647493.05,0.00,1,0,0
41,2026-12-31,1354377.29,0.00,1354377.29,0.00,1,0,0
42,2026-04-10,142378081.80,0.00,142378081.80,0.00,1,0,0
42,2026-04-13,429499351.33,0.00,429499351.33,0.00,1,0,0
42,2026-04-15,69230828.94,0.00,69230828.94,0.00,1,0,0
42,2026-04-16,55841513.76,0.00,55841513.76,0.00,1,0,0
42,2026-04-17,167528159.36,0.00,167528159.36,0.00,1,0,0
42,2026-04-20,207785208.42,0.00,207785208.42,0.00,1,0,0
42,2026-04-21,105761814.69,0.00,105761814.69,0.00,1,0,0
42,2026-04-22,45918688.13,0.00,45918688.13,0.00,1,0,0
42,2026-04-23,167878644.96,0.00,167878644.96,0.00,1,0,0
42,2026-04-27,209099835.58,0.00,209099835.58,0.00,1,0,0
42,2026-04-28,160839335.76,0.00,160839335.76,583162.64,1,0,1
42,2026-04-29,73036904.96,0.00,73036904.96,0.00,1,0,0
42,2026-04-30,306741137.25,0.00,306741137.25,0.00,1,0,0
42,2026-05-04,123891304.37,0.00,123891304.37,0.00,1,0,0
42,2026-05-05,99772532.63,0.00,99772532.63,0.00,1,0,0
42,2026-05-06,40285724.40,0.00,40285724.40,0.00,1,0,0
42,2026-05-07,108760807.21,0.00,108760807.21,0.00,1,0,0
42,2026-05-11,167306006.55,0.00,167306006.55,0.00,1,0,0
42,2026-05-12,357276023.61,0.00,357276023.61,0.00,1,0,0
42,2026-05-13,91401327.13,0.00,91401327.13,0.00,1,0,0
42,2026-05-15,149848674.47,0.00,149848674.47,0.00,1,0,0
42,2026-05-18,261132244.22,0.00,261132244.22,0.00,1,0,0
42,2026-05-19,176589067.74,0.00,176589067.74,0.00,1,0,0
42,2026-05-20,173049959.81,0.00,173049959.81,0.00,1,0,0
42,2026-05-21,179913393.48,0.00,179913393.48,592439.17,1,0,1
42,2026-05-25,147721118.94,0.00,147721118.94,0.00,1,0,0
42,2026-05-26,134382290.02,0.00,134382290.02,0.00,1,0,0
42,2026-05-28,40624235.54,0.00,40624235.54,0.00,1,0,0
42,2026-05-29,0.00,34208584.38,-34208584.38,0.00,0,1,0
42,2026-06-02,0.00,149552771.03,-149552771.03,0.00,0,1,0
42,2026-06-09,5680162.74,0.00,5680162.74,0.00,1,0,0
42,2026-06-11,147720995.44,0.00,147720995.44,0.00,1,0,0
42,2026-06-16,0.00,0.00,0.00,721427.95,0,0,1
42,2026-06-22,0.00,0.00,0.00,4774106.15,0,0,1
42,2026-06-23,0.00,16152403.24,-16152403.24,0.00,0,1,0
42,2026-06-25,9818512.46,0.00,9818512.46,0.00,1,0,0
42,2026-06-26,0.00,0.00,0.00,4490408.63,0,0,1
42,2026-06-29,34770937.22,0.00,34770937.22,0.00,1,0,0
42,2026-06-30,47445587.24,0.00,47445587.24,7856484.48,1,0,2
42,2026-07-01,0.00,0.00,0.00,3780444.96,0,0,1
42,2026-07-03,0.00,0.00,0.00,2649414.20,0,0,3
42,2026-07-07,0.00,127122998.60,-127122998.60,11215690.61,0,1,2
42,2026-07-09,0.00,0.00,0.00,4385348.76,0,0,1
42,2026-07-14,16653804.49,0.00,16653804.49,0.00,1,0,0
42,2026-07-15,0.00,0.00,0.00,4738699.55,0,0,1
42,2026-07-17,15004636.33,0.00,15004636.33,0.00,1,0,0
42,2026-07-23,0.00,435289160.05,-435289160.05,0.00,0,1,0
42,2026-07-24,0.00,13590110.25,-13590110.25,0.00,0,1,0
42,2026-07-27,429499547.65,0.00,429499547.65,0.00,1,0,0
42,2026-07-28,0.00,0.00,0.00,6782953.07,0,0,3
42,2026-07-29,19381345.23,0.00,19381345.23,0.00,1,0,0
42,2026-07-31,0.00,0.00,0.00,217567.99,0,0,1
42,2026-08-03,0.00,0.00,0.00,4524748.56,0,0,2
42,2026-08-04,0.00,0.00,0.00,1821710.76,0,0,1
42,2026-08-05,19649806.66,0.00,19649806.66,0.00,1,0,0
42,2026-08-07,0.00,0.00,0.00,14351768.36,0,0,2
42,2026-08-12,0.00,0.00,0.00,1079872.39,0,0,1
42,2026-08-19,0.00,0.00,0.00,746018.44,0,0,1
42,2026-08-21,0.00,0.00,0.00,5275057.22,0,0,1
42,2026-09-01,0.00,0.00,0.00,1757773.65,0,0,1
42,2026-09-02,15695478.82,0.00,15695478.82,0.00,1,0,0
42,2026-09-09,0.00,0.00,0.00,3752267.83,0,0,1
42,2026-09-11,61006067.42,0.00,61006067.42,0.00,1,0,0
42,2026-09-23,0.00,0.00,0.00,2087870.55,0,0,1
42,2026-09-30,47701200.06,0.00,47701200.06,0.00,1,0,0
42,2026-10-01,0.00,112735251.43,-112735251.43,0.00,0,1,0
42,2026-10-05,34847730.95,0.00,34847730.95,2489653.05,1,0,1
42,2026-10-06,102502443.87,0.00,102502443.87,0.00,1,0,0
42,2026-10-13,0.00,267511559.92,-267511559.92,0.00,0,1,0
42,2026-10-16,29649550.05,0.00,29649550.05,0.00,1,0,0
42,2026-11-05,0.00,0.00,0.00,1752752.60,0,0,1
42,2026-11-12,47696888.24,0.00,47696888.24,0.00,1,0,0
42,2026-11-18,0.00,13746733.73,-13746733.73,0.00,0,1,0
42,2026-11-25,34794146.69,0.00,34794146.69,0.00,1,0,0
42,2026-12-16,41481391.44,0.00,41481391.44,0.00,1,0,0
42,2026-12-18,0.00,178808447.92,-178808447.92,0.00,0,1,0
42,2026-12-28,15065336.45,0.00,15065336.45,0.00,1,0,0
42,2026-12-29,0.00,70228355.28,-70228355.28,0.00,0,1,0
43,2026-04-15,83642961.49,0.00,83642961.49,0.00,1,0,0
43,2026-04-16,420305730.74,0.00,420305730.74,0.00,1,0,0
43,2026-04-17,50064256.59,0.00,50064256.59,0.00,1,0,0
43,2026-04-21,81648639.91,0.00,81648639.91,0.00,1,0,0
43,2026-04-22,84113623.30,0.00,84113623.30,0.00,1,0,0
43,2026-04-23,89731591.74,0.00,89731591.74,0.00,1,0,0
43,2026-04-24,61563505.16,0.00,61563505.16,0.00,1,0,0
43,2026-04-27,196120438.41,0.00,196120438.41,0.00,1,0,0
43,2026-04-28,140649468.19,0.00,140649468.19,0.00,1,0,0
43,2026-04-29,62400372.38,0.00,62400372.38,0.00,1,0,0
43,2026-04-30,119649900.56,0.00,119649900.56,0.00,1,0,0
43,2026-05-04,192748224.47,0.00,192748224.47,0.00,1,0,0
43,2026-05-05,103814452.78,0.00,103814452.78,0.00,1,0,0
43,2026-05-06,130742174.24,0.00,130742174.24,0.00,1,0,0
43,2026-05-08,100781712.52,0.00,100781712.52,0.00,1,0,0
43,2026-05-12,70924690.28,0.00,70924690.28,0.00,1,0,0
43,2026-05-13,49954031.94,0.00,49954031.94,0.00,1,0,0
43,2026-05-14,203782928.85,0.00,203782928.85,0.00,1,0,0
43,2026-05-15,13708319.97,0.00,13708319.97,0.00,1,0,0
43,2026-05-18,20395529.02,0.00,20395529.02,0.00,1,0,0
43,2026-05-19,10429813.64,0.00,10429813.64,0.00,1,0,0
43,2026-05-20,67105248.91,0.00,67105248.91,0.00,1,0,0
43,2026-05-21,75854935.72,0.00,75854935.72,0.00,1,0,0
43,2026-05-22,0.00,83143831.94,-83143831.94,0.00,0,1,0
43,2026-05-25,0.00,123320694.47,-123320694.47,820201.49,0,1,1
43,2026-05-26,24109930.11,0.00,24109930.11,0.00,1,0,0
43,2026-05-28,0.00,34000722.12,-34000722.12,0.00,0,1,0
43,2026-05-29,119649848.10,0.00,119649848.10,0.00,1,0,0
43,2026-06-01,84114465.99,0.00,84114465.99,0.00,1,0,0
43,2026-06-02,25495732.99,0.00,25495732.99,0.00,1,0,0
43,2026-06-03,16813898.36,0.00,16813898.36,0.00,1,0,0
43,2026-06-04,0.00,17619923.23,-17619923.23,0.00,0,1,0
43,2026-06-05,0.00,47722633.55,-47722633.55,0.00,0,1,0
43,2026-06-08,0.00,25227017.06,-25227017.06,685149.04,0,1,1
43,2026-06-09,0.00,39282446.64,-39282446.64,0.00,0,1,0
43,2026-06-11,7768083.64,0.00,7768083.64,0.00,1,0,0
43,2026-06-12,0.00,21271665.64,-21271665.64,0.00,0,1,0
43,2026-06-15,0.00,34160915.73,-34160915.73,0.00,0,1,0
43,2026-06-16,49954044.29,0.00,49954044.29,0.00,1,0,0
43,2026-06-17,17722749.01,0.00,17722749.01,0.00,1,0,0
43,2026-06-18,0.00,63044934.08,-63044934.08,0.00,0,1,0
43,2026-06-22,17379609.38,0.00,17379609.38,1344176.21,1,0,1
43,2026-06-23,10486381.40,0.00,10486381.40,0.00,1,0,0
43,2026-06-24,14348671.83,0.00,14348671.83,0.00,1,0,0
43,2026-06-25,15933831.43,0.00,15933831.43,0.00,1,0,0
43,2026-06-29,0.00,35347740.59,-35347740.59,0.00,0,1,0
43,2026-06-30,0.00,0.00,0.00,2707533.75,0,0,3
43,2026-07-01,48462451.90,0.00,48462451.90,0.00,1,0,0
43,2026-07-03,17014027.37,0.00,17014027.37,0.00,1,0,0
43,2026-07-06,44755315.80,0.00,44755315.80,0.00,1,0,0
43,2026-07-07,35160461.57,0.00,35160461.57,0.00,1,0,0
43,2026-07-08,0.00,68859577.04,-68859577.04,990097.52,0,1,1
43,2026-07-09,0.00,54144633.81,-54144633.81,0.00,0,1,0
43,2026-07-10,0.00,0.00,0.00,683136.60,0,0,1
43,2026-07-13,43835067.10,0.00,43835067.10,1756153.95,1,0,1
43,2026-07-14,0.00,112429874.89,-112429874.89,0.00,0,1,0
43,2026-07-16,0.00,21048923.77,-21048923.77,1932979.86,0,1,1
43,2026-07-17,5363580.79,0.00,5363580.79,0.00,1,0,0
43,2026-07-20,6195041.66,0.00,6195041.66,0.00,1,0,0
43,2026-07-21,17451606.30,0.00,17451606.30,1634078.85,1,0,1
43,2026-07-23,0.00,29749717.99,-29749717.99,0.00,0,1,0
43,2026-07-24,23927837.98,0.00,23927837.98,0.00,1,0,0
43,2026-07-27,0.00,37022331.30,-37022331.30,0.00,0,1,0
43,2026-07-28,0.00,66838730.82,-66838730.82,0.00,0,1,0
43,2026-07-29,0.00,76238067.20,-76238067.20,0.00,0,1,0
43,2026-07-30,62400217.09,0.00,62400217.09,0.00,1,0,0
43,2026-07-31,0.00,36949178.84,-36949178.84,0.00,0,1,0
43,2026-08-03,61564056.99,0.00,61564056.99,0.00,1,0,0
43,2026-08-04,32791788.31,0.00,32791788.31,0.00,1,0,0
43,2026-08-05,0.00,20312903.01,-20312903.01,0.00,0,1,0
43,2026-08-06,0.00,36164165.95,-36164165.95,0.00,0,1,0
43,2026-08-07,12508532.03,0.00,12508532.03,766582.42,1,0,1
43,2026-08-10,28748428.68,0.00,28748428.68,1783835.62,1,0,1
43,2026-08-11,12805658.16,0.00,12805658.16,0.00,1,0,0
43,2026-08-12,103814373.63,0.00,103814373.63,0.00,1,0,0
43,2026-08-13,0.00,72635493.09,-72635493.09,0.00,0,1,0
43,2026-08-14,0.00,90250227.33,-90250227.33,0.00,0,1,0
43,2026-08-17,0.00,177361996.25,-177361996.25,0.00,0,1,0
43,2026-08-18,10516787.52,0.00,10516787.52,0.00,1,0,0
43,2026-08-19,29694865.60,0.00,29694865.60,0.00,1,0,0
43,2026-08-20,47722484.25,0.00,47722484.25,0.00,1,0,0
43,2026-08-21,20113931.42,0.00,20113931.42,12224472.07,1,0,3
43,2026-08-24,42775383.35,0.00,42775383.35,2031242.32,1,0,1
43,2026-08-25,0.00,68047153.17,-68047153.17,0.00,0,1,0
43,2026-08-26,0.00,0.00,0.00,1446210.84,0,0,1
43,2026-08-28,48499724.41,0.00,48499724.41,0.00,1,0,0
43,2026-09-01,16825197.60,0.00,16825197.60,0.00,1,0,0
43,2026-09-02,0.00,75280803.24,-75280803.24,0.00,0,1,0
43,2026-09-03,0.00,44203370.88,-44203370.88,0.00,0,1,0
43,2026-09-04,0.00,180552252.57,-180552252.57,0.00,0,1,0
43,2026-09-08,62400285.16,0.00,62400285.16,0.00,1,0,0
43,2026-09-10,420305668.98,0.00,420305668.98,0.00,1,0,0
43,2026-09-17,0.00,120951630.10,-120951630.10,0.00,0,1,0
43,2026-09-18,16124554.60,0.00,16124554.60,0.00,1,0,0
43,2026-09-23,0.00,75155366.81,-75155366.81,0.00,0,1,0
43,2026-09-24,13458911.84,0.00,13458911.84,0.00,1,0,0
43,2026-09-29,0.00,59581876.30,-59581876.30,0.00,0,1,0
43,2026-09-30,0.00,28567294.38,-28567294.38,0.00,0,1,0
43,2026-10-05,0.00,26235585.80,-26235585.80,0.00,0,1,0
43,2026-10-06,196120273.82,0.00,196120273.82,0.00,1,0,0
43,2026-10-08,12129019.86,0.00,12129019.86,0.00,1,0,0
43,2026-10-09,0.00,14404634.20,-14404634.20,0.00,0,1,0
43,2026-10-12,17021314.76,0.00,17021314.76,0.00,1,0,0
43,2026-10-13,52689806.13,0.00,52689806.13,0.00,1,0,0
43,2026-10-14,30734831.47,0.00,30734831.47,0.00,1,0,0
43,2026-10-15,0.00,23984346.53,-23984346.53,0.00,0,1,0
43,2026-10-16,0.00,286442230.65,-286442230.65,0.00,0,1,0
43,2026-10-19,36317334.79,0.00,36317334.79,0.00,1,0,0
43,2026-10-21,34431341.67,0.00,34431341.67,0.00,1,0,0
43,2026-10-23,0.00,63074364.25,-63074364.25,0.00,0,1,0
43,2026-10-26,140649313.89,0.00,140649313.89,0.00,1,0,0
43,2026-10-28,15837611.37,0.00,15837611.37,0.00,1,0,0
43,2026-10-29,0.00,13912276.00,-13912276.00,0.00,0,1,0
43,2026-11-04,70924778.63,0.00,70924778.63,0.00,1,0,0
43,2026-11-06,47658468.99,0.00,47658468.99,0.00,1,0,0
43,2026-11-09,39176607.31,0.00,39176607.31,0.00,1,0,0
43,2026-11-11,59223575.79,0.00,59223575.79,0.00,1,0,0
43,2026-11-12,13486250.36,0.00,13486250.36,0.00,1,0,0
43,2026-11-13,24939996.67,0.00,24939996.67,99149.80,1,0,1
43,2026-11-16,50077171.18,0.00,50077171.18,0.00,1,0,0
43,2026-11-17,14277834.23,0.00,14277834.23,0.00,1,0,0
43,2026-11-18,0.00,50467835.84,-50467835.84,0.00,0,1,0
43,2026-11-19,0.00,144043490.01,-144043490.01,0.00,0,1,0
43,2026-11-20,0.00,6289426.95,-6289426.95,0.00,0,1,0
43,2026-11-23,13723571.20,0.00,13723571.20,0.00,1,0,0
43,2026-11-25,27054150.72,0.00,27054150.72,0.00,1,0,0
43,2026-11-26,20697919.09,0.00,20697919.09,0.00,1,0,0
43,2026-11-27,0.00,16808482.28,-16808482.28,0.00,0,1,0
43,2026-11-30,15469737.09,0.00,15469737.09,0.00,1,0,0
43,2026-12-01,24688127.82,0.00,24688127.82,0.00,1,0,0
43,2026-12-02,140649323.33,0.00,140649323.33,0.00,1,0,0
43,2026-12-03,0.00,61971709.89,-61971709.89,0.00,0,1,0
43,2026-12-08,0.00,95063254.90,-95063254.90,0.00,0,1,0
43,2026-12-10,43853903.87,0.00,43853903.87,0.00,1,0,0
43,2026-12-11,87305418.79,0.00,87305418.79,0.00,1,0,0
43,2026-12-16,0.00,25051025.32,-25051025.32,0.00,0,1,0
43,2026-12-18,89731722.79,0.00,89731722.79,0.00,1,0,0
43,2026-12-22,18348396.75,0.00,18348396.75,0.00,1,0,0
43,2026-12-23,0.00,17932022.32,-17932022.32,0.00,0,1,0
43,2026-12-24,0.00,172594610.04,-172594610.04,0.00,0,1,0
43,2026-12-28,47248997.26,0.00,47248997.26,0.00,1,0,0
43,2026-12-29,24879133.85,0.00,24879133.85,0.00,1,0,0
43,2026-12-31,40601570.38,0.00,40601570.38,0.00,1,0,0
44,2026-04-23,243563069.15,0.00,243563069.15,0.00,1,0,0
44,2026-04-24,347568723.59,0.00,347568723.59,0.00,1,0,0
44,2026-04-27,284100870.23,0.00,284100870.23,0.00,1,0,0
44,2026-04-28,109615989.28,0.00,109615989.28,0.00,1,0,0
44,2026-04-29,235325259.15,0.00,235325259.15,0.00,1,0,0
44,2026-04-30,192102659.18,0.00,192102659.18,0.00,1,0,0
44,2026-05-04,294889409.82,0.00,294889409.82,0.00,1,0,0
44,2026-05-05,99241502.19,0.00,99241502.19,0.00,1,0,0
44,2026-05-07,167350231.06,0.00,167350231.06,0.00,1,0,0
44,2026-05-08,239269915.06,0.00,239269915.06,919242.71,1,0,1
44,2026-05-11,192891627.14,0.00,192891627.14,0.00,1,0,0
44,2026-05-12,113395359.12,0.00,113395359.12,0.00,1,0,0
44,2026-05-13,193116133.02,0.00,193116133.02,0.00,1,0,0
44,2026-05-14,150849817.42,0.00,150849817.42,0.00,1,0,0
44,2026-05-18,128857628.19,0.00,128857628.19,0.00,1,0,0
44,2026-05-19,399615550.87,0.00,399615550.87,0.00,1,0,0
44,2026-05-20,134847905.45,0.00,134847905.45,0.00,1,0,0
44,2026-05-22,332758099.90,0.00,332758099.90,0.00,1,0,0
44,2026-05-25,179341987.67,0.00,179341987.67,0.00,1,0,0
44,2026-05-26,73994651.88,0.00,73994651.88,0.00,1,0,0
44,2026-05-28,0.00,55127472.23,-55127472.23,0.00,0,1,0
44,2026-05-29,102222511.79,0.00,102222511.79,0.00,1,0,0
44,2026-06-04,0.00,22199158.57,-22199158.57,0.00,0,1,0
44,2026-06-08,50580105.54,0.00,50580105.54,1097121.13,1,0,1
44,2026-06-10,48658320.37,0.00,48658320.37,0.00,1,0,0
44,2026-06-22,0.00,0.00,0.00,5532088.08,0,0,1
44,2026-06-23,0.00,0.00,0.00,6234899.71,0,0,1
44,2026-06-24,0.00,93104677.68,-93104677.68,0.00,0,1,0
44,2026-06-25,0.00,0.00,0.00,757334.15,0,0,1
44,2026-06-30,66339746.31,0.00,66339746.31,0.00,1,0,0
44,2026-07-02,0.00,0.00,0.00,4797868.96,0,0,1
44,2026-07-07,0.00,0.00,0.00,1127884.65,0,0,1
44,2026-07-09,0.00,0.00,0.00,12468816.13,0,0,2
44,2026-07-10,0.00,0.00,0.00,1753842.80,0,0,1
44,2026-07-14,0.00,0.00,0.00,4115580.89,0,0,2
44,2026-07-17,0.00,0.00,0.00,2143187.64,0,0,1
44,2026-07-21,15170299.60,0.00,15170299.60,0.00,1,0,0
44,2026-07-23,12422684.93,0.00,12422684.93,0.00,1,0,0
44,2026-07-31,37735294.78,0.00,37735294.78,0.00,1,0,0
44,2026-08-12,0.00,0.00,0.00,883389.94,0,0,1
44,2026-08-13,40251704.26,0.00,40251704.26,0.00,1,0,0
44,2026-08-18,23910831.30,0.00,23910831.30,0.00,1,0,0
44,2026-08-20,121529713.76,0.00,121529713.76,0.00,1,0,0
44,2026-08-24,0.00,0.00,0.00,6074618.96,0,0,1
44,2026-08-25,0.00,0.00,0.00,5441158.62,0,0,1
44,2026-08-26,0.00,0.00,0.00,3929626.74,0,0,1
44,2026-08-27,38810977.48,0.00,38810977.48,0.00,1,0,0
44,2026-08-28,0.00,81304885.98,-81304885.98,0.00,0,1,0
44,2026-08-31,30374054.39,0.00,30374054.39,0.00,1,0,0
44,2026-09-04,0.00,148657432.29,-148657432.29,0.00,0,1,0
44,2026-09-08,0.00,85606139.77,-85606139.77,0.00,0,1,0
44,2026-09-09,0.00,676528086.70,-676528086.70,986572.26,0,1,1
44,2026-09-15,0.00,60134279.89,-60134279.89,0.00,0,1,0
44,2026-09-16,37148841.23,0.00,37148841.23,0.00,1,0,0
44,2026-09-17,0.00,0.00,0.00,783261.64,0,0,1
44,2026-09-21,0.00,0.00,0.00,501032.73,0,0,1
44,2026-09-23,29958490.14,0.00,29958490.14,0.00,1,0,0
44,2026-09-29,109615133.63,0.00,109615133.63,0.00,1,0,0
44,2026-10-13,46121571.86,0.00,46121571.86,0.00,1,0,0
44,2026-10-15,347568003.16,0.00,347568003.16,0.00,1,0,0
44,2026-10-30,0.00,87638136.59,-87638136.59,0.00,0,1,0
44,2026-11-12,21179887.16,0.00,21179887.16,3160240.39,1,0,1
44,2026-11-13,0.00,273790132.41,-273790132.41,0.00,0,1,0
44,2026-11-20,0.00,38525306.66,-38525306.66,0.00,0,1,0
44,2026-11-23,34682928.59,0.00,34682928.59,3345953.51,1,0,1
44,2026-11-26,70280876.94,0.00,70280876.94,743588.23,1,0,1
44,2026-11-30,0.00,0.00,0.00,3151139.05,0,0,1
44,2026-12-01,28540642.75,0.00,28540642.75,0.00,1,0,0
44,2026-12-02,0.00,42565197.53,-42565197.53,0.00,0,1,0
44,2026-12-08,87445067.78,0.00,87445067.78,0.00,1,0,0
44,2026-12-09,39904460.22,0.00,39904460.22,0.00,1,0,0
44,2026-12-16,0.00,70518201.20,-70518201.20,0.00,0,1,0
44,2026-12-23,0.00,81498181.66,-81498181.66,0.00,0,1,0
45,2026-05-11,147634671.92,0.00,147634671.92,0.00,1,0,0
45,2026-05-12,58073470.12,0.00,58073470.12,0.00,1,0,0
45,2026-05-13,111127810.73,0.00,111127810.73,0.00,1,0,0
45,2026-05-14,61618692.38,0.00,61618692.38,0.00,1,0,0
45,2026-05-19,98531678.96,0.00,98531678.96,0.00,1,0,0
45,2026-05-20,56944511.70,0.00,56944511.70,0.00,1,0,0
45,2026-05-21,76960184.28,0.00,76960184.28,0.00,1,0,0
45,2026-05-22,98443366.45,0.00,98443366.45,0.00,1,0,0
45,2026-05-25,72301133.47,0.00,72301133.47,0.00,1,0,0
45,2026-05-26,76954538.77,0.00,76954538.77,0.00,1,0,0
45,2026-05-28,133122919.22,0.00,133122919.22,0.00,1,0,0
45,2026-05-29,43003911.59,0.00,43003911.59,0.00,1,0,0
45,2026-06-01,90355511.97,0.00,90355511.97,0.00,1,0,0
45,2026-06-02,107599260.44,0.00,107599260.44,0.00,1,0,0
45,2026-06-04,117253785.33,0.00,117253785.33,0.00,1,0,0
45,2026-06-05,159622857.80,0.00,159622857.80,0.00,1,0,0
45,2026-06-08,194462687.01,0.00,194462687.01,1934943.29,1,0,1
45,2026-06-09,125102974.28,0.00,125102974.28,0.00,1,0,0
45,2026-06-10,12534807.79,0.00,12534807.79,0.00,1,0,0
45,2026-06-11,0.00,84706190.58,-84706190.58,0.00,0,1,0
45,2026-06-12,0.00,0.00,0.00,187751.88,0,0,1
45,2026-06-15,8364238.27,0.00,8364238.27,0.00,1,0,0
45,2026-06-16,16025388.29,0.00,16025388.29,0.00,1,0,0
45,2026-06-18,13381128.04,0.00,13381128.04,2283729.40,1,0,1
45,2026-06-19,19013197.91,0.00,19013197.91,601103.59,1,0,1
45,2026-06-23,16900593.15,0.00,16900593.15,0.00,1,0,0
45,2026-06-25,0.00,0.00,0.00,1094643.16,0,0,1
45,2026-06-26,0.00,99635950.37,-99635950.37,0.00,0,1,0
45,2026-06-29,12141811.56,0.00,12141811.56,0.00,1,0,0
45,2026-06-30,0.00,42639741.10,-42639741.10,0.00,0,1,0
45,2026-07-01,32116083.93,0.00,32116083.93,0.00,1,0,0
45,2026-07-02,18001834.02,0.00,18001834.02,0.00,1,0,0
45,2026-07-03,18779733.53,0.00,18779733.53,0.00,1,0,0
45,2026-07-06,0.00,34527894.39,-34527894.39,0.00,0,1,0
45,2026-07-07,17289477.02,0.00,17289477.02,0.00,1,0,0
45,2026-07-08,18182526.09,0.00,18182526.09,1550656.81,1,0,1
45,2026-07-09,0.00,44313955.69,-44313955.69,0.00,0,1,0
45,2026-07-13,90355148.72,0.00,90355148.72,1106911.88,1,0,1
45,2026-07-14,0.00,0.00,0.00,1132777.11,0,0,1
45,2026-07-15,27547127.71,0.00,27547127.71,0.00,1,0,0
45,2026-07-17,17113926.02,0.00,17113926.02,0.00,1,0,0
45,2026-07-20,0.00,27190367.95,-27190367.95,0.00,0,1,0
45,2026-07-24,0.00,62231313.23,-62231313.23,4082181.23,0,1,2
45,2026-07-28,27551677.20,0.00,27551677.20,0.00,1,0,0
45,2026-07-29,0.00,48553724.60,-48553724.60,5606090.19,0,1,2
45,2026-07-30,4711977.83,0.00,4711977.83,0.00,1,0,0
45,2026-07-31,12130688.95,0.00,12130688.95,0.00,1,0,0
45,2026-08-04,56944960.56,0.00,56944960.56,0.00,1,0,0
45,2026-08-05,5416458.73,0.00,5416458.73,0.00,1,0,0
45,2026-08-06,0.00,0.00,0.00,461666.74,0,0,1
45,2026-08-07,0.00,45886908.44,-45886908.44,0.00,0,1,0
45,2026-08-12,13770980.69,0.00,13770980.69,0.00,1,0,0
45,2026-08-13,0.00,106418802.34,-106418802.34,0.00,0,1,0
45,2026-08-14,0.00,0.00,0.00,622498.88,0,0,1
45,2026-08-20,0.00,97878052.05,-97878052.05,0.00,0,1,0
45,2026-08-21,47349885.39,0.00,47349885.39,0.00,1,0,0
45,2026-08-24,0.00,11110227.09,-11110227.09,0.00,0,1,0
45,2026-08-26,0.00,42954352.84,-42954352.84,0.00,0,1,0
45,2026-08-31,0.00,50276872.84,-50276872.84,0.00,0,1,0
45,2026-09-01,25414660.34,0.00,25414660.34,0.00,1,0,0
45,2026-09-07,117254313.82,0.00,117254313.82,0.00,1,0,0
45,2026-09-08,0.00,45912219.04,-45912219.04,0.00,0,1,0
45,2026-09-09,25129627.11,0.00,25129627.11,0.00,1,0,0
45,2026-09-10,0.00,0.00,0.00,601358.10,0,0,1
45,2026-09-11,18059285.07,0.00,18059285.07,0.00,1,0,0
45,2026-09-16,38651627.41,0.00,38651627.41,0.00,1,0,0
45,2026-09-17,0.00,23234854.79,-23234854.79,0.00,0,1,0
45,2026-09-21,0.00,17950724.20,-17950724.20,0.00,0,1,0
45,2026-09-24,0.00,61972051.17,-61972051.17,0.00,0,1,0
45,2026-09-25,9649598.01,0.00,9649598.01,0.00,1,0,0
45,2026-09-28,17658743.75,0.00,17658743.75,0.00,1,0,0
45,2026-09-29,19668642.82,0.00,19668642.82,0.00,1,0,0
45,2026-09-30,51161367.18,0.00,51161367.18,0.00,1,0,0
45,2026-10-01,72299644.33,0.00,72299644.33,0.00,1,0,0
45,2026-10-05,17651684.62,0.00,17651684.62,1449400.52,1,0,1
45,2026-10-06,16874364.48,0.00,16874364.48,0.00,1,0,0
45,2026-10-07,0.00,41019711.32,-41019711.32,0.00,0,1,0
45,2026-10-08,58074256.31,0.00,58074256.31,0.00,1,0,0
45,2026-10-09,20915334.49,0.00,20915334.49,0.00,1,0,0
45,2026-10-13,0.00,229146132.17,-229146132.17,0.00,0,1,0
45,2026-10-15,0.00,21465737.23,-21465737.23,0.00,0,1,0
45,2026-10-16,33938437.64,0.00,33938437.64,0.00,1,0,0
45,2026-10-19,26893717.23,0.00,26893717.23,0.00,1,0,0
45,2026-10-21,43003708.68,0.00,43003708.68,0.00,1,0,0
45,2026-10-22,31145036.05,0.00,31145036.05,0.00,1,0,0
45,2026-10-23,0.00,17942709.46,-17942709.46,2534220.01,0,1,2
45,2026-10-26,0.00,11046930.90,-11046930.90,0.00,0,1,0
45,2026-10-27,0.00,59326043.32,-59326043.32,0.00,0,1,0
45,2026-10-28,0.00,10899105.43,-10899105.43,0.00,0,1,0
45,2026-10-29,9071630.20,0.00,9071630.20,0.00,1,0,0
45,2026-10-30,133122871.17,0.00,133122871.17,0.00,1,0,0
45,2026-11-04,16582780.14,0.00,16582780.14,0.00,1,0,0
45,2026-11-06,0.00,42797737.23,-42797737.23,0.00,0,1,0
45,2026-11-09,13717836.50,0.00,13717836.50,0.00,1,0,0
45,2026-11-13,0.00,16575087.93,-16575087.93,0.00,0,1,0
45,2026-11-16,15473335.44,0.00,15473335.44,0.00,1,0,0
45,2026-11-17,21517912.58,0.00,21517912.58,0.00,1,0,0
45,2026-11-18,0.00,62634830.86,-62634830.86,0.00,0,1,0
45,2026-11-19,14638916.97,0.00,14638916.97,0.00,1,0,0
45,2026-11-20,16226812.83,0.00,16226812.83,0.00,1,0,0
45,2026-11-23,28728038.35,0.00,28728038.35,0.00,1,0,0
45,2026-11-25,12472770.09,0.00,12472770.09,0.00,1,0,0
45,2026-11-26,26222145.81,0.00,26222145.81,1519589.24,1,0,1
45,2026-11-27,10551719.35,0.00,10551719.35,0.00,1,0,0
45,2026-11-30,0.00,0.00,0.00,105575.19,0,0,1
45,2026-12-01,17969058.65,0.00,17969058.65,0.00,1,0,0
45,2026-12-02,28441861.56,0.00,28441861.56,0.00,1,0,0
45,2026-12-03,0.00,16298454.85,-16298454.85,1704499.40,0,1,1
45,2026-12-07,0.00,33464922.61,-33464922.61,0.00,0,1,0
45,2026-12-08,38454572.57,0.00,38454572.57,0.00,1,0,0
45,2026-12-09,5685184.05,0.00,5685184.05,0.00,1,0,0
45,2026-12-10,0.00,24878783.13,-24878783.13,0.00,0,1,0
45,2026-12-17,40632658.67,0.00,40632658.67,0.00,1,0,0
45,2026-12-18,15391547.61,0.00,15391547.61,0.00,1,0,0
45,2026-12-21,26486263.32,0.00,26486263.32,0.00,1,0,0
45,2026-12-22,23625695.09,0.00,23625695.09,0.00,1,0,0
45,2026-12-23,0.00,20531627.57,-20531627.57,0.00,0,1,0
45,2026-12-24,14312717.23,0.00,14312717.23,0.00,1,0,0
45,2026-12-28,50491645.34,0.00,50491645.34,0.00,1,0,0
45,2026-12-29,28542210.94,0.00,28542210.94,0.00,1,0,0
45,2026-12-30,27994630.82,0.00,27994630.82,0.00,1,0,0
45,2026-12-31,30596222.66,0.00,30596222.66,0.00,1,0,0
46,2026-05-29,40537203.08,0.00,40537203.08,0.00,1,0,0
46,2026-06-01,109610671.31,0.00,109610671.31,0.00,1,0,0
46,2026-06-02,105849743.27,0.00,105849743.27,0.00,1,0,0
46,2026-06-03,147472625.86,0.00,147472625.86,0.00,1,0,0
46,2026-06-04,141919206.83,0.00,141919206.83,0.00,1,0,0
46,2026-06-05,92940237.32,0.00,92940237.32,0.00,1,0,0
46,2026-06-08,96746017.99,0.00,96746017.99,0.00,1,0,0
46,2026-06-09,66586486.18,0.00,66586486.18,0.00,1,0,0
46,2026-06-10,54870309.56,0.00,54870309.56,313547.23,1,0,1
46,2026-06-11,101841003.68,0.00,101841003.68,0.00,1,0,0
46,2026-06-12,59666480.60,0.00,59666480.60,0.00,1,0,0
46,2026-06-15,106909135.36,0.00,106909135.36,0.00,1,0,0
46,2026-06-16,112741113.24,0.00,112741113.24,0.00,1,0,0
46,2026-06-17,85667333.45,0.00,85667333.45,0.00,1,0,0
46,2026-06-18,55058428.12,0.00,55058428.12,0.00,1,0,0
46,2026-06-19,83539494.83,0.00,83539494.83,0.00,1,0,0
46,2026-06-22,90219650.43,0.00,90219650.43,0.00,1,0,0
46,2026-06-23,171515732.06,0.00,171515732.06,0.00,1,0,0
46,2026-06-24,44741495.01,0.00,44741495.01,0.00,1,0,0
46,2026-06-25,105240668.83,0.00,105240668.83,0.00,1,0,0
46,2026-06-26,62201635.80,0.00,62201635.80,0.00,1,0,0
46,2026-06-29,57672847.04,0.00,57672847.04,0.00,1,0,0
46,2026-06-30,80669978.21,0.00,80669978.21,0.00,1,0,0
46,2026-07-01,41252795.15,0.00,41252795.15,0.00,1,0,0
46,2026-07-02,64152209.37,0.00,64152209.37,0.00,1,0,0
46,2026-07-03,124163697.18,0.00,124163697.18,0.00,1,0,0
46,2026-07-06,43377595.55,0.00,43377595.55,0.00,1,0,0
46,2026-07-07,82963189.74,0.00,82963189.74,0.00,1,0,0
46,2026-07-08,0.00,48775020.91,-48775020.91,0.00,0,1,0
46,2026-07-09,0.00,40882305.59,-40882305.59,614226.75,0,1,1
46,2026-07-10,38112175.57,0.00,38112175.57,0.00,1,0,0
46,2026-07-14,0.00,0.00,0.00,3653394.21,0,0,2
46,2026-07-15,0.00,7883380.50,-7883380.50,919652.48,0,1,1
46,2026-07-16,24893558.53,0.00,24893558.53,0.00,1,0,0
46,2026-07-17,26081191.55,0.00,26081191.55,0.00,1,0,0
46,2026-07-20,28156182.89,0.00,28156182.89,1064643.36,1,0,1
46,2026-07-24,0.00,32006372.03,-32006372.03,2050208.91,0,1,2
46,2026-07-27,29857047.78,0.00,29857047.78,0.00,1,0,0
46,2026-07-28,0.00,0.00,0.00,954067.55,0,0,1
46,2026-07-29,21307859.43,0.00,21307859.43,0.00,1,0,0
46,2026-07-30,0.00,0.00,0.00,1701881.97,0,0,1
46,2026-08-04,0.00,11689570.05,-11689570.05,0.00,0,1,0
46,2026-08-05,33000613.24,0.00,33000613.24,0.00,1,0,0
46,2026-08-12,24459644.66,0.00,24459644.66,0.00,1,0,0
46,2026-08-18,8200594.56,0.00,8200594.56,0.00,1,0,0
46,2026-08-20,7800526.16,0.00,7800526.16,0.00,1,0,0
46,2026-08-21,20127948.11,0.00,20127948.11,0.00,1,0,0
46,2026-08-24,44073906.58,0.00,44073906.58,0.00,1,0,0
46,2026-08-25,26762313.82,0.00,26762313.82,0.00,1,0,0
46,2026-08-26,42574979.45,0.00,42574979.45,0.00,1,0,0
46,2026-08-31,0.00,0.00,0.00,173051.41,0,0,1
46,2026-09-03,0.00,13245203.71,-13245203.71,0.00,0,1,0
46,2026-09-08,0.00,0.00,0.00,307552.67,0,0,1
46,2026-09-11,28155814.87,0.00,28155814.87,0.00,1,0,0
46,2026-09-17,0.00,0.00,0.00,2788779.43,0,0,2
46,2026-09-18,23730038.45,0.00,23730038.45,0.00,1,0,0
46,2026-09-21,0.00,0.00,0.00,292924.07,0,0,1
46,2026-09-23,0.00,14266148.51,-14266148.51,0.00,0,1,0
46,2026-09-24,0.00,102786447.24,-102786447.24,0.00,0,1,0
46,2026-09-29,26513443.54,0.00,26513443.54,0.00,1,0,0
46,2026-09-30,0.00,87888554.92,-87888554.92,0.00,0,1,0
46,2026-10-01,0.00,62973440.35,-62973440.35,0.00,0,1,0
46,2026-10-06,0.00,0.00,0.00,2608758.00,0,0,1
46,2026-10-07,0.00,13569103.64,-13569103.64,0.00,0,1,0
46,2026-10-08,101841001.11,0.00,101841001.11,0.00,1,0,0
46,2026-10-09,19185090.89,0.00,19185090.89,0.00,1,0,0
46,2026-10-12,4092691.68,0.00,4092691.68,0.00,1,0,0
46,2026-10-13,0.00,0.00,0.00,110881.36,0,0,1
46,2026-10-15,0.00,28263945.29,-28263945.29,0.00,0,1,0
46,2026-10-21,26178991.70,0.00,26178991.70,0.00,1,0,0
46,2026-10-22,15611367.05,0.00,15611367.05,0.00,1,0,0
46,2026-10-23,0.00,12867713.84,-12867713.84,0.00,0,1,0
46,2026-10-28,8088040.78,0.00,8088040.78,233642.48,1,0,1
46,2026-10-29,0.00,13726077.85,-13726077.85,0.00,0,1,0
46,2026-10-30,0.00,58514652.44,-58514652.44,0.00,0,1,0
46,2026-11-05,14219308.51,0.00,14219308.51,0.00,1,0,0
46,2026-11-06,13469849.20,0.00,13469849.20,0.00,1,0,0
46,2026-11-11,22219434.04,0.00,22219434.04,0.00,1,0,0
46,2026-11-13,19254560.18,0.00,19254560.18,242195.62,1,0,1
46,2026-11-18,0.00,23800722.46,-23800722.46,0.00,0,1,0
46,2026-11-27,8381502.07,0.00,8381502.07,0.00,1,0,0
46,2026-11-30,18013681.89,0.00,18013681.89,0.00,1,0,0
46,2026-12-03,12629120.21,0.00,12629120.21,0.00,1,0,0
46,2026-12-07,0.00,23629720.28,-23629720.28,0.00,0,1,0
46,2026-12-10,22678978.49,0.00,22678978.49,0.00,1,0,0
46,2026-12-11,5313083.50,0.00,5313083.50,0.00,1,0,0
46,2026-12-14,0.00,15727527.51,-15727527.51,0.00,0,1,0
46,2026-12-24,0.00,31794759.79,-31794759.79,0.00,0,1,0
46,2026-12-31,6317337.47,0.00,6317337.47,0.00,1,0,0
47,2026-06-01,72494121.99,0.00,72494121.99,0.00,1,0,0
47,2026-06-02,61271067.33,0.00,61271067.33,0.00,1,0,0
47,2026-06-03,18329217.30,0.00,18329217.30,0.00,1,0,0
47,2026-06-04,129702558.31,0.00,129702558.31,0.00,1,0,0
47,2026-06-05,88692080.62,0.00,88692080.62,0.00,1,0,0
47,2026-06-08,68958702.59,0.00,68958702.59,0.00,1,0,0
47,2026-06-09,75437545.15,0.00,75437545.15,0.00,1,0,0
47,2026-06-10,43880434.81,0.00,43880434.81,0.00,1,0,0
47,2026-06-11,69776081.16,0.00,69776081.16,0.00,1,0,0
47,2026-06-12,28260465.97,0.00,28260465.97,0.00,1,0,0
47,2026-06-15,33413330.38,0.00,33413330.38,2536024.28,1,0,1
47,2026-06-16,38090850.01,0.00,38090850.01,712455.76,1,0,1
47,2026-06-17,34343358.66,0.00,34343358.66,0.00,1,0,0
47,2026-06-18,54599873.59,0.00,54599873.59,0.00,1,0,0
47,2026-06-19,103735497.03,0.00,103735497.03,0.00,1,0,0
47,2026-06-22,25577615.83,0.00,25577615.83,1911001.06,1,0,1
47,2026-06-23,32185544.59,0.00,32185544.59,1335708.90,1,0,1
47,2026-06-24,36695984.92,0.00,36695984.92,0.00,1,0,0
47,2026-06-25,53768556.52,0.00,53768556.52,0.00,1,0,0
47,2026-06-26,31439822.18,0.00,31439822.18,0.00,1,0,0
47,2026-06-29,31116418.03,0.00,31116418.03,0.00,1,0,0
47,2026-06-30,35723442.58,0.00,35723442.58,0.00,1,0,0
47,2026-07-01,38557073.20,0.00,38557073.20,0.00,1,0,0
47,2026-07-02,36342924.79,0.00,36342924.79,0.00,1,0,0
47,2026-07-03,46490769.88,0.00,46490769.88,2123732.74,1,0,3
47,2026-07-06,70816811.23,0.00,70816811.23,0.00,1,0,0
47,2026-07-07,45878814.61,0.00,45878814.61,0.00,1,0,0
47,2026-07-08,21439367.20,0.00,21439367.20,0.00,1,0,0
47,2026-07-09,40198869.70,0.00,40198869.70,0.00,1,0,0
47,2026-07-10,77792055.47,0.00,77792055.47,310314.15,1,0,1
47,2026-07-13,41415807.96,0.00,41415807.96,0.00,1,0,0
47,2026-07-14,78225301.64,0.00,78225301.64,0.00,1,0,0
47,2026-07-15,8679330.52,0.00,8679330.52,0.00,1,0,0
47,2026-07-16,0.00,6119574.97,-6119574.97,0.00,0,1,0
47,2026-07-17,12097484.93,0.00,12097484.93,0.00,1,0,0
47,2026-07-21,18108259.00,0.00,18108259.00,815266.70,1,0,1
47,2026-07-22,9467709.85,0.00,9467709.85,0.00,1,0,0
47,2026-07-24,0.00,0.00,0.00,2608023.46,0,0,2
47,2026-07-28,0.00,0.00,0.00,841135.09,0,0,1
47,2026-07-29,0.00,0.00,0.00,3666616.67,0,0,2
47,2026-07-30,0.00,0.00,0.00,1754118.65,0,0,1
47,2026-07-31,0.00,0.00,0.00,213468.28,0,0,1
47,2026-08-03,0.00,0.00,0.00,341811.29,0,0,1
47,2026-08-06,0.00,0.00,0.00,844475.04,0,0,1
47,2026-08-07,0.00,0.00,0.00,373589.67,0,0,1
47,2026-08-10,5383671.89,0.00,5383671.89,0.00,1,0,0
47,2026-08-11,0.00,0.00,0.00,257651.24,0,0,1
47,2026-08-12,0.00,0.00,0.00,246841.92,0,0,1
47,2026-08-14,11263190.46,0.00,11263190.46,389453.21,1,0,1
47,2026-08-18,7092217.65,0.00,7092217.65,273697.86,1,0,1
47,2026-08-19,0.00,0.00,0.00,346379.20,0,0,1
47,2026-08-21,0.00,14078830.42,-14078830.42,0.00,0,1,0
47,2026-08-24,0.00,0.00,0.00,815975.64,0,0,1
47,2026-08-27,10500627.66,0.00,10500627.66,0.00,1,0,0
47,2026-08-31,0.00,11227388.81,-11227388.81,0.00,0,1,0
47,2026-09-10,8970636.19,0.00,8970636.19,146043.22,1,0,1
47,2026-09-11,11931202.83,0.00,11931202.83,0.00,1,0,0
47,2026-09-17,0.00,0.00,0.00,305520.88,0,0,1
47,2026-09-28,0.00,0.00,0.00,283023.98,0,0,1
47,2026-09-30,0.00,18723390.17,-18723390.17,0.00,0,1,0
47,2026-10-06,11059120.02,0.00,11059120.02,0.00,1,0,0
47,2026-10-08,0.00,0.00,0.00,479763.93,0,0,1
47,2026-10-13,0.00,0.00,0.00,242855.93,0,0,1
47,2026-10-21,10812728.55,0.00,10812728.55,0.00,1,0,0
47,2026-10-23,18089719.10,0.00,18089719.10,0.00,1,0,0
47,2026-10-26,0.00,36267207.13,-36267207.13,0.00,0,1,0
47,2026-10-28,6527738.10,0.00,6527738.10,0.00,1,0,0
47,2026-11-03,12435726.63,0.00,12435726.63,0.00,1,0,0
47,2026-11-04,0.00,0.00,0.00,325766.42,0,0,1
47,2026-11-05,0.00,17961450.26,-17961450.26,0.00,0,1,0
47,2026-11-09,0.00,0.00,0.00,304963.03,0,0,1
47,2026-11-13,5296462.58,0.00,5296462.58,0.00,1,0,0
47,2026-11-17,6525957.17,0.00,6525957.17,0.00,1,0,0
47,2026-11-23,0.00,11087844.86,-11087844.86,0.00,0,1,0
47,2026-11-27,10814873.19,0.00,10814873.19,0.00,1,0,0
47,2026-12-07,14895501.34,0.00,14895501.34,0.00,1,0,0
47,2026-12-10,20256842.48,0.00,20256842.48,0.00,1,0,0
47,2026-12-16,0.00,18109220.65,-18109220.65,0.00,0,1,0
47,2026-12-17,0.00,26355595.07,-26355595.07,0.00,0,1,0
47,2026-12-21,11315511.90,0.00,11315511.90,0.00,1,0,0
47,2026-12-24,3325191.78,0.00,3325191.78,0.00,1,0,0
47,2026-12-31,0.00,14841046.76,-14841046.76,0.00,0,1,0
48,2026-06-24,147139243.75,0.00,147139243.75,0.00,1,0,0
48,2026-06-25,36838233.80,0.00,36838233.80,0.00,1,0,0
48,2026-06-26,101716764.29,0.00,101716764.29,0.00,1,0,0
48,2026-06-29,162346009.26,0.00,162346009.26,0.00,1,0,0
48,2026-06-30,64337072.20,0.00,64337072.20,0.00,1,0,0
48,2026-07-01,94891801.32,0.00,94891801.32,0.00,1,0,0
48,2026-07-02,53038566.13,0.00,53038566.13,0.00,1,0,0
48,2026-07-06,61728407.08,0.00,61728407.08,0.00,1,0,0
48,2026-07-07,93488770.72,0.00,93488770.72,1896453.71,1,0,1
48,2026-07-08,95488493.50,0.00,95488493.50,0.00,1,0,0
48,2026-07-09,92280806.43,0.00,92280806.43,0.00,1,0,0
48,2026-07-10,0.00,0.00,0.00,1159100.78,0,0,1
48,2026-07-14,48648847.49,0.00,48648847.49,0.00,1,0,0
48,2026-07-15,113019666.58,0.00,113019666.58,0.00,1,0,0
48,2026-07-16,87013605.46,0.00,87013605.46,0.00,1,0,0
48,2026-07-17,109715821.54,0.00,109715821.54,0.00,1,0,0
48,2026-07-20,63496646.01,0.00,63496646.01,0.00,1,0,0
48,2026-07-21,0.00,0.00,0.00,1812471.94,0,0,1
48,2026-07-22,67467139.17,0.00,67467139.17,0.00,1,0,0
48,2026-07-23,76841517.38,0.00,76841517.38,0.00,1,0,0
48,2026-07-24,41970942.42,0.00,41970942.42,0.00,1,0,0
48,2026-07-27,0.00,87526283.89,-87526283.89,921694.07,0,1,1
48,2026-07-28,92281046.66,0.00,92281046.66,0.00,1,0,0
48,2026-07-29,13175205.70,0.00,13175205.70,0.00,1,0,0
48,2026-07-31,16765580.69,0.00,16765580.69,0.00,1,0,0
48,2026-08-03,13258563.99,0.00,13258563.99,0.00,1,0,0
48,2026-08-05,32667382.59,0.00,32667382.59,667153.92,1,0,1
48,2026-08-07,14664048.94,0.00,14664048.94,666896.28,1,0,1
48,2026-08-10,28723438.02,0.00,28723438.02,1802496.70,1,0,1
48,2026-08-11,19450313.97,0.00,19450313.97,0.00,1,0,0
48,2026-08-12,17361245.07,0.00,17361245.07,0.00,1,0,0
48,2026-08-13,37073940.93,0.00,37073940.93,0.00,1,0,0
48,2026-08-14,22998382.96,0.00,22998382.96,0.00,1,0,0
48,2026-08-19,21489272.71,0.00,21489272.71,524380.31,1,0,1
48,2026-08-20,23658352.23,0.00,23658352.23,0.00,1,0,0
48,2026-08-26,6986087.33,0.00,6986087.33,0.00,1,0,0
48,2026-08-27,0.00,60075892.05,-60075892.05,0.00,0,1,0
48,2026-08-31,12023076.33,0.00,12023076.33,0.00,1,0,0
48,2026-09-01,19428279.69,0.00,19428279.69,0.00,1,0,0
48,2026-09-02,0.00,129336566.14,-129336566.14,0.00,0,1,0
48,2026-09-04,0.00,50352857.31,-50352857.31,0.00,0,1,0
48,2026-09-07,51030788.21,0.00,51030788.21,0.00,1,0,0
48,2026-09-08,0.00,26193807.42,-26193807.42,0.00,0,1,0
48,2026-09-10,41970668.79,0.00,41970668.79,0.00,1,0,0
48,2026-09-15,0.00,100155629.75,-100155629.75,0.00,0,1,0
48,2026-09-16,93487539.21,0.00,93487539.21,0.00,1,0,0
48,2026-09-17,0.00,36693959.52,-36693959.52,0.00,0,1,0
48,2026-09-18,0.00,162220836.56,-162220836.56,0.00,0,1,0
48,2026-09-22,0.00,32709206.29,-32709206.29,0.00,0,1,0
48,2026-09-24,35117220.38,0.00,35117220.38,0.00,1,0,0
48,2026-09-25,0.00,22993715.44,-22993715.44,0.00,0,1,0
48,2026-09-28,0.00,6677169.68,-6677169.68,926756.33,0,1,1
48,2026-09-30,0.00,30200070.17,-30200070.17,0.00,0,1,0
48,2026-10-05,11727082.84,0.00,11727082.84,203902.13,1,0,1
48,2026-10-06,30354930.36,0.00,30354930.36,0.00,1,0,0
48,2026-10-07,0.00,24171444.68,-24171444.68,1399424.41,0,1,2
48,2026-10-09,0.00,20030602.52,-20030602.52,0.00,0,1,0
48,2026-10-12,0.00,0.00,0.00,360213.15,0,0,1
48,2026-10-14,33771677.70,0.00,33771677.70,0.00,1,0,0
48,2026-10-15,0.00,34864721.32,-34864721.32,0.00,0,1,0
48,2026-10-16,11653302.59,0.00,11653302.59,0.00,1,0,0
48,2026-10-19,11089281.15,0.00,11089281.15,0.00,1,0,0
48,2026-10-21,76841316.03,0.00,76841316.03,0.00,1,0,0
48,2026-10-22,0.00,38003183.81,-38003183.81,0.00,0,1,0
48,2026-10-27,0.00,14060674.45,-14060674.45,0.00,0,1,0
48,2026-10-29,162345024.62,0.00,162345024.62,0.00,1,0,0
48,2026-11-02,0.00,25527365.87,-25527365.87,0.00,0,1,0
48,2026-11-03,7170279.84,0.00,7170279.84,0.00,1,0,0
48,2026-11-04,0.00,26049924.96,-26049924.96,404505.87,0,1,1
48,2026-11-05,39617175.30,0.00,39617175.30,0.00,1,0,0
48,2026-11-06,0.00,32825742.14,-32825742.14,0.00,0,1,0
48,2026-11-09,10411984.47,0.00,10411984.47,848201.39,1,0,1
48,2026-11-12,9522143.25,0.00,9522143.25,0.00,1,0,0
48,2026-11-13,16685088.27,0.00,16685088.27,103676.73,1,0,1
48,2026-11-16,0.00,51186886.06,-51186886.06,0.00,0,1,0
48,2026-11-17,22458088.03,0.00,22458088.03,0.00,1,0,0
48,2026-11-18,17396894.66,0.00,17396894.66,0.00,1,0,0
48,2026-11-19,94891276.82,0.00,94891276.82,0.00,1,0,0
48,2026-11-20,0.00,62386273.43,-62386273.43,0.00,0,1,0
48,2026-11-23,0.00,27461628.32,-27461628.32,0.00,0,1,0
48,2026-11-25,0.00,27731440.10,-27731440.10,0.00,0,1,0
48,2026-11-27,0.00,0.00,0.00,185740.22,0,0,1
48,2026-11-30,64337153.93,0.00,64337153.93,0.00,1,0,0
48,2026-12-01,0.00,19034743.13,-19034743.13,0.00,0,1,0
48,2026-12-02,0.00,44593739.30,-44593739.30,0.00,0,1,0
48,2026-12-03,12493830.60,0.00,12493830.60,0.00,1,0,0
48,2026-12-04,0.00,115507443.01,-115507443.01,0.00,0,1,0
48,2026-12-08,101716879.80,0.00,101716879.80,0.00,1,0,0
48,2026-12-10,6398550.42,0.00,6398550.42,0.00,1,0,0
48,2026-12-15,0.00,16439716.59,-16439716.59,0.00,0,1,0
48,2026-12-16,0.00,50708833.01,-50708833.01,0.00,0,1,0
48,2026-12-17,0.00,58525543.58,-58525543.58,0.00,0,1,0
48,2026-12-21,43600917.14,0.00,43600917.14,0.00,1,0,0
48,2026-12-22,48996107.28,0.00,48996107.28,0.00,1,0,0
48,2026-12-23,95487876.12,0.00,95487876.12,0.00,1,0,0
48,2026-12-24,13714749.32,0.00,13714749.32,0.00,1,0,0
48,2026-12-28,5132537.54,0.00,5132537.54,0.00,1,0,0
48,2026-12-29,0.00,32076707.49,-32076707.49,0.00,0,1,0
48,2026-12-30,0.00,19708078.07,-19708078.07,0.00,0,1,0
48,2026-12-31,0.00,8841656.70,-8841656.70,0.00,0,1,0
49,2026-06-25,114150237.06,0.00,114150237.06,0.00,1,0,0
49,2026-06-26,209445925.64,0.00,209445925.64,0.00,1,0,0
49,2026-06-29,98396722.33,0.00,98396722.33,0.00,1,0,0
49,2026-06-30,143523603.05,0.00,143523603.05,0.00,1,0,0
49,2026-07-01,54970065.34,0.00,54970065.34,0.00,1,0,0
49,2026-07-02,121960785.17,0.00,121960785.17,0.00,1,0,0
49,2026-07-03,0.00,0.00,0.00,1132056.68,0,0,1
49,2026-07-06,72072603.50,0.00,72072603.50,3886230.64,1,0,1
49,2026-07-07,87392026.80,0.00,87392026.80,0.00,1,0,0
49,2026-07-08,69525528.93,0.00,69525528.93,0.00,1,0,0
49,2026-07-09,0.00,0.00,0.00,2422811.17,0,0,1
49,2026-07-10,147479535.09,0.00,147479535.09,2472953.63,1,0,1
49,2026-07-13,205228357.84,0.00,205228357.84,1491497.61,1,0,1
49,2026-07-14,117590624.61,0.00,117590624.61,0.00,1,0,0
49,2026-07-15,110834590.61,0.00,110834590.61,0.00,1,0,0
49,2026-07-17,164550244.35,0.00,164550244.35,0.00,1,0,0
49,2026-07-20,60402124.32,0.00,60402124.32,475544.59,1,0,1
49,2026-07-21,0.00,0.00,0.00,2870759.27,0,0,1
49,2026-07-22,161514147.05,0.00,161514147.05,0.00,1,0,0
49,2026-07-23,61701653.53,0.00,61701653.53,0.00,1,0,0
49,2026-07-24,224201518.66,0.00,224201518.66,0.00,1,0,0
49,2026-07-28,104372264.21,0.00,104372264.21,0.00,1,0,0
49,2026-07-29,94431030.12,0.00,94431030.12,0.00,1,0,0
49,2026-07-30,85378691.57,0.00,85378691.57,0.00,1,0,0
49,2026-07-31,126002490.26,0.00,126002490.26,0.00,1,0,0
49,2026-08-04,20053648.97,0.00,20053648.97,0.00,1,0,0
49,2026-08-05,13513847.08,0.00,13513847.08,784907.52,1,0,1
49,2026-08-07,0.00,199870109.17,-199870109.17,0.00,0,1,0
49,2026-08-10,0.00,83518693.34,-83518693.34,0.00,0,1,0
49,2026-08-11,0.00,55200395.64,-55200395.64,0.00,0,1,0
49,2026-08-13,0.00,43583486.15,-43583486.15,0.00,0,1,0
49,2026-08-14,46258330.54,0.00,46258330.54,610206.76,1,0,1
49,2026-08-18,0.00,204903148.40,-204903148.40,0.00,0,1,0
49,2026-08-21,20785916.92,0.00,20785916.92,0.00,1,0,0
49,2026-08-24,37358105.60,0.00,37358105.60,0.00,1,0,0
49,2026-08-26,0.00,46865817.38,-46865817.38,0.00,0,1,0
49,2026-08-31,43691459.38,0.00,43691459.38,0.00,1,0,0
49,2026-09-02,0.00,27972878.25,-27972878.25,0.00,0,1,0
49,2026-09-09,205229030.15,0.00,205229030.15,0.00,1,0,0
49,2026-09-10,0.00,0.00,0.00,589483.43,0,0,1
49,2026-09-11,19329110.37,0.00,19329110.37,0.00,1,0,0
49,2026-09-15,0.00,63472267.83,-63472267.83,0.00,0,1,0
49,2026-09-16,42969617.42,0.00,42969617.42,0.00,1,0,0
49,2026-09-17,0.00,14225538.84,-14225538.84,0.00,0,1,0
49,2026-09-18,0.00,52691845.99,-52691845.99,0.00,0,1,0
49,2026-09-21,209445863.56,0.00,209445863.56,0.00,1,0,0
49,2026-09-22,35315962.88,0.00,35315962.88,0.00,1,0,0
49,2026-09-25,0.00,12151707.21,-12151707.21,1144711.80,0,1,1
49,2026-09-28,44952503.18,0.00,44952503.18,607871.14,1,0,1
49,2026-09-29,58313614.75,0.00,58313614.75,0.00,1,0,0
49,2026-10-05,15774752.77,0.00,15774752.77,0.00,1,0,0
49,2026-10-07,0.00,51806069.69,-51806069.69,0.00,0,1,0
49,2026-10-08,68622191.83,0.00,68622191.83,0.00,1,0,0
49,2026-10-09,0.00,23936856.89,-23936856.89,0.00,0,1,0
49,2026-10-12,0.00,16135668.50,-16135668.50,0.00,0,1,0
49,2026-10-14,0.00,64374893.83,-64374893.83,0.00,0,1,0
49,2026-10-15,47296750.13,0.00,47296750.13,0.00,1,0,0
49,2026-10-19,0.00,21639540.43,-21639540.43,0.00,0,1,0
49,2026-10-21,0.00,106199082.16,-106199082.16,0.00,0,1,0
49,2026-10-22,0.00,53832327.64,-53832327.64,0.00,0,1,0
49,2026-10-23,0.00,32007624.20,-32007624.20,1055471.62,0,1,1
49,2026-10-26,0.00,97044118.99,-97044118.99,0.00,0,1,0
49,2026-10-27,104372259.97,0.00,104372259.97,0.00,1,0,0
49,2026-10-29,0.00,23839465.45,-23839465.45,0.00,0,1,0
49,2026-10-30,0.00,37460504.95,-37460504.95,0.00,0,1,0
49,2026-11-02,28850131.99,0.00,28850131.99,0.00,1,0,0
49,2026-11-03,19486145.74,0.00,19486145.74,0.00,1,0,0
49,2026-11-04,0.00,165930543.08,-165930543.08,0.00,0,1,0
49,2026-11-09,17332920.97,0.00,17332920.97,654991.22,1,0,1
49,2026-11-11,117591267.02,0.00,117591267.02,0.00,1,0,0
49,2026-11-12,0.00,0.00,0.00,73369.45,0,0,1
49,2026-11-13,0.00,89871504.92,-89871504.92,0.00,0,1,0
49,2026-11-16,33072088.83,0.00,33072088.83,0.00,1,0,0
49,2026-11-17,11984539.22,0.00,11984539.22,0.00,1,0,0
49,2026-11-18,0.00,44516364.56,-44516364.56,0.00,0,1,0
49,2026-11-19,0.00,161267644.71,-161267644.71,0.00,0,1,0
49,2026-11-20,0.00,111743585.16,-111743585.16,0.00,0,1,0
49,2026-11-23,0.00,79975128.27,-79975128.27,0.00,0,1,0
49,2026-11-26,205228528.66,0.00,205228528.66,0.00,1,0,0
49,2026-11-27,0.00,17402320.16,-17402320.16,79894.67,0,1,1
49,2026-11-30,69827373.15,0.00,69827373.15,0.00,1,0,0
49,2026-12-01,34834333.71,0.00,34834333.71,0.00,1,0,0
49,2026-12-02,110834686.02,0.00,110834686.02,0.00,1,0,0
49,2026-12-03,0.00,24741954.54,-24741954.54,0.00,0,1,0
49,2026-12-04,0.00,54486628.56,-54486628.56,0.00,0,1,0
49,2026-12-07,0.00,85443403.11,-85443403.11,0.00,0,1,0
49,2026-12-08,15666663.48,0.00,15666663.48,0.00,1,0,0
49,2026-12-11,72070809.97,0.00,72070809.97,0.00,1,0,0
49,2026-12-15,18129170.01,0.00,18129170.01,0.00,1,0,0
49,2026-12-16,21787334.80,0.00,21787334.80,0.00,1,0,0
49,2026-12-17,20348821.04,0.00,20348821.04,0.00,1,0,0
49,2026-12-18,0.00,23631363.07,-23631363.07,0.00,0,1,0
49,2026-12-21,33056477.52,0.00,33056477.52,0.00,1,0,0
49,2026-12-22,35149842.67,0.00,35149842.67,0.00,1,0,0
49,2026-12-23,0.00,232002724.04,-232002724.04,0.00,0,1,0
49,2026-12-24,117590002.05,0.00,117590002.05,0.00,1,0,0
49,2026-12-28,0.00,219977463.60,-219977463.60,0.00,0,1,0
49,2026-12-29,0.00,86658322.44,-86658322.44,0.00,0,1,0
49,2026-12-30,0.00,32808273.62,-32808273.62,0.00,0,1,0
50,2026-06-26,116613990.55,0.00,116613990.55,0.00,1,0,0
50,2026-06-29,163286394.10,0.00,163286394.10,0.00,1,0,0
50,2026-07-01,282566798.61,0.00,282566798.61,0.00,1,0,0
50,2026-07-02,262283208.45,0.00,262283208.45,0.00,1,0,0
50,2026-07-07,171874117.45,0.00,171874117.45,0.00,1,0,0
50,2026-07-09,101824551.57,0.00,101824551.57,0.00,1,0,0
50,2026-07-10,360453568.23,0.00,360453568.23,0.00,1,0,0
50,2026-07-13,264701193.22,0.00,264701193.22,0.00,1,0,0
50,2026-07-14,174750726.86,0.00,174750726.86,0.00,1,0,0
50,2026-07-17,135126700.61,0.00,135126700.61,0.00,1,0,0
50,2026-07-20,150902470.83,0.00,150902470.83,0.00,1,0,0
50,2026-07-22,24368212.02,0.00,24368212.02,0.00,1,0,0
50,2026-07-24,38380133.16,0.00,38380133.16,0.00,1,0,0
50,2026-08-24,0.00,85372767.21,-85372767.21,0.00,0,1,0
50,2026-10-27,58165702.75,0.00,58165702.75,0.00,1,0,0
50,2026-11-03,20459535.77,0.00,20459535.77,0.00,1,0,0
50,2026-11-11,47142494.59,0.00,47142494.59,0.00,1,0,0
50,2026-11-27,41297498.84,0.00,41297498.84,0.00,1,0,0
50,2026-12-01,38263087.87,0.00,38263087.87,0.00,1,0,0
50,2026-12-08,0.00,100310747.46,-100310747.46,0.00,0,1,0
