transaction_id,portfolio_id,instrument_id,txn_date,txn_type,quantity,price,fees,amount
1,1,439,2025-01-02,BUY,66011,1870.91,158103.09,123658743.10
2,1,519,2025-01-03,BUY,8521847,12.24,133532.29,104440939.57
3,1,522,2025-01-06,BUY,12881880,12.40,204490.01,159939802.01
4,1,66,2025-01-07,BUY,20130,1279.40,32970.18,25787292.18
5,1,492,2025-01-09,BUY,170495,445.00,97127.64,75967402.64
6,1,320,2025-01-10,BUY,31761,1143.91,46511.16,36378236.67
7,1,520,2025-01-13,BUY,3888311,25.31,125986.58,98539137.99
8,1,423,2025-01-14,BUY,146930,644.57,121241.62,94827911.72
9,1,449,2025-01-15,BUY,175786,343.72,77349.99,60498513.91
10,1,395,2025-01-17,BUY,22295,4634.44,132274.43,103457114.23
11,1,301,2025-01-20,BUY,19633,2128.35,53493.48,41839389.03
12,1,341,2025-01-21,BUY,15238,2010.33,39216.29,30672624.83
13,1,521,2025-01-22,BUY,3152999,26.63,107489.53,84071852.90
14,1,518,2025-01-24,BUY,9146503,11.53,135006.77,105594186.36
15,1,257,2025-01-28,BUY,39163,761.31,38168.81,29853352.34
16,1,487,2025-01-29,BUY,43579,1297.45,72383.41,56613956.96
17,1,160,2025-01-30,BUY,26534,1507.71,51214.35,40056791.49
18,1,516,2025-01-31,BUY,52695,1014.35,68427.14,53519600.39
19,1,241,2025-02-03,BUY,38170,2701.51,132007.89,103248644.59
20,2,204,2025-02-03,BUY,74589,540.31,131912.68,40433095.27
21,1,391,2025-02-04,BUY,126629,486.80,78914.15,61721911.35
22,2,522,2025-02-04,BUY,3599167,12.48,147023.02,45064627.18
23,1,341,2025-02-05,SELL,7455,2029.52,19369.22,15110702.38
24,2,519,2025-02-05,BUY,4570971,12.28,183728.10,56315251.98
25,3,111,2025-02-05,BUY,175019,536.91,195666.51,94165117.80
26,1,66,2025-02-06,SELL,6749,1292.01,11162.89,8708612.60
27,2,518,2025-02-06,BUY,5549072,11.45,207967.08,63744841.48
28,3,200,2025-02-06,BUY,305127,745.89,473898.38,228065076.41
29,4,399,2025-02-06,BUY,169395,481.38,231032.72,81774397.82
30,2,324,2025-02-07,BUY,69536,656.66,149457.95,45810967.71
31,3,138,2025-02-07,BUY,766973,486.13,776358.47,373624942.96
32,4,119,2025-02-07,BUY,41564,1854.08,218338.67,77281319.79
33,2,202,2025-02-10,BUY,5755,4183.25,78800.31,24153404.06
34,3,425,2025-02-10,BUY,188345,1093.97,429031.63,206472811.28
35,4,499,2025-02-10,BUY,266140,285.61,215361.67,76227607.07
36,5,178,2025-02-10,BUY,95461,2583.57,1173568.16,247803743.93
37,1,439,2025-02-11,BUY,7912,2074.83,21015.51,16437070.47
38,2,287,2025-02-11,BUY,52351,591.30,101321.50,31056467.80
39,3,180,2025-02-11,BUY,1512429,281.71,887170.43,426953544.02
40,4,508,2025-02-11,BUY,963188,76.40,208491.94,73796055.14
41,5,111,2025-02-11,BUY,169212,543.67,437752.50,92433240.54
42,1,66,2025-02-12,DIVIDEND,0,0.00,0.00,256065.56
43,2,62,2025-02-12,BUY,84301,561.31,154883.18,47473877.49
44,4,484,2025-02-12,BUY,3789,4738.60,50869.74,18005425.14
45,5,34,2025-02-12,BUY,147416,894.56,627503.57,132499960.53
46,2,28,2025-02-13,BUY,42562,1177.66,164063.02,50287627.94
47,3,251,2025-02-13,BUY,210413,1263.71,553668.47,266454680.70
48,4,517,2025-02-13,BUY,4014892,24.20,275279.64,97435666.04
49,5,341,2025-02-13,BUY,48725,2250.92,521884.04,110197961.04
50,1,395,2025-02-14,BUY,4175,4656.08,24885.60,19464019.60
51,2,508,2025-02-14,BUY,369371,77.83,94097.61,28842242.54
52,3,48,2025-02-14,BUY,354521,565.86,417715.66,201026968.72
53,4,514,2025-02-14,BUY,799695,69.44,157332.68,55688153.48
54,1,521,2025-02-17,BUY,669126,26.67,22845.57,17868435.99
55,2,383,2025-02-17,BUY,97402,1027.44,327561.69,100402272.57
56,3,186,2025-02-17,BUY,529954,331.87,366214.87,176242048.85
57,4,393,2025-02-17,BUY,29148,1099.32,90785.76,32133765.12
58,5,9,2025-02-17,BUY,24264,3065.77,353968.06,74741811.34
59,2,267,2025-02-18,BUY,23654,2005.07,155239.73,47583165.51
60,3,286,2025-02-18,BUY,327077,466.85,317948.78,153013846.23
61,4,287,2025-02-18,BUY,37942,605.99,65143.42,23057616.00
62,6,241,2025-02-18,BUY,1106,2871.68,6131.02,3182209.10
63,2,9,2025-02-19,BUY,18300,3096.52,185478.57,56851794.57
64,3,388,2025-02-19,BUY,173852,819.59,296692.21,142784052.89
65,4,50,2025-02-19,BUY,45421,1038.90,133695.04,47321571.94
66,5,141,2025-02-19,BUY,191011,979.58,890349.24,188000904.62
67,6,522,2025-02-19,BUY,396972,12.54,9609.46,4987638.34
68,2,509,2025-02-20,BUY,541130,92.83,164421.54,50397519.44
69,4,4,2025-02-20,BUY,55105,881.48,137622.15,48711577.55
70,5,385,2025-02-20,BUY,391265,338.32,629884.29,133002659.09
71,6,519,2025-02-20,BUY,744770,12.33,17726.66,9200740.76
72,2,438,2025-02-21,BUY,136566,551.60,246567.37,75576372.97
73,3,148,2025-02-21,BUY,924854,446.69,860219.35,413983252.61
74,4,505,2025-02-21,BUY,150792,288.34,123187.90,43602553.18
75,5,152,2025-02-21,BUY,97895,2339.56,1089825.09,230121051.29
76,6,446,2025-02-21,BUY,4955,738.06,7059.55,3664146.85
77,2,521,2025-02-24,BUY,2863155,26.55,248815.90,76265581.15
78,3,354,2025-02-24,BUY,142036,809.73,239479.57,115250289.85
79,4,421,2025-02-24,BUY,183175,242.51,125857.97,44547627.22
80,5,136,2025-02-24,BUY,18345,9153.75,799059.04,168724602.79
81,6,37,2025-02-24,BUY,5129,501.51,4965.40,2577210.19
82,7,520,2025-02-24,BUY,7897075,25.30,309546.28,200105543.78
83,2,492,2025-02-25,BUY,143302,528.08,247696.99,75922617.15
84,3,56,2025-02-25,BUY,526363,299.10,327817.07,157762990.37
85,4,61,2025-02-25,BUY,105025,489.53,145665.55,51558553.80
86,5,301,2025-02-25,BUY,60447,2105.56,605625.95,127880411.27
87,6,398,2025-02-25,BUY,2239,1523.96,6586.72,3418733.16
88,7,142,2025-02-25,BUY,327487,325.55,165177.38,106778570.23
89,1,301,2025-02-27,SELL,6388,2061.40,16857.70,13151365.50
90,2,515,2025-02-27,BUY,963976,68.31,215535.72,66064736.28
91,3,200,2025-02-27,SELL,305127,670.32,425885.27,204106845.37
92,3,286,2025-02-27,DIVIDEND,0,0.00,0.00,2058638.96
93,4,522,2025-02-27,BUY,3225977,12.61,115255.38,40794825.35
94,5,203,2025-02-27,BUY,436639,674.00,1400375.57,295695061.57
95,6,411,2025-02-27,BUY,1995,2379.69,9164.42,4756645.97
96,7,340,2025-02-27,BUY,253358,225.91,88676.57,57324782.35
97,1,341,2025-02-28,DIVIDEND,0,0.00,0.00,208819.80
98,2,209,2025-02-28,BUY,4689,4594.73,70519.46,21615208.43
99,3,148,2025-02-28,SELL,139681,467.26,135901.97,65131442.09
100,4,24,2025-02-28,BUY,24278,1419.36,97631.58,34556853.66
101,5,227,2025-02-28,BUY,336148,343.65,549678.80,116066939.00
102,5,341,2025-02-28,DIVIDEND,0,0.00,0.00,1307303.71
103,6,518,2025-02-28,BUY,480577,11.72,10872.57,5643235.01
104,7,337,2025-02-28,BUY,105156,690.97,112572.44,72772213.76
105,1,522,2025-03-03,BUY,1790736,12.51,28678.74,22430786.10
106,2,414,2025-03-03,BUY,10188,7720.72,257463.40,78916158.76
107,4,464,2025-03-03,BUY,298282,398.24,336555.57,119124379.25
108,5,44,2025-03-03,BUY,78732,2711.77,1015935.75,214519011.39
109,6,262,2025-03-03,BUY,1525,1166.67,3434.47,1782606.22
110,7,116,2025-03-03,BUY,70060,1805.83,196013.42,126712463.22
111,2,479,2025-03-04,BUY,44819,866.27,127082.04,38952437.17
112,4,131,2025-03-04,BUY,77118,216.58,47321.55,16749537.99
113,5,131,2025-03-04,BUY,377196,219.31,393629.48,83116484.24
114,6,442,2025-03-04,BUY,3868,571.46,4266.91,2214674.19
115,7,511,2025-03-04,BUY,975798,99.81,150894.28,97545292.66
116,8,480,2025-03-04,BUY,1769,5244.19,21214.86,9298186.97
117,2,136,2025-03-05,BUY,4691,8930.39,137121.20,42029580.69
118,3,138,2025-03-05,DIVIDEND,0,0.00,0.00,4726179.32
119,3,186,2025-03-05,SELL,529954,337.15,372041.29,178301949.81
120,4,142,2025-03-05,BUY,69710,332.70,65710.19,23258227.19
121,5,17,2025-03-05,BUY,119882,817.29,466221.47,98444581.25
122,6,321,2025-03-05,BUY,9157,256.11,4527.11,2349726.38
123,7,23,2025-03-05,BUY,84292,1434.72,187366.66,121122784.90
124,8,366,2025-03-05,BUY,9017,718.14,14808.30,6490276.68
125,1,423,2025-03-06,SELL,47620,704.57,42952.13,33508671.27
126,2,374,2025-03-06,BUY,377680,145.08,179349.55,54973163.95
127,3,425,2025-03-06,SELL,45290,1175.18,110824.69,53113077.51
128,4,47,2025-03-06,BUY,104092,517.08,152496.53,53976387.89
129,7,515,2025-03-06,BUY,1666899,67.77,175019.16,113140764.39
130,8,414,2025-03-06,BUY,1034,7888.14,18652.16,8174988.92
131,2,513,2025-03-07,BUY,774801,91.97,233241.12,71491689.09
132,3,111,2025-03-07,SELL,32316,541.08,36409.01,17449132.27
133,4,65,2025-03-07,BUY,33662,1910.90,182247.98,64506963.78
134,5,446,2025-03-07,BUY,354790,734.28,1239638.84,261754840.04
135,6,254,2025-03-07,BUY,6350,714.21,8754.70,4543988.20
136,7,502,2025-03-07,BUY,117856,557.08,101720.40,65756940.88
137,8,395,2025-03-07,BUY,2969,4930.97,33479.31,14673529.24
138,2,398,2025-03-10,BUY,29014,1580.54,150100.40,46007887.96
139,2,479,2025-03-10,DIVIDEND,0,0.00,0.00,449394.17
140,3,286,2025-03-10,SELL,327077,517.48,352430.41,168903375.55
141,4,140,2025-03-10,BUY,19709,1853.19,103483.09,36628004.80
142,5,178,2025-03-10,DIVIDEND,0,0.00,0.00,3511553.35
143,5,321,2025-03-10,BUY,287645,270.92,370817.31,78299600.71
144,6,90,2025-03-10,BUY,2751,1823.80,9685.22,5026959.02
145,7,50,2025-03-10,BUY,120176,1128.24,210067.10,135797437.34
146,8,468,2025-03-10,BUY,12435,850.31,24180.04,10597784.89
147,2,513,2025-03-11,SELL,239688,94.86,74421.46,22662382.22
148,3,425,2025-03-11,BUY,54092,1209.96,136280.54,65585436.86
149,4,310,2025-03-11,BUY,58426,1336.02,221158.67,78279463.19
150,5,423,2025-03-11,BUY,279973,713.38,950384.15,200677522.89
151,6,31,2025-03-11,BUY,3396,1298.23,8510.62,4417299.70
152,7,381,2025-03-11,BUY,25448,4422.68,174372.50,112722733.14
153,8,489,2025-03-11,BUY,14745,1268.99,42789.47,18754047.02
154,9,255,2025-03-11,BUY,1151182,462.71,439958.51,533103381.73
155,2,492,2025-03-12,SELL,143302,546.41,256294.71,78045351.11
156,3,251,2025-03-12,SELL,210413,1376.44,603058.79,289017810.93
157,4,512,2025-03-12,BUY,931563,65.59,173115.01,61274332.18
158,5,1,2025-03-12,BUY,252693,244.31,293762.64,62029189.47
159,6,439,2025-03-12,BUY,3664,1938.59,13711.44,7116705.20
160,7,51,2025-03-12,BUY,119143,1693.28,312561.96,202055021.00
161,8,27,2025-03-12,BUY,15024,715.47,24581.65,10773802.93
162,9,4,2025-03-12,BUY,409610,893.65,302340.87,366350317.37
163,1,522,2025-03-13,BUY,2188272,12.65,35437.49,27717078.29
164,2,398,2025-03-13,BUY,4611,1529.95,23090.91,7077690.36
165,3,48,2025-03-13,DIVIDEND,0,0.00,0.00,2633583.75
166,3,388,2025-03-13,SELL,77803,789.14,127843.96,61269615.46
167,4,516,2025-03-13,BUY,42801,1004.94,121864.97,43134301.91
168,5,290,2025-03-13,BUY,915431,153.85,670170.37,141509229.72
169,6,516,2025-03-13,BUY,9714,1021.80,19160.45,9944925.65
170,7,277,2025-03-13,BUY,90947,1830.23,257889.02,166711816.83
171,8,140,2025-03-13,BUY,8709,1852.51,36894.60,16170404.19
172,9,13,2025-03-13,BUY,115335,1402.99,133651.72,161947503.37
173,4,515,2025-03-17,BUY,1142667,67.78,219435.10,77669404.36
174,6,305,2025-03-17,BUY,32595,78.91,4965.06,2577036.51
175,7,41,2025-03-17,BUY,109352,719.45,121889.46,78795185.86
176,8,29,2025-03-17,BUY,3370,2038.85,15712.64,6886637.14
177,2,414,2025-03-18,DIVIDEND,0,0.00,0.00,361859.87
178,3,388,2025-03-18,BUY,37084,791.83,61143.22,29425366.94
179,4,371,2025-03-18,BUY,18899,4861.86,260331.14,92144623.28
180,5,430,2025-03-18,BUY,159333,379.41,287658.10,60740191.63
181,7,178,2025-03-18,BUY,21802,2601.55,87875.40,56806868.50
182,8,158,2025-03-18,BUY,3672,1853.66,15565.63,6822205.15
183,8,414,2025-03-18,DIVIDEND,0,0.00,0.00,36725.86
184,9,283,2025-03-18,BUY,351979,327.42,95187.69,115340151.87
185,2,398,2025-03-19,SELL,9597,1507.45,47352.96,14419644.69
186,3,388,2025-03-19,DIVIDEND,0,0.00,0.00,1004200.54
187,4,391,2025-03-19,BUY,92993,535.03,140965.63,49895010.42
188,4,484,2025-03-19,DIVIDEND,0,0.00,0.00,125806.40
189,5,60,2025-03-19,BUY,36828,2486.33,435711.49,92002272.73
190,6,517,2025-03-19,BUY,504354,24.24,23599.88,12249140.84
191,7,521,2025-03-19,BUY,9785714,26.74,405408.39,262075400.75
192,8,447,2025-03-19,BUY,4674,2057.34,21990.18,9637997.34
193,9,240,2025-03-19,BUY,793418,194.23,127284.99,154232863.13
194,4,519,2025-03-20,BUY,7347495,12.34,256885.34,90924973.64
195,5,399,2025-03-20,BUY,129094,523.29,321447.90,67875047.16
196,6,521,2025-03-20,BUY,225763,27.01,11771.15,6109629.78
197,7,8,2025-03-20,BUY,41835,6508.16,421829.36,272690702.96
198,8,295,2025-03-20,BUY,11883,687.91,18693.55,8193128.08
199,9,182,2025-03-20,BUY,25497,3248.34,68408.40,82891333.38
200,2,62,2025-03-21,DIVIDEND,0,0.00,0.00,268619.21
201,3,56,2025-03-21,DIVIDEND,0,0.00,0.00,1934567.58
202,3,354,2025-03-21,SELL,47588,811.86,80446.73,38554346.95
203,4,30,2025-03-21,BUY,94313,974.67,260443.79,92184495.50
204,5,44,2025-03-21,DIVIDEND,0,0.00,0.00,1939937.98
205,5,181,2025-03-21,BUY,160315,722.56,551201.23,116388407.63
206,6,495,2025-03-21,BUY,24358,596.63,28053.59,14560767.13
207,7,197,2025-03-21,BUY,226750,446.79,156960.20,101466592.70
208,8,178,2025-03-21,BUY,5104,2706.56,31590.92,13845873.16
209,8,489,2025-03-21,DIVIDEND,0,0.00,0.00,58798.35
210,9,366,2025-03-21,BUY,150602,703.28,87481.83,106002856.39
211,2,202,2025-03-24,BUY,1760,4399.43,25344.16,7768340.96
212,3,111,2025-03-24,BUY,34076,602.58,42755.61,20576271.69
213,4,20,2025-03-24,BUY,33166,1250.71,117526.17,41598574.03
214,5,391,2025-03-24,BUY,118797,558.01,315434.77,66605348.74
215,6,520,2025-03-24,BUY,367829,24.99,17744.10,9209790.81
216,7,518,2025-03-24,BUY,17942532,11.65,323853.40,209354351.20
217,8,189,2025-03-24,BUY,4165,1569.49,14948.84,6551874.69
218,2,209,2025-03-25,SELL,1639,5194.23,27865.63,8485477.34
219,4,520,2025-03-25,BUY,1410848,25.40,101531.03,35937070.23
220,5,404,2025-03-25,BUY,269283,583.12,747186.44,157771489.40
221,6,9,2025-03-25,BUY,884,3025.27,5162.48,2679501.16
222,7,97,2025-03-25,BUY,165118,793.85,203082.12,131282006.42
223,8,249,2025-03-25,BUY,23512,1021.11,54903.00,24063241.32
224,9,315,2025-03-25,BUY,1466469,85.88,104021.66,126044379.38
225,10,399,2025-03-25,BUY,255495,522.01,436856.22,133807801.17
226,1,66,2025-03-26,DIVIDEND,0,0.00,0.00,325478.78
227,2,522,2025-03-26,BUY,754991,12.66,31285.58,9589471.64
228,4,166,2025-03-26,BUY,459673,219.44,285791.72,101156434.84
229,5,447,2025-03-26,BUY,71872,2002.61,684885.89,144616471.81
230,7,4,2025-03-26,BUY,193675,946.46,283997.58,183589638.08
231,8,210,2025-03-26,BUY,13154,977.55,29405.65,12888098.35
232,9,280,2025-03-26,BUY,1992177,79.12,130188.63,157751232.87
233,10,516,2025-03-26,BUY,55638,1022.07,186264.22,57052194.88
234,3,425,2025-03-27,BUY,34178,1315.61,93627.54,45058546.12
235,4,518,2025-03-27,BUY,6725609,11.63,221613.49,78440446.16
236,5,165,2025-03-27,BUY,272152,693.98,898712.10,189766757.06
237,6,207,2025-03-27,BUY,1599,5008.21,15458.69,8023586.48
238,7,473,2025-03-27,BUY,146102,663.10,150097.69,97030333.89
239,8,413,2025-03-27,BUY,13926,1276.80,40661.49,17821378.29
240,9,101,2025-03-27,BUY,108844,514.47,46251.24,56043223.92
241,10,517,2025-03-27,BUY,9774739,24.41,781538.26,239382917.25
242,1,341,2025-03-28,DIVIDEND,0,0.00,0.00,226776.73
243,4,142,2025-03-28,BUY,22067,365.57,22855.92,8089889.11
244,5,341,2025-03-28,DIVIDEND,0,0.00,0.00,1419722.00
245,6,37,2025-03-28,SELL,2364,545.91,2491.21,1288040.03
246,7,463,2025-03-28,BUY,78349,1479.51,179593.32,116097722.31
247,8,324,2025-03-28,BUY,27919,660.39,42163.27,18479591.68
248,9,330,2025-03-28,BUY,315010,359.60,93562.73,113371158.73
249,10,520,2025-03-28,BUY,8807661,25.17,726141.24,222414968.61
250,2,414,2025-04-01,SELL,3554,8868.28,103163.38,31414703.74
251,3,425,2025-04-01,BUY,23098,1335.88,64249.78,30920406.02
252,5,447,2025-04-01,SELL,33382,2078.66,330185.44,69059642.68
253,7,34,2025-04-01,BUY,179090,1082.91,300470.97,194238822.87
254,8,201,2025-04-01,BUY,6485,2322.80,34447.35,15097805.35
255,9,407,2025-04-01,BUY,195162,699.25,112716.26,136579744.76
256,10,518,2025-04-01,BUY,20520991,11.51,773661.43,236970267.84
257,3,286,2025-04-02,BUY,240224,635.64,317948.96,153013932.32
258,4,514,2025-04-02,SELL,218207,70.81,43777.21,15407460.46
259,7,522,2025-04-02,BUY,3472348,12.69,68269.02,44132365.14
260,8,61,2025-04-02,BUY,16325,549.88,20528.40,8997319.40
261,9,313,2025-04-02,BUY,238264,963.17,189548.44,229678285.32
262,10,111,2025-04-02,BUY,84255,580.06,160083.25,49033038.55
263,2,374,2025-04-03,SELL,155845,141.76,72312.83,22020274.37
264,3,251,2025-04-03,BUY,215263,1235.24,553669.42,266455137.54
265,7,516,2025-04-03,BUY,116153,1021.63,183849.68,118849239.07
266,8,362,2025-04-03,BUY,15970,772.41,28208.94,12363596.64
267,9,26,2025-04-03,BUY,270017,513.67,114560.30,138814192.69
268,10,380,2025-04-03,BUY,658591,177.99,383962.39,117606574.48
269,11,522,2025-04-03,BUY,5599847,12.61,228894.38,70842965.05
270,3,200,2025-04-04,BUY,305111,745.93,473898.94,228065347.17
271,4,517,2025-04-04,SELL,1843992,24.77,129410.61,45546271.23
272,7,481,2025-04-04,BUY,123112,1132.32,215977.43,139618157.27
273,8,86,2025-04-04,BUY,10773,983.24,24223.12,10616667.64
274,9,191,2025-04-04,BUY,1463785,123.53,149351.15,180970712.20
275,10,325,2025-04-04,BUY,545101,191.73,342329.51,104854544.24
276,11,399,2025-04-04,BUY,30168,526.05,51441.95,15921318.35
277,2,383,2025-04-07,BUY,19290,1133.81,71588.17,21942783.07
278,3,186,2025-04-07,BUY,557929,315.23,366215.12,176242173.79
279,5,404,2025-04-07,SELL,135995,520.35,336729.07,70428269.18
280,7,519,2025-04-07,BUY,9800110,12.21,185389.63,119844732.73
281,8,202,2025-04-07,BUY,1135,4359.22,11314.58,4959029.28
282,9,120,2025-04-07,BUY,426742,749.89,264314.99,320273873.37
283,10,276,2025-04-07,BUY,34148,4168.68,466273.92,142818358.56
284,11,287,2025-04-07,BUY,40900,712.13,94411.84,29220528.84
285,12,295,2025-04-07,BUY,30025,641.21,90339.48,19342669.73
286,2,398,2025-04-08,BUY,3433,1517.36,17050.27,5226147.15
287,3,111,2025-04-08,BUY,43125,568.37,51037.58,24561993.83
288,4,371,2025-04-08,BUY,4224,4895.72,58590.25,20738111.53
289,5,203,2025-04-08,BUY,68892,664.71,217902.95,46011104.27
290,6,9,2025-04-08,BUY,106,2871.81,587.63,304999.49
291,7,507,2025-04-08,BUY,381158,127.32,75186.61,48604223.17
292,8,5,2025-04-08,BUY,15316,996.07,34887.45,15290695.57
293,9,20,2025-04-08,BUY,89132,1201.59,88460.38,107188580.26
294,10,34,2025-04-08,BUY,87026,1087.14,309893.02,94919338.66
295,11,181,2025-04-08,BUY,34655,735.21,82588.81,25561291.36
296,12,492,2025-04-08,BUY,44648,500.90,104941.52,22469124.72
297,2,521,2025-04-09,BUY,569833,26.44,49314.86,15115699.38
298,3,286,2025-04-09,SELL,64181,614.70,82148.47,39369912.23
299,4,518,2025-04-09,BUY,908663,11.69,30095.54,10652366.01
300,5,404,2025-04-09,DIVIDEND,0,0.00,0.00,554976.19
301,7,513,2025-04-09,BUY,1314489,97.84,199256.37,128808860.13
302,8,473,2025-04-09,BUY,21139,617.58,29854.63,13084878.25
303,8,489,2025-04-09,DIVIDEND,0,0.00,0.00,52156.74
304,9,222,2025-04-09,BUY,167365,835.66,115518.92,139975754.82
305,10,68,2025-04-09,BUY,106335,921.67,321017.70,98326797.15
306,11,199,2025-04-09,BUY,86741,393.58,110662.72,34250185.50
307,12,8,2025-04-09,BUY,4151,6759.50,131662.35,28190346.85
308,3,48,2025-04-11,BUY,84869,572.41,101154.71,48681019.00
309,4,310,2025-04-11,BUY,14432,1363.48,55751.96,19733495.32
310,7,495,2025-04-11,BUY,152539,653.81,154515.22,99886038.81
311,8,34,2025-04-11,BUY,4439,1108.58,11253.46,4932240.08
312,9,340,2025-04-11,BUY,344306,246.38,70066.25,84900178.53
313,10,480,2025-04-11,BUY,12486,5463.03,223426.26,68434818.84
314,11,141,2025-04-11,BUY,7579,1020.43,25069.12,7758908.09
315,12,473,2025-04-11,BUY,68179,607.02,194199.42,41580216.00
316,1,423,2025-04-15,SELL,48096,708.31,43611.75,34023266.01
317,3,180,2025-04-15,SELL,1512429,223.59,704137.01,337459863.10
318,4,50,2025-04-15,SELL,17343,1174.35,57704.09,20309047.96
319,7,245,2025-04-15,BUY,80611,1075.68,134343.36,86845983.84
320,8,28,2025-04-15,BUY,5396,1299.54,16035.98,7028353.82
321,9,1,2025-04-15,BUY,630201,278.35,144886.91,175561335.26
322,10,262,2025-04-15,BUY,47491,1446.24,224972.26,68908356.10
323,11,516,2025-04-15,BUY,38780,1024.08,128731.72,39842554.12
324,12,249,2025-04-15,BUY,21939,1049.05,107995.91,23123103.86
325,13,447,2025-04-15,BUY,13378,2180.29,39939.28,29207858.90
326,1,522,2025-04-16,SELL,4345065,12.68,70532.08,55024892.12
327,2,518,2025-04-16,SELL,2133723,11.53,80525.99,24521300.20
328,3,354,2025-04-16,SELL,94448,784.85,154350.92,73973161.88
329,4,520,2025-04-16,SELL,284171,25.24,20321.42,7152154.62
330,5,181,2025-04-16,DIVIDEND,0,0.00,0.00,1592100.75
331,5,430,2025-04-16,DIVIDEND,0,0.00,0.00,717053.12
332,5,446,2025-04-16,SELL,162402,767.64,593213.57,124073057.71
333,7,369,2025-04-16,BUY,31016,5155.74,247751.11,160158182.95
334,8,150,2025-04-16,BUY,23052,596.12,31425.07,13773183.31
335,9,236,2025-04-16,BUY,674481,193.04,107541.45,130309353.69
336,10,257,2025-04-16,BUY,59446,938.29,182699.36,55960286.70
337,11,181,2025-04-16,DIVIDEND,0,0.00,0.00,344161.50
338,11,519,2025-04-16,BUY,1962601,12.34,78503.87,24297000.21
339,12,414,2025-04-16,BUY,3670,8436.07,145278.23,31105655.13
340,13,468,2025-04-16,BUY,21276,816.59,23789.69,17397558.53
341,1,449,2025-04-17,DIVIDEND,0,0.00,0.00,993152.56
342,2,9,2025-04-17,BUY,2704,2847.49,25202.15,7724815.11
343,3,48,2025-04-17,BUY,110808,557.68,128672.57,61924078.01
344,5,34,2025-04-17,SELL,25501,1138.67,138171.09,28899052.58
345,7,512,2025-04-17,BUY,1941282,68.18,205061.64,132561668.40
346,8,24,2025-04-17,BUY,8143,1352.26,25181.33,11036634.51
347,9,13,2025-04-17,BUY,27696,1358.79,31083.38,37664131.22
348,10,521,2025-04-17,BUY,4374545,26.65,381862.84,116963487.09
349,11,152,2025-04-17,BUY,9716,2616.77,82413.23,25506950.55
350,12,428,2025-04-17,BUY,42877,737.34,148349.64,31763276.82
351,13,522,2025-04-17,BUY,7563511,12.73,131839.84,96415334.87
352,4,24,2025-04-21,SELL,24278,1343.63,92422.45,32528226.69
353,7,381,2025-04-21,DIVIDEND,0,0.00,0.00,882327.89
354,7,501,2025-04-21,BUY,139732,249.70,54057.16,34945137.56
355,8,487,2025-04-21,BUY,4778,1267.59,13850.29,6070395.31
356,9,4,2025-04-21,BUY,97391,910.33,73227.89,88731176.92
357,10,60,2025-04-21,BUY,37870,2584.67,320610.47,98202063.37
358,12,463,2025-04-21,BUY,28636,1553.43,208736.47,44692757.95
359,13,517,2025-04-21,BUY,2829764,24.87,96365.33,70472596.01
360,2,508,2025-04-22,SELL,61136,77.25,15458.39,4707297.61
361,3,186,2025-04-22,BUY,182625,312.69,118906.07,57223917.32
362,4,4,2025-04-22,DIVIDEND,0,0.00,0.00,290075.43
363,6,517,2025-04-22,SELL,84560,24.50,3999.20,2067720.80
364,7,4,2025-04-22,DIVIDEND,0,0.00,0.00,1019514.71
365,7,481,2025-04-22,SELL,32904,1068.59,54475.17,35106410.19
366,8,43,2025-04-22,BUY,6922,2049.22,32438.01,14217138.85
367,9,4,2025-04-22,DIVIDEND,0,0.00,0.00,2668878.15
368,10,497,2025-04-22,BUY,92330,1473.42,445601.55,136486470.15
369,11,31,2025-04-22,BUY,25526,1263.07,104509.09,32345633.91
370,12,150,2025-04-22,BUY,38431,564.60,101816.19,21799958.79
371,1,518,2025-04-23,BUY,1064553,11.51,15686.06,12268691.09
372,3,388,2025-04-23,BUY,20574,771.95,33070.27,15915169.57
373,7,178,2025-04-23,BUY,3376,2702.86,14137.25,9138992.61
374,8,29,2025-04-23,BUY,391,2057.45,1839.67,806302.62
375,10,519,2025-04-23,BUY,7204459,12.24,288841.83,88471419.99
376,11,521,2025-04-23,BUY,1008730,26.96,88153.33,27283514.13
377,12,487,2025-04-23,BUY,13983,1233.69,80946.99,17331634.26
378,3,48,2025-04-24,SELL,550198,547.64,627399.21,300683033.51
379,4,515,2025-04-24,SELL,345314,70.18,68661.36,24165475.16
380,6,254,2025-04-24,BUY,1947,758.57,2851.04,1479786.83
381,7,50,2025-04-24,SELL,32252,1186.00,59262.53,38191609.47
382,8,29,2025-04-24,SELL,833,2016.77,3841.81,1676127.60
383,8,366,2025-04-24,DIVIDEND,0,0.00,0.00,53249.82
384,9,366,2025-04-24,DIVIDEND,0,0.00,0.00,889378.82
385,10,385,2025-04-24,BUY,211009,295.09,203954.25,62470600.06
386,11,517,2025-04-24,BUY,1942930,24.66,155308.10,48067961.90
387,12,369,2025-04-24,BUY,5323,5015.94,125286.16,26825134.78
388,13,317,2025-04-24,BUY,106538,325.40,47469.75,34714934.95
389,3,200,2025-04-25,SELL,82313,637.87,109327.75,52395665.56
390,7,116,2025-04-25,BUY,14120,1909.79,41779.10,27008013.90
391,8,27,2025-04-25,SELL,6861,682.30,10705.25,4670555.05
392,11,103,2025-04-25,BUY,15547,329.40,16600.23,5137782.03
393,12,86,2025-04-25,BUY,14263,916.13,61314.37,13128076.56
394,13,516,2025-04-25,BUY,81362,1024.35,114120.80,83457285.50
395,1,320,2025-04-28,BUY,5103,1349.44,8815.57,6895007.89
396,3,56,2025-04-28,DIVIDEND,0,0.00,0.00,1779682.57
397,4,140,2025-04-28,BUY,6862,1830.56,35589.31,12596892.03
398,8,295,2025-04-28,SELL,5385,588.54,7247.62,3162040.28
399,9,26,2025-04-28,BUY,84681,474.25,33170.51,40193134.76
400,10,442,2025-04-28,BUY,185120,507.00,307424.58,94163264.58
401,11,520,2025-04-28,BUY,2441706,25.44,201351.27,62318351.91
402,12,310,2025-04-28,BUY,18069,1417.95,120223.49,25741162.04
403,3,425,2025-04-29,BUY,27015,1241.14,69816.09,33599213.19
404,8,158,2025-04-29,DIVIDEND,0,0.00,0.00,58346.13
405,10,207,2025-04-29,BUY,18858,4894.51,302330.63,92603000.21
406,11,60,2025-04-29,BUY,6913,2352.24,52709.89,16313745.01
407,12,371,2025-04-29,BUY,7439,4887.50,170606.52,36528719.02
408,13,362,2025-04-29,BUY,49455,736.71,49888.63,36483881.68
409,7,50,2025-04-30,BUY,28288,1197.07,52463.90,33915180.06
410,8,295,2025-04-30,DIVIDEND,0,0.00,0.00,13732.65
411,10,522,2025-04-30,BUY,5617006,12.67,233108.87,71400574.89
412,11,447,2025-04-30,BUY,10862,2136.69,75230.72,23283957.50
413,12,31,2025-04-30,BUY,29722,1242.60,173302.04,37105859.24
414,12,295,2025-04-30,DIVIDEND,0,0.00,0.00,63453.80
415,13,520,2025-04-30,BUY,1948787,25.07,66898.06,48922988.15
416,1,522,2025-05-02,BUY,3702396,12.75,60431.62,47265980.62
417,2,519,2025-05-02,SELL,1285376,12.25,51538.89,15694317.11
418,3,148,2025-05-02,SELL,126932,485.59,128342.55,61508567.33
419,4,514,2025-05-02,BUY,112576,74.65,23810.06,8427608.46
420,5,227,2025-05-02,BUY,109085,359.00,186346.65,39347861.65
421,7,481,2025-05-02,BUY,33435,1142.87,59202.08,38271060.53
422,9,13,2025-05-02,BUY,23603,1437.69,28027.95,33961825.02
423,10,341,2025-05-02,BUY,27945,2254.40,206353.76,63205561.76
424,11,518,2025-05-02,BUY,5924274,11.63,223336.00,69122642.62
425,12,202,2025-05-02,BUY,11346,4577.33,243696.51,52178082.69
426,13,521,2025-05-02,BUY,785590,26.64,28656.62,20956774.22
427,3,111,2025-05-05,BUY,29883,553.15,34418.89,16564200.34
428,5,301,2025-05-05,BUY,15861,2021.63,152578.85,32217652.28
429,7,473,2025-05-05,SELL,146102,593.84,134420.16,86626791.52
430,10,199,2025-05-05,BUY,156153,431.51,220708.21,67602289.24
431,11,391,2025-05-05,BUY,25548,542.80,44951.13,13912405.53
432,12,489,2025-05-05,BUY,21207,1140.83,113525.77,24307107.58
433,13,519,2025-05-05,BUY,9876354,12.27,165934.25,121348797.83
434,1,395,2025-05-06,SELL,10089,4593.12,59323.54,46280664.14
435,6,520,2025-05-06,BUY,83760,25.08,4055.14,2104755.94
436,7,473,2025-05-06,BUY,159658,606.80,150098.06,97030572.46
437,11,301,2025-05-06,BUY,4186,2072.15,28116.70,8702136.60
438,12,375,2025-05-06,BUY,12655,1769.35,105067.94,22496192.19
439,13,518,2025-05-06,BUY,6224823,11.63,99129.19,72493820.68
440,2,479,2025-05-07,BUY,9459,861.60,26675.94,8176550.34
441,3,200,2025-05-07,BUY,70322,664.05,97234.82,46794558.92
442,4,24,2025-05-07,BUY,26089,1320.86,97633.55,34557550.09
443,7,51,2025-05-07,SELL,19848,1686.40,51858.05,33419809.15
444,10,399,2025-05-07,BUY,65225,495.55,105871.45,32428120.20
445,11,297,2025-05-07,BUY,65292,479.33,101446.83,31397861.19
446,12,391,2025-05-07,BUY,58969,538.05,148881.49,31877151.94
447,1,520,2025-05-08,SELL,1445740,25.12,46492.30,36270496.50
448,5,152,2025-05-08,BUY,22906,2365.02,257778.20,54430926.32
449,8,189,2025-05-08,BUY,1299,1621.37,4816.43,2110976.06
450,10,518,2025-05-08,BUY,3210538,11.67,122723.00,37589701.46
451,12,9,2025-05-08,BUY,18752,2762.25,243055.18,52040767.18
452,14,449,2025-05-08,BUY,458533,413.56,147100.87,189778008.35
453,3,56,2025-05-09,SELL,158282,347.01,114367.68,54811069.14
454,9,236,2025-05-09,BUY,236566,170.43,33301.00,40351244.38
455,10,516,2025-05-09,SELL,12495,1025.74,41980.81,12774640.49
456,11,492,2025-05-09,BUY,47331,519.19,79655.52,24653437.41
457,12,189,2025-05-09,BUY,20133,1599.52,151109.74,32354245.90
458,13,518,2025-05-09,BUY,1644026,11.76,26473.47,19360219.23
459,14,160,2025-05-09,BUY,34865,1573.69,42561.31,54909263.16
460,3,354,2025-05-12,BUY,155514,739.55,239478.67,115249857.37
461,4,512,2025-05-12,BUY,132307,71.92,26959.84,9542479.28
462,10,380,2025-05-12,BUY,148871,158.38,77230.30,23655419.28
463,11,411,2025-05-12,BUY,25513,2196.77,181672.84,56227865.85
464,12,219,2025-05-12,BUY,9498,2116.76,94340.48,20199326.96
465,2,479,2025-05-13,DIVIDEND,0,0.00,0.00,505486.37
466,3,251,2025-05-13,BUY,54610,1224.28,139213.94,66997144.74
467,5,446,2025-05-13,BUY,108655,737.01,381052.84,80460874.39
468,7,520,2025-05-13,SELL,2543576,25.12,98992.70,63795636.42
469,11,305,2025-05-13,BUY,467946,70.97,107650.10,33317777.72
470,12,5,2025-05-13,BUY,34061,963.09,153928.33,32957736.82
471,14,447,2025-05-13,BUY,69060,2021.23,108280.04,139694423.84
472,1,439,2025-05-14,SELL,34585,1816.34,80418.52,62737700.38
473,2,398,2025-05-14,BUY,10016,1535.68,50345.86,15431716.74
474,8,24,2025-05-14,BUY,1030,1298.66,3058.91,1340678.71
475,8,295,2025-05-14,DIVIDEND,0,0.00,0.00,13783.85
476,9,340,2025-05-14,BUY,95953,245.94,19491.56,23618172.38
477,11,495,2025-05-14,BUY,28824,607.60,56769.61,17570232.01
478,12,295,2025-05-14,DIVIDEND,0,0.00,0.00,63690.36
479,12,397,2025-05-14,BUY,52752,671.01,166097.17,35563216.69
480,14,398,2025-05-14,BUY,30451,1553.21,36689.17,47333486.88
481,3,388,2025-05-15,DIVIDEND,0,0.00,0.00,1505866.74
482,5,60,2025-05-15,BUY,8500,2280.01,92218.44,19472303.44
483,5,385,2025-05-15,DIVIDEND,0,0.00,0.00,1373823.26
484,7,277,2025-05-15,BUY,11781,1773.64,32373.26,20927626.10
485,8,362,2025-05-15,BUY,5196,743.07,8829.43,3869821.15
486,9,313,2025-05-15,DIVIDEND,0,0.00,0.00,1562869.70
487,10,385,2025-05-15,DIVIDEND,0,0.00,0.00,740902.13
488,11,141,2025-05-15,BUY,1076,1028.59,3587.55,1110350.39
489,12,277,2025-05-15,BUY,16410,1767.19,136077.44,29135665.34
490,14,520,2025-05-15,BUY,12477391,25.27,244587.99,315548258.56
491,3,388,2025-05-16,BUY,66800,702.76,97749.22,47042117.22
492,6,398,2025-05-16,BUY,779,1524.33,2292.23,1189745.30
493,12,251,2025-05-16,BUY,65743,1249.82,385559.39,82552475.65
494,14,411,2025-05-16,BUY,53732,2115.08,88158.85,113735637.41
495,3,251,2025-05-19,BUY,53073,1255.17,138709.43,66754346.84
496,6,446,2025-05-19,SELL,780,738.08,1111.32,574591.08
497,7,463,2025-05-19,DIVIDEND,0,0.00,0.00,1246531.87
498,7,516,2025-05-19,BUY,39355,1028.52,62712.12,40540116.72
499,12,136,2025-05-19,BUY,2289,9775.02,104992.37,22480013.15
500,12,463,2025-05-19,DIVIDEND,0,0.00,0.00,455598.50
501,14,446,2025-05-19,BUY,180808,740.93,103920.43,134069991.87
502,2,492,2025-05-20,BUY,140612,538.18,247695.83,75922261.99
503,4,464,2025-05-20,BUY,63920,346.88,62820.43,22235390.03
504,12,447,2025-05-20,BUY,13660,2000.91,128254.48,27460685.08
505,1,320,2025-05-21,DIVIDEND,0,0.00,0.00,555328.26
506,3,138,2025-05-21,DIVIDEND,0,0.00,0.00,5390703.21
507,3,180,2025-05-21,BUY,2247660,189.56,887170.55,426953600.15
508,12,413,2025-05-21,BUY,24298,1166.29,132975.42,28471489.84
509,14,517,2025-05-21,BUY,5820330,24.96,112693.35,145388130.15
510,4,399,2025-05-22,BUY,21141,495.06,29652.97,10495716.43
511,7,116,2025-05-22,BUY,22334,1772.04,61316.71,39638058.07
512,7,116,2025-05-22,DIVIDEND,0,0.00,0.00,1974044.27
513,12,306,2025-05-22,BUY,24304,974.62,111149.46,23798313.94
514,13,518,2025-05-22,BUY,1080228,11.65,17232.02,12601888.22
515,14,380,2025-05-22,BUY,593114,150.98,69464.63,89617816.35
516,4,519,2025-05-23,BUY,1844810,12.31,64342.00,22773953.10
517,12,201,2025-05-23,BUY,6021,2156.17,60918.04,13043217.61
518,14,301,2025-05-23,BUY,54822,1949.69,82913.75,106968818.93
519,1,516,2025-05-26,BUY,9025,1016.78,11747.50,9188187.00
520,3,286,2025-05-26,DIVIDEND,0,0.00,0.00,1663754.12
521,4,391,2025-05-26,SELL,46324,512.27,67234.14,23663161.34
522,12,50,2025-05-26,BUY,15903,1299.69,96986.91,20765956.98
523,4,421,2025-05-27,BUY,66139,178.15,33383.23,11816046.08
524,7,178,2025-05-27,BUY,5963,2321.70,21449.13,13865746.23
525,12,489,2025-05-27,BUY,4058,1140.05,21708.52,4648031.42
526,14,418,2025-05-27,BUY,163853,784.95,99770.58,128716182.93
527,1,516,2025-05-28,BUY,7435,1033.69,9838.81,7695323.96
528,2,136,2025-05-28,BUY,810,10037.58,26612.32,8157052.12
529,3,48,2025-05-28,BUY,298330,672.44,417715.19,201026740.39
530,4,519,2025-05-28,BUY,738695,12.29,25721.83,9104283.38
531,5,385,2025-05-28,SELL,107816,313.98,161082.11,33690985.57
532,6,90,2025-05-28,DIVIDEND,0,0.00,0.00,60742.50
533,9,1,2025-05-28,SELL,281377,230.53,53576.57,64812263.24
534,12,487,2025-05-28,BUY,2697,1363.47,17255.23,3694533.82
535,14,516,2025-05-28,BUY,216041,1021.08,171120.51,220766264.79
536,6,519,2025-05-29,BUY,88850,12.43,2131.92,1106537.42
537,11,305,2025-05-29,SELL,223357,66.85,48399.94,14883015.51
538,12,150,2025-05-29,BUY,6034,558.44,15811.61,3385438.57
539,13,468,2025-05-29,SELL,6883,879.69,8290.91,6046615.36
540,14,203,2025-05-29,BUY,123220,514.30,49159.09,63421205.09
541,3,56,2025-05-30,BUY,61012,375.03,47644.31,22928974.67
542,5,385,2025-05-30,BUY,127268,318.88,193111.71,40776331.55
543,6,31,2025-05-30,SELL,899,1308.87,2271.42,1174402.71
544,12,150,2025-05-30,BUY,5834,558.61,15292.18,3274222.92
545,14,518,2025-05-30,BUY,12971225,11.63,117021.81,150972368.56
546,2,513,2025-06-02,BUY,194492,106.95,68084.98,20869004.38
547,3,186,2025-06-02,SELL,196131,313.66,128095.89,61390353.57
548,4,4,2025-06-02,SELL,55105,951.90,148616.55,52305832.95
549,7,520,2025-06-02,BUY,2597546,25.49,102582.17,66314029.71
550,10,520,2025-06-02,SELL,1874811,25.22,154874.48,47127858.94
551,12,310,2025-06-02,SELL,3046,1387.41,19830.29,4206220.57
552,13,520,2025-06-02,BUY,401995,25.08,13805.21,10095839.81
553,14,521,2025-06-02,BUY,6281256,27.19,132483.50,170919834.14
554,15,473,2025-06-02,BUY,202155,586.54,431483.85,119003477.55
555,2,492,2025-06-03,BUY,32230,545.69,57567.19,17645155.89
556,4,4,2025-06-03,BUY,51150,949.63,137621.07,48711195.57
557,6,522,2025-06-03,BUY,50247,12.72,1233.78,640375.62
558,7,519,2025-06-03,SELL,2048368,12.20,38717.44,24951372.16
559,9,120,2025-06-03,BUY,180494,564.95,84223.18,102054308.48
560,12,219,2025-06-03,DIVIDEND,0,0.00,0.00,88178.96
561,15,397,2025-06-03,BUY,139053,680.70,344443.93,94997821.03
562,3,251,2025-06-04,BUY,29952,1164.73,72640.85,34958633.81
563,6,446,2025-06-04,SELL,835,740.24,1193.17,616907.23
564,7,41,2025-06-04,DIVIDEND,0,0.00,0.00,585018.37
565,8,43,2025-06-04,DIVIDEND,0,0.00,0.00,121979.06
566,8,189,2025-06-04,DIVIDEND,0,0.00,0.00,35897.96
567,10,111,2025-06-04,BUY,29171,497.61,47546.41,14563327.72
568,12,189,2025-06-04,DIVIDEND,0,0.00,0.00,132271.90
569,14,103,2025-06-04,BUY,403728,305.82,95776.92,123563873.88
570,15,324,2025-06-04,BUY,224204,591.54,482625.09,133108259.25
571,1,521,2025-06-05,SELL,1558133,27.23,54315.44,42373646.15
572,2,209,2025-06-05,BUY,1162,5112.66,19445.62,5960356.54
573,3,180,2025-06-05,BUY,591773,178.53,219986.56,105869220.25
574,3,200,2025-06-05,DIVIDEND,0,0.00,0.00,2982907.85
575,5,34,2025-06-05,BUY,12109,1157.82,66713.15,14086755.53
576,6,37,2025-06-05,DIVIDEND,0,0.00,0.00,20402.59
577,9,4,2025-06-05,SELL,507001,927.71,388490.05,469961407.66
578,10,199,2025-06-05,DIVIDEND,0,0.00,0.00,766288.97
579,11,199,2025-06-05,DIVIDEND,0,0.00,0.00,425663.75
580,14,60,2025-06-05,BUY,34208,2162.92,57395.02,74046562.38
581,15,484,2025-06-05,BUY,19529,4731.12,336222.20,92730264.68
582,1,516,2025-06-06,BUY,11173,1020.44,14595.82,11415971.94
583,3,354,2025-06-06,SELL,23402,748.19,36458.15,17472684.23
584,6,411,2025-06-06,DIVIDEND,0,0.00,0.00,125111.87
585,7,97,2025-06-06,SELL,76048,750.32,88404.25,56971931.11
586,10,68,2025-06-06,DIVIDEND,0,0.00,0.00,1284174.34
587,11,411,2025-06-06,DIVIDEND,0,0.00,0.00,1599989.51
588,12,202,2025-06-06,BUY,2297,4142.01,44644.34,9558841.31
589,14,17,2025-06-06,BUY,75043,867.98,50527.29,65186350.43
590,14,411,2025-06-06,DIVIDEND,0,0.00,0.00,3369679.64
591,15,366,2025-06-06,BUY,94523,710.39,244352.48,67392546.45
592,2,62,2025-06-09,BUY,15126,520.17,25753.61,7893845.03
593,4,50,2025-06-09,DIVIDEND,0,0.00,0.00,446246.15
594,5,423,2025-06-09,BUY,111387,576.84,305739.80,64558216.88
595,7,50,2025-06-09,DIVIDEND,0,0.00,0.00,1846967.65
596,7,245,2025-06-09,BUY,18449,1051.78,30063.29,19434352.51
597,10,68,2025-06-09,DIVIDEND,0,0.00,0.00,1283493.99
598,10,257,2025-06-09,SELL,21263,925.61,64465.87,19616779.56
599,11,411,2025-06-09,SELL,5475,2229.01,39558.52,12164271.23
600,12,50,2025-06-09,BUY,2399,1257.48,14155.51,3030850.03
601,12,50,2025-06-09,DIVIDEND,0,0.00,0.00,290875.31
602,14,468,2025-06-09,BUY,74431,926.86,53514.82,69040631.48
603,15,17,2025-06-09,BUY,177149,844.79,544590.29,150198294.00
604,1,395,2025-06-10,SELL,6608,5127.03,43371.76,33836042.48
605,2,204,2025-06-10,DIVIDEND,0,0.00,0.00,679992.32
606,3,138,2025-06-10,SELL,191983,522.75,208971.29,100150141.96
607,10,480,2025-06-10,BUY,1559,5131.74,26205.23,8026587.89
608,14,519,2025-06-10,BUY,18336028,12.18,173244.18,223506065.22
609,15,43,2025-06-10,BUY,63780,1936.21,449385.85,123940859.65
610,16,480,2025-06-10,BUY,33441,5091.89,86820.92,170364714.41
611,9,182,2025-06-11,DIVIDEND,0,0.00,0.00,893296.41
612,11,297,2025-06-11,SELL,13875,445.42,20033.03,6160169.47
613,15,178,2025-06-11,BUY,86441,2516.05,791446.33,218281324.38
614,16,522,2025-06-11,BUY,31741605,12.84,207806.93,407770015.13
615,1,423,2025-06-12,DIVIDEND,0,0.00,0.00,568229.82
616,1,423,2025-06-12,SELL,17913,591.43,13562.60,10580722.99
617,2,62,2025-06-12,BUY,12663,524.14,21724.64,6658909.46
618,3,111,2025-06-12,SELL,249787,495.24,257581.90,123446931.98
619,3,180,2025-06-12,DIVIDEND,0,0.00,0.00,14922197.47
620,4,30,2025-06-12,BUY,13319,1022.35,38579.45,13655259.10
621,5,111,2025-06-12,DIVIDEND,0,0.00,0.00,1973531.81
622,5,423,2025-06-12,DIVIDEND,0,0.00,0.00,6677950.32
623,8,178,2025-06-12,BUY,695,2489.43,3956.57,1734110.42
624,9,1,2025-06-12,BUY,246558,248.78,50663.29,61389362.53
625,10,111,2025-06-12,DIVIDEND,0,0.00,0.00,1322895.65
626,14,413,2025-06-12,BUY,57677,1150.77,51486.97,66424448.26
627,15,391,2025-06-12,BUY,158507,517.57,298538.24,82337006.23
628,16,516,2025-06-12,BUY,151490,1026.51,79289.06,155585288.96
629,7,495,2025-06-13,SELL,53003,695.64,57124.68,36813882.24
630,14,522,2025-06-13,BUY,10565661,12.71,104171.36,134393722.67
631,15,464,2025-06-13,BUY,171895,350.53,219265.78,60473620.13
632,16,207,2025-06-13,BUY,15482,4663.79,36815.62,72241612.40
633,2,509,2025-06-16,BUY,71970,100.36,23641.82,7246551.02
634,3,425,2025-06-16,BUY,50865,1302.26,137926.13,66377381.03
635,4,310,2025-06-16,DIVIDEND,0,0.00,0.00,1162439.28
636,5,227,2025-06-16,DIVIDEND,0,0.00,0.00,3831282.42
637,7,277,2025-06-16,SELL,54799,1831.15,155465.98,100189722.87
638,12,310,2025-06-16,DIVIDEND,0,0.00,0.00,239689.88
639,15,241,2025-06-16,BUY,81803,2884.94,858792.89,236855539.71
640,16,386,2025-06-16,BUY,348336,225.64,40075.65,78638610.69
641,4,30,2025-06-17,DIVIDEND,0,0.00,0.00,1850028.28
642,4,515,2025-06-17,SELL,243622,71.98,49683.62,17486227.94
643,5,1,2025-06-17,BUY,34994,244.24,40669.84,8587604.40
644,6,262,2025-06-17,DIVIDEND,0,0.00,0.00,28650.66
645,9,101,2025-06-17,SELL,27099,544.11,12178.64,14732658.25
646,10,262,2025-06-17,DIVIDEND,0,0.00,0.00,892228.57
647,12,251,2025-06-17,BUY,22789,1098.63,117481.92,25154160.99
648,14,120,2025-06-17,BUY,78825,631.63,38621.83,49826856.58
649,15,413,2025-06-17,BUY,70946,1153.60,297828.04,82141133.64
650,16,521,2025-06-17,BUY,8052553,27.07,111144.50,218093754.21
651,17,251,2025-06-17,BUY,229470,1095.30,878113.15,252216604.15
652,2,374,2025-06-18,SELL,65294,139.23,29756.02,9061127.60
653,3,286,2025-06-18,BUY,36374,693.35,52513.79,25272426.69
654,4,65,2025-06-18,DIVIDEND,0,0.00,0.00,763164.53
655,5,203,2025-06-18,BUY,84955,524.67,212098.35,44785438.20
656,6,254,2025-06-18,DIVIDEND,0,0.00,0.00,159833.62
657,6,520,2025-06-18,BUY,124317,25.66,6157.85,3196132.07
658,7,340,2025-06-18,DIVIDEND,0,0.00,0.00,982466.08
659,9,340,2025-06-18,DIVIDEND,0,0.00,0.00,1707226.68
660,9,407,2025-06-18,DIVIDEND,0,0.00,0.00,1267242.09
661,11,60,2025-06-18,BUY,2570,2101.51,17506.87,5418387.57
662,14,418,2025-06-18,SELL,42914,724.92,24132.10,31085084.78
663,15,92,2025-06-18,BUY,144607,1271.59,669142.85,184549957.98
664,16,138,2025-06-18,BUY,351465,497.70,89189.94,175013320.44
665,17,485,2025-06-18,BUY,561671,569.51,1117570.25,320994821.46
666,1,160,2025-06-19,DIVIDEND,0,0.00,0.00,1190432.76
667,2,287,2025-06-19,DIVIDEND,0,0.00,0.00,499915.81
668,3,425,2025-06-19,SELL,176207,1288.78,472859.09,226619198.37
669,4,119,2025-06-19,DIVIDEND,0,0.00,0.00,1396084.08
670,4,287,2025-06-19,DIVIDEND,0,0.00,0.00,362319.83
671,7,463,2025-06-19,BUY,20369,1632.31,51512.33,33300034.72
672,8,28,2025-06-19,SELL,1326,1410.79,4277.99,1866429.55
673,9,20,2025-06-19,SELL,38014,1290.15,40508.17,49003253.93
674,10,380,2025-06-19,DIVIDEND,0,0.00,0.00,3882318.78
675,11,287,2025-06-19,DIVIDEND,0,0.00,0.00,390566.68
676,14,160,2025-06-19,DIVIDEND,0,0.00,0.00,869921.28
677,14,380,2025-06-19,DIVIDEND,0,0.00,0.00,2851722.59
678,14,518,2025-06-19,BUY,2003547,11.90,18494.93,23860704.23
679,15,31,2025-06-19,BUY,200696,1313.96,959628.82,264666144.98
680,16,276,2025-06-19,BUY,35861,4217.01,77106.88,151303302.49
681,17,78,2025-06-19,BUY,364677,718.41,915318.45,262902922.02
682,2,522,2025-06-20,BUY,527461,12.64,21822.58,6688929.62
683,5,152,2025-06-20,DIVIDEND,0,0.00,0.00,7342370.62
684,10,325,2025-06-20,SELL,270558,208.35,184642.29,56186117.01
685,11,152,2025-06-20,DIVIDEND,0,0.00,0.00,590545.38
686,14,160,2025-06-20,SELL,15475,1627.39,19535.67,25164324.58
687,15,344,2025-06-20,BUY,83236,1407.19,426232.31,117555099.15
688,17,169,2025-06-20,BUY,888965,336.71,1045760.31,300369165.46
689,1,516,2025-06-23,BUY,9437,1035.67,12511.99,9786129.78
690,4,131,2025-06-23,BUY,31146,168.29,14850.65,5256410.99
691,8,140,2025-06-23,BUY,1742,1709.55,6810.26,2984846.36
692,11,516,2025-06-23,SELL,16341,1034.66,54805.00,16852574.06
693,15,351,2025-06-23,BUY,27700,6485.96,653787.27,180314879.27
694,17,413,2025-06-23,BUY,172637,1160.65,700046.09,201071180.14
695,3,111,2025-06-24,BUY,192084,489.21,195666.43,94165080.07
696,4,393,2025-06-24,DIVIDEND,0,0.00,0.00,186031.71
697,4,516,2025-06-24,BUY,4375,1030.22,12770.06,4519982.56
698,8,27,2025-06-24,DIVIDEND,0,0.00,0.00,35222.40
699,15,52,2025-06-24,BUY,23071,2731.15,229294.90,63239656.55
700,16,17,2025-06-24,BUY,118998,784.90,47623.37,93449153.57
701,17,120,2025-06-24,BUY,307714,646.05,694552.15,199493181.85
702,3,354,2025-06-25,SELL,132112,756.65,208145.54,99754399.26
703,4,142,2025-06-25,BUY,9531,401.40,10839.29,3836582.69
704,7,277,2025-06-25,DIVIDEND,0,0.00,0.00,806559.07
705,11,31,2025-06-25,SELL,25526,1289.15,106667.01,32800175.89
706,12,277,2025-06-25,DIVIDEND,0,0.00,0.00,276150.86
707,15,30,2025-06-25,BUY,282443,1029.88,1058521.94,291940918.78
708,16,418,2025-06-25,BUY,359640,725.40,133018.38,261015874.38
709,2,204,2025-06-26,BUY,8112,665.44,17668.74,5415718.02
710,7,340,2025-06-26,BUY,31931,256.78,12703.18,8211945.36
711,10,111,2025-06-26,BUY,28402,494.52,46005.53,14091362.57
712,12,201,2025-06-26,BUY,980,2174.67,10000.32,2141176.92
713,15,8,2025-06-26,BUY,18437,6894.76,462585.30,127581275.42
714,16,132,2025-06-26,BUY,170621,509.04,44284.38,86897198.22
715,17,307,2025-06-26,BUY,582109,252.42,513357.08,147449310.86
716,18,317,2025-06-26,BUY,212998,310.51,165917.71,66303926.69
717,2,521,2025-06-27,SELL,1467762,27.03,129858.52,39543748.34
718,5,178,2025-06-27,DIVIDEND,0,0.00,0.00,3460679.56
719,7,178,2025-06-27,DIVIDEND,0,0.00,0.00,1128932.47
720,8,178,2025-06-27,DIVIDEND,0,0.00,0.00,210227.01
721,8,414,2025-06-27,BUY,178,7751.74,3155.39,1382965.11
722,9,240,2025-06-27,DIVIDEND,0,0.00,0.00,998614.99
723,10,276,2025-06-27,SELL,8623,4388.99,123965.34,37722295.43
724,14,120,2025-06-27,SELL,11940,653.18,6049.83,7792919.37
725,15,178,2025-06-27,DIVIDEND,0,0.00,0.00,3133683.93
726,15,261,2025-06-27,BUY,142374,1716.47,889302.12,245270001.90
727,16,68,2025-06-27,BUY,121135,848.72,52420.39,102862117.59
728,17,316,2025-06-27,BUY,1437173,153.84,772448.97,221867143.29
729,17,485,2025-06-27,DIVIDEND,0,0.00,0.00,2070991.81
730,18,277,2025-06-27,BUY,84347,1849.90,391434.89,156424950.19
731,1,492,2025-06-30,BUY,43864,542.48,30462.33,23825805.05
732,2,519,2025-06-30,SELL,1407369,12.17,56061.84,17071618.89
733,3,286,2025-06-30,SELL,95224,747.34,148181.66,71016522.50
734,5,203,2025-06-30,DIVIDEND,0,0.00,0.00,8803836.76
735,6,207,2025-06-30,BUY,589,4738.75,5387.92,2796511.67
736,7,97,2025-06-30,SELL,37422,715.28,41470.75,26725737.41
737,8,5,2025-06-30,DIVIDEND,0,0.00,0.00,428841.85
738,12,5,2025-06-30,DIVIDEND,0,0.00,0.00,953694.32
739,12,397,2025-06-30,SELL,18389,686.93,59274.09,12572681.68
740,14,203,2025-06-30,DIVIDEND,0,0.00,0.00,1837145.61
741,16,449,2025-06-30,BUY,199266,398.11,40448.50,79370235.76
742,17,78,2025-06-30,DIVIDEND,0,0.00,0.00,1946154.61
743,17,368,2025-06-30,BUY,199527,935.23,651945.93,187255582.14
744,18,263,2025-06-30,BUY,1406999,94.21,332531.22,132885907.01
745,2,513,2025-07-01,SELL,347010,98.87,112298.84,34196579.86
746,3,388,2025-07-01,SELL,72557,763.27,115315.40,55265265.99
747,5,321,2025-07-01,DIVIDEND,0,0.00,0.00,1661834.90
748,6,321,2025-07-01,DIVIDEND,0,0.00,0.00,52903.48
749,10,325,2025-07-01,DIVIDEND,0,0.00,0.00,685089.32
750,13,522,2025-07-01,BUY,1618494,12.67,28079.06,20534398.04
751,14,103,2025-07-01,SELL,178286,304.94,42173.32,54324359.52
752,17,102,2025-07-01,BUY,206607,883.63,637832.96,183201976.37
753,18,210,2025-07-01,BUY,122417,975.34,299529.36,119697726.14
754,1,301,2025-07-02,DIVIDEND,0,0.00,0.00,723480.16
755,1,487,2025-07-02,DIVIDEND,0,0.00,0.00,1489732.96
756,3,48,2025-07-02,SELL,142730,693.62,206142.09,98794240.51
757,5,301,2025-07-02,DIVIDEND,0,0.00,0.00,4168163.38
758,6,31,2025-07-02,DIVIDEND,0,0.00,0.00,95245.65
759,6,411,2025-07-02,SELL,1995,2132.88,8213.93,4246881.67
760,8,210,2025-07-02,DIVIDEND,0,0.00,0.00,177167.41
761,8,487,2025-07-02,DIVIDEND,0,0.00,0.00,163334.27
762,10,257,2025-07-02,BUY,10479,844.89,28999.95,8882602.26
763,11,301,2025-07-02,DIVIDEND,0,0.00,0.00,228651.41
764,12,31,2025-07-02,DIVIDEND,0,0.00,0.00,1133716.91
765,12,487,2025-07-02,DIVIDEND,0,0.00,0.00,570200.00
766,14,301,2025-07-02,DIVIDEND,0,0.00,0.00,2994536.00
767,15,31,2025-07-02,DIVIDEND,0,0.00,0.00,7655354.59
768,16,519,2025-07-02,BUY,23893751,12.18,148387.65,291174274.83
769,17,226,2025-07-02,BUY,100906,1291.06,455150.36,130730850.72
770,18,194,2025-07-02,BUY,126622,819.36,260270.87,104009272.79
771,18,210,2025-07-02,DIVIDEND,0,0.00,0.00,1648799.03
772,19,517,2025-07-02,BUY,8532676,25.09,526459.41,214611300.25
773,3,180,2025-07-03,SELL,694352,172.86,249921.72,119775765.00
774,5,136,2025-07-03,SELL,8664,10095.29,416197.39,87049395.17
775,9,222,2025-07-03,DIVIDEND,0,0.00,0.00,956604.66
776,16,87,2025-07-03,BUY,81645,2009.00,83632.61,164108437.61
777,17,21,2025-07-03,BUY,2507076,169.13,1481424.85,425503188.73
778,17,316,2025-07-03,DIVIDEND,0,0.00,0.00,831410.51
779,18,506,2025-07-03,BUY,876196,107.38,236029.51,94321955.99
780,19,449,2025-07-03,BUY,486931,399.05,477830.33,194787645.88
781,3,56,2025-07-04,SELL,71565,406.93,60638.74,29061306.71
782,4,142,2025-07-04,DIVIDEND,0,0.00,0.00,410932.61
783,4,508,2025-07-04,SELL,223374,72.77,46054.26,16208871.72
784,5,227,2025-07-04,BUY,52301,370.55,92218.68,19472354.23
785,7,23,2025-07-04,DIVIDEND,0,0.00,0.00,1792252.82
786,7,50,2025-07-04,BUY,24558,1488.75,56643.96,36617366.46
787,7,142,2025-07-04,DIVIDEND,0,0.00,0.00,1328375.73
788,8,28,2025-07-04,SELL,821,1423.65,2672.89,1166143.76
789,14,520,2025-07-04,SELL,5749430,25.10,111944.98,144198748.02
790,16,165,2025-07-04,BUY,107084,774.90,42309.35,83021700.95
791,17,307,2025-07-04,DIVIDEND,0,0.00,0.00,1520257.75
792,18,92,2025-07-04,BUY,282067,1233.32,872709.47,348751581.91
793,19,520,2025-07-04,BUY,9354849,25.00,575116.41,234446341.41
794,2,136,2025-07-07,DIVIDEND,0,0.00,0.00,1565616.50
795,2,267,2025-07-07,DIVIDEND,0,0.00,0.00,485560.21
796,3,200,2025-07-07,SELL,76956,595.63,95444.05,45741858.23
797,5,136,2025-07-07,DIVIDEND,0,0.00,0.00,2755268.75
798,6,305,2025-07-07,DIVIDEND,0,0.00,0.00,59011.32
799,7,197,2025-07-07,SELL,65105,497.37,50168.69,32331105.16
800,11,305,2025-07-07,DIVIDEND,0,0.00,0.00,442813.93
801,12,136,2025-07-07,DIVIDEND,0,0.00,0.00,651462.68
802,16,386,2025-07-07,DIVIDEND,0,0.00,0.00,929062.41
803,16,517,2025-07-07,BUY,5698837,25.20,73223.91,143683916.31
804,18,514,2025-07-07,BUY,3224341,76.21,616445.33,246343472.94
805,19,516,2025-07-07,BUY,342322,1037.59,873453.04,356063337.02
806,1,516,2025-07-08,BUY,8533,1034.34,11298.90,8837322.12
807,2,267,2025-07-08,SELL,12367,1931.22,78174.46,23805223.28
808,3,180,2025-07-08,BUY,770926,165.29,265331.66,127691690.20
809,4,50,2025-07-08,DIVIDEND,0,0.00,0.00,527022.69
810,5,447,2025-07-08,DIVIDEND,0,0.00,0.00,1959457.39
811,7,50,2025-07-08,DIVIDEND,0,0.00,0.00,2642246.02
812,8,447,2025-07-08,DIVIDEND,0,0.00,0.00,237945.02
813,11,447,2025-07-08,DIVIDEND,0,0.00,0.00,552965.09
814,12,50,2025-07-08,DIVIDEND,0,0.00,0.00,343527.65
815,12,251,2025-07-08,BUY,21644,1039.69,105593.14,22608643.50
816,12,447,2025-07-08,DIVIDEND,0,0.00,0.00,695406.29
817,13,447,2025-07-08,DIVIDEND,0,0.00,0.00,681050.17
818,14,447,2025-07-08,DIVIDEND,0,0.00,0.00,3515721.68
819,17,78,2025-07-08,BUY,105862,700.79,259190.73,74446221.71
820,18,502,2025-07-08,BUY,199992,563.12,282523.91,112902018.95
821,2,9,2025-07-09,DIVIDEND,0,0.00,0.00,1245735.53
822,2,202,2025-07-09,BUY,849,4105.62,11409.20,3497080.58
823,3,251,2025-07-09,SELL,63330,1035.19,136508.39,65422074.31
824,5,9,2025-07-09,DIVIDEND,0,0.00,0.00,1439084.31
825,6,9,2025-07-09,DIVIDEND,0,0.00,0.00,58716.35
826,7,513,2025-07-09,BUY,345327,109.08,58359.89,37726629.05
827,9,13,2025-07-09,DIVIDEND,0,0.00,0.00,2698858.35
828,12,9,2025-07-09,DIVIDEND,0,0.00,0.00,1112170.66
829,13,521,2025-07-09,BUY,77563,26.99,2866.50,2096291.87
830,16,9,2025-07-09,DIVIDEND,0,0.00,0.00,3721726.82
831,16,262,2025-07-09,BUY,73721,1488.34,55944.77,109777857.91
832,17,413,2025-07-09,SELL,172637,1183.13,713604.90,203538408.91
833,18,521,2025-07-09,BUY,5270777,27.10,358331.98,143196388.68
834,19,140,2025-07-09,BUY,57823,1654.26,235224.94,95889500.92
835,20,9,2025-07-09,DIVIDEND,0,0.00,0.00,1639490.92
836,20,317,2025-07-09,BUY,268340,316.23,251727.14,85108885.34
837,2,324,2025-07-10,DIVIDEND,0,0.00,0.00,1234875.77
838,2,518,2025-07-10,SELL,1679943,11.80,64885.15,19758442.25
839,4,371,2025-07-10,BUY,3104,5276.12,46400.35,16423476.83
840,5,446,2025-07-10,DIVIDEND,0,0.00,0.00,2256309.37
841,6,446,2025-07-10,DIVIDEND,0,0.00,0.00,25033.21
842,8,150,2025-07-10,DIVIDEND,0,0.00,0.00,227566.53
843,8,324,2025-07-10,DIVIDEND,0,0.00,0.00,495807.88
844,9,101,2025-07-10,DIVIDEND,0,0.00,0.00,1138537.92
845,12,150,2025-07-10,DIVIDEND,0,0.00,0.00,496545.58
846,14,446,2025-07-10,DIVIDEND,0,0.00,0.00,1355151.20
847,15,324,2025-07-10,DIVIDEND,0,0.00,0.00,3981593.54
848,16,9,2025-07-10,BUY,62751,2750.94,88017.27,172712253.21
849,17,251,2025-07-10,BUY,75116,1057.46,277515.90,79709681.26
850,18,500,2025-07-10,BUY,55728,792.40,110779.54,44269646.74
851,20,9,2025-07-10,BUY,27643,2769.19,227080.31,76775799.48
852,1,439,2025-07-11,DIVIDEND,0,0.00,0.00,1747220.13
853,1,516,2025-07-11,SELL,31857,1028.00,41924.62,32707071.38
854,3,138,2025-07-11,SELL,201176,481.62,201748.58,96688636.54
855,6,207,2025-07-11,DIVIDEND,0,0.00,0.00,298106.84
856,6,439,2025-07-11,DIVIDEND,0,0.00,0.00,162738.69
857,10,207,2025-07-11,DIVIDEND,0,0.00,0.00,2569332.21
858,16,207,2025-07-11,DIVIDEND,0,0.00,0.00,2109364.80
859,16,320,2025-07-11,BUY,124016,1612.43,101958.80,200069077.68
860,18,464,2025-07-11,BUY,344887,361.90,313117.29,125127722.59
861,19,397,2025-07-11,BUY,228031,662.64,371578.45,151474040.29
862,20,220,2025-07-11,BUY,428455,293.67,373255.62,126197635.47
863,21,520,2025-07-11,BUY,556723,24.79,68018.72,13869181.89
864,4,399,2025-07-14,DIVIDEND,0,0.00,0.00,1991513.54
865,5,17,2025-07-14,DIVIDEND,0,0.00,0.00,2439364.56
866,5,44,2025-07-14,DIVIDEND,0,0.00,0.00,2009682.48
867,5,399,2025-07-14,DIVIDEND,0,0.00,0.00,1349311.67
868,10,325,2025-07-14,DIVIDEND,0,0.00,0.00,951917.24
869,10,399,2025-07-14,DIVIDEND,0,0.00,0.00,3352218.07
870,11,199,2025-07-14,BUY,17519,384.91,21858.10,6765096.39
871,11,399,2025-07-14,DIVIDEND,0,0.00,0.00,315320.89
872,14,17,2025-07-14,DIVIDEND,0,0.00,0.00,1526978.48
873,14,301,2025-07-14,SELL,28719,1956.36,43583.71,56141119.13
874,15,17,2025-07-14,DIVIDEND,0,0.00,0.00,3604636.16
875,16,17,2025-07-14,DIVIDEND,0,0.00,0.00,2421376.89
876,16,227,2025-07-14,BUY,601763,369.56,113390.47,222500924.75
877,17,102,2025-07-14,BUY,60255,856.22,180247.78,51771783.88
878,18,295,2025-07-14,BUY,158805,524.80,209073.81,83549937.81
879,19,521,2025-07-14,BUY,14609607,27.02,970739.83,395722320.97
880,20,435,2025-07-14,BUY,109798,1169.76,381006.83,128818315.31
881,3,354,2025-07-15,BUY,173206,664.01,239478.95,115249995.01
882,4,464,2025-07-15,DIVIDEND,0,0.00,0.00,2701161.24
883,6,398,2025-07-15,BUY,269,1498.20,777.97,403793.77
884,9,4,2025-07-15,BUY,393714,929.73,302340.66,366350057.88
885,10,325,2025-07-15,BUY,100503,209.91,69101.81,21165686.54
886,15,464,2025-07-15,DIVIDEND,0,0.00,0.00,1281925.86
887,16,518,2025-07-15,BUY,15256067,11.74,91322.29,179197548.87
888,17,485,2025-07-15,SELL,302615,585.39,618909.61,176528885.24
889,18,449,2025-07-15,BUY,173527,409.41,178224.39,71221913.46
890,18,464,2025-07-15,DIVIDEND,0,0.00,0.00,2572032.72
891,20,276,2025-07-15,BUY,24038,4166.11,297078.09,100442030.27
892,21,136,2025-07-15,BUY,492,9774.26,23700.73,4832636.65
893,3,200,2025-07-16,SELL,105296,603.12,132234.69,63373888.83
894,7,507,2025-07-16,BUY,79754,121.77,15046.36,9726690.94
895,9,120,2025-07-16,DIVIDEND,0,0.00,0.00,9299292.13
896,12,86,2025-07-16,BUY,2752,1058.52,13669.16,2926716.20
897,14,120,2025-07-16,DIVIDEND,0,0.00,0.00,1024285.70
898,17,102,2025-07-16,SELL,266862,829.56,773438.91,220604601.81
899,17,120,2025-07-16,DIVIDEND,0,0.00,0.00,4712372.75
900,17,368,2025-07-16,DIVIDEND,0,0.00,0.00,1515097.96
901,18,326,2025-07-16,BUY,726769,312.03,568897.97,227342629.04
902,19,518,2025-07-16,BUY,10820161,11.74,312378.25,127341068.39
903,20,411,2025-07-16,BUY,59861,2314.22,410951.12,138942474.54
904,21,295,2025-07-16,BUY,28134,519.42,72021.63,14685383.91
905,2,438,2025-07-17,BUY,17619,654.43,37740.98,11568143.15
906,3,111,2025-07-17,SELL,93830,519.95,101585.82,48685322.68
907,16,391,2025-07-17,BUY,424416,516.04,111671.22,219127303.86
908,17,169,2025-07-17,DIVIDEND,0,0.00,0.00,1746098.79
909,17,485,2025-07-17,SELL,259056,581.01,525858.31,149988268.25
910,18,24,2025-07-17,BUY,85568,1289.75,276858.94,110638186.94
911,19,489,2025-07-17,BUY,110813,1178.38,321110.90,130900933.84
912,20,295,2025-07-17,BUY,116531,529.93,183189.91,61936462.74
913,21,522,2025-07-17,BUY,1250613,12.76,78647.77,16036469.65
914,2,438,2025-07-18,BUY,26949,625.21,55148.96,16903933.25
915,3,286,2025-07-18,BUY,44941,704.58,65933.00,31730462.78
916,4,515,2025-07-18,BUY,152785,75.45,32660.65,11560288.90
917,6,37,2025-07-18,BUY,1413,588.74,1605.86,833495.48
918,8,362,2025-07-18,DIVIDEND,0,0.00,0.00,174749.72
919,9,26,2025-07-18,DIVIDEND,0,0.00,0.00,2075378.58
920,12,428,2025-07-18,DIVIDEND,0,0.00,0.00,294656.76
921,13,362,2025-07-18,DIVIDEND,0,0.00,0.00,408308.00
922,16,520,2025-07-18,BUY,12567086,25.62,164164.72,322132908.04
923,18,520,2025-07-18,BUY,8443445,25.63,542887.60,216948382.95
924,20,463,2025-07-18,BUY,48568,1551.63,223552.71,75583118.55
925,2,204,2025-07-21,BUY,20153,617.81,40753.36,12491478.29
926,3,200,2025-07-21,BUY,108808,589.35,133525.41,64259520.21
927,16,320,2025-07-21,BUY,42611,1550.46,33685.92,66100336.98
928,18,352,2025-07-21,DIVIDEND,0,0.00,0.00,3768141.21
929,18,519,2025-07-21,BUY,11043931,12.53,347149.38,138727604.81
930,19,522,2025-07-21,BUY,74063749,12.92,2353136.81,959256773.89
931,20,207,2025-07-21,BUY,12355,4918.95,180283.81,60953911.06
932,22,502,2025-07-21,BUY,250965,552.95,338478.66,139109575.41
933,1,341,2025-07-22,BUY,2403,2313.37,7116.56,5566144.67
934,1,395,2025-07-22,DIVIDEND,0,0.00,0.00,1325704.63
935,2,209,2025-07-22,DIVIDEND,0,0.00,0.00,354794.23
936,3,186,2025-07-22,BUY,107976,293.32,65947.56,31737467.88
937,4,371,2025-07-22,SELL,6616,4797.99,89937.27,31653564.57
938,7,51,2025-07-22,DIVIDEND,0,0.00,0.00,1744825.89
939,7,178,2025-07-22,SELL,10919,2630.76,44504.40,28680764.04
940,7,369,2025-07-22,DIVIDEND,0,0.00,0.00,2032365.58
941,8,28,2025-07-22,SELL,1650,1360.70,5134.29,2240020.71
942,8,86,2025-07-22,DIVIDEND,0,0.00,0.00,55193.44
943,8,201,2025-07-22,DIVIDEND,0,0.00,0.00,69085.88
944,8,395,2025-07-22,DIVIDEND,0,0.00,0.00,402743.99
945,10,399,2025-07-22,SELL,165561,456.78,247709.36,75377244.22
946,12,86,2025-07-22,DIVIDEND,0,0.00,0.00,87173.15
947,12,201,2025-07-22,DIVIDEND,0,0.00,0.00,74582.92
948,12,369,2025-07-22,DIVIDEND,0,0.00,0.00,348796.81
949,15,391,2025-07-22,BUY,23298,519.11,44010.92,12138235.70
950,18,512,2025-07-22,BUY,2623835,71.15,468331.17,187154191.42
951,20,476,2025-07-22,BUY,30519,1575.19,142608.30,48215831.91
952,21,517,2025-07-22,BUY,651788,25.34,81400.25,16597708.17
953,3,200,2025-07-23,BUY,86336,612.45,110101.28,52986584.48
954,7,473,2025-07-23,DIVIDEND,0,0.00,0.00,1727574.25
955,8,413,2025-07-23,BUY,3722,1196.39,10183.17,4463146.75
956,8,473,2025-07-23,DIVIDEND,0,0.00,0.00,228733.87
957,9,330,2025-07-23,DIVIDEND,0,0.00,0.00,1204397.09
958,11,301,2025-07-23,BUY,492,1948.89,3108.11,961961.99
959,12,473,2025-07-23,DIVIDEND,0,0.00,0.00,737728.67
960,12,487,2025-07-23,BUY,4361,1352.66,27680.19,5926630.45
961,15,473,2025-07-23,DIVIDEND,0,0.00,0.00,2187411.67
962,17,307,2025-07-23,BUY,93415,211.37,68984.49,19814113.04
963,18,352,2025-07-23,BUY,79206,2419.17,480691.13,192093470.15
964,19,519,2025-07-23,BUY,25248368,12.49,775487.36,316127603.68
965,20,150,2025-07-23,BUY,137767,611.04,249721.77,84430869.45
966,21,413,2025-07-23,BUY,5536,1185.58,32347.43,6595718.31
967,2,202,2025-07-24,BUY,1184,3732.36,14464.52,4433578.76
968,3,180,2025-07-24,SELL,658231,176.90,242457.69,116198606.21
969,3,251,2025-07-24,DIVIDEND,0,0.00,0.00,8777578.12
970,6,411,2025-07-24,BUY,2152,2205.75,9163.05,4755937.05
971,9,315,2025-07-24,DIVIDEND,0,0.00,0.00,2701105.51
972,10,68,2025-07-24,BUY,17600,966.36,55709.45,17063645.45
973,10,276,2025-07-24,DIVIDEND,0,0.00,0.00,2795670.63
974,12,50,2025-07-24,BUY,3091,1550.01,22481.63,4813562.54
975,12,251,2025-07-24,DIVIDEND,0,0.00,0.00,3339728.31
976,16,276,2025-07-24,DIVIDEND,0,0.00,0.00,3927739.25
977,16,320,2025-07-24,BUY,17762,1611.27,14592.39,28633970.13
978,17,251,2025-07-24,DIVIDEND,0,0.00,0.00,9232813.74
979,18,522,2025-07-24,BUY,19123899,12.72,610246.35,243866241.63
980,19,519,2025-07-24,SELL,13663471,12.30,413280.70,167647412.60
981,20,276,2025-07-24,DIVIDEND,0,0.00,0.00,2632804.33
982,20,383,2025-07-24,BUY,85735,949.77,241556.18,81670087.13
983,21,310,2025-07-24,BUY,3044,1168.62,17531.97,3574811.25
984,22,499,2025-07-24,BUY,1031047,294.98,741828.16,304880072.22
985,2,383,2025-07-25,DIVIDEND,0,0.00,0.00,992359.24
986,5,60,2025-07-25,DIVIDEND,0,0.00,0.00,2265939.50
987,5,136,2025-07-25,BUY,2030,10182.01,98353.92,20767834.22
988,7,97,2025-07-25,DIVIDEND,0,0.00,0.00,158052.48
989,7,501,2025-07-25,BUY,42300,238.99,15662.42,10124939.42
990,10,60,2025-07-25,DIVIDEND,0,0.00,0.00,1893115.27
991,11,60,2025-07-25,DIVIDEND,0,0.00,0.00,474053.66
992,14,60,2025-07-25,DIVIDEND,0,0.00,0.00,1710052.47
993,17,368,2025-07-25,SELL,199527,912.02,635766.31,181336848.23
994,18,136,2025-07-25,BUY,13064,10191.00,333990.88,133469214.88
995,20,362,2025-07-25,BUY,69701,707.71,146330.85,49474425.56
996,20,383,2025-07-25,DIVIDEND,0,0.00,0.00,729098.14
997,22,505,2025-07-25,BUY,1080643,249.34,657213.50,270104739.12
998,2,62,2025-07-28,BUY,10410,458.16,15611.21,4785056.81
999,3,138,2025-07-28,SELL,178246,463.85,172157.98,82507249.12
1000,4,166,2025-07-28,DIVIDEND,0,0.00,0.00,865769.45
1001,7,178,2025-07-28,BUY,4989,2794.92,21603.38,13965459.26
1002,17,169,2025-07-28,SELL,204628,327.87,234400.33,66856982.03
1003,18,38,2025-07-28,BUY,284808,361.94,258601.12,103342008.64
1004,20,24,2025-07-28,BUY,61732,1269.25,232433.69,78585774.69
1005,21,521,2025-07-28,BUY,562678,27.38,75928.73,15482052.37
1006,22,522,2025-07-28,BUY,20279267,12.85,635605.52,261224186.47
1007,1,320,2025-07-29,DIVIDEND,0,0.00,0.00,612884.13
1008,4,512,2025-07-29,SELL,1063870,71.37,215124.12,75713277.78
1009,9,13,2025-07-29,BUY,44894,1084.20,40202.82,48714277.62
1010,9,255,2025-07-29,DIVIDEND,0,0.00,0.00,11573119.08
1011,12,375,2025-07-29,DIVIDEND,0,0.00,0.00,223591.75
1012,14,516,2025-07-29,BUY,37818,1044.42,30639.37,39528514.93
1013,16,87,2025-07-29,DIVIDEND,0,0.00,0.00,4591698.05
1014,16,320,2025-07-29,DIVIDEND,0,0.00,0.00,3065567.83
1015,18,8,2025-07-29,BUY,21067,6747.94,356628.09,142515480.07
1016,20,202,2025-07-29,BUY,24418,3652.42,264564.98,89449356.54
1017,21,519,2025-07-29,BUY,1810023,12.25,109278.06,22282059.81
1018,22,504,2025-07-29,BUY,15888251,24.92,965731.53,396900946.45
1019,1,492,2025-07-30,DIVIDEND,0,0.00,0.00,1435100.79
1020,2,414,2025-07-30,BUY,1480,7641.58,37018.06,11346556.46
1021,2,492,2025-07-30,DIVIDEND,0,0.00,0.00,1157150.81
1022,3,388,2025-07-30,BUY,66941,687.70,95856.38,46131182.08
1023,4,512,2025-07-30,BUY,862524,70.84,173114.96,61274315.12
1024,7,520,2025-07-30,BUY,1013504,25.20,39569.89,25579870.69
1025,8,480,2025-07-30,BUY,472,4533.97,4893.89,2144927.73
1026,11,492,2025-07-30,DIVIDEND,0,0.00,0.00,316873.82
1027,12,375,2025-07-30,BUY,5545,1367.96,35593.38,7620931.58
1028,12,492,2025-07-30,DIVIDEND,0,0.00,0.00,298911.55
1029,13,317,2025-07-30,BUY,23983,308.48,10130.37,7408406.21
1030,15,261,2025-07-30,BUY,21118,1671.09,128420.70,35418499.32
1031,18,100,2025-07-30,BUY,215040,913.26,492669.10,196880099.50
1032,20,29,2025-07-30,BUY,41312,1687.31,206781.97,69912932.69
1033,22,509,2025-07-30,BUY,4901723,98.61,1178967.96,484537872.99
1034,1,257,2025-07-31,DIVIDEND,0,0.00,0.00,454483.06
1035,1,492,2025-07-31,DIVIDEND,0,0.00,0.00,1398993.54
1036,2,492,2025-07-31,DIVIDEND,0,0.00,0.00,1128036.80
1037,3,354,2025-07-31,BUY,65258,573.56,77936.77,37507315.25
1038,5,165,2025-07-31,BUY,73036,741.17,257582.83,54389674.95
1039,6,321,2025-07-31,BUY,4314,174.54,1453.51,754419.07
1040,9,236,2025-07-31,DIVIDEND,0,0.00,0.00,1965681.08
1041,10,257,2025-07-31,DIVIDEND,0,0.00,0.00,564718.09
1042,11,492,2025-07-31,DIVIDEND,0,0.00,0.00,308901.25
1043,12,492,2025-07-31,DIVIDEND,0,0.00,0.00,291390.91
1044,16,480,2025-07-31,SELL,7919,4450.46,17969.72,35225223.02
1045,17,251,2025-07-31,BUY,25347,1037.44,91871.55,26387863.23
1046,18,517,2025-07-31,BUY,7004576,25.50,448088.37,179064776.37
1047,20,344,2025-07-31,BUY,45965,1324.15,180553.54,61045108.29
1048,21,516,2025-07-31,BUY,26587,1041.80,136510.63,27834847.23
1049,2,28,2025-08-01,SELL,42562,1323.33,184356.71,56139214.75
1050,2,374,2025-08-01,DIVIDEND,0,0.00,0.00,71312.22
1051,4,24,2025-08-01,DIVIDEND,0,0.00,0.00,316651.57
1052,5,60,2025-08-01,BUY,10573,2101.11,105708.31,22320744.34
1053,6,517,2025-08-01,BUY,139028,25.52,6848.96,3554843.52
1054,7,41,2025-08-01,SELL,109352,754.24,127783.60,82349868.88
1055,8,24,2025-08-01,DIVIDEND,0,0.00,0.00,111336.00
1056,8,29,2025-08-01,DIVIDEND,0,0.00,0.00,38247.01
1057,8,201,2025-08-01,DIVIDEND,0,0.00,0.00,64211.90
1058,8,487,2025-08-01,BUY,489,1310.27,1465.22,642187.25
1059,12,201,2025-08-01,DIVIDEND,0,0.00,0.00,69321.13
1060,14,517,2025-08-01,BUY,1915492,25.26,37533.56,48422861.48
1061,17,307,2025-08-01,BUY,217994,181.75,138423.69,39758833.19
1062,18,24,2025-08-01,DIVIDEND,0,0.00,0.00,1038569.58
1063,18,61,2025-08-01,BUY,603151,488.29,738831.70,295251433.49
1064,20,24,2025-08-01,DIVIDEND,0,0.00,0.00,749263.48
1065,20,29,2025-08-01,DIVIDEND,0,0.00,0.00,539638.13
1066,20,287,2025-08-01,BUY,241231,620.66,444148.74,150166581.20
1067,7,197,2025-08-04,DIVIDEND,0,0.00,0.00,794190.82
1068,8,5,2025-08-04,BUY,4204,943.37,9069.40,3974996.88
1069,11,297,2025-08-04,DIVIDEND,0,0.00,0.00,421358.09
1070,11,305,2025-08-04,SELL,101717,60.72,20020.24,6156236.00
1071,17,226,2025-08-04,BUY,27233,1221.56,116225.59,33382969.07
1072,18,120,2025-08-04,BUY,87588,644.08,141522.69,56555201.73
1073,20,241,2025-08-04,BUY,33721,3012.78,301376.53,101895330.91
1074,21,41,2025-08-04,BUY,14136,744.36,51858.79,10574131.75
1075,23,497,2025-08-04,BUY,104635,1174.73,293444.38,123211317.93
1076,2,28,2025-08-05,BUY,37587,1333.52,164061.23,50287077.47
1077,3,425,2025-08-05,BUY,27213,1194.03,67658.36,32560796.75
1078,4,522,2025-08-05,BUY,1041035,12.95,38196.18,13519599.43
1079,7,8,2025-08-05,DIVIDEND,0,0.00,0.00,4868891.06
1080,11,31,2025-08-05,BUY,24332,1325.06,104509.85,32345869.77
1081,12,8,2025-08-05,DIVIDEND,0,0.00,0.00,483106.65
1082,12,391,2025-08-05,SELL,32353,511.57,77662.96,16473161.25
1083,15,8,2025-08-05,DIVIDEND,0,0.00,0.00,2145757.01
1084,17,307,2025-08-05,BUY,255633,183.63,164003.09,47105890.88
1085,18,8,2025-08-05,DIVIDEND,0,0.00,0.00,2451844.82
1086,18,326,2025-08-05,BUY,154734,303.23,117706.26,47037697.08
1087,20,116,2025-08-05,BUY,41984,1620.54,201829.72,68238581.08
1088,22,503,2025-08-05,BUY,8164635,42.63,848954.44,348907344.49
1089,3,251,2025-08-06,BUY,66338,1028.36,142048.73,68361394.41
1090,4,4,2025-08-06,DIVIDEND,0,0.00,0.00,255609.75
1091,6,442,2025-08-06,DIVIDEND,0,0.00,0.00,43269.61
1092,7,4,2025-08-06,DIVIDEND,0,0.00,0.00,967843.94
1093,7,245,2025-08-06,DIVIDEND,0,0.00,0.00,2497453.96
1094,8,414,2025-08-06,BUY,265,7302.51,4425.39,1939590.54
1095,9,4,2025-08-06,DIVIDEND,0,0.00,0.00,1967490.43
1096,10,442,2025-08-06,DIVIDEND,0,0.00,0.00,1124652.00
1097,10,442,2025-08-06,SELL,84584,475.40,131711.80,40079521.80
1098,14,449,2025-08-06,BUY,107977,421.43,35299.03,45540046.14
1099,17,120,2025-08-06,SELL,59491,631.27,131207.27,37423676.30
1100,18,519,2025-08-06,SELL,3118224,12.29,96139.27,38226833.69
1101,20,34,2025-08-06,BUY,43790,1195.40,155285.09,52501851.09
1102,23,103,2025-08-06,BUY,528267,269.82,340281.54,142877283.48
1103,24,432,2025-08-06,BUY,322670,284.60,163188.97,91995070.97
1104,1,522,2025-08-07,BUY,3626717,12.84,59614.22,46626660.50
1105,2,438,2025-08-07,DIVIDEND,0,0.00,0.00,1237336.45
1106,3,186,2025-08-07,DIVIDEND,0,0.00,0.00,4954314.30
1107,4,61,2025-08-07,DIVIDEND,0,0.00,0.00,537746.78
1108,6,439,2025-08-07,SELL,1553,1635.12,4901.88,2534439.48
1109,8,61,2025-08-07,DIVIDEND,0,0.00,0.00,83586.92
1110,14,60,2025-08-07,BUY,5370,1979.02,8243.86,10635581.26
1111,15,484,2025-08-07,BUY,5517,4288.69,86101.37,23746804.10
1112,16,9,2025-08-07,SELL,29315,2310.94,34541.78,67710664.32
1113,17,368,2025-08-07,BUY,238957,780.91,651946.89,187255857.76
1114,18,61,2025-08-07,DIVIDEND,0,0.00,0.00,3088240.97
1115,18,522,2025-08-07,SELL,5233940,12.82,168328.79,66930782.01
1116,20,391,2025-08-07,BUY,66505,488.81,96435.28,32604744.33
1117,21,518,2025-08-07,BUY,2218354,11.90,130103.98,26528516.58
1118,22,506,2025-08-07,BUY,2035483,96.84,480789.02,197596962.74
1119,23,468,2025-08-07,BUY,79532,922.64,175180.17,73554584.65
1120,24,255,2025-08-07,BUY,87156,382.11,59181.10,33362360.26
1121,1,66,2025-08-08,SELL,4114,1638.60,8629.95,6732570.45
1122,2,202,2025-08-08,DIVIDEND,0,0.00,0.00,358880.02
1123,3,48,2025-08-08,BUY,68328,600.30,85407.67,41102706.07
1124,7,50,2025-08-08,BUY,16363,1419.98,35998.46,23271131.20
1125,8,202,2025-08-08,DIVIDEND,0,0.00,0.00,42661.17
1126,9,1,2025-08-08,BUY,242210,230.36,46084.83,55841580.43
1127,9,280,2025-08-08,DIVIDEND,0,0.00,0.00,737297.84
1128,12,202,2025-08-08,DIVIDEND,0,0.00,0.00,512798.51
1129,16,132,2025-08-08,DIVIDEND,0,0.00,0.00,1792486.74
1130,16,320,2025-08-08,BUY,41141,1335.84,28021.76,54985815.20
1131,17,485,2025-08-08,BUY,586146,545.73,1117570.97,320995027.55
1132,18,326,2025-08-08,BUY,211876,301.60,160307.83,64062109.43
1133,20,202,2025-08-08,DIVIDEND,0,0.00,0.00,917797.70
1134,20,463,2025-08-08,BUY,12370,1431.43,52526.85,17759315.95
1135,21,41,2025-08-08,SELL,6981,769.46,26473.81,5345126.45
1136,22,515,2025-08-08,BUY,2805421,74.31,508484.34,208979318.85
1137,23,487,2025-08-08,BUY,126840,1267.72,383875.45,161181480.25
1138,24,253,2025-08-08,BUY,245464,535.08,233401.61,131576278.73
1139,1,241,2025-08-11,DIVIDEND,0,0.00,0.00,3120531.79
1140,1,391,2025-08-11,DIVIDEND,0,0.00,0.00,1338046.02
1141,2,513,2025-08-11,BUY,150285,101.98,50164.84,15376229.14
1142,4,131,2025-08-11,DIVIDEND,0,0.00,0.00,121938.65
1143,4,391,2025-08-11,DIVIDEND,0,0.00,0.00,493135.62
1144,5,34,2025-08-11,DIVIDEND,0,0.00,0.00,2156117.12
1145,5,131,2025-08-11,DIVIDEND,0,0.00,0.00,424839.01
1146,5,391,2025-08-11,DIVIDEND,0,0.00,0.00,1255287.92
1147,6,241,2025-08-11,DIVIDEND,0,0.00,0.00,90419.39
1148,7,34,2025-08-11,DIVIDEND,0,0.00,0.00,2881118.42
1149,7,512,2025-08-11,BUY,604996,71.64,67150.14,43409063.58
1150,8,34,2025-08-11,DIVIDEND,0,0.00,0.00,71412.61
1151,10,34,2025-08-11,DIVIDEND,0,0.00,0.00,1400034.69
1152,11,391,2025-08-11,DIVIDEND,0,0.00,0.00,269957.12
1153,12,391,2025-08-11,DIVIDEND,0,0.00,0.00,281242.31
1154,15,241,2025-08-11,DIVIDEND,0,0.00,0.00,6687683.06
1155,15,391,2025-08-11,DIVIDEND,0,0.00,0.00,1921072.25
1156,16,391,2025-08-11,DIVIDEND,0,0.00,0.00,4484661.03
1157,18,517,2025-08-11,SELL,3295437,25.38,209819.70,83428371.36
1158,20,34,2025-08-11,DIVIDEND,0,0.00,0.00,704473.59
1159,20,241,2025-08-11,DIVIDEND,0,0.00,0.00,2756810.39
1160,20,391,2025-08-11,DIVIDEND,0,0.00,0.00,702735.95
1161,23,522,2025-08-11,BUY,7887500,12.85,241965.40,101596340.40
1162,24,423,2025-08-11,BUY,110992,537.83,106080.12,59800907.48
1163,24,432,2025-08-11,DIVIDEND,0,0.00,0.00,1506990.37
1164,25,463,2025-08-11,BUY,129133,1452.60,264314.72,187842910.52
1165,1,518,2025-08-12,BUY,1307617,11.81,19769.77,15462726.54
1166,2,9,2025-08-12,SELL,11181,2279.42,83420.69,25402774.33
1167,3,111,2025-08-12,BUY,24263,432.21,21835.80,10508547.03
1168,3,148,2025-08-12,DIVIDEND,0,0.00,0.00,2584842.62
1169,4,393,2025-08-12,SELL,15011,1367.43,58156.68,20468335.05
1170,4,421,2025-08-12,DIVIDEND,0,0.00,0.00,862075.18
1171,6,520,2025-08-12,BUY,70525,25.30,3444.33,1787726.83
1172,8,468,2025-08-12,DIVIDEND,0,0.00,0.00,318438.17
1173,9,255,2025-08-12,BUY,195992,382.94,61990.90,75115167.38
1174,13,468,2025-08-12,DIVIDEND,0,0.00,0.00,368579.05
1175,14,468,2025-08-12,DIVIDEND,0,0.00,0.00,1906045.13
1176,17,485,2025-08-12,SELL,176943,537.37,332198.97,94751660.94
1177,19,518,2025-08-12,BUY,3721151,11.86,108527.79,44241378.65
1178,23,468,2025-08-12,DIVIDEND,0,0.00,0.00,2036672.64
1179,23,521,2025-08-12,BUY,7524634,27.42,492565.05,206818029.33
1180,24,41,2025-08-12,BUY,151747,753.13,203089.46,114488307.57
1181,25,519,2025-08-12,BUY,37070940,12.24,639371.21,454387676.81
1182,26,451,2025-08-12,BUY,706849,212.04,569312.62,150449574.58
1183,1,516,2025-08-13,SELL,27237,1049.24,36585.19,28541564.69
1184,3,251,2025-08-13,BUY,30856,1049.61,67436.87,32454203.03
1185,3,425,2025-08-13,DIVIDEND,0,0.00,0.00,3788813.92
1186,4,505,2025-08-13,SELL,81056,236.48,54308.08,19113814.80
1187,6,9,2025-08-13,SELL,230,2342.01,1039.82,537622.48
1188,8,28,2025-08-13,SELL,1599,1308.65,4785.26,2087746.09
1189,10,257,2025-08-13,BUY,22460,761.36,56011.49,17156157.09
1190,11,519,2025-08-13,SELL,1962601,12.34,78503.87,24139992.47
1191,13,520,2025-08-13,BUY,201670,25.34,6997.50,5117315.30
1192,15,92,2025-08-13,BUY,21914,1075.84,85792.98,23661750.74
1193,17,413,2025-08-13,BUY,163206,1227.72,700046.56,201071316.88
1194,18,194,2025-08-13,SELL,54410,770.63,105188.02,41824790.28
1195,20,435,2025-08-13,DIVIDEND,0,0.00,0.00,1595490.77
1196,23,520,2025-08-13,BUY,6808295,25.27,410728.06,172456342.71
1197,24,329,2025-08-13,BUY,128151,731.04,166479.38,93849986.42
1198,26,406,2025-08-13,BUY,168719,1927.79,1235463.97,326490264.98
1199,3,148,2025-08-14,BUY,313418,450.84,294222.70,141595593.82
1200,4,4,2025-08-14,BUY,6678,858.94,16251.52,5752252.84
1201,7,337,2025-08-14,DIVIDEND,0,0.00,0.00,404126.19
1202,8,249,2025-08-14,DIVIDEND,0,0.00,0.00,181471.58
1203,9,26,2025-08-14,SELL,82019,497.83,33725.19,40797793.58
1204,12,249,2025-08-14,DIVIDEND,0,0.00,0.00,169330.77
1205,14,418,2025-08-14,DIVIDEND,0,0.00,0.00,1741152.45
1206,16,418,2025-08-14,DIVIDEND,0,0.00,0.00,5177718.26
1207,23,516,2025-08-14,BUY,252014,1039.25,625252.54,262530802.04
1208,24,230,2025-08-14,BUY,75041,587.17,78299.64,44140123.61
1209,24,253,2025-08-14,DIVIDEND,0,0.00,0.00,1210197.29
1210,25,520,2025-08-14,BUY,10654210,25.29,379671.63,269824642.53
1211,26,260,2025-08-14,BUY,450583,415.38,710929.86,187874096.40
1212,5,141,2025-08-18,DIVIDEND,0,0.00,0.00,6532042.54
1213,8,473,2025-08-18,BUY,3765,624.55,5377.32,2356808.07
1214,11,141,2025-08-18,DIVIDEND,0,0.00,0.00,295976.82
1215,17,226,2025-08-18,BUY,20010,1249.64,87362.18,25092658.58
1216,18,520,2025-08-18,BUY,1094202,25.29,69420.54,27741789.12
1217,23,323,2025-08-18,BUY,108082,1384.52,357242.71,149998933.35
1218,26,80,2025-08-18,BUY,1094253,222.96,926725.41,244901374.29
1219,3,111,2025-08-19,SELL,57779,479.97,57744.94,27674441.69
1220,4,20,2025-08-19,DIVIDEND,0,0.00,0.00,299261.35
1221,4,47,2025-08-19,DIVIDEND,0,0.00,0.00,549599.97
1222,6,262,2025-08-19,DIVIDEND,0,0.00,0.00,32506.55
1223,7,481,2025-08-19,DIVIDEND,0,0.00,0.00,2597576.47
1224,9,20,2025-08-19,DIVIDEND,0,0.00,0.00,461244.70
1225,10,262,2025-08-19,DIVIDEND,0,0.00,0.00,1012307.38
1226,16,262,2025-08-19,DIVIDEND,0,0.00,0.00,1571420.11
1227,16,521,2025-08-19,BUY,2266328,27.60,31893.19,62582545.99
1228,20,411,2025-08-19,BUY,17258,2521.69,129099.25,43648425.27
1229,23,254,2025-08-19,BUY,267981,614.13,392893.71,164968065.24
1230,24,110,2025-08-19,BUY,1172689,50.26,104737.61,59044086.75
1231,1,522,2025-08-20,SELL,8860093,12.93,146658.74,114414343.75
1232,3,56,2025-08-20,SELL,357528,410.73,305770.99,146541704.45
1233,4,371,2025-08-20,DIVIDEND,0,0.00,0.00,480838.16
1234,4,391,2025-08-20,BUY,12576,507.36,18077.72,6398637.08
1235,11,517,2025-08-20,SELL,806647,25.55,66806.44,20543024.41
1236,12,219,2025-08-20,DIVIDEND,0,0.00,0.00,80717.18
1237,12,371,2025-08-20,DIVIDEND,0,0.00,0.00,182395.34
1238,17,368,2025-08-20,BUY,59234,814.55,168570.00,48417624.70
1239,23,90,2025-08-20,BUY,51263,1501.38,183740.72,77148983.66
1240,24,166,2025-08-20,BUY,258276,207.76,95354.96,53754776.72
1241,25,484,2025-08-20,BUY,43322,4426.76,270229.36,192046326.08
1242,26,343,2025-08-20,BUY,97094,1205.09,444445.23,117451453.69
1243,2,438,2025-08-21,SELL,59768,601.29,117630.91,35820269.81
1244,3,148,2025-08-21,SELL,971659,481.87,974930.29,467238392.04
1245,4,140,2025-08-21,DIVIDEND,0,0.00,0.00,462256.17
1246,7,41,2025-08-21,BUY,93964,837.27,121889.37,78795127.65
1247,8,140,2025-08-21,DIVIDEND,0,0.00,0.00,181816.24
1248,8,210,2025-08-21,BUY,3606,991.21,8173.83,3582477.09
1249,9,191,2025-08-21,DIVIDEND,0,0.00,0.00,2298534.48
1250,11,516,2025-08-21,BUY,5554,1048.44,18875.28,5841911.04
1251,15,178,2025-08-21,BUY,10304,2681.08,100530.55,27726378.87
1252,16,391,2025-08-21,BUY,52003,523.52,13881.23,27238491.79
1253,17,413,2025-08-21,BUY,16772,1287.09,75419.78,21662493.26
1254,18,61,2025-08-21,BUY,90879,540.35,123191.38,49229659.03
1255,19,140,2025-08-21,DIVIDEND,0,0.00,0.00,1005947.77
1256,23,517,2025-08-21,BUY,5871308,25.49,357285.56,150016926.48
1257,24,110,2025-08-21,DIVIDEND,0,0.00,0.00,420289.85
1258,24,172,2025-08-21,BUY,15458,2559.04,70295.53,39627935.85
1259,25,517,2025-08-21,BUY,5815556,25.30,207324.12,147340890.92
1260,26,16,2025-08-21,BUY,496804,128.34,242188.48,64002013.84
1261,26,406,2025-08-21,DIVIDEND,0,0.00,0.00,6239361.27
1262,2,62,2025-08-22,DIVIDEND,0,0.00,0.00,360737.07
1263,2,202,2025-08-22,SELL,1619,4295.75,22764.32,6932054.93
1264,5,1,2025-08-22,DIVIDEND,0,0.00,0.00,1758874.67
1265,6,495,2025-08-22,DIVIDEND,0,0.00,0.00,573166.48
1266,7,337,2025-08-22,BUY,20447,941.55,29827.15,19281700.00
1267,7,495,2025-08-22,DIVIDEND,0,0.00,0.00,2342174.99
1268,9,1,2025-08-22,DIVIDEND,0,0.00,0.00,5120910.42
1269,11,495,2025-08-22,DIVIDEND,0,0.00,0.00,678255.62
1270,13,317,2025-08-22,DIVIDEND,0,0.00,0.00,480423.14
1271,17,21,2025-08-22,BUY,356050,192.68,239684.03,68843398.03
1272,18,317,2025-08-22,DIVIDEND,0,0.00,0.00,784005.39
1273,20,317,2025-08-22,DIVIDEND,0,0.00,0.00,987708.84
1274,20,391,2025-08-22,BUY,15476,541.69,24868.59,8408063.03
1275,24,446,2025-08-22,BUY,103522,641.49,118010.29,66526338.07
1276,25,411,2025-08-22,BUY,83380,2641.19,310312.73,220532734.93
1277,26,488,2025-08-22,BUY,2766969,80.89,850169.46,224670291.87
1278,1,522,2025-08-25,BUY,3165150,13.04,52837.60,41326393.60
1279,2,438,2025-08-25,BUY,23668,623.80,48325.43,14812423.83
1280,3,138,2025-08-25,SELL,96595,521.75,104941.41,50293499.84
1281,5,290,2025-08-25,DIVIDEND,0,0.00,0.00,1355825.50
1282,6,262,2025-08-25,BUY,141,1638.70,446.03,231502.73
1283,7,4,2025-08-25,BUY,63831,888.24,87841.71,56785089.15
1284,12,306,2025-08-25,SELL,6881,1186.90,38323.04,8128735.86
1285,17,485,2025-08-25,SELL,128516,641.30,287945.25,82129365.55
1286,21,295,2025-08-25,SELL,7669,554.55,20960.05,4231883.90
1287,23,141,2025-08-25,BUY,111330,1239.15,329341.80,138283911.30
1288,24,198,2025-08-25,BUY,974835,78.19,135450.20,76357798.85
1289,25,522,2025-08-25,BUY,11056990,12.83,199894.86,142061076.56
1290,26,48,2025-08-25,BUY,257705,682.90,668476.78,176655221.28
1291,4,47,2025-08-26,SELL,24123,443.44,30307.56,10666795.56
1292,5,430,2025-08-26,DIVIDEND,0,0.00,0.00,732869.55
1293,7,97,2025-08-26,DIVIDEND,0,0.00,0.00,149895.52
1294,8,28,2025-08-26,BUY,5054,1387.65,16037.96,7029221.06
1295,12,306,2025-08-26,DIVIDEND,0,0.00,0.00,193100.63
1296,13,520,2025-08-26,BUY,383534,25.71,13502.08,9874161.22
1297,23,34,2025-08-26,BUY,142792,1454.77,495916.98,208225434.82
1298,24,221,2025-08-26,BUY,84498,348.45,52321.99,29495650.09
1299,26,255,2025-08-26,BUY,621509,427.10,1008285.13,266454779.03
1300,1,301,2025-08-28,SELL,2526,2254.25,7289.65,5686945.85
1301,1,449,2025-08-28,DIVIDEND,0,0.00,0.00,1136813.40
1302,2,9,2025-08-28,SELL,3811,2762.22,34456.09,10492364.33
1303,3,186,2025-08-28,BUY,74103,394.48,60868.22,29293019.66
1304,4,515,2025-08-28,BUY,284146,75.76,60991.09,21587892.05
1305,9,283,2025-08-28,DIVIDEND,0,0.00,0.00,2289445.67
1306,12,397,2025-08-28,DIVIDEND,0,0.00,0.00,192279.28
1307,14,449,2025-08-28,DIVIDEND,0,0.00,0.00,3663637.36
1308,15,397,2025-08-28,DIVIDEND,0,0.00,0.00,778075.56
1309,16,449,2025-08-28,DIVIDEND,0,0.00,0.00,1288659.27
1310,17,102,2025-08-28,BUY,179790,1015.43,637833.02,183201992.72
1311,18,352,2025-08-28,BUY,24524,2556.98,157311.43,62864688.95
1312,18,449,2025-08-28,DIVIDEND,0,0.00,0.00,1122204.37
1313,19,397,2025-08-28,DIVIDEND,0,0.00,0.00,1275954.84
1314,19,449,2025-08-28,DIVIDEND,0,0.00,0.00,3148997.55
1315,23,519,2025-08-28,BUY,4848908,12.28,142152.03,59686742.27
1316,24,412,2025-08-28,BUY,132805,520.25,122778.93,69214580.18
1317,25,516,2025-08-28,BUY,557454,1049.37,824281.86,585799785.84
1318,26,16,2025-08-28,DIVIDEND,0,0.00,0.00,2003800.03
1319,26,45,2025-08-28,BUY,633513,617.24,1485306.09,392514870.21
1320,5,203,2025-08-29,BUY,92411,539.23,237115.43,50067898.96
1321,17,368,2025-08-29,BUY,65571,865.17,198200.49,56928262.56
1322,23,446,2025-08-29,BUY,139397,652.70,217208.99,91201630.89
1323,24,432,2025-08-29,BUY,88117,348.67,54597.35,30778351.74
1324,25,128,2025-08-29,BUY,92475,2638.99,343874.64,244384474.89
1325,26,100,2025-08-29,BUY,202460,964.26,741548.83,195965628.43
1326,2,267,2025-09-01,BUY,6081,2219.49,44177.07,13540895.76
1327,3,354,2025-09-01,BUY,36606,665.66,50738.14,24417888.10
1328,6,262,2025-09-01,BUY,151,1629.76,475.05,246568.81
1329,11,31,2025-09-01,BUY,6428,1494.41,31137.91,9637205.39
1330,15,52,2025-09-01,BUY,6177,3003.71,67517.76,18621434.43
1331,16,262,2025-09-01,BUY,13344,1646.09,11199.68,21976624.64
1332,17,307,2025-09-01,SELL,265987,249.99,232313.54,66261776.59
1333,24,412,2025-09-01,BUY,17405,504.52,15604.50,8796775.10
1334,25,521,2025-09-01,BUY,9735423,27.76,380813.51,270636155.99
1335,1,518,2025-09-02,BUY,2531344,11.78,38174.00,29857406.32
1336,6,262,2025-09-02,SELL,535,1618.56,1671.57,864258.03
1337,10,519,2025-09-02,BUY,732863,12.34,29622.06,9073151.48
1338,12,447,2025-09-02,SELL,5187,2099.09,51090.67,10836889.16
1339,14,120,2025-09-02,BUY,23423,712.89,12953.02,16710975.49
1340,15,8,2025-09-02,BUY,5057,7131.48,131236.62,36195130.98
1341,18,136,2025-09-02,SELL,5144,10282.53,132691.34,52760642.98
1342,21,521,2025-09-02,BUY,152658,27.49,20682.69,4217251.11
1343,23,439,2025-09-02,BUY,83366,1738.55,346008.62,145281967.92
1344,25,518,2025-09-02,BUY,19466391,11.73,321752.19,228662518.62
1345,26,342,2025-09-02,BUY,1165104,147.71,653703.73,172751215.57
1346,27,169,2025-09-02,BUY,69151,303.82,19297.05,21028753.87
1347,2,9,2025-09-03,BUY,5471,2763.79,49492.63,15170187.72
1348,16,519,2025-09-03,SELL,10725355,12.45,68084.33,133462585.42
1349,18,317,2025-09-03,SELL,55662,321.88,44946.35,17871538.21
1350,19,517,2025-09-03,SELL,2860982,25.54,179686.31,72889793.97
1351,23,287,2025-09-03,BUY,291908,630.83,439611.56,184583935.20
1352,24,221,2025-09-03,BUY,12126,338.47,7293.48,4111580.70
1353,26,437,2025-09-03,BUY,147229,824.04,460837.73,121783422.89
1354,27,492,2025-09-03,BUY,24371,554.98,12423.01,13537840.59
1355,1,487,2025-09-04,BUY,13064,1389.33,23235.54,18173442.66
1356,3,111,2025-09-04,BUY,34523,492.36,35393.30,17033137.58
1357,4,65,2025-09-04,SELL,10286,2436.83,71016.07,24994217.31
1358,7,178,2025-09-04,SELL,13008,2774.48,55915.34,36034520.50
1359,8,362,2025-09-04,BUY,4420,801.49,8101.29,3550687.09
1360,11,521,2025-09-04,BUY,295789,27.49,26357.28,8157596.89
1361,17,316,2025-09-04,SELL,484186,153.43,259545.79,74029112.19
1362,23,480,2025-09-04,BUY,69943,4923.31,822076.44,345173147.77
1363,24,446,2025-09-04,SELL,103522,646.42,118917.22,66799774.02
1364,25,411,2025-09-04,BUY,23501,2744.03,90868.48,64578317.51
1365,26,195,2025-09-04,BUY,1761975,221.71,1483854.76,392131332.01
1366,26,343,2025-09-04,DIVIDEND,0,0.00,0.00,590511.00
1367,27,44,2025-09-04,BUY,3923,2898.49,10443.99,11381220.26
1368,1,257,2025-09-05,DIVIDEND,0,0.00,0.00,502403.35
1369,5,385,2025-09-05,BUY,56339,308.69,82754.92,17474040.83
1370,8,150,2025-09-05,SELL,3648,665.73,5553.76,2423029.28
1371,10,257,2025-09-05,DIVIDEND,0,0.00,0.00,912390.05
1372,12,391,2025-09-05,BUY,10841,519.29,26416.40,5656039.29
1373,15,351,2025-09-05,DIVIDEND,0,0.00,0.00,1318790.11
1374,17,316,2025-09-05,SELL,470929,150.26,247223.81,70514567.73
1375,18,326,2025-09-05,SELL,389690,333.32,325853.41,129565617.39
1376,20,220,2025-09-05,DIVIDEND,0,0.00,0.00,1231912.87
1377,23,423,2025-09-05,BUY,91244,716.45,156063.37,65527827.17
1378,24,446,2025-09-05,BUY,103832,639.57,118009.40,66525841.64
1379,26,491,2025-09-05,BUY,1207869,135.28,620668.63,164021186.95
1380,27,325,2025-09-05,BUY,118919,226.21,24708.09,26925375.08
1381,1,439,2025-09-08,BUY,23638,1727.10,52263.61,40877453.41
1382,3,354,2025-09-08,SELL,119511,638.33,158848.43,76128608.20
1383,13,362,2025-09-08,BUY,10083,746.75,10310.03,7539790.28
1384,17,485,2025-09-08,BUY,71039,656.92,163042.49,46829982.37
1385,20,241,2025-09-08,BUY,8025,3284.63,78193.93,26437349.68
1386,24,230,2025-09-08,BUY,11191,742.11,14758.24,8319711.25
1387,26,474,2025-09-08,BUY,114158,3241.66,1405659.66,371467081.94
1388,27,453,2025-09-08,BUY,415336,118.68,45274.46,49337350.94
1389,3,286,2025-09-09,BUY,50942,727.05,77120.54,37114501.64
1390,4,131,2025-09-09,BUY,22528,147.90,9440.08,3341331.28
1391,7,507,2025-09-09,SELL,139840,124.16,26899.98,17335634.42
1392,12,201,2025-09-09,SELL,2186,2146.80,22020.95,4670883.85
1393,14,120,2025-09-09,BUY,20716,678.86,10909.18,14074172.94
1394,18,326,2025-09-09,SELL,703689,327.58,578282.14,229936160.48
1395,23,317,2025-09-09,BUY,993381,305.81,725234.23,304511077.84
1396,24,432,2025-09-09,BUY,76919,309.58,42315.93,23854899.95
1397,26,38,2025-09-09,BUY,1073500,329.98,1345538.21,355579068.21
1398,27,287,2025-09-09,BUY,87438,633.58,50883.60,55449851.64
1399,4,505,2025-09-10,SELL,28002,285.38,22641.10,7968569.66
1400,5,385,2025-09-10,SELL,235359,302.61,338903.61,70883083.38
1401,11,199,2025-09-10,SELL,35367,394.74,45253.61,13915515.97
1402,12,414,2025-09-10,BUY,714,7510.91,25164.31,5387954.05
1403,17,169,2025-09-10,BUY,117497,290.47,119239.33,34248592.92
1404,18,500,2025-09-10,BUY,6968,812.55,14203.65,5676052.05
1405,20,241,2025-09-10,SELL,8891,3235.62,85339.42,28682558.00
1406,23,518,2025-09-10,BUY,35869130,11.87,1016441.35,426783014.45
1407,24,230,2025-09-10,BUY,8548,761.40,11565.77,6520012.97
1408,27,146,2025-09-10,BUY,147581,428.40,58070.57,63281770.97
1409,3,251,2025-09-11,SELL,156137,1054.27,342757.90,164267797.09
1410,9,315,2025-09-11,SELL,358488,102.61,30382.48,36754071.20
1411,11,103,2025-09-11,DIVIDEND,0,0.00,0.00,67910.45
1412,11,411,2025-09-11,SELL,3296,2685.45,28691.16,8822552.04
1413,14,103,2025-09-11,DIVIDEND,0,0.00,0.00,984747.38
1414,18,100,2025-09-11,BUY,26234,1015.13,66807.90,26697728.32
1415,19,517,2025-09-11,BUY,2746380,25.57,172691.25,70397627.85
1416,23,87,2025-09-11,BUY,32595,2378.72,185099.43,77719477.83
1417,23,103,2025-09-11,DIVIDEND,0,0.00,0.00,2307509.45
1418,24,432,2025-09-11,BUY,48910,313.86,27279.16,15378171.76
1419,26,322,2025-09-11,BUY,280331,521.52,555326.58,146753549.70
1420,27,318,2025-09-11,BUY,57124,988.13,51845.24,56497783.36
1421,2,479,2025-09-12,BUY,9149,797.77,23890.22,7322687.95
1422,3,286,2025-09-12,BUY,57490,756.72,90585.22,43594418.02
1423,4,65,2025-09-12,BUY,3898,2471.52,27295.49,9661280.45
1424,14,120,2025-09-12,BUY,22351,701.06,12155.09,15681547.15
1425,23,317,2025-09-12,SELL,229826,308.04,169011.80,70626589.24
1426,24,329,2025-09-12,BUY,37797,787.84,52916.69,29830905.17
1427,26,368,2025-09-12,BUY,185402,906.06,638083.83,168623419.95
1428,2,479,2025-09-15,SELL,18791,815.43,50153.97,15272591.16
1429,3,180,2025-09-15,BUY,281902,168.44,98871.97,47582444.85
1430,4,514,2025-09-15,BUY,93834,83.36,22161.69,7844163.93
1431,7,518,2025-09-15,SELL,5199012,11.68,94081.12,60630379.04
1432,11,519,2025-09-15,BUY,1967384,12.31,78503.87,24297000.91
1433,15,30,2025-09-15,BUY,39619,1023.00,147489.66,40677726.66
1434,16,520,2025-09-15,BUY,1691310,25.54,22024.71,43218082.11
1435,17,102,2025-09-15,BUY,44103,1018.45,156927.60,45073627.95
1436,24,166,2025-09-15,BUY,53300,218.51,20696.45,11667279.45
1437,26,131,2025-09-15,BUY,861721,156.43,512027.27,135311043.30
1438,27,131,2025-09-15,BUY,159088,155.74,22756.94,24799122.06
1439,1,160,2025-09-16,BUY,5504,1920.34,13530.93,10583082.29
1440,3,180,2025-09-16,SELL,445388,169.34,157046.36,75264957.56
1441,5,34,2025-09-16,BUY,11375,1506.35,81534.12,17216265.37
1442,7,521,2025-09-16,SELL,3884188,27.83,167475.88,107929476.16
1443,15,351,2025-09-16,DIVIDEND,0,0.00,0.00,1574818.81
1444,17,251,2025-09-16,BUY,65555,1104.33,252927.57,72647280.72
1445,19,517,2025-09-16,SELL,4148310,25.68,261966.16,106266634.64
1446,20,295,2025-09-16,SELL,26471,548.03,43034.45,14463867.68
1447,21,295,2025-09-16,BUY,3175,543.19,8499.79,1733128.04
1448,22,522,2025-09-16,SELL,8915886,12.99,282491.86,115534867.28
1449,24,432,2025-09-16,SELL,254152,335.08,151334.99,85009917.17
1450,26,195,2025-09-16,BUY,570175,233.34,505363.34,133549997.84
1451,27,181,2025-09-16,BUY,35218,784.55,25378.24,27655660.14
1452,2,287,2025-09-17,DIVIDEND,0,0.00,0.00,477784.77
1453,3,180,2025-09-17,BUY,319401,168.26,111904.35,53854316.61
1454,4,287,2025-09-17,DIVIDEND,0,0.00,0.00,346280.10
1455,5,385,2025-09-17,SELL,65599,318.45,99403.25,20790598.30
1456,6,516,2025-09-17,SELL,2532,1044.17,5103.60,2638734.84
1457,7,197,2025-09-17,DIVIDEND,0,0.00,0.00,1168310.59
1458,7,337,2025-09-17,BUY,11569,1121.13,20095.12,12990448.09
1459,11,287,2025-09-17,DIVIDEND,0,0.00,0.00,373276.48
1460,12,413,2025-09-17,BUY,6951,1237.51,40363.64,8642295.65
1461,16,449,2025-09-17,BUY,34688,511.43,9045.48,17749529.32
1462,18,502,2025-09-17,SELL,100944,658.08,166648.28,66262579.24
1463,20,287,2025-09-17,DIVIDEND,0,0.00,0.00,2201610.23
1464,23,34,2025-09-17,BUY,18825,1529.03,68716.61,28852706.36
1465,23,287,2025-09-17,DIVIDEND,0,0.00,0.00,2664117.13
1466,25,411,2025-09-17,BUY,22401,2980.03,94064.58,66849716.61
1467,26,195,2025-09-17,SELL,1133778,231.51,997020.64,261483924.14
1468,27,287,2025-09-17,DIVIDEND,0,0.00,0.00,798008.53
1469,27,399,2025-09-17,BUY,147649,611.73,82959.57,90404282.34
1470,3,48,2025-09-18,DIVIDEND,0,0.00,0.00,2173013.15
1471,3,111,2025-09-18,BUY,45736,517.28,49262.18,23707580.26
1472,4,399,2025-09-18,BUY,41140,579.59,67556.95,23911889.55
1473,23,522,2025-09-18,BUY,1680708,13.03,52281.43,21951906.67
1474,26,48,2025-09-18,DIVIDEND,0,0.00,0.00,2500787.55
1475,26,474,2025-09-18,SELL,36852,3642.15,509829.85,133710681.95
1476,27,46,2025-09-18,BUY,18173,1607.12,26825.70,29233017.46
1477,28,103,2025-09-18,BUY,147588,367.10,187679.96,54367234.76
1478,3,354,2025-09-19,SELL,155559,727.12,235521.76,112874538.32
1479,4,518,2025-09-19,BUY,1777938,11.86,59742.88,21146087.56
1480,6,522,2025-09-19,BUY,62858,12.94,1570.13,814952.65
1481,14,521,2025-09-19,SELL,1382530,27.96,29985.95,38625552.85
1482,17,413,2025-09-19,BUY,18276,1187.57,75828.39,21779857.71
1483,18,522,2025-09-19,SELL,7571059,13.03,247481.47,98403417.30
1484,20,29,2025-09-19,BUY,7679,2091.35,47640.13,16107116.78
1485,24,221,2025-09-19,SELL,15181,374.67,10107.57,5677757.70
1486,28,417,2025-09-19,BUY,73585,348.42,88812.65,25727298.35
1487,1,341,2025-09-22,SELL,2608,3326.80,11107.22,8665187.18
1488,2,515,2025-09-22,BUY,140502,80.72,37122.09,11378443.53
1489,4,131,2025-09-22,BUY,21321,172.16,10399.79,3681023.15
1490,15,324,2025-09-22,BUY,34297,768.27,95885.39,26445241.58
1491,17,316,2025-09-22,BUY,335323,156.11,182888.14,52530161.67
1492,18,519,2025-09-22,SELL,2386158,12.28,73508.78,29228511.46
1493,23,423,2025-09-22,BUY,20429,710.99,34675.39,14559490.10
1494,24,432,2025-09-22,SELL,282464,292.38,146760.13,82440064.19
1495,27,201,2025-09-22,BUY,13900,2155.66,27521.45,29991195.45
1496,1,521,2025-09-23,BUY,437036,27.97,15648.79,12239545.71
1497,2,479,2025-09-23,BUY,9100,827.29,24641.54,7552980.54
1498,4,399,2025-09-23,BUY,37188,555.38,58516.44,20711987.88
1499,6,411,2025-09-23,BUY,464,2755.99,2468.52,1281247.88
1500,7,4,2025-09-23,SELL,71725,944.11,104913.64,67611376.11
1501,16,87,2025-09-23,BUY,23020,2399.24,28160.81,55258665.61
1502,17,316,2025-09-23,BUY,369920,153.49,198371.54,56977392.34
1503,26,491,2025-09-23,BUY,112119,162.71,69294.67,18312177.16
1504,27,448,2025-09-23,BUY,103871,319.66,30497.12,33233900.98
1505,28,107,2025-09-23,BUY,292666,189.29,191903.29,55590650.43
1506,2,267,2025-09-24,SELL,8357,2336.52,63912.92,19462384.72
1507,3,286,2025-09-24,SELL,143552,750.98,224474.71,107580206.25
1508,4,499,2025-09-24,SELL,63479,316.20,56869.16,20015190.64
1509,5,17,2025-09-24,BUY,16910,774.14,62290.99,13152998.39
1510,9,407,2025-09-24,BUY,49230,876.46,35638.61,43183764.41
1511,14,468,2025-09-24,SELL,15214,1060.38,12514.43,16120106.89
1512,15,324,2025-09-24,BUY,22383,774.08,63050.21,17389282.85
1513,17,316,2025-09-24,SELL,1187301,155.55,645241.55,184039429.00
1514,27,285,2025-09-24,BUY,39523,328.82,11936.70,13007889.56
1515,28,264,2025-09-24,BUY,19432,1450.61,97645.14,28285898.66
1516,3,425,2025-09-25,BUY,44467,1530.00,141663.86,68176173.86
1517,7,41,2025-09-25,BUY,20021,866.36,26873.42,17372266.98
1518,12,397,2025-09-25,BUY,16540,613.01,47577.03,10186762.43
1519,13,518,2025-09-25,BUY,1121125,11.87,18222.15,13325975.90
1520,17,78,2025-09-25,BUY,48471,787.88,133423.87,38322755.35
1521,20,317,2025-09-25,BUY,27084,329.21,26450.10,8942773.74
1522,24,110,2025-09-25,BUY,204906,50.50,18388.38,10366141.38
1523,27,26,2025-09-25,BUY,98403,580.67,52482.43,57192152.44
1524,28,295,2025-09-25,BUY,71040,529.23,130235.65,37726734.85
1525,3,111,2025-09-26,BUY,33239,515.52,35679.87,17171049.15
1526,6,37,2025-09-26,BUY,1208,593.05,1382.93,717787.33
1527,12,414,2025-09-26,BUY,1042,8198.27,40085.22,8582682.56
1528,16,522,2025-09-26,SELL,31741605,12.93,209263.52,410209689.13
1529,17,226,2025-09-26,SELL,27338,1398.65,133587.94,38102705.76
1530,18,520,2025-09-26,BUY,913413,25.25,57858.90,23121537.15
1531,28,51,2025-09-26,BUY,18045,2279.95,142516.35,41284214.10
1532,3,138,2025-09-29,SELL,50136,528.02,55122.62,26417688.10
1533,4,166,2025-09-29,DIVIDEND,0,0.00,0.00,889281.09
1534,5,181,2025-09-29,SELL,160315,716.35,546463.97,114295186.28
1535,6,517,2025-09-29,BUY,109817,25.45,5395.09,2800237.74
1536,15,484,2025-09-29,BUY,4287,4535.83,70760.79,19515864.00
1537,17,251,2025-09-29,SELL,124232,1088.06,472256.34,134699613.58
1538,23,323,2025-09-29,BUY,12787,1547.76,47247.96,19838455.08
1539,24,166,2025-09-29,DIVIDEND,0,0.00,0.00,602773.37
1540,24,432,2025-09-29,BUY,327188,280.67,163188.92,91995044.88
1541,26,488,2025-09-29,BUY,1102706,67.79,283943.38,75036383.12
1542,27,245,2025-09-29,BUY,26708,961.57,23588.40,25705199.96
1543,28,443,2025-09-29,BUY,179774,183.21,114092.88,33050487.42
1544,2,136,2025-09-30,BUY,1118,10813.71,39571.75,12129299.53
1545,3,186,2025-09-30,SELL,256694,417.77,223296.94,107015755.44
1546,9,191,2025-09-30,BUY,369819,117.13,35778.01,43352677.48
1547,15,241,2025-09-30,BUY,15792,3407.87,195840.53,54012923.57
1548,17,251,2025-09-30,SELL,88651,1082.08,335146.34,95592327.74
1549,18,210,2025-09-30,SELL,51963,942.95,122920.56,48875590.29
1550,24,423,2025-09-30,SELL,54432,694.50,67177.50,37735846.50
1551,27,94,2025-09-30,BUY,44849,1027.78,42337.88,46137243.10
1552,28,393,2025-09-30,BUY,21565,1406.10,105038.41,30427584.91
1553,2,287,2025-10-01,BUY,13555,660.72,29314.72,8985374.32
1554,3,388,2025-10-01,SELL,214891,702.63,314394.34,150674468.99
1555,5,423,2025-10-01,BUY,58937,718.69,201554.14,42558986.67
1556,6,9,2025-10-01,BUY,264,2704.67,1378.35,715411.23
1557,7,513,2025-10-01,SELL,551180,121.07,103387.68,66627974.92
1558,11,492,2025-10-01,BUY,4750,540.27,8318.56,2574601.06
1559,12,219,2025-10-01,SELL,1922,2053.08,18516.27,3927503.49
1560,14,411,2025-10-01,BUY,8827,2834.43,19408.19,25038921.80
1561,17,78,2025-10-01,SELL,519010,795.35,1442199.99,411352403.51
1562,19,516,2025-10-01,SELL,56262,1046.48,144785.50,58732272.26
1563,24,423,2025-10-01,BUY,11839,714.56,15033.19,8474709.03
1564,27,42,2025-10-01,BUY,26362,1156.09,27992.79,30504837.37
1565,28,426,2025-10-01,BUY,156920,284.42,154604.07,44785790.47
1566,2,521,2025-10-03,BUY,448947,27.69,40689.91,12472032.34
1567,3,111,2025-10-03,SELL,178236,511.04,189661.91,90896063.53
1568,4,517,2025-10-03,SELL,1080968,25.65,78557.03,27648272.17
1569,11,518,2025-10-03,BUY,845984,11.81,32385.90,10023456.94
1570,14,398,2025-10-03,SELL,12028,1771.13,16525.32,21286626.32
1571,23,323,2025-10-03,SELL,45506,1551.60,168561.81,70438547.79
1572,24,446,2025-10-03,SELL,103832,636.38,117420.81,65959187.35
1573,26,16,2025-10-03,BUY,100461,155.62,59383.98,15693124.80
1574,27,10,2025-10-03,BUY,27501,904.62,22850.24,24900804.86
1575,28,326,2025-10-03,BUY,204376,342.37,242386.31,70214597.43
1576,1,520,2025-10-06,SELL,768424,25.17,24760.27,19316471.81
1577,2,28,2025-10-06,DIVIDEND,0,0.00,0.00,609385.73
1578,3,180,2025-10-06,SELL,384550,169.87,136018.91,65187489.59
1579,5,34,2025-10-06,DIVIDEND,0,0.00,0.00,2853564.91
1580,7,34,2025-10-06,DIVIDEND,0,0.00,0.00,3514776.17
1581,7,511,2025-10-06,BUY,323247,104.54,52354.72,33844596.10
1582,8,28,2025-10-06,DIVIDEND,0,0.00,0.00,81938.85
1583,8,34,2025-10-06,DIVIDEND,0,0.00,0.00,87118.72
1584,8,43,2025-10-06,SELL,3278,1947.56,14599.36,6369502.32
1585,10,34,2025-10-06,DIVIDEND,0,0.00,0.00,1707950.81
1586,10,325,2025-10-06,BUY,91268,229.14,68500.97,20981650.49
1587,17,78,2025-10-06,BUY,340041,770.46,915319.80,262903308.66
1588,20,34,2025-10-06,DIVIDEND,0,0.00,0.00,1081182.75
1589,23,34,2025-10-06,DIVIDEND,0,0.00,0.00,3171855.38
1590,24,110,2025-10-06,SELL,432879,48.15,37039.07,20806084.78
1591,28,362,2025-10-06,BUY,43118,877.45,131057.98,37964947.08
1592,2,519,2025-10-07,BUY,1461035,12.40,59299.50,18176133.50
1593,3,186,2025-10-07,BUY,131092,404.51,110416.82,53138441.74
1594,5,203,2025-10-07,BUY,161882,573.94,442106.76,93352661.84
1595,6,520,2025-10-07,BUY,105065,25.39,5149.47,2672749.82
1596,24,110,2025-10-07,BUY,424322,47.88,36103.31,20352640.67
1597,26,437,2025-10-07,BUY,47892,785.64,142919.97,37768790.85
1598,28,289,2025-10-07,BUY,23401,1180.75,95713.86,27726444.61
1599,1,423,2025-10-08,BUY,25393,725.69,23590.45,18451036.62
1600,3,48,2025-10-08,BUY,76491,738.21,117576.37,56583997.48
1601,4,61,2025-10-08,BUY,35256,501.87,50131.32,17744060.04
1602,8,61,2025-10-08,BUY,4551,497.42,5176.83,2268935.25
1603,8,189,2025-10-08,DIVIDEND,0,0.00,0.00,42322.75
1604,9,407,2025-10-08,BUY,32221,887.86,23628.84,28631365.90
1605,12,189,2025-10-08,DIVIDEND,0,0.00,0.00,155945.08
1606,13,521,2025-10-08,SELL,401111,27.66,15191.88,11079538.38
1607,17,368,2025-10-08,BUY,48656,964.54,163963.86,47094622.10
1608,18,92,2025-10-08,BUY,68514,1355.23,232934.58,93085162.80
1609,24,255,2025-10-08,SELL,21038,498.59,18639.98,10470696.44
1610,26,342,2025-10-08,SELL,240812,170.95,156370.06,41010441.34
1611,28,145,2025-10-08,BUY,110730,403.22,154664.22,44803214.82
1612,2,398,2025-10-09,BUY,2324,1973.40,15011.36,4601192.96
1613,3,286,2025-10-09,SELL,52554,793.47,86829.26,41613193.12
1614,7,515,2025-10-09,BUY,393638,77.71,47392.84,30637001.82
1615,16,517,2025-10-09,SELL,5698837,25.55,74240.91,145531044.44
1616,17,226,2025-10-09,SELL,19851,1659.27,115077.63,32823091.14
1617,20,34,2025-10-09,BUY,11300,1554.83,52119.82,17621698.82
1618,22,515,2025-10-09,BUY,568724,77.38,107340.24,44115203.36
1619,24,423,2025-10-09,BUY,9515,757.28,12804.50,7218323.70
1620,28,115,2025-10-09,BUY,1334077,28.11,129904.51,37630808.98
1621,28,417,2025-10-09,DIVIDEND,0,0.00,0.00,336149.61
1622,2,414,2025-10-10,DIVIDEND,0,0.00,0.00,309190.50
1623,3,56,2025-10-10,BUY,339044,464.35,327816.88,157762898.28
1624,4,30,2025-10-10,SELL,29218,1063.73,88057.58,30992005.56
1625,7,23,2025-10-10,SELL,22182,2025.38,69605.90,44857373.26
1626,8,414,2025-10-10,DIVIDEND,0,0.00,0.00,56282.27
1627,9,315,2025-10-10,BUY,324274,101.61,27214.94,32976696.08
1628,10,60,2025-10-10,BUY,14188,2344.38,108949.81,33371013.25
1629,12,414,2025-10-10,DIVIDEND,0,0.00,0.00,206762.10
1630,17,368,2025-10-10,BUY,48238,958.99,161619.91,46421379.53
1631,19,517,2025-10-10,BUY,2297846,25.69,145165.69,59176829.43
1632,20,411,2025-10-10,BUY,6684,2941.36,58321.16,19718371.40
1633,2,515,2025-10-13,BUY,238835,76.74,59991.33,18388189.23
1634,4,484,2025-10-13,DIVIDEND,0,0.00,0.00,113124.08
1635,7,520,2025-10-13,BUY,2114916,25.17,82473.64,53314909.36
1636,15,484,2025-10-13,DIVIDEND,0,0.00,0.00,875763.72
1637,25,484,2025-10-13,DIVIDEND,0,0.00,0.00,1293418.20
1638,28,306,2025-10-13,BUY,22984,1195.83,95208.90,27580165.62
1639,1,241,2025-10-14,SELL,9627,3629.84,44735.22,34899734.46
1640,2,28,2025-10-14,SELL,37587,1610.90,198186.92,60350711.38
1641,3,56,2025-10-14,SELL,171813,473.57,169422.08,81196060.33
1642,9,222,2025-10-14,BUY,21977,1000.91,18168.63,22015167.70
1643,10,521,2025-10-14,BUY,630061,27.43,56609.03,17339182.26
1644,16,522,2025-10-14,BUY,31087887,13.11,207806.93,407770005.50
1645,17,226,2025-10-14,SELL,100960,1622.65,572355.25,163250388.75
1646,20,383,2025-10-14,SELL,85735,1032.75,262660.59,88280160.66
1647,24,172,2025-10-14,SELL,3109,2845.28,15719.66,8830255.86
1648,28,184,2025-10-14,BUY,335017,181.58,210725.62,61043112.48
1649,3,186,2025-10-15,BUY,79884,452.48,75264.29,36221176.61
1650,4,287,2025-10-15,BUY,7608,771.40,16627.81,5885439.01
1651,19,519,2025-10-15,SELL,2584014,12.30,78158.99,31705213.21
1652,3,186,2025-10-16,BUY,86864,469.72,84958.86,40886716.94
1653,14,398,2025-10-16,BUY,2835,1936.71,4259.16,5494832.01
1654,16,87,2025-10-16,BUY,14769,2437.64,18356.37,36019861.53
1655,17,251,2025-10-16,SELL,44964,1196.18,187911.32,53597126.20
1656,18,326,2025-10-16,BUY,677199,334.87,568897.71,227342526.84
1657,21,516,2025-10-16,BUY,3957,1045.83,20395.76,4158745.07
1658,24,253,2025-10-16,BUY,56381,753.45,75489.15,42555753.60
1659,28,422,2025-10-16,BUY,1371853,51.97,246969.19,71542169.60
1660,1,520,2025-10-17,SELL,808723,25.64,26545.38,20709112.34
1661,3,48,2025-10-17,SELL,300419,690.63,432018.79,207046355.18
1662,5,178,2025-10-17,BUY,20988,2962.66,295879.57,62476187.65
1663,6,518,2025-10-17,SELL,177541,11.76,4030.40,2083851.76
1664,7,513,2025-10-17,BUY,334635,115.62,59943.64,38750442.34
1665,9,313,2025-10-17,BUY,58886,1307.89,63612.45,77080022.99
1666,13,468,2025-10-17,SELL,5950,1085.59,8844.59,6450415.91
1667,14,522,2025-10-17,BUY,1690417,12.99,17033.70,21975550.53
1668,17,485,2025-10-17,BUY,72827,743.32,189129.69,54322895.33
1669,20,9,2025-10-17,SELL,27643,2831.71,232207.11,78044752.42
1670,24,423,2025-10-17,SELL,29811,745.78,39507.96,22192939.62
1671,27,325,2025-10-17,SELL,42405,242.10,9429.49,10256821.01
1672,28,78,2025-10-17,BUY,70607,828.19,202563.05,58678574.38
1673,3,56,2025-10-20,BUY,40355,500.93,42092.45,20257122.60
1674,4,464,2025-10-20,BUY,50785,409.53,58925.87,20856906.92
1675,7,481,2025-10-20,BUY,36137,1182.10,66182.80,42783730.50
1676,8,150,2025-10-20,SELL,4737,764.26,8279.01,3612020.61
1677,9,236,2025-10-20,BUY,98504,232.13,18886.17,22884619.69
1678,14,517,2025-10-20,SELL,2608882,25.85,52314.38,67387285.32
1679,17,485,2025-10-20,BUY,138610,727.18,352150.22,101146570.02
1680,20,463,2025-10-20,SELL,30686,1792.78,163195.75,54850051.33
1681,23,446,2025-10-20,BUY,33445,641.84,51247.04,21517585.84
1682,24,172,2025-10-20,DIVIDEND,0,0.00,0.00,93577.67
1683,24,221,2025-10-20,BUY,12753,422.63,9577.89,5399378.28
1684,28,138,2025-10-20,BUY,93664,559.94,181675.63,52627895.79
1685,28,172,2025-10-20,DIVIDEND,0,0.00,0.00,112067.39
1686,2,383,2025-10-23,BUY,15134,1054.04,52213.11,16004054.47
1687,3,251,2025-10-23,SELL,46335,1167.94,112683.28,54003816.62
1688,4,515,2025-10-23,SELL,164000,76.07,35346.15,12440133.85
1689,5,181,2025-10-23,BUY,149429,775.20,551201.97,116388562.77
1690,7,516,2025-10-23,SELL,52929,1056.06,86600.64,55809599.10
1691,10,341,2025-10-23,BUY,5397,4058.54,71746.31,21975686.69
1692,14,301,2025-10-23,SELL,12325,2383.37,22786.86,29352248.39
1693,15,261,2025-10-23,BUY,46794,1618.86,275665.16,76028600.00
1694,16,138,2025-10-23,BUY,75050,547.24,20940.87,41091302.87
1695,17,368,2025-10-23,BUY,57087,1027.01,204834.62,58833754.49
1696,24,198,2025-10-23,BUY,262835,93.23,43544.79,24547651.84
1697,28,172,2025-10-23,BUY,14789,2841.74,145581.31,42172074.17
1698,1,516,2025-10-24,BUY,14746,1051.43,19848.41,15524235.19
1699,4,399,2025-10-24,BUY,21233,580.19,34903.30,12354077.57
1700,5,385,2025-10-24,SELL,50965,267.38,64842.99,13562178.71
1701,7,4,2025-10-24,SELL,58962,942.70,86116.13,55497361.27
1702,7,116,2025-10-24,DIVIDEND,0,0.00,0.00,2248317.87
1703,8,27,2025-10-24,DIVIDEND,0,0.00,0.00,42785.24
1704,8,480,2025-10-24,BUY,214,5830.48,2853.33,1250576.05
1705,11,301,2025-10-24,BUY,1123,2378.18,8657.02,2679353.16
1706,12,86,2025-10-24,BUY,1815,1386.68,11809.93,2528634.13
1707,13,317,2025-10-24,SELL,32480,350.49,15587.86,11368327.34
1708,17,368,2025-10-24,SELL,136707,1025.16,489636.61,139656911.51
1709,18,520,2025-10-24,BUY,1829280,26.05,119544.49,47772288.49
1710,20,116,2025-10-24,DIVIDEND,0,0.00,0.00,886206.30
1711,23,446,2025-10-24,BUY,16887,649.29,26175.92,10990736.15
1712,24,221,2025-10-24,SELL,15656,410.87,11430.96,6421149.76
1713,26,451,2025-10-24,SELL,286878,296.45,323039.08,84721944.02
1714,28,21,2025-10-24,BUY,109657,234.51,89080.00,25804743.07
1715,3,425,2025-10-27,SELL,227776,1663.02,788742.48,378007301.04
1716,7,369,2025-10-27,BUY,2761,6626.82,28347.21,18324997.23
1717,13,521,2025-10-27,BUY,103846,28.25,4017.01,2937666.51
1718,17,368,2025-10-27,SELL,154449,1018.38,549523.71,156738248.91
1719,18,277,2025-10-27,BUY,15777,2235.09,88462.88,35351477.81
1720,24,110,2025-10-27,SELL,392574,52.42,36569.23,20542159.85
1721,25,128,2025-10-27,BUY,21588,2580.42,78494.80,55784601.76
1722,26,451,2025-10-27,SELL,180436,290.73,199259.67,52258898.61
1723,28,417,2025-10-27,BUY,22130,337.61,25880.89,7497190.19
1724,2,324,2025-10-28,SELL,34309,825.76,92732.22,28238267.62
1725,3,180,2025-10-28,BUY,252066,178.99,93944.82,45211238.16
1726,7,522,2025-10-28,SELL,1229740,12.94,24653.94,15888181.66
1727,9,4,2025-10-28,BUY,102266,972.66,82158.25,99552205.81
1728,11,287,2025-10-28,BUY,5815,750.76,14151.25,4379820.65
1729,18,136,2025-10-28,BUY,1891,12419.86,58918.25,23544873.51
1730,24,423,2025-10-28,BUY,13009,756.79,17495.11,9862576.22
1731,1,301,2025-10-29,SELL,4503,2325.51,13405.76,10458365.77
1732,2,324,2025-10-29,BUY,9472,864.82,26812.43,8218387.47
1733,3,388,2025-10-29,BUY,206372,690.44,296692.46,142784176.14
1734,4,517,2025-10-29,SELL,591150,25.51,42726.08,15037510.42
1735,7,515,2025-10-29,BUY,465466,77.62,55975.81,36185446.73
1736,11,60,2025-10-29,SELL,2640,2366.59,20252.14,6227545.46
1737,15,43,2025-10-29,BUY,18279,1986.09,132109.42,36435848.53
1738,17,413,2025-10-29,SELL,44118,1126.97,173707.93,49545954.53
1739,18,512,2025-10-29,BUY,807877,77.33,156723.78,62629852.19
1740,20,362,2025-10-29,BUY,10849,907.23,29197.70,9871735.97
1741,24,446,2025-10-29,BUY,104073,638.09,118009.60,66525950.17
1742,27,245,2025-10-29,BUY,3444,993.81,3143.71,3425825.35
1743,28,107,2025-10-29,BUY,56193,230.28,44825.06,12984949.10
1744,3,180,2025-10-30,BUY,699217,194.58,283295.70,136336939.56
1745,4,371,2025-10-30,DIVIDEND,0,0.00,0.00,481504.43
1746,8,61,2025-10-30,SELL,4754,499.77,5433.30,2370473.28
1747,12,371,2025-10-30,DIVIDEND,0,0.00,0.00,182648.08
1748,12,375,2025-10-30,DIVIDEND,0,0.00,0.00,246718.55
1749,16,227,2025-10-30,BUY,112883,325.29,18722.57,36738433.64
1750,17,169,2025-10-30,BUY,330816,273.61,316235.01,90830800.77
1751,19,517,2025-10-30,SELL,3565857,25.53,223868.87,90812460.34
1752,21,517,2025-10-30,BUY,63935,25.92,8167.45,1665362.65
1753,23,519,2025-10-30,BUY,519513,12.52,15527.86,6519830.62
1754,27,318,2025-10-30,SELL,11767,1042.75,11269.95,12258769.30
1755,28,115,2025-10-30,BUY,491663,24.93,42459.25,12299617.84
1756,3,354,2025-10-31,BUY,145971,787.90,239479.03,115250029.93
1757,4,517,2025-10-31,SELL,128589,25.53,9301.21,3273575.96
1758,16,391,2025-10-31,BUY,67115,582.61,19937.18,39121807.33
1759,17,21,2025-10-31,BUY,267034,236.38,220530.55,63342027.47
1760,28,103,2025-10-31,SELL,39724,438.81,60382.62,17370905.82
1761,1,520,2025-11-03,BUY,1309651,26.23,43976.94,34396122.67
1762,3,148,2025-11-03,BUY,802180,515.00,860218.66,413982918.66
1763,4,499,2025-11-03,BUY,26426,333.04,24935.19,8825850.23
1764,10,199,2025-11-03,BUY,24313,442.18,35213.97,10785936.31
1765,18,520,2025-11-03,BUY,2845375,25.88,184733.40,73823038.40
1766,19,449,2025-11-03,BUY,74698,541.55,99477.88,40552179.78
1767,24,329,2025-11-03,SELL,45438,1029.07,83092.43,46675790.23
1768,25,520,2025-11-03,SELL,4718853,26.20,174211.09,123459737.51
1769,28,184,2025-11-03,BUY,65979,176.94,40440.29,11714764.55
1770,2,518,2025-11-04,SELL,264651,11.95,10351.66,3152227.79
1771,3,56,2025-11-04,BUY,54683,470.07,53523.52,25758361.33
1772,4,484,2025-11-04,SELL,1379,4722.42,18450.74,6493766.44
1773,6,321,2025-11-04,BUY,1716,224.03,742.10,385177.58
1774,7,51,2025-11-04,DIVIDEND,0,0.00,0.00,2256522.47
1775,7,512,2025-11-04,BUY,265976,78.88,32504.85,21012691.73
1776,8,480,2025-11-04,DIVIDEND,0,0.00,0.00,191601.80
1777,9,1,2025-11-04,BUY,139753,302.32,34896.90,42285023.86
1778,10,480,2025-11-04,DIVIDEND,0,0.00,0.00,1096149.58
1779,10,520,2025-11-04,SELL,3810004,26.06,325219.92,98963484.32
1780,16,480,2025-11-04,DIVIDEND,0,0.00,0.00,1991878.22
1781,17,78,2025-11-04,BUY,68398,834.15,199332.92,57253524.62
1782,21,518,2025-11-04,BUY,680003,11.91,39914.93,8138750.66
1783,22,509,2025-11-04,BUY,397083,124.66,120737.09,49621103.87
1784,23,480,2025-11-04,DIVIDEND,0,0.00,0.00,5458739.06
1785,24,110,2025-11-04,SELL,305787,51.46,27963.15,15707835.87
1786,28,51,2025-11-04,DIVIDEND,0,0.00,0.00,410080.55
1787,28,426,2025-11-04,BUY,41161,254.34,36264.61,10505153.35
1788,2,62,2025-11-06,SELL,40089,527.79,69255.64,21089317.67
1789,3,286,2025-11-06,SELL,74460,888.84,137808.63,66045217.77
1790,9,330,2025-11-06,BUY,27024,599.63,13384.18,16217785.30
1791,11,103,2025-11-06,DIVIDEND,0,0.00,0.00,87304.79
1792,12,375,2025-11-06,BUY,3744,1583.31,27816.09,5955728.73
1793,14,103,2025-11-06,DIVIDEND,0,0.00,0.00,1265978.37
1794,14,411,2025-11-06,BUY,9063,2919.77,20527.06,26482402.57
1795,18,8,2025-11-06,SELL,4403,8806.48,97273.08,38677658.36
1796,23,103,2025-11-06,DIVIDEND,0,0.00,0.00,2966504.00
1797,24,423,2025-11-06,BUY,19957,736.74,26128.04,14729248.22
1798,26,45,2025-11-06,SELL,260284,547.44,541240.60,141948632.36
1799,27,325,2025-11-06,BUY,28156,233.90,6048.91,6591737.31
1800,28,103,2025-11-06,DIVIDEND,0,0.00,0.00,605714.51
1801,2,28,2025-11-07,BUY,29553,1696.07,164064.30,50288021.01
1802,3,138,2025-11-07,BUY,179444,527.85,197228.32,94916743.72
1803,5,385,2025-11-07,BUY,93772,265.92,118655.07,25054505.31
1804,12,295,2025-11-07,BUY,8130,546.12,20834.01,4460789.61
1805,15,261,2025-11-07,DIVIDEND,0,0.00,0.00,2185589.12
1806,16,517,2025-11-07,BUY,5542674,25.91,73223.90,143683907.24
1807,17,368,2025-11-07,SELL,78067,1055.64,287921.97,82122725.91
1808,23,517,2025-11-07,SELL,1820043,25.86,112362.38,46953949.60
1809,24,172,2025-11-07,SELL,3683,3001.50,19644.34,11034880.16
1810,28,393,2025-11-07,SELL,10536,1516.62,55352.22,15923756.10
1811,2,513,2025-11-10,BUY,189938,125.70,78147.64,23953354.24
1812,6,90,2025-11-10,DIVIDEND,0,0.00,0.00,56375.52
1813,6,519,2025-11-10,BUY,135169,12.59,3285.07,1705062.78
1814,7,8,2025-11-10,BUY,7379,8738.27,99899.15,64579593.48
1815,15,484,2025-11-10,BUY,4398,4811.41,77003.42,21237584.60
1816,17,120,2025-11-10,BUY,50223,756.62,132761.44,38132487.70
1817,23,90,2025-11-10,DIVIDEND,0,0.00,0.00,1050519.27
1818,28,422,2025-11-10,BUY,224255,51.45,39967.78,11577887.53
1819,28,443,2025-11-10,DIVIDEND,0,0.00,0.00,513027.08
1820,29,521,2025-11-10,BUY,2620084,27.91,140945.09,73267489.53
1821,4,30,2025-11-11,SELL,26025,1093.81,80652.43,28385752.82
1822,5,165,2025-11-11,DIVIDEND,0,0.00,0.00,3499547.39
1823,9,240,2025-11-11,DIVIDEND,0,0.00,0.00,1080941.48
1824,16,165,2025-11-11,DIVIDEND,0,0.00,0.00,1085627.35
1825,16,207,2025-11-11,SELL,3805,4999.07,9698.62,19011762.73
1826,18,519,2025-11-11,SELL,2524832,12.47,78984.26,31405670.78
1827,22,522,2025-11-11,SELL,1764659,13.18,56729.44,23201476.18
1828,28,295,2025-11-11,BUY,7651,535.12,14182.47,4108385.59
1829,29,220,2025-11-11,BUY,75293,307.57,44634.79,23202502.80
1830,30,273,2025-11-11,BUY,112227,656.27,155480.90,73806694.19
1831,2,324,2025-11-12,BUY,16763,806.32,44241.31,13560583.47
1832,3,388,2025-11-12,BUY,41621,712.30,61731.28,29708369.58
1833,5,17,2025-11-12,BUY,28059,788.30,105250.90,22224160.60
1834,7,519,2025-11-12,BUY,1324700,12.43,25511.00,16491532.00
1835,10,199,2025-11-12,DIVIDEND,0,0.00,0.00,1019620.26
1836,10,516,2025-11-12,BUY,15951,1051.50,54938.21,16827414.71
1837,11,199,2025-11-12,DIVIDEND,0,0.00,0.00,223731.58
1838,15,324,2025-11-12,BUY,45830,794.26,132463.12,36533398.92
1839,17,102,2025-11-12,BUY,34125,1022.76,121937.66,35023622.66
1840,28,78,2025-11-12,BUY,20307,853.89,60066.20,17400010.43
1841,29,517,2025-11-12,BUY,3842413,25.72,190480.23,99017342.59
1842,30,413,2025-11-12,BUY,47463,1153.95,115621.69,54885550.54
1843,2,414,2025-11-13,BUY,3077,8851.57,89149.02,27325429.91
1844,3,48,2025-11-13,BUY,261302,767.73,417715.94,201027100.40
1845,7,520,2025-11-13,SELL,4873066,26.22,197958.34,127573832.18
1846,11,199,2025-11-13,SELL,29294,475.22,45125.01,13875969.67
1847,16,68,2025-11-13,SELL,25964,947.64,12545.30,24591979.66
1848,17,251,2025-11-13,BUY,62551,1182.76,258477.27,74241298.03
1849,20,463,2025-11-13,SELL,12680,1839.24,69182.97,23252380.23
1850,24,255,2025-11-13,BUY,11377,500.32,10115.16,5702255.80
1851,30,51,2025-11-13,BUY,48356,2496.48,254844.70,120974631.58
1852,2,28,2025-11-14,DIVIDEND,0,0.00,0.00,505216.11
1853,4,421,2025-11-14,SELL,124932,189.41,67044.24,23596325.88
1854,5,178,2025-11-14,SELL,54091,3001.30,772496.51,161570821.79
1855,8,28,2025-11-14,DIVIDEND,0,0.00,0.00,86399.43
1856,8,366,2025-11-14,DIVIDEND,0,0.00,0.00,61454.16
1857,9,366,2025-11-14,DIVIDEND,0,0.00,0.00,1026407.89
1858,11,60,2025-11-14,SELL,6843,2322.20,51509.82,15839304.78
1859,13,362,2025-11-14,SELL,22924,913.40,28671.22,20910110.38
1860,15,366,2025-11-14,DIVIDEND,0,0.00,0.00,644208.93
1861,17,78,2025-11-14,BUY,65987,853.00,196652.24,56483563.24
1862,24,41,2025-11-14,SELL,151747,1013.49,273298.28,153520768.75
1863,25,518,2025-11-14,SELL,9916222,12.00,167673.93,118826990.07
1864,27,325,2025-11-14,SELL,31088,252.59,7212.49,7845305.43
1865,30,234,2025-11-14,BUY,37033,1426.15,111493.94,52926106.89
1866,1,423,2025-11-17,BUY,16467,733.82,15469.46,12099283.40
1867,3,48,2025-11-17,SELL,103629,722.90,155987.33,74757416.77
1868,7,381,2025-11-17,DIVIDEND,0,0.00,0.00,1044086.11
1869,10,68,2025-11-17,BUY,13701,955.75,42891.76,13137622.51
1870,14,517,2025-11-17,BUY,891484,25.73,17793.42,22955676.74
1871,17,78,2025-11-17,SELL,474426,868.48,1439526.88,410589965.60
1872,18,38,2025-11-17,SELL,150010,336.84,126760.96,50402607.44
1873,24,172,2025-11-17,BUY,2230,2903.71,11506.82,6486780.12
1874,26,406,2025-11-17,SELL,47956,2013.13,366708.64,96174953.64
1875,27,10,2025-11-17,SELL,6605,888.46,5389.98,5862888.32
1876,28,289,2025-11-17,BUY,4687,1215.19,19729.75,5715325.28
1877,29,518,2025-11-17,BUY,6392459,12.05,148466.99,77177597.94
1878,2,398,2025-11-18,DIVIDEND,0,0.00,0.00,1022439.91
1879,2,513,2025-11-18,BUY,87098,126.24,35989.34,11031240.86
1880,4,166,2025-11-18,BUY,104167,253.81,74907.23,26513533.50
1881,6,398,2025-11-18,DIVIDEND,0,0.00,0.00,84439.08
1882,7,23,2025-11-18,BUY,10869,2008.53,33822.58,21864535.15
1883,12,397,2025-11-18,DIVIDEND,0,0.00,0.00,307429.12
1884,14,398,2025-11-18,DIVIDEND,0,0.00,0.00,546092.50
1885,15,397,2025-11-18,DIVIDEND,0,0.00,0.00,839811.83
1886,16,418,2025-11-18,BUY,61659,804.81,25302.07,49649081.86
1887,17,368,2025-11-18,BUY,53853,991.90,186624.76,53603415.46
1888,18,521,2025-11-18,BUY,1121183,27.78,78135.86,31224599.60
1889,19,397,2025-11-18,DIVIDEND,0,0.00,0.00,1377195.25
1890,20,220,2025-11-18,SELL,116919,302.71,104991.33,35287559.16
1891,24,41,2025-11-18,BUY,108811,1050.31,203089.57,114488370.98
1892,27,318,2025-11-18,SELL,13413,991.02,12209.12,13280342.14
1893,28,289,2025-11-18,SELL,7253,1192.83,29969.45,8621626.54
1894,29,522,2025-11-18,BUY,5065548,13.10,127900.62,66486579.42
1895,30,370,2025-11-18,BUY,105803,395.23,88276.49,41904796.18
1896,1,439,2025-11-19,SELL,13923,1637.02,29178.16,22763051.30
1897,2,414,2025-11-19,BUY,1692,8552.16,47363.62,14517618.34
1898,3,425,2025-11-19,BUY,128188,1607.35,429029.96,206472011.76
1899,4,515,2025-11-19,BUY,189395,79.36,42584.84,15072972.04
1900,5,446,2025-11-19,DIVIDEND,0,0.00,0.00,2349730.58
1901,6,446,2025-11-19,DIVIDEND,0,0.00,0.00,26069.70
1902,14,411,2025-11-19,BUY,5597,2911.46,12640.73,16308082.35
1903,14,446,2025-11-19,DIVIDEND,0,0.00,0.00,1411260.47
1904,15,473,2025-11-19,SELL,68231,793.03,196903.65,53912326.28
1905,17,251,2025-11-19,SELL,72111,1172.67,295439.67,84266966.70
1906,23,446,2025-11-19,DIVIDEND,0,0.00,0.00,1480891.54
1907,24,446,2025-11-19,BUY,29967,674.71,35930.04,20254964.61
1908,24,446,2025-11-19,DIVIDEND,0,0.00,0.00,1046222.26
1909,28,115,2025-11-19,SELL,544362,22.96,43295.44,12455256.08
1910,30,101,2025-11-19,BUY,93537,539.71,106571.49,50589425.76
1911,3,48,2025-11-20,SELL,82221,769.40,131723.95,63129113.45
1912,11,520,2025-11-20,BUY,360123,26.14,30514.08,9444129.30
1913,21,295,2025-11-20,BUY,7278,542.35,19453.80,3966677.10
1914,22,504,2025-11-20,BUY,1798515,26.43,115942.73,47650694.18
1915,24,423,2025-11-20,SELL,37923,747.38,50366.47,28292525.27
1916,26,131,2025-11-20,BUY,184167,210.72,147408.98,38955079.22
1917,29,384,2025-11-20,BUY,63999,626.60,77292.70,40179066.10
1918,30,352,2025-11-20,BUY,29539,2783.23,173556.96,82387387.93
1919,2,324,2025-11-21,BUY,13548,808.98,35874.16,10995935.20
1920,3,286,2025-11-21,BUY,158825,961.41,317948.88,153013892.13
1921,11,519,2025-11-21,BUY,619980,12.61,25341.75,7843289.55
1922,15,413,2025-11-21,BUY,26169,1077.09,102570.28,28288938.49
1923,24,412,2025-11-21,BUY,40025,444.83,31639.00,17835959.75
1924,28,184,2025-11-21,SELL,216157,192.31,143997.07,41425155.60
1925,30,373,2025-11-21,BUY,227539,294.19,141312.60,67081011.01
1926,3,148,2025-11-24,SELL,132282,429.76,118374.06,56731138.26
1927,5,17,2025-11-24,BUY,41652,757.63,150160.30,31706965.06
1928,7,463,2025-11-24,BUY,12615,1834.07,35846.11,23172639.16
1929,8,86,2025-11-24,DIVIDEND,0,0.00,0.00,79903.05
1930,10,276,2025-11-24,SELL,13533,4677.60,207345.42,63094615.38
1931,12,86,2025-11-24,DIVIDEND,0,0.00,0.00,139661.60
1932,13,317,2025-11-24,DIVIDEND,0,0.00,0.00,352341.51
1933,13,522,2025-11-24,BUY,1400842,13.16,25242.94,18460323.66
1934,17,78,2025-11-24,BUY,316594,827.52,915319.37,262903186.25
1935,18,277,2025-11-24,SELL,31014,1981.16,154141.28,61289554.96
1936,18,317,2025-11-24,DIVIDEND,0,0.00,0.00,565436.95
1937,20,317,2025-11-24,DIVIDEND,0,0.00,0.00,1061700.08
1938,23,317,2025-11-24,DIVIDEND,0,0.00,0.00,2744077.69
1939,24,110,2025-11-24,SELL,221584,51.37,20227.64,11362542.44
1940,24,221,2025-11-24,DIVIDEND,0,0.00,0.00,261973.00
1941,28,417,2025-11-24,DIVIDEND,0,0.00,0.00,440337.13
1942,30,221,2025-11-24,DIVIDEND,0,0.00,0.00,726136.20
1943,30,470,2025-11-24,BUY,106493,389.82,87635.96,41600737.22
1944,1,241,2025-11-25,SELL,11269,3531.53,50947.10,39745864.47
1945,6,519,2025-11-25,BUY,173207,12.55,4196.15,2177944.00
1946,7,51,2025-11-25,BUY,10133,2455.39,38547.60,24919014.47
1947,7,337,2025-11-25,DIVIDEND,0,0.00,0.00,790598.70
1948,8,480,2025-11-25,DIVIDEND,0,0.00,0.00,183190.04
1949,10,480,2025-11-25,DIVIDEND,0,0.00,0.00,1048026.12
1950,12,295,2025-11-25,BUY,8721,520.12,21284.53,4557251.05
1951,16,480,2025-11-25,DIVIDEND,0,0.00,0.00,1904430.24
1952,17,102,2025-11-25,SELL,58836,1001.97,205963.06,58745943.86
1953,19,140,2025-11-25,SELL,21059,1496.31,77488.69,31433303.60
1954,23,480,2025-11-25,DIVIDEND,0,0.00,0.00,5219088.01
1955,24,255,2025-11-25,SELL,33126,463.48,27283.33,15325955.15
1956,26,474,2025-11-25,BUY,18551,3420.27,241009.46,63690438.23
1957,27,448,2025-11-25,BUY,24389,308.00,6899.55,7518711.55
1958,28,107,2025-11-25,BUY,38479,206.66,27546.26,7979616.40
1959,29,519,2025-11-25,BUY,11359263,12.48,273237.09,142036839.33
1960,30,221,2025-11-25,BUY,217697,412.16,189415.46,89915410.98
1961,30,480,2025-11-25,DIVIDEND,0,0.00,0.00,639859.31
1962,1,160,2025-11-26,BUY,2839,1874.27,6811.91,5327864.44
1963,4,505,2025-11-26,BUY,48534,306.22,42107.99,14904189.47
1964,6,37,2025-11-26,SELL,2647,585.59,2992.19,1547064.54
1965,11,518,2025-11-26,SELL,2219288,12.13,87260.63,26832702.81
1966,15,344,2025-11-26,SELL,83236,1468.48,444796.81,121785604.47
1967,16,227,2025-11-26,BUY,166802,345.45,29380.05,57651130.95
1968,18,38,2025-11-26,BUY,36727,319.44,29431.77,11761504.65
1969,23,468,2025-11-26,BUY,7540,1042.51,18765.60,7879291.00
1970,25,516,2025-11-26,SELL,254253,1062.72,380735.18,269819012.98
1971,28,422,2025-11-26,BUY,154299,53.53,28611.65,8288237.12
1972,29,26,2025-11-26,BUY,53815,663.47,68817.60,35773455.65
1973,30,480,2025-11-26,BUY,8575,5270.99,95416.50,45294155.75
1974,31,245,2025-11-26,BUY,76807,894.97,73277.49,68813238.28
1975,2,28,2025-11-27,BUY,5874,1535.17,29516.11,9047104.69
1976,3,56,2025-11-27,BUY,46547,459.51,44536.54,21433348.51
1977,5,165,2025-11-27,SELL,189626,761.50,687115.74,143713083.26
1978,7,41,2025-11-27,BUY,9193,1013.88,14440.51,9335039.35
1979,8,447,2025-11-27,BUY,1014,2110.06,4892.90,2144493.74
1980,11,31,2025-11-27,SELL,15050,1407.69,68673.22,21117061.28
1981,12,397,2025-11-27,BUY,12873,644.12,38908.17,8330664.93
1982,16,520,2025-11-27,BUY,3375329,26.06,44849.40,88005923.14
1983,23,516,2025-11-27,SELL,74400,1065.72,189289.63,79100278.37
1984,24,110,2025-11-27,BUY,314740,52.05,29111.86,16411328.86
1985,27,492,2025-11-27,BUY,2663,588.91,1440.44,1569707.77
1986,31,352,2025-11-27,BUY,76213,2705.91,219838.49,206445357.32
1987,32,519,2025-11-27,BUY,12641687,12.64,611552.79,160402476.47
1988,8,43,2025-11-28,BUY,2040,2059.44,9607.56,4210865.16
1989,17,316,2025-11-28,BUY,1585476,139.45,772448.74,221867076.94
1990,24,198,2025-11-28,BUY,293072,78.21,40731.83,22961892.95
1991,26,406,2025-11-28,BUY,20397,1893.30,146687.16,38764327.26
1992,28,138,2025-11-28,BUY,33541,450.66,52360.95,15167948.01
1993,29,522,2025-11-28,BUY,1254820,13.18,31876.58,16570404.18
1994,30,398,2025-11-28,BUY,23408,1746.13,86285.54,40959696.58
1995,31,317,2025-11-28,BUY,771699,302.32,248700.21,233548741.89
1996,32,68,2025-11-28,BUY,70523,898.80,242591.56,63628663.96
1997,3,186,2025-12-01,BUY,129650,400.62,108152.10,52048535.10
1998,7,369,2025-12-01,SELL,7662,6504.54,77214.27,49760571.21
1999,17,413,2025-12-01,BUY,35904,1118.08,140251.40,40283795.72
2000,18,136,2025-12-01,BUY,1941,12338.13,60078.14,24008388.47
2001,27,448,2025-12-01,DIVIDEND,0,0.00,0.00,265647.85
2002,28,145,2025-12-01,BUY,14471,315.84,15832.45,4586353.09
2003,30,93,2025-12-01,BUY,68767,758.33,110086.85,52258165.96
2004,32,17,2025-12-01,BUY,248295,770.35,732045.22,192006098.47
2005,1,522,2025-12-02,BUY,4089116,13.26,69413.53,54291091.69
2006,2,136,2025-12-02,BUY,551,12493.86,22532.89,6906649.75
2007,4,508,2025-12-02,SELL,179864,82.46,42021.59,14789563.85
2008,5,301,2025-12-02,BUY,16727,2334.32,185797.79,39231968.43
2009,7,4,2025-12-02,BUY,57205,1023.39,90701.40,58633726.35
2010,10,442,2025-12-02,SELL,31877,714.64,74617.73,22705961.55
2011,19,449,2025-12-02,BUY,97458,526.78,126248.36,51465173.60
2012,24,253,2025-12-02,SELL,301845,767.66,411765.74,231302566.96
2013,29,521,2025-12-02,BUY,701183,28.35,38314.16,19916852.21
2014,30,462,2025-12-02,BUY,29230,1416.81,87425.39,41500781.69
2015,31,325,2025-12-02,BUY,348042,234.32,86936.54,81640137.98
2016,32,459,2025-12-02,BUY,84149,573.53,184708.53,48446684.50
2017,3,286,2025-12-03,BUY,35621,909.00,67421.71,32446910.71
2018,4,508,2025-12-03,BUY,306613,81.96,71199.57,25201201.05
2019,6,37,2025-12-03,DIVIDEND,0,0.00,0.00,21080.94
2020,6,442,2025-12-03,SELL,1512,702.88,2051.51,1060703.05
2021,7,520,2025-12-03,BUY,2395670,26.44,98135.75,63439650.55
2022,16,276,2025-12-03,BUY,4011,4684.92,9581.22,18800795.34
2023,18,194,2025-12-03,DIVIDEND,0,0.00,0.00,461014.28
2024,28,289,2025-12-03,BUY,4210,1251.35,18249.18,5286432.68
2025,30,140,2025-12-03,BUY,37470,1569.51,124149.49,58933689.19
2026,31,262,2025-12-03,BUY,113498,1579.75,191133.98,179489599.48
2027,32,506,2025-12-03,BUY,1400807,108.38,581044.37,152400507.03
2028,3,48,2025-12-04,SELL,20550,770.44,32967.08,15799574.92
2029,6,521,2025-12-04,SELL,70038,28.65,3873.47,2002715.23
2030,8,414,2025-12-04,BUY,202,8505.27,3928.92,1721993.46
2031,11,522,2025-12-04,SELL,853279,13.04,36067.21,11090690.95
2032,12,487,2025-12-04,BUY,1710,1367.77,10974.97,2349861.67
2033,14,449,2025-12-04,BUY,56693,545.30,23981.21,30938674.11
2034,15,261,2025-12-04,BUY,50183,1395.78,254891.89,70299319.63
2035,17,78,2025-12-04,SELL,316594,805.51,890974.13,254128658.81
2036,31,395,2025-12-04,BUY,35688,5053.46,192252.67,180540133.15
2037,32,176,2025-12-04,BUY,43904,2421.80,406934.22,106733641.42
2038,1,66,2025-12-05,SELL,4508,2366.87,13659.33,10656190.63
2039,5,399,2025-12-05,SELL,28003,614.35,81862.03,17121781.02
2040,14,301,2025-12-05,BUY,4881,2409.12,9121.65,11768036.37
2041,17,413,2025-12-05,BUY,57184,1091.18,218002.97,62616040.09
2042,23,480,2025-12-05,BUY,10640,5269.65,133854.87,56202930.87
2043,24,198,2025-12-05,BUY,256309,88.34,40236.35,22682573.41
2044,26,342,2025-12-05,SELL,360247,150.47,205900.15,54000465.94
2045,30,232,2025-12-05,BUY,64260,571.79,77566.54,36820791.94
2046,31,321,2025-12-05,BUY,2176828,226.54,525690.76,493664305.88
2047,32,292,2025-12-05,BUY,52645,1031.79,207888.42,54526472.97
2048,5,165,2025-12-08,DIVIDEND,0,0.00,0.00,1349553.07
2049,11,60,2025-12-08,BUY,7468,2177.46,52710.65,16313981.93
2050,12,463,2025-12-08,BUY,5740,1851.89,49879.42,10679728.02
2051,13,521,2025-12-08,BUY,113458,28.75,4466.50,3266384.00
2052,16,165,2025-12-08,DIVIDEND,0,0.00,0.00,928989.99
2053,21,295,2025-12-08,BUY,10180,484.70,24318.32,4958564.32
2054,24,198,2025-12-08,BUY,190625,90.53,30666.89,17287948.14
2055,30,362,2025-12-08,BUY,131645,756.72,210298.77,99828703.17
2056,32,518,2025-12-08,BUY,6584854,12.02,302923.15,79452868.23
2057,3,111,2025-12-09,BUY,180839,519.63,195666.34,94165035.91
2058,7,463,2025-12-09,DIVIDEND,0,0.00,0.00,2079224.32
2059,12,463,2025-12-09,DIVIDEND,0,0.00,0.00,641996.67
2060,17,102,2025-12-09,SELL,73069,897.79,229191.97,65371425.54
2061,20,463,2025-12-09,DIVIDEND,0,0.00,0.00,328169.81
2062,24,412,2025-12-09,BUY,56211,401.04,40059.57,22582919.01
2063,25,463,2025-12-09,DIVIDEND,0,0.00,0.00,2411652.20
2064,26,48,2025-12-09,SELL,112719,748.67,320548.63,84068785.10
2065,28,362,2025-12-09,BUY,15971,775.50,42903.86,12428414.36
2066,30,104,2025-12-09,BUY,48204,798.53,81259.00,38573599.12
2067,31,82,2025-12-09,BUY,88208,1481.28,139285.68,130800031.92
2068,32,517,2025-12-09,BUY,3364020,26.24,337834.69,88609719.49
2069,33,230,2025-12-09,BUY,2260,1053.11,1373.97,2381402.57
2070,2,518,2025-12-10,SELL,520647,11.98,20415.92,6216935.14
2071,3,186,2025-12-10,SELL,166484,408.62,141651.74,67887040.34
2072,4,142,2025-12-10,DIVIDEND,0,0.00,0.00,489860.74
2073,5,341,2025-12-10,BUY,7292,4072.95,141324.63,29841276.03
2074,7,142,2025-12-10,DIVIDEND,0,0.00,0.00,1583517.84
2075,8,28,2025-12-10,BUY,1026,1486.33,3487.36,1528461.94
2076,10,60,2025-12-10,BUY,5811,2218.39,42224.65,12933288.94
2077,14,447,2025-12-10,BUY,8845,2047.84,14050.76,18127195.56
2078,17,102,2025-12-10,BUY,53760,926.36,173992.50,49975106.10
2079,18,8,2025-12-10,BUY,2202,8051.14,44475.04,17773085.32
2080,19,518,2025-12-10,SELL,5553136,12.14,165781.46,67249289.58
2081,24,166,2025-12-10,BUY,24066,257.52,11013.17,6208489.49
2082,28,295,2025-12-10,BUY,24423,474.44,40138.65,11627386.77
2083,30,270,2025-12-10,BUY,67244,418.20,59365.58,28180806.38
2084,31,1,2025-12-10,BUY,664079,337.51,238928.37,224372231.66
2085,32,50,2025-12-10,BUY,62405,1809.93,432277.88,113380959.53
2086,33,512,2025-12-10,BUY,30763,82.20,1459.81,2530178.41
2087,4,518,2025-12-11,BUY,1700162,12.13,58430.01,20681395.07
2088,5,44,2025-12-11,BUY,25767,2820.42,345811.75,73019573.89
2089,7,521,2025-12-11,BUY,2448070,28.76,109081.61,70515574.81
2090,8,158,2025-12-11,DIVIDEND,0,0.00,0.00,58043.96
2091,15,52,2025-12-11,DIVIDEND,0,0.00,0.00,323878.50
2092,16,68,2025-12-11,BUY,18699,874.34,8336.14,16357619.80
2093,20,220,2025-12-11,SELL,143862,283.97,121188.14,40731304.00
2094,24,255,2025-12-11,BUY,7057,474.43,5949.62,3354002.13
2095,25,518,2025-12-11,SELL,3812150,11.99,64406.13,45643272.37
2096,26,131,2025-12-11,BUY,178900,206.33,140210.03,37052647.03
2097,28,422,2025-12-11,BUY,190868,57.41,37957.99,10995689.87
2098,31,494,2025-12-11,BUY,119313,1412.89,179703.88,168755848.45
2099,32,499,2025-12-11,BUY,319384,314.14,383988.52,100715278.28
2100,33,516,2025-12-11,BUY,2735,1061.94,1676.69,2906082.59
2101,3,186,2025-12-12,SELL,273940,428.67,244516.60,117185343.20
2102,11,520,2025-12-12,SELL,638406,26.41,54652.40,16805650.06
2103,16,517,2025-12-12,BUY,1126219,26.00,14930.09,29296624.09
2104,24,110,2025-12-12,SELL,139277,59.34,14686.70,8250010.48
2105,28,145,2025-12-12,SELL,57425,346.14,68854.97,19808234.53
2106,30,198,2025-12-12,BUY,1139859,93.27,224434.83,106539083.76
2107,31,59,2025-12-12,BUY,291934,697.51,217068.32,203843952.66
2108,32,189,2025-12-12,BUY,36844,2137.77,301446.05,79065443.93
2109,33,264,2025-12-12,BUY,918,1507.79,799.06,1384950.28
2110,34,518,2025-12-12,BUY,26955031,12.09,706404.81,326592729.60
2111,3,111,2025-12-15,SELL,39476,546.88,44952.62,21543682.26
2112,4,399,2025-12-15,SELL,116011,689.81,226732.36,79798815.55
2113,8,29,2025-12-15,BUY,347,2371.58,1881.92,824820.18
2114,14,411,2025-12-15,BUY,12024,2805.32,26166.01,33757333.69
2115,17,21,2025-12-15,SELL,1239629,218.05,944363.72,269356739.73
2116,23,439,2025-12-15,BUY,35035,1447.44,121063.56,50832123.96
2117,24,198,2025-12-15,SELL,320516,90.46,51523.29,28942354.07
2118,28,289,2025-12-15,BUY,7471,1273.34,32953.81,9546076.95
2119,30,45,2025-12-15,BUY,129706,520.68,142569.99,67677890.07
2120,32,521,2025-12-15,BUY,2286576,28.75,251596.93,65990656.93
2121,33,404,2025-12-15,BUY,6770,522.22,2040.98,3537470.38
2122,3,48,2025-12-16,BUY,62531,818.84,106616.45,51309500.49
2123,7,197,2025-12-16,SELL,73589,692.17,78915.89,50857182.24
2124,14,160,2025-12-16,BUY,6112,2001.58,9489.92,12243146.88
2125,23,254,2025-12-16,SELL,138847,578.59,191786.57,80143699.16
2126,24,198,2025-12-16,SELL,342256,91.08,55395.11,31117281.37
2127,28,264,2025-12-16,BUY,3899,1548.58,20915.55,6058828.97
2128,30,212,2025-12-16,BUY,82023,433.58,75076.16,35638608.50
2129,31,5,2025-12-16,BUY,107412,889.89,101894.43,95686759.11
2130,32,277,2025-12-16,BUY,23801,1836.66,167303.81,43881648.47
2131,33,509,2025-12-16,BUY,58338,120.62,4062.25,7040791.81
2132,34,508,2025-12-16,BUY,6493394,86.56,1218362.47,563286547.11
2133,3,48,2025-12-17,BUY,41469,816.01,70461.01,33909579.70
2134,4,65,2025-12-17,BUY,2966,2512.04,21109.72,7471820.36
2135,5,423,2025-12-17,BUY,106880,632.49,321671.23,67922202.43
2136,10,517,2025-12-17,SELL,5107626,26.12,436988.04,132974203.08
2137,15,413,2025-12-17,BUY,11110,1110.05,44878.57,12377534.07
2138,17,316,2025-12-17,BUY,315127,149.41,164496.54,47247621.61
2139,24,172,2025-12-17,SELL,10896,3056.47,59181.31,33244115.81
2140,30,323,2025-12-17,BUY,38905,1452.55,119298.14,56630755.89
2141,31,181,2025-12-17,BUY,117360,785.08,98218.96,92235207.76
2142,32,317,2025-12-17,BUY,167773,310.42,199321.25,52279415.91
2143,33,5,2025-12-17,BUY,2799,890.04,1438.16,2492660.12
2144,34,504,2025-12-17,BUY,14363230,26.30,818833.07,378571782.07
2145,3,425,2025-12-18,BUY,42805,1618.37,144245.45,69418573.30
2146,17,78,2025-12-18,BUY,312907,837.27,915318.59,262902962.48
2147,18,317,2025-12-18,BUY,71679,304.58,54769.02,21886758.84
2148,24,329,2025-12-18,BUY,16550,1195.62,35163.21,19822674.21
2149,27,42,2025-12-18,BUY,5394,1321.00,6544.70,7132018.70
2150,28,145,2025-12-18,SELL,17203,344.94,20555.60,5913447.22
2151,29,26,2025-12-18,SELL,11006,689.30,14622.20,7571813.60
2152,30,305,2025-12-18,BUY,486516,77.52,79617.41,37794337.73
2153,31,468,2025-12-18,BUY,149510,993.50,158343.21,148696528.21
2154,32,522,2025-12-18,BUY,6315029,13.09,316371.13,82980100.74
2155,33,520,2025-12-18,BUY,91314,26.12,1376.91,2386498.59
2156,1,521,2025-12-19,SELL,594621,28.91,22006.93,17168486.18
2157,2,287,2025-12-19,SELL,17583,847.11,48753.02,14845982.11
2158,3,354,2025-12-19,BUY,32208,793.43,53211.09,25608004.53
2159,4,520,2025-12-19,BUY,391274,26.36,29222.09,10343204.73
2160,7,41,2025-12-19,BUY,24237,1010.89,37959.60,24538900.53
2161,16,480,2025-12-19,BUY,6314,5599.79,18027.79,35375101.85
2162,17,251,2025-12-19,BUY,64754,1231.91,278700.06,80049800.20
2163,19,517,2025-12-19,BUY,1505532,26.13,96740.51,39436291.67
2164,24,172,2025-12-19,BUY,12889,3069.00,70293.22,39626634.22
2165,27,318,2025-12-19,SELL,15557,873.48,12481.16,13576247.20
2166,28,326,2025-12-19,BUY,55752,281.48,54361.38,15747434.34
2167,31,442,2025-12-19,BUY,457551,619.38,302105.07,283700043.45
2168,32,480,2025-12-19,BUY,13063,5616.20,280780.76,73645201.36
2169,33,506,2025-12-19,BUY,28173,111.96,1820.93,3156070.01
2170,34,509,2025-12-19,BUY,3503257,119.40,906700.46,419195586.26
2171,7,337,2025-12-22,SELL,68682,1179.40,125499.75,80878051.05
2172,8,295,2025-12-22,BUY,2636,503.47,3034.96,1330181.88
2173,17,21,2025-12-22,BUY,402322,221.55,311413.20,89445852.30
2174,18,520,2025-12-22,SELL,4383036,26.09,286873.71,114066535.53
2175,24,412,2025-12-22,SELL,246446,446.87,195704.26,109933619.76
2176,26,342,2025-12-22,SELL,248847,144.10,136208.04,35722644.66
2177,28,21,2025-12-22,BUY,25417,221.61,19511.75,5652173.12
2178,30,485,2025-12-22,BUY,88233,739.79,137796.01,65411687.08
2179,31,152,2025-12-22,BUY,61589,3299.14,216603.38,203407336.84
2180,32,502,2025-12-22,BUY,130896,670.00,335647.20,88035967.20
2181,33,397,2025-12-22,BUY,3733,690.13,1487.25,2577742.54
2182,34,499,2025-12-22,BUY,808373,323.17,566278.86,261808181.27
2183,3,388,2025-12-23,SELL,79229,858.72,141665.97,67893860.91
2184,4,30,2025-12-23,BUY,12755,1077.87,38952.17,13787184.02
2185,6,518,2025-12-23,SELL,303036,12.06,7054.78,3647559.38
2186,7,34,2025-12-23,SELL,36440,1526.37,86174.15,55534748.65
2187,15,344,2025-12-23,BUY,82364,1422.08,426229.87,117554426.99
2188,17,226,2025-12-23,BUY,79374,1641.30,455153.32,130731699.52
2189,30,364,2025-12-23,BUY,332497,411.90,289119.03,137244633.33
2190,31,75,2025-12-23,BUY,205201,1272.67,278391.91,261431548.58
2191,32,28,2025-12-23,BUY,20844,1554.17,123982.80,32519102.28
2192,33,500,2025-12-23,BUY,6686,930.66,3592.14,6225984.90
2193,35,401,2025-12-23,BUY,80105,1483.51,125227.37,118961795.92
2194,2,28,2025-12-24,SELL,17148,1539.95,86434.84,26320627.76
2195,3,138,2025-12-24,BUY,273528,476.74,271527.10,130673265.82
2196,4,522,2025-12-24,BUY,489688,13.10,18175.05,6433087.85
2197,5,399,2025-12-24,BUY,10162,706.24,34150.23,7210961.11
2198,17,78,2025-12-24,BUY,55105,830.63,159915.33,45931781.48
2199,20,391,2025-12-24,BUY,8180,652.14,15824.71,5350329.91
2200,24,110,2025-12-24,SELL,624556,61.19,67912.41,38148669.23
2201,27,44,2025-12-24,BUY,982,2928.90,2641.75,2878821.55
2202,28,115,2025-12-24,SELL,606727,22.87,48066.44,13827780.05
2203,30,146,2025-12-24,BUY,80924,581.31,99307.55,47141237.99
2204,31,380,2025-12-24,BUY,707896,146.82,110793.94,104044084.66
2205,32,512,2025-12-24,BUY,1309684,84.63,424202.00,111262758.92
2206,33,518,2025-12-24,BUY,284175,12.11,1986.67,3443345.92
2207,34,515,2025-12-24,BUY,3874179,84.12,706425.64,326602363.12
2208,35,351,2025-12-24,BUY,12141,12163.99,155625.11,147838627.70
2209,36,123,2025-12-24,BUY,51854,1654.34,162698.66,85946845.02
2210,3,251,2025-12-26,SELL,52065,1208.61,131027.32,62795252.33
2211,5,321,2025-12-26,BUY,79086,216.15,81342.40,17175781.30
2212,10,257,2025-12-26,BUY,10909,978.25,34955.22,10706684.47
2213,12,86,2025-12-26,BUY,2228,1793.33,18748.64,4014287.88
2214,17,485,2025-12-26,SELL,563163,773.10,1521112.25,433860203.05
2215,20,29,2025-12-26,SELL,24477,2338.04,169766.38,57058438.70
2216,24,329,2025-12-26,BUY,16521,1172.15,34412.55,19399502.70
2217,25,519,2025-12-26,SELL,10449089,12.88,189641.05,134394625.27
2218,26,16,2025-12-26,BUY,108836,156.39,64652.89,17085514.93
2219,29,384,2025-12-26,BUY,15557,678.24,20336.87,10571716.55
2220,30,161,2025-12-26,BUY,831479,47.28,82990.03,39395317.15
2221,31,68,2025-12-26,BUY,129487,917.34,126624.53,118910229.11
2222,32,514,2025-12-26,BUY,1774319,89.09,604982.08,158679061.79
2223,33,34,2025-12-26,BUY,1387,1525.41,1221.40,2116965.07
2224,34,500,2025-12-26,BUY,487582,925.83,978512.60,452396555.66
2225,35,150,2025-12-26,BUY,165575,746.60,130266.25,123748561.25
2226,36,20,2025-12-26,BUY,73510,1543.39,215178.59,113669777.49
2227,2,28,2025-12-29,BUY,3687,1549.16,18695.55,5730448.47
2228,3,148,2025-12-29,BUY,293428,413.00,252337.27,121438101.27
2229,5,301,2025-12-29,SELL,93035,2463.93,1090779.16,228140948.39
2230,7,340,2025-12-29,BUY,40730,354.25,22354.40,14450956.90
2231,17,485,2025-12-29,BUY,425844,751.16,1117569.30,320994548.34
2232,19,522,2025-12-29,SELL,34658259,13.31,1134393.61,460167033.68
2233,20,287,2025-12-29,SELL,85139,834.43,210746.33,70831789.44
2234,26,474,2025-12-29,BUY,27849,3134.00,331523.99,87610289.99
2235,28,107,2025-12-29,SELL,387338,200.60,269155.66,77430847.14
2236,31,37,2025-12-29,BUY,273738,542.17,158209.26,148570740.72
2237,32,310,2025-12-29,BUY,25350,1530.16,148455.62,38938011.62
2238,33,445,2025-12-29,BUY,1136,2735.60,1794.02,3109435.62
2239,34,519,2025-12-29,BUY,6355979,12.82,176627.36,81660278.14
2240,35,50,2025-12-29,BUY,114273,1815.57,218628.00,207689258.61
2241,36,507,2025-12-29,BUY,616951,144.49,169069.56,89312319.55
2242,3,251,2025-12-30,BUY,63039,1173.28,154007.11,74116405.03
2243,8,473,2025-12-30,BUY,4880,782.58,8733.38,3827723.78
2244,15,8,2025-12-30,BUY,2585,8668.65,81544.46,22490004.71
2245,18,24,2025-12-30,SELL,25375,1468.81,93500.37,37177553.38
2246,24,423,2025-12-30,SELL,11007,591.78,11575.15,6502147.31
2247,28,107,2025-12-30,BUY,266905,207.56,191903.48,55590705.28
2248,32,137,2025-12-30,BUY,36217,1498.07,207647.37,54463248.56
2249,33,519,2025-12-30,BUY,174935,12.85,1297.71,2249212.46
2250,34,511,2025-12-30,BUY,4789536,95.99,996568.01,460744128.65
2251,35,87,2025-12-30,BUY,124949,2457.12,323525.34,307338212.22
2252,36,502,2025-12-30,BUY,125775,700.08,167000.95,88219562.95
2253,2,518,2025-12-31,BUY,641095,12.07,25327.86,7763344.51
2254,3,186,2025-12-31,SELL,456874,457.18,434924.09,208438731.23
2255,5,152,2025-12-31,BUY,14793,3011.47,211980.98,44760656.69
2256,8,178,2025-12-31,BUY,1540,3100.48,10919.02,4785658.22
2257,14,301,2025-12-31,BUY,9139,2458.00,17425.56,22481087.56
2258,15,351,2025-12-31,SELL,14399,12308.29,644929.84,176582137.87
2259,17,485,2025-12-31,SELL,135233,754.30,356384.06,101649867.84
2260,20,24,2025-12-31,BUY,11433,1452.26,49254.53,16652943.11
2261,24,255,2025-12-31,SELL,26684,512.05,24280.67,13639261.53
2262,26,131,2025-12-31,BUY,195006,210.18,155684.63,41142045.71
2263,28,306,2025-12-31,BUY,7202,1152.99,28764.79,8332598.77
2264,29,220,2025-12-31,BUY,20391,292.44,11493.44,5974637.48
2265,31,19,2025-12-31,BUY,143421,905.55,138447.95,130013334.50
2266,32,423,2025-12-31,BUY,113410,604.70,262466.07,68841493.07
2267,33,515,2025-12-31,BUY,57029,83.67,2754.62,4774371.05
2268,35,60,2025-12-31,BUY,73689,2283.86,177345.96,168472705.50
2269,36,237,2025-12-31,BUY,224123,316.01,134327.27,70959436.50
2270,1,423,2026-01-01,BUY,44379,601.79,34189.57,26741027.98
2271,3,56,2026-01-01,SELL,308816,438.80,282160.50,135226300.30
2272,10,520,2026-01-01,BUY,1564035,26.14,133915.04,41017789.94
2273,14,60,2026-01-01,BUY,3964,2286.31,7030.32,9069963.16
2274,17,120,2026-01-01,SELL,57859,719.35,145412.80,41475458.85
2275,18,326,2026-01-01,BUY,172512,266.46,115316.90,46082864.42
2276,23,520,2026-01-01,BUY,661173,26.36,41607.47,17470127.75
2277,27,325,2026-01-01,BUY,41933,224.31,8639.34,9414630.57
2278,28,422,2026-01-01,BUY,328351,56.69,64480.33,18678698.52
2279,31,10,2026-01-01,BUY,203310,804.52,174364.04,163741325.24
2280,32,276,2026-01-01,BUY,38416,4780.03,702788.44,184332420.92
2281,33,480,2026-01-01,BUY,306,5660.17,999.88,1733011.90
2282,35,479,2026-01-01,BUY,176821,757.17,141083.55,134024640.12
2283,36,515,2026-01-01,BUY,1084845,83.91,172646.73,91201990.68
2284,3,180,2026-01-02,BUY,264225,212.42,116868.94,56243543.44
2285,4,65,2026-01-02,BUY,6985,2384.41,47188.07,16702291.92
2286,13,447,2026-01-02,BUY,3456,2017.23,9546.06,6981092.94
2287,24,446,2026-01-02,BUY,37730,607.24,40714.07,22951879.27
2288,25,463,2026-01-02,SELL,60710,2029.45,173610.77,123034298.73
2289,28,295,2026-01-02,SELL,19759,514.80,35235.95,10136697.25
2290,31,71,2026-01-02,BUY,37310,3793.98,150897.35,141704291.15
2291,32,464,2026-01-02,BUY,88626,399.22,135411.42,35516683.14
2292,33,317,2026-01-02,BUY,9485,276.78,1515.54,2626773.84
2293,34,505,2026-01-02,BUY,1467764,295.51,940190.64,434679130.28
2294,35,61,2026-01-02,BUY,156568,523.81,86422.32,82098306.40
2295,36,516,2026-01-02,BUY,168118,1058.35,337458.58,178265143.88
2296,37,366,2026-01-02,BUY,43332,734.11,155999.68,31966454.20
2297,2,136,2026-01-05,SELL,3688,13014.39,157102.64,47839967.68
2298,3,186,2026-01-05,BUY,384126,457.86,366215.07,176242145.43
2299,6,521,2026-01-05,BUY,52431,28.67,2901.73,1506098.50
2300,7,369,2026-01-05,BUY,3274,6807.97,34533.06,22323826.84
2301,23,519,2026-01-05,SELL,1717919,12.80,52495.66,21936867.54
2302,24,198,2026-01-05,BUY,204340,105.86,38439.93,21669872.33
2303,32,259,2026-01-05,BUY,186809,729.52,521575.09,136802476.77
2304,33,383,2026-01-05,BUY,2615,1055.32,1593.13,2761254.93
2305,34,507,2026-01-05,BUY,1353580,140.51,412267.09,190603792.89
2306,35,337,2026-01-05,BUY,27137,1173.30,33552.13,31873394.23
2307,36,158,2026-01-05,BUY,70329,1749.31,233334.08,123260557.07
2308,37,313,2026-01-05,BUY,14283,1207.27,84562.47,17327999.88
2309,8,249,2026-01-06,BUY,3424,1223.74,9582.02,4199667.78
2310,10,207,2026-01-06,SELL,5914,4601.48,89136.62,27124016.10
2311,12,310,2026-01-06,BUY,5061,1530.84,36354.69,7783935.93
2312,16,386,2026-01-06,BUY,49048,211.62,5292.30,10384830.06
2313,17,169,2026-01-06,SELL,1132650,259.74,1027841.25,293166669.75
2314,18,24,2026-01-06,SELL,29406,1380.21,101817.58,40484637.68
2315,24,329,2026-01-06,BUY,10438,1013.13,18792.29,10593843.23
2316,28,326,2026-01-06,BUY,25540,275.65,24387.17,7064488.17
2317,32,216,2026-01-06,BUY,227825,354.68,309257.28,81114228.28
2318,33,287,2026-01-06,BUY,2299,821.34,1090.08,1889350.74
2319,35,397,2026-01-06,BUY,87810,705.54,65285.20,62018752.60
2320,36,267,2026-01-06,BUY,31679,2141.55,128669.80,67970832.25
2321,37,520,2026-01-06,BUY,1847991,26.05,236081.20,48376246.75
2322,2,202,2026-01-07,SELL,2213,5136.10,37203.49,11328985.81
2323,4,520,2026-01-07,SELL,739675,26.21,54927.88,19331953.87
2324,15,351,2026-01-07,SELL,5797,11576.86,244217.34,66866840.08
2325,17,21,2026-01-07,BUY,370348,228.43,295566.10,84894159.74
2326,25,463,2026-01-07,BUY,25894,2058.30,75101.03,53372721.23
2327,28,21,2026-01-07,SELL,135074,227.03,106227.63,30559622.59
2328,32,481,2026-01-07,BUY,81279,1191.57,370663.45,97220281.48
2329,33,522,2026-01-07,BUY,150923,13.34,1162.27,2014475.09
2330,34,506,2026-01-07,BUY,1682206,110.56,403148.19,186387843.55
2331,35,366,2026-01-07,BUY,98559,734.09,76242.08,72427418.39
2332,36,73,2026-01-07,BUY,47787,3224.15,292214.63,154364670.68
2333,37,9,2026-01-07,BUY,12981,2893.54,184200.78,37745243.52
2334,3,111,2026-01-08,BUY,41662,566.13,49111.83,23635219.89
2335,12,251,2026-01-08,BUY,17489,1108.77,90991.48,19482270.01
2336,16,320,2026-01-08,BUY,18989,1433.31,13877.41,27231001.00
2337,17,485,2026-01-08,BUY,103158,738.73,266244.18,76472153.52
2338,19,518,2026-01-08,SELL,2744850,12.17,82146.33,33322678.17
2339,24,198,2026-01-08,SELL,503773,104.90,93909.10,52751878.60
2340,32,27,2026-01-08,BUY,82216,725.89,228406.79,59908179.03
2341,33,137,2026-01-08,BUY,1327,1449.42,1110.35,1924490.69
2342,34,507,2026-01-08,BUY,191136,139.18,57664.27,26659972.75
2343,35,207,2026-01-08,BUY,46544,4580.89,224679.12,213437623.28
2344,36,148,2026-01-08,BUY,443276,421.94,354733.22,187390608.66
2345,37,504,2026-01-08,BUY,2287234,26.37,295783.92,60610144.50
2346,7,381,2026-01-09,BUY,3925,6159.86,37458.41,24214908.91
2347,9,315,2026-01-09,SELL,721405,118.09,70364.10,85120352.35
2348,17,368,2026-01-09,SELL,202373,894.22,632249.40,180333734.66
2349,20,220,2026-01-09,BUY,59190,274.70,48233.48,16307726.48
2350,24,423,2026-01-09,BUY,10905,591.66,11465.56,6463517.86
2351,28,326,2026-01-09,BUY,73887,271.44,69474.33,20125361.61
2352,32,506,2026-01-09,BUY,466314,110.41,197046.49,51682775.23
2353,33,123,2026-01-09,BUY,833,1769.29,850.82,1474669.39
2354,35,378,2026-01-09,BUY,80878,1935.26,164937.30,156684895.58
2355,36,401,2026-01-09,BUY,65269,1361.51,168540.68,89032936.87
2356,37,501,2026-01-09,BUY,456941,264.97,593759.62,121669416.39
2357,8,414,2026-01-12,BUY,163,8429.58,3142.15,1377163.69
2358,15,413,2026-01-12,SELL,53672,1072.98,209566.48,57379416.08
2359,17,120,2026-01-12,BUY,89211,673.89,210038.49,60328439.28
2360,19,520,2026-01-12,BUY,1047672,25.93,66804.67,27232939.63
2361,27,146,2026-01-12,BUY,16629,585.50,8942.71,9745222.21
2362,28,21,2026-01-12,BUY,110439,232.85,89080.20,25804801.35
2363,33,492,2026-01-12,BUY,3142,631.68,1145.78,1985884.34
2364,35,251,2026-01-12,BUY,89307,1152.81,108490.67,103062493.34
2365,36,445,2026-01-12,BUY,49209,2801.87,261498.66,138138719.49
2366,37,508,2026-01-12,BUY,492585,84.63,204436.93,41891905.48
2367,3,56,2026-01-13,BUY,322276,488.51,327816.81,157762865.57
2368,9,26,2026-01-13,SELL,61382,711.31,36062.75,43625567.67
2369,10,385,2026-01-13,SELL,97011,244.52,77698.50,23643431.22
2370,16,391,2026-01-13,SELL,543534,665.78,184511.56,361689554.96
2371,24,432,2026-01-13,SELL,138761,367.01,90498.76,50836175.85
2372,28,426,2026-01-13,BUY,35193,272.76,33252.13,9632494.81
2373,31,245,2026-01-13,BUY,18851,1029.10,20680.13,19420244.23
2374,32,27,2026-01-13,BUY,10782,752.78,31063.42,8147537.38
2375,33,430,2026-01-13,BUY,8102,395.99,1852.13,3210163.11
2376,35,414,2026-01-13,BUY,16733,8620.18,151998.50,144393470.44
2377,36,209,2026-01-13,BUY,14790,8496.91,238345.05,125907643.95
2378,37,30,2026-01-13,BUY,33860,1079.41,179236.81,36728059.41
2379,7,340,2026-01-14,BUY,39643,422.46,25947.23,16773529.01
2380,17,226,2026-01-14,SELL,79374,1533.81,425344.98,121319289.96
2381,18,521,2026-01-14,BUY,1685302,28.51,120535.95,48168495.97
2382,24,423,2026-01-14,BUY,28061,602.95,30066.42,16949446.37
2383,32,27,2026-01-14,BUY,7809,772.12,23076.08,6052561.16
2384,33,514,2026-01-14,BUY,26587,88.73,1361.87,2360426.38
2385,35,241,2026-01-14,BUY,26059,3608.08,99079.33,94122036.05
2386,36,204,2026-01-14,BUY,167095,565.72,179284.17,94708267.57
2387,37,521,2026-01-14,BUY,694728,28.43,96860.23,19847977.27
2388,2,209,2026-01-15,BUY,526,8616.52,14834.96,4547124.48
2389,4,166,2026-01-15,SELL,262225,263.02,195410.42,68775009.08
2390,7,8,2026-01-15,BUY,7025,8504.45,92561.71,59836322.96
2391,15,17,2026-01-15,BUY,51480,673.76,126219.42,34811384.22
2392,16,391,2026-01-15,BUY,327726,668.29,111671.41,219127679.95
2393,21,521,2026-01-15,BUY,156060,28.49,21912.75,4468062.15
2394,23,87,2026-01-15,BUY,10380,2356.73,58400.69,24521258.09
2395,24,432,2026-01-15,SELL,188427,340.89,114144.43,64118735.60
2396,28,78,2026-01-15,SELL,34319,811.48,96470.59,27752711.53
2397,30,198,2026-01-15,SELL,296071,107.93,67458.27,31887484.76
2398,33,201,2026-01-15,BUY,2397,2209.32,3057.19,5298797.23
2399,35,462,2026-01-15,BUY,166896,1532.21,269471.83,255989191.99
2400,36,323,2026-01-15,BUY,61923,1479.41,173747.07,91783252.50
2401,37,514,2026-01-15,BUY,468077,88.58,203332.50,41665593.16
2402,3,425,2026-01-16,BUY,33637,1615.71,113164.57,54460801.84
2403,4,519,2026-01-16,SELL,9931000,12.78,359590.90,126558589.10
2404,5,301,2026-01-16,BUY,52380,2429.87,605634.54,127882225.14
2405,6,495,2026-01-16,BUY,5124,835.73,8266.41,4290546.93
2406,7,481,2026-01-16,BUY,33118,1138.42,58412.45,37760606.01
2407,8,29,2026-01-16,BUY,1055,2224.88,5367.76,2352616.16
2408,9,26,2026-01-16,BUY,63147,669.09,34897.64,42285923.87
2409,13,517,2026-01-16,BUY,417559,26.12,14934.33,10921575.41
2410,17,102,2026-01-16,SELL,84859,1196.09,354611.85,101144389.46
2411,18,352,2026-01-16,BUY,15093,2728.00,103290.78,41276994.78
2412,23,439,2026-01-16,BUY,23380,1442.28,80501.66,33801008.06
2413,27,94,2026-01-16,BUY,3164,1523.20,4426.59,4823831.39
2414,28,264,2026-01-16,SELL,23331,1348.38,108975.32,31350078.46
2415,31,1,2026-01-16,BUY,139137,270.20,40076.46,37634893.86
2416,32,481,2026-01-16,BUY,25860,1123.97,111241.05,29177105.25
2417,33,178,2026-01-16,BUY,670,3217.92,1244.65,2157251.05
2418,35,476,2026-01-16,BUY,41576,1617.07,70846.87,67302149.19
2419,36,210,2026-01-16,BUY,51269,1018.53,99038.86,52318053.43
2420,37,518,2026-01-16,BUY,4395286,12.21,263182.27,53929624.33
2421,3,186,2026-01-19,BUY,86364,410.81,73876.03,35553070.87
2422,4,508,2026-01-19,SELL,403864,78.61,89949.30,31657799.74
2423,9,26,2026-01-19,BUY,55931,658.51,30421.02,36861543.83
2424,17,307,2026-01-19,BUY,151798,328.44,174186.13,50030721.25
2425,24,166,2026-01-19,SELL,123142,250.37,54788.05,30776274.49
2426,25,521,2026-01-19,BUY,2052838,28.70,83018.45,58999469.05
2427,32,277,2026-01-19,BUY,3483,1861.12,24809.03,6507089.99
2428,33,517,2026-01-19,BUY,111457,26.40,1698.66,2944163.46
2429,35,178,2026-01-19,BUY,45012,3105.72,147312.55,139941981.19
2430,36,325,2026-01-19,BUY,491895,227.77,212493.61,112251417.76
2431,37,176,2026-01-19,BUY,11730,2533.40,145732.23,29862514.23
2432,2,492,2026-01-20,BUY,31736,616.29,64018.58,19622598.02
2433,3,186,2026-01-20,BUY,118306,402.90,99250.76,47764738.16
2434,7,4,2026-01-20,SELL,57074,1157.00,102308.21,65932309.79
2435,18,194,2026-01-20,BUY,27009,733.52,49700.65,19861342.33
2436,19,522,2026-01-20,SELL,12042737,13.20,390911.19,158573217.21
2437,20,34,2026-01-20,SELL,9928,1472.62,43370.46,14576800.90
2438,28,362,2026-01-20,SELL,59089,839.73,171881.36,49446924.61
2439,33,38,2026-01-20,BUY,6224,329.37,1183.45,2051182.33
2440,35,220,2026-01-20,BUY,577922,267.30,162786.11,154641336.71
2441,36,517,2026-01-20,BUY,6551222,26.42,328270.67,173411555.91
2442,37,519,2026-01-20,BUY,1962061,12.93,124412.74,25493861.47
2443,3,425,2026-01-21,SELL,35574,1564.69,115901.97,55546380.09
2444,4,30,2026-01-21,BUY,9240,1056.02,27645.79,9785270.59
2445,7,513,2026-01-21,BUY,132740,129.83,26700.27,17260334.47
2446,11,521,2026-01-21,SELL,630619,28.91,59096.13,18172099.16
2447,12,50,2026-01-21,BUY,3799,1760.83,31389.26,6720782.43
2448,17,102,2026-01-21,SELL,19735,1171.52,80775.25,23039171.95
2449,18,352,2026-01-21,SELL,38562,2617.73,253236.35,100691667.91
2450,24,255,2026-01-21,BUY,13814,480.60,11797.79,6650806.19
2451,27,44,2026-01-21,SELL,815,2901.96,2172.33,2362925.07
2452,28,115,2026-01-21,SELL,238398,24.58,20298.64,5839524.20
2453,31,59,2026-01-21,BUY,28440,765.26,23200.64,21787195.04
2454,33,247,2026-01-21,BUY,4396,872.19,2213.43,3836360.67
2455,35,473,2026-01-21,BUY,214455,766.69,173262.72,164593766.67
2456,36,522,2026-01-21,BUY,12133100,13.18,303294.22,160217552.22
2457,37,492,2026-01-21,BUY,101904,631.17,315421.58,64634169.26
2458,2,492,2026-01-22,BUY,41661,634.40,86509.06,26516247.46
2459,3,186,2026-01-22,BUY,124013,414.19,106953.90,51471898.37
2460,4,512,2026-01-22,SELL,437228,83.31,103202.44,36322262.24
2461,11,141,2026-01-22,BUY,2496,982.87,7952.15,2461195.67
2462,13,518,2026-01-22,SELL,1618153,12.11,26832.34,19569000.49
2463,17,226,2026-01-22,BUY,90201,1444.28,455149.66,130730649.94
2464,18,317,2026-01-22,SELL,45866,277.67,31949.31,12703662.91
2465,26,406,2026-01-22,SELL,57220,1742.95,378825.45,99352773.55
2466,28,362,2026-01-22,BUY,43592,867.91,131058.13,37964990.85
2467,33,489,2026-01-22,BUY,2452,1449.54,2051.86,3556323.94
2468,34,499,2026-01-22,SELL,197294,307.22,131386.54,60481276.14
2469,35,128,2026-01-22,BUY,131486,2161.26,299457.83,284474890.19
2470,36,171,2026-01-22,BUY,23576,1974.63,88294.33,46642171.21
2471,37,290,2026-01-22,BUY,150211,162.26,119527.28,24492764.14
2472,2,383,2026-01-23,BUY,25640,1077.05,90390.47,27705952.47
2473,3,148,2026-01-23,BUY,152057,399.76,126571.39,60912877.71
2474,8,178,2026-01-23,BUY,568,3268.08,4244.97,1860514.41
2475,12,277,2026-01-23,BUY,1862,1852.65,16187.04,3465821.34
2476,17,368,2026-01-23,BUY,206864,902.06,651946.29,187255686.13
2477,24,255,2026-01-23,SELL,38556,480.48,32920.36,18492466.52
2478,27,94,2026-01-23,BUY,6853,1610.96,10140.09,11050048.97
2479,28,426,2026-01-23,SELL,54034,259.91,48648.85,13995328.09
2480,31,10,2026-01-23,SELL,68229,821.91,59779.82,56018317.57
2481,32,50,2026-01-23,SELL,19262,1711.37,126161.59,32838247.35
2482,33,264,2026-01-23,BUY,185,1318.19,140.78,244005.93
2483,35,487,2026-01-23,BUY,59913,1498.35,94598.33,89865241.88
2484,36,241,2026-01-23,BUY,47537,3395.73,306155.36,161728972.37
2485,37,261,2026-01-23,BUY,36096,1104.94,195592.23,40079506.47
2486,2,374,2026-01-27,BUY,38714,168.93,21406.40,6561362.42
2487,3,286,2026-01-27,SELL,88734,753.05,139137.33,66682001.37
2488,6,31,2026-01-27,BUY,783,1615.82,2442.29,1267629.35
2489,7,277,2026-01-27,BUY,18743,1846.33,53615.12,34659378.31
2490,9,26,2026-01-27,SELL,128092,677.59,71688.23,86722170.05
2491,10,522,2026-01-27,BUY,1556510,13.36,68113.89,20863087.49
2492,17,169,2026-01-27,BUY,1048492,285.48,1045760.62,300369256.78
2493,18,120,2026-01-27,BUY,11649,658.11,19232.19,7685555.58
2494,24,166,2026-01-27,BUY,28145,246.80,12343.65,6958529.65
2495,28,264,2026-01-27,BUY,21168,1331.64,97644.80,28285800.32
2496,35,17,2026-01-27,BUY,174029,670.03,122875.42,116727526.29
2497,36,521,2026-01-27,BUY,4043019,28.57,219075.08,115728127.91
2498,37,27,2026-01-27,BUY,34174,720.60,120765.78,24746550.18
2499,3,180,2026-01-28,BUY,358739,179.56,134127.55,64549302.39
2500,4,24,2026-01-28,SELL,8300,1415.80,33293.91,11717846.09
2501,5,423,2026-01-28,BUY,60724,606.84,175346.33,37025098.49
2502,7,340,2026-01-28,BUY,27557,444.63,18983.20,12271652.11
2503,9,280,2026-01-28,SELL,329475,64.11,17446.45,21105195.80
2504,17,120,2026-01-28,BUY,86559,652.12,197211.04,56644066.12
2505,22,503,2026-01-28,SELL,4031369,54.98,540616.84,221104050.78
2506,23,522,2026-01-28,SELL,9568208,13.38,305631.06,127716991.98
2507,24,253,2026-01-28,BUY,181797,722.47,233401.61,131576280.20
2508,27,26,2026-01-28,BUY,14827,698.37,9510.76,10364242.75
2509,28,264,2026-01-28,SELL,4687,1310.99,21285.15,6123324.98
2510,30,140,2026-01-28,BUY,6787,1519.11,21765.28,10331964.85
2511,33,506,2026-01-28,SELL,14128,118.71,968.20,1676166.68
2512,35,464,2026-01-28,BUY,263709,413.53,114916.16,109166498.93
2513,36,512,2026-01-28,BUY,1880233,83.76,298693.17,157787009.25
2514,37,192,2026-01-28,BUY,20745,2825.79,287479.68,58908493.23
2515,3,200,2026-01-29,SELL,67431,675.74,94878.77,45470945.17
2516,7,41,2026-01-29,BUY,10943,906.11,15362.30,9930924.03
2517,14,411,2026-01-29,BUY,7895,2387.25,14620.30,18861959.05
2518,17,78,2026-01-29,BUY,49421,818.73,141365.59,40603820.92
2519,18,521,2026-01-29,SELL,3685686,29.13,269339.75,107094693.43
2520,23,141,2026-01-29,BUY,19090,999.47,45549.80,19125432.10
2521,24,230,2026-01-29,BUY,8116,957.27,13806.19,7783009.51
2522,28,443,2026-01-29,SELL,81512,210.02,59301.36,17059848.88
2523,31,352,2026-01-29,BUY,26801,2687.21,76773.96,72096689.17
2524,32,423,2026-01-29,BUY,24647,613.20,57842.63,15171383.03
2525,33,397,2026-01-29,BUY,629,677.98,246.19,426695.61
2526,35,463,2026-01-29,BUY,40208,1969.46,83446.63,79271494.31
2527,36,92,2026-01-29,BUY,51275,1404.37,136572.78,72145644.53
2528,37,516,2026-01-29,BUY,43612,1066.92,228187.41,46758702.45
2529,2,438,2026-01-30,SELL,27324,627.04,56080.03,17077160.93
2530,3,180,2026-01-30,BUY,787061,172.95,283438.45,136405638.40
2531,4,499,2026-01-30,SELL,102969,307.87,89817.04,31611248.99
2532,6,522,2026-01-30,BUY,57024,13.29,1462.93,759311.89
2533,15,464,2026-01-30,BUY,46410,423.63,71545.23,19732213.53
2534,17,21,2026-01-30,SELL,2663201,212.68,1978891.91,564430696.77
2535,28,21,2026-01-30,BUY,12069,214.12,8951.81,2593166.09
2536,33,404,2026-01-30,BUY,1962,565.00,639.95,1109169.95
2537,35,435,2026-01-30,BUY,129857,1472.17,201452.42,191373032.11
2538,36,521,2026-01-30,BUY,847409,29.03,46657.03,24646940.30
2539,37,326,2026-01-30,BUY,89428,292.94,128471.27,26325509.59
2540,3,286,2026-02-02,BUY,44968,799.30,74841.62,36017764.02
2541,7,502,2026-02-02,SELL,117856,646.33,118017.07,76055851.41
2542,10,521,2026-02-02,SELL,1035991,28.87,97967.06,29811093.11
2543,16,138,2026-02-02,SELL,104411,465.28,24770.04,48555580.04
2544,18,8,2026-02-02,SELL,8061,7946.48,160696.11,63895879.17
2545,21,310,2026-02-02,BUY,634,1482.97,4633.77,944836.75
2546,27,201,2026-02-02,BUY,3707,2199.84,7490.14,8162297.02
2547,28,443,2026-02-02,BUY,35152,215.72,26267.75,7609257.19
2548,31,71,2026-02-02,SELL,14445,3798.65,58493.57,54813005.68
2549,35,480,2026-02-02,BUY,9650,5843.33,59420.58,56447555.08
2550,36,515,2026-02-02,BUY,259832,86.02,42390.55,22393139.19
2551,37,13,2026-02-02,BUY,22883,1493.38,167585.76,34340600.30
2552,3,138,2026-02-03,BUY,164740,469.77,161144.00,77551053.80
2553,8,210,2026-02-03,BUY,1699,973.87,3783.80,1658388.93
2554,18,38,2026-02-03,BUY,81951,338.18,69525.45,27783714.63
2555,24,172,2026-02-03,SELL,2505,3272.33,14566.73,8182619.92
2556,25,518,2026-02-03,SELL,1185688,12.23,20433.13,14480531.11
2557,28,138,2026-02-03,SELL,50875,474.32,83590.77,24047439.23
2558,31,59,2026-02-03,BUY,41510,762.75,33751.75,31695504.25
2559,32,506,2026-02-03,BUY,173530,118.74,78859.40,20683811.60
2560,33,517,2026-02-03,BUY,32487,26.32,493.62,855551.46
2561,35,489,2026-02-03,BUY,114819,1560.95,188865.18,179415583.23
2562,37,344,2026-02-03,BUY,11248,1475.33,81380.12,16675891.96
2563,1,518,2026-02-04,BUY,2647402,12.27,41584.90,32525207.44
2564,3,251,2026-02-04,BUY,47753,1157.44,115087.71,55386320.03
2565,4,519,2026-02-04,BUY,6942426,13.06,256885.32,90924968.88
2566,10,497,2026-02-04,SELL,46577,2172.38,331424.49,100851518.77
2567,17,226,2026-02-04,SELL,14264,1430.76,71301.65,20337058.99
2568,24,166,2026-02-04,BUY,22561,270.27,10835.61,6108397.08
2569,27,287,2026-02-04,SELL,37150,818.75,27937.42,30388625.08
2570,29,519,2026-02-04,BUY,3364593,12.91,83720.86,43520616.49
2571,33,518,2026-02-04,BUY,69952,12.38,499.94,866505.70
2572,35,9,2026-02-04,BUY,44421,3166.63,148229.55,140813100.78
2573,37,128,2026-02-04,BUY,9612,2284.89,107704.26,22070066.94
2574,2,479,2026-02-05,BUY,5632,787.90,14524.54,4451977.34
2575,3,251,2026-02-05,BUY,55547,1144.39,132362.35,63699793.68
2576,6,321,2026-02-05,BUY,1836,215.20,762.71,395869.91
2577,12,136,2026-02-05,BUY,452,12169.59,25811.23,5526465.91
2578,17,316,2026-02-05,BUY,153668,184.41,99005.51,28436921.39
2579,18,92,2026-02-05,SELL,167161,1341.42,562524.41,223670584.21
2580,19,516,2026-02-05,SELL,155755,1080.89,414002.03,167940019.92
2581,26,131,2026-02-05,SELL,586125,201.42,448434.70,117608862.80
2582,28,393,2026-02-05,BUY,3501,1270.52,15408.35,4463498.87
2583,33,383,2026-02-05,BUY,811,1051.51,492.30,853266.91
2584,35,384,2026-02-05,BUY,166995,581.35,102303.45,97184846.70
2585,37,522,2026-02-05,BUY,1312733,13.34,85878.82,17597737.04
2586,3,425,2026-02-06,SELL,38944,1582.18,128299.88,61488118.04
2587,24,230,2026-02-06,BUY,15094,919.16,24654.31,13898455.35
2588,28,78,2026-02-06,SELL,22972,793.47,63141.05,18164451.79
2589,35,87,2026-02-06,SELL,19883,2633.99,55188.07,52316435.10
2590,37,325,2026-02-06,BUY,71788,232.37,81806.11,16763183.67
2591,3,48,2026-02-09,SELL,25184,798.65,41880.42,20071321.18
2592,7,116,2026-02-09,SELL,20943,1921.05,62332.76,40170217.39
2593,17,485,2026-02-09,SELL,393769,698.69,961208.33,274161254.28
2594,18,194,2026-02-09,BUY,29537,811.30,60115.92,24023484.02
2595,20,29,2026-02-09,SELL,5490,2218.22,36125.89,12141901.91
2596,22,502,2026-02-09,BUY,26822,628.09,41090.87,16887720.85
2597,23,522,2026-02-09,BUY,7632107,13.28,241965.41,101596346.37
2598,24,110,2026-02-09,BUY,1085239,54.31,104737.57,59044067.66
2599,28,115,2026-02-09,SELL,132077,27.57,12613.81,3628749.08
2600,31,321,2026-02-09,SELL,1059913,221.65,250437.46,234679278.99
2601,36,323,2026-02-09,BUY,14229,1404.22,37895.40,20018541.78
2602,37,160,2026-02-09,BUY,28441,1564.51,218211.20,44714440.11
2603,3,200,2026-02-10,BUY,37996,622.81,49274.62,23713563.38
2604,4,518,2026-02-10,BUY,1353301,12.29,47122.81,16679192.10
2605,8,189,2026-02-10,DIVIDEND,0,0.00,0.00,44290.80
2606,12,189,2026-02-10,DIVIDEND,0,0.00,0.00,163196.68
2607,12,202,2026-02-10,SELL,6768,4491.31,142635.52,30254550.56
2608,18,519,2026-02-10,BUY,1198959,13.04,39221.44,15673646.80
2609,24,198,2026-02-10,SELL,344617,102.66,62868.81,35315512.41
2610,28,362,2026-02-10,BUY,6339,903.89,19848.09,5749606.80
2611,30,270,2026-02-10,BUY,13659,516.83,14902.66,7074283.63
2612,32,189,2026-02-10,DIVIDEND,0,0.00,0.00,298654.86
2613,35,87,2026-02-10,BUY,17476,2553.71,47028.68,44675664.64
2614,37,512,2026-02-10,BUY,283678,84.06,116941.56,23962914.24
2615,3,354,2026-02-11,SELL,85578,578.81,103140.20,49430261.98
2616,4,484,2026-02-11,SELL,894,3806.05,9640.44,3392968.26
2617,5,301,2026-02-11,SELL,15906,2409.75,182387.50,38147096.00
2618,9,120,2026-02-11,BUY,132687,638.06,69927.62,84732194.84
2619,13,522,2026-02-11,BUY,1242883,13.42,22839.03,16702328.89
2620,14,468,2026-02-11,BUY,9870,969.31,7421.40,9574511.10
2621,17,316,2026-02-11,BUY,239968,180.25,151119.35,43405351.35
2622,24,446,2026-02-11,SELL,34206,660.53,40150.61,22553938.57
2623,25,518,2026-02-11,BUY,3376373,12.22,58137.95,41317416.01
2624,27,181,2026-02-11,SELL,15332,670.59,9443.48,10272042.40
2625,27,448,2026-02-11,DIVIDEND,0,0.00,0.00,221749.68
2626,36,512,2026-02-11,BUY,555206,84.13,88589.45,46798070.23
2627,37,172,2026-02-11,BUY,7924,3173.11,123305.78,25267029.42
2628,38,503,2026-02-11,BUY,3760820,55.68,770447.13,210172904.73
2629,3,48,2026-02-12,SELL,133718,743.71,207072.91,99240340.87
2630,7,519,2026-02-12,BUY,1398831,13.06,28303.96,18297036.82
2631,8,24,2026-02-12,SELL,2421,1159.75,6420.86,2801333.89
2632,17,368,2026-02-12,SELL,52531,916.63,168229.13,47983261.40
2633,19,397,2026-02-12,BUY,77747,634.11,121234.78,49421384.95
2634,23,446,2026-02-12,SELL,35252,670.27,56408.47,23571949.57
2635,24,230,2026-02-12,BUY,5640,908.04,9100.84,5130446.44
2636,29,521,2026-02-12,BUY,795685,29.07,44582.16,23175145.11
2637,32,216,2026-02-12,SELL,72420,334.49,92709.34,24131056.46
2638,33,517,2026-02-12,BUY,27282,25.94,408.55,708103.63
2639,36,515,2026-02-12,BUY,114510,86.39,18762.20,9911281.10
2640,37,515,2026-02-12,BUY,253194,85.47,106125.79,21746616.97
2641,38,510,2026-02-12,BUY,1578947,192.68,1119348.34,305350856.30
2642,2,521,2026-02-13,BUY,693477,29.34,66597.96,20413213.14
2643,3,148,2026-02-13,SELL,603315,407.14,511467.09,245122202.01
2644,4,518,2026-02-13,SELL,12465673,12.35,436181.80,153514879.75
2645,5,111,2026-02-13,BUY,23997,447.19,51063.57,10782282.00
2646,5,181,2026-02-13,DIVIDEND,0,0.00,0.00,1422016.10
2647,7,197,2026-02-13,SELL,14789,720.06,16498.57,10632468.77
2648,11,181,2026-02-13,DIVIDEND,0,0.00,0.00,329788.51
2649,17,368,2026-02-13,BUY,20604,924.37,66540.93,19112260.41
2650,18,24,2026-02-13,BUY,22333,1183.25,66292.63,26491814.88
2651,24,172,2026-02-13,BUY,3175,3176.59,17922.65,10103595.90
2652,27,181,2026-02-13,DIVIDEND,0,0.00,0.00,189241.79
2653,28,115,2026-02-13,SELL,153870,25.64,13666.41,3931560.39
2654,30,364,2026-02-13,BUY,66535,395.38,55534.39,26362142.69
2655,31,181,2026-02-13,DIVIDEND,0,0.00,0.00,1116836.82
2656,31,325,2026-02-13,SELL,348042,235.38,87329.82,81834796.14
2657,33,5,2026-02-13,BUY,600,821.21,284.45,493010.45
2658,37,152,2026-02-13,BUY,12037,2657.59,156877.29,32146288.12
2659,38,522,2026-02-13,BUY,12458815,13.44,616079.95,168062553.55
2660,1,518,2026-02-16,SELL,8330001,12.24,130526.18,101828686.06
2661,3,354,2026-02-16,BUY,29455,541.64,33219.99,15987226.19
2662,4,310,2026-02-16,BUY,14083,1352.89,53981.20,19106731.07
2663,5,1,2026-02-16,BUY,98019,218.39,101860.34,21508229.75
2664,8,473,2026-02-16,SELL,29784,767.70,52288.78,22812888.02
2665,9,13,2026-02-16,BUY,33793,1506.19,42040.26,50940718.93
2666,12,492,2026-02-16,SELL,22625,666.14,70721.00,15000696.50
2667,16,386,2026-02-16,DIVIDEND,0,0.00,0.00,1016730.15
2668,16,519,2026-02-16,BUY,7729712,12.92,50920.42,99918799.46
2669,17,413,2026-02-16,SELL,100217,1053.12,368731.92,105171795.12
2670,18,263,2026-02-16,BUY,263177,91.18,60198.98,24056677.84
2671,23,487,2026-02-16,BUY,21927,1432.15,74968.44,31477721.49
2672,24,230,2026-02-16,SELL,123630,860.97,189151.24,106252569.86
2673,28,443,2026-02-16,BUY,56783,196.63,38676.81,11203918.10
2674,32,512,2026-02-16,BUY,157759,84.34,50922.48,13356316.54
2675,35,401,2026-02-16,BUY,26617,1330.67,37323.18,35455766.57
2676,36,507,2026-02-16,BUY,140944,127.75,34149.51,18039745.51
2677,37,82,2026-02-16,BUY,21301,1754.34,183259.96,37552456.30
2678,39,91,2026-02-16,BUY,269271,340.08,59945.11,91633626.79
2679,1,521,2026-02-17,BUY,1006648,29.10,37500.91,29330957.71
2680,3,354,2026-02-17,BUY,47270,544.44,53587.74,25789266.54
2681,8,362,2026-02-17,SELL,25586,902.64,52814.23,23042132.81
2682,13,362,2026-02-17,BUY,10699,901.76,13210.80,9661141.04
2683,17,413,2026-02-17,BUY,39665,1018.80,141184.78,40551886.78
2684,22,522,2026-02-17,SELL,3379330,13.50,111274.76,45509680.24
2685,23,90,2026-02-17,SELL,14576,1498.58,52146.97,21791155.11
2686,28,264,2026-02-17,BUY,7812,1180.30,31940.16,9252443.76
2687,30,221,2026-02-17,BUY,60885,379.34,48756.90,23144872.80
2688,31,19,2026-02-17,BUY,58065,738.07,45684.97,42901719.52
2689,32,216,2026-02-17,DIVIDEND,0,0.00,0.00,164123.67
2690,37,391,2026-02-17,BUY,43764,614.46,131875.60,27023103.04
2691,39,361,2026-02-17,BUY,113240,949.05,70351.29,107540773.29
2692,1,449,2026-02-18,DIVIDEND,0,0.00,0.00,1478185.90
2693,3,48,2026-02-18,BUY,263647,760.90,417715.14,201026717.44
2694,7,97,2026-02-18,SELL,22884,738.51,26183.47,16873879.37
2695,10,399,2026-02-18,BUY,70827,520.96,120859.42,37018893.34
2696,14,449,2026-02-18,DIVIDEND,0,0.00,0.00,5240519.08
2697,16,449,2026-02-18,DIVIDEND,0,0.00,0.00,1967321.08
2698,18,449,2026-02-18,DIVIDEND,0,0.00,0.00,1459189.95
2699,19,449,2026-02-18,DIVIDEND,0,0.00,0.00,5542267.93
2700,24,329,2026-02-18,SELL,44024,847.46,66298.85,37242280.19
2701,25,411,2026-02-18,BUY,34007,2222.87,106517.37,75699657.46
2702,28,78,2026-02-18,BUY,22609,771.66,60435.18,17506896.12
2703,32,464,2026-02-18,SELL,88626,393.72,133545.87,34760282.85
2704,33,515,2026-02-18,BUY,18700,87.70,946.75,1640936.75
2705,36,209,2026-02-18,BUY,2739,8359.48,43425.84,22940041.56
2706,37,30,2026-02-18,BUY,7351,970.95,35002.34,7172455.79
2707,38,502,2026-02-18,BUY,360003,606.95,803933.46,219307754.31
2708,39,271,2026-02-18,BUY,38838,1724.97,43855.24,67038240.10
2709,4,61,2026-02-19,SELL,39074,583.87,64638.15,22749498.23
2710,9,330,2026-02-19,BUY,28924,419.38,10019.01,12140166.13
2711,10,385,2026-02-19,BUY,77643,231.86,58966.51,18061272.49
2712,20,411,2026-02-19,SELL,18932,2254.73,126628.83,42559919.53
2713,24,221,2026-02-19,BUY,11301,397.67,7986.14,4502054.81
2714,28,138,2026-02-19,SELL,39601,484.35,66442.80,19114301.55
2715,32,464,2026-02-19,BUY,90689,390.14,135411.93,35516818.39
2716,34,499,2026-02-19,SELL,104668,294.48,66812.43,30755820.21
2717,36,158,2026-02-19,SELL,70329,1692.54,225761.73,118808883.93
2718,37,160,2026-02-19,SELL,8425,1474.69,60929.06,12363334.19
2719,38,509,2026-02-19,BUY,407909,111.67,167594.93,45718792.96
2720,39,218,2026-02-19,BUY,290787,1015.87,193373.17,295595162.86
2721,1,257,2026-02-20,DIVIDEND,0,0.00,0.00,490581.56
2722,2,479,2026-02-20,BUY,7661,744.11,18659.13,5719285.84
2723,4,518,2026-02-20,BUY,6323269,12.37,221613.50,78440451.03
2724,5,9,2026-02-20,SELL,12322,2922.77,171371.24,35843000.70
2725,7,197,2026-02-20,BUY,33632,704.00,36682.94,23713610.94
2726,10,257,2026-02-20,DIVIDEND,0,0.00,0.00,1027574.39
2727,18,464,2026-02-20,BUY,63980,387.34,62169.62,24844182.82
2728,19,519,2026-02-20,SELL,2217083,12.97,70713.27,28684853.24
2729,20,9,2026-02-20,BUY,25944,2950.49,227076.74,76774589.30
2730,24,198,2026-02-20,SELL,152377,104.62,28329.01,15913352.73
2731,28,289,2026-02-20,BUY,3906,1255.68,16990.01,4921676.09
2732,31,59,2026-02-20,SELL,182558,715.00,139145.20,130389824.80
2733,37,30,2026-02-20,SELL,8897,953.67,41609.79,8443192.20
2734,38,504,2026-02-20,BUY,17896705,23.54,1550031.80,422838467.50
2735,3,286,2026-02-23,SELL,43414,763.11,68983.74,33060673.80
2736,6,520,2026-02-23,SELL,365653,26.08,18408.50,9517821.74
2737,9,366,2026-02-23,SELL,45805,715.49,27069.19,32745950.26
2738,13,522,2026-02-23,SELL,11825730,13.47,218117.43,159074465.67
2739,24,110,2026-02-23,BUY,263068,47.57,22238.14,12536382.90
2740,33,178,2026-02-23,BUY,188,3006.67,326.32,565580.28
2741,35,462,2026-02-23,SELL,81088,1520.47,129922.27,123161949.09
2742,37,9,2026-02-23,BUY,4165,2950.18,60258.37,12347758.07
2743,39,360,2026-02-23,BUY,398363,423.75,110502.42,168916823.67
2744,2,398,2026-02-24,SELL,18198,1331.63,79318.77,24153683.97
2745,2,414,2026-02-24,DIVIDEND,0,0.00,0.00,487971.25
2746,3,48,2026-02-24,SELL,263647,761.56,418077.46,200364931.86
2747,6,90,2026-02-24,BUY,973,1590.32,2987.03,1550368.39
2748,8,414,2026-02-24,DIVIDEND,0,0.00,0.00,69769.70
2749,8,473,2026-02-24,BUY,17505,745.78,29854.29,13084733.19
2750,9,280,2026-02-24,BUY,631367,64.91,33849.51,41015881.48
2751,10,199,2026-02-24,BUY,45568,485.17,72415.44,22180642.00
2752,12,414,2026-02-24,DIVIDEND,0,0.00,0.00,205521.39
2753,17,169,2026-02-24,SELL,349880,280.93,343406.66,97948381.74
2754,18,194,2026-02-24,DIVIDEND,0,0.00,0.00,775065.18
2755,18,500,2026-02-24,BUY,14633,854.29,31360.31,12532185.88
2756,24,230,2026-02-24,BUY,51486,855.81,78300.37,44140534.03
2757,28,295,2026-02-24,BUY,7814,526.28,14245.34,4126597.26
2758,32,50,2026-02-24,BUY,14300,1548.70,84758.87,22231168.87
2759,33,512,2026-02-24,SELL,15648,85.90,775.98,1343387.22
2760,35,414,2026-02-24,DIVIDEND,0,0.00,0.00,633798.26
2761,38,507,2026-02-24,BUY,1615435,129.18,767795.99,209449689.29
2762,39,342,2026-02-24,BUY,495231,159.64,51752.66,79110429.50
2763,4,499,2026-02-25,BUY,75992,296.52,63842.03,22596989.87
2764,5,44,2026-02-25,BUY,22617,2779.92,299177.83,63172628.47
2765,5,165,2026-02-25,DIVIDEND,0,0.00,0.00,1291686.61
2766,16,165,2026-02-25,DIVIDEND,0,0.00,0.00,889156.53
2767,18,136,2026-02-25,BUY,2618,11589.32,76114.82,30416954.58
2768,24,221,2026-02-25,SELL,16020,399.57,11375.03,6389736.37
2769,35,87,2026-02-25,SELL,23893,2448.79,61655.44,58447284.03
2770,36,210,2026-02-25,SELL,16537,1085.95,34059.91,17924295.24
2771,38,501,2026-02-25,BUY,591149,253.60,551578.43,150466964.83
2772,39,237,2026-02-25,BUY,318997,322.13,67266.82,102825770.43
2773,2,28,2026-02-26,DIVIDEND,0,0.00,0.00,345845.58
2774,3,200,2026-02-26,BUY,69146,621.72,89514.15,43078965.27
2775,5,181,2026-02-26,DIVIDEND,0,0.00,0.00,1400827.73
2776,5,404,2026-02-26,BUY,89271,539.76,229283.71,48414198.67
2777,8,28,2026-02-26,DIVIDEND,0,0.00,0.00,95727.09
2778,8,201,2026-02-26,SELL,1500,2239.78,7683.00,3351987.00
2779,11,181,2026-02-26,DIVIDEND,0,0.00,0.00,324874.59
2780,12,369,2026-02-26,SELL,1274,6712.96,40130.80,8512180.24
2781,14,522,2026-02-26,BUY,1670045,13.36,17307.75,22329108.95
2782,15,261,2026-02-26,SELL,81181,1135.71,335509.07,91862564.44
2783,17,413,2026-02-26,BUY,34332,1048.14,125721.59,36110464.07
2784,18,100,2026-02-26,BUY,53151,1061.92,141594.01,56583703.93
2785,24,172,2026-02-26,BUY,1509,2897.06,7768.62,4379432.16
2786,27,146,2026-02-26,BUY,21585,612.40,12141.25,13230795.25
2787,27,181,2026-02-26,DIVIDEND,0,0.00,0.00,186422.05
2788,31,181,2026-02-26,DIVIDEND,0,0.00,0.00,1100195.70
2789,32,28,2026-02-26,DIVIDEND,0,0.00,0.00,328180.16
2790,39,113,2026-02-26,BUY,433993,213.13,60549.48,92557477.57
2791,1,391,2026-02-27,SELL,23610,625.98,18920.28,14760467.52
2792,3,186,2026-02-27,BUY,122797,387.93,99190.69,47735830.90
2793,4,131,2026-02-27,BUY,27776,182.69,14377.04,5088774.48
2794,7,513,2026-02-27,SELL,480661,144.34,107489.09,69271119.65
2795,14,516,2026-02-27,BUY,23871,1077.66,19955.31,25744777.17
2796,15,351,2026-02-27,DIVIDEND,0,0.00,0.00,494226.95
2797,17,251,2026-02-27,BUY,72702,1072.17,272333.76,78221237.10
2798,23,34,2026-02-27,BUY,20164,1414.38,68085.33,28587643.65
2799,24,198,2026-02-27,SELL,89997,108.31,17321.84,9730253.23
2800,28,362,2026-02-27,BUY,5781,861.34,17248.85,4996655.39
2801,32,506,2026-02-27,SELL,509834,106.77,208333.87,54226642.31
2802,35,351,2026-02-27,DIVIDEND,0,0.00,0.00,799628.11
2803,38,499,2026-02-27,BUY,1604670,289.47,1709032.67,466212857.57
2804,2,509,2026-03-02,BUY,51457,109.12,18378.82,5633366.66
2805,3,48,2026-03-02,BUY,261394,767.46,417716.05,201027155.29
2806,6,518,2026-03-02,BUY,459035,12.27,10872.57,5643232.02
2807,8,202,2026-03-02,BUY,149,4583.31,1561.71,684474.90
2808,8,295,2026-03-02,DIVIDEND,0,0.00,0.00,16731.94
2809,9,13,2026-03-02,SELL,38538,1528.04,48638.79,58838966.73
2810,12,295,2026-03-02,DIVIDEND,0,0.00,0.00,85868.91
2811,15,261,2026-03-02,BUY,32996,1116.40,134048.99,36970783.39
2812,18,295,2026-03-02,DIVIDEND,0,0.00,0.00,290903.91
2813,20,295,2026-03-02,DIVIDEND,0,0.00,0.00,164974.70
2814,21,295,2026-03-02,DIVIDEND,0,0.00,0.00,75284.59
2815,24,446,2026-03-02,BUY,12385,678.11,14924.28,8413316.63
2816,28,21,2026-03-02,BUY,44152,195.84,29952.58,8676680.26
2817,28,295,2026-03-02,DIVIDEND,0,0.00,0.00,167006.20
2818,29,522,2026-03-02,SELL,1034972,13.33,26590.94,13769585.82
2819,31,468,2026-03-02,SELL,25170,921.56,24726.81,23170938.39
2820,32,423,2026-03-02,BUY,15680,601.90,36120.37,9473912.37
2821,32,459,2026-03-02,DIVIDEND,0,0.00,0.00,251942.96
2822,33,34,2026-03-02,BUY,435,1400.69,351.74,609651.89
2823,34,505,2026-03-02,SELL,532871,279.49,322831.47,148609284.32
2824,38,514,2026-03-02,BUY,1764662,92.11,598038.83,163141055.65
2825,39,117,2026-03-02,BUY,486343,209.40,66665.70,101906889.90
2826,2,518,2026-03-03,BUY,1063274,12.12,42180.97,12929061.85
2827,3,388,2026-03-03,BUY,57932,838.22,101112.85,48660873.89
2828,6,90,2026-03-03,DIVIDEND,0,0.00,0.00,74807.60
2829,6,521,2026-03-03,BUY,54043,28.97,3022.24,1568647.95
2830,12,50,2026-03-03,BUY,2678,1495.43,18791.91,4023553.45
2831,14,522,2026-03-03,BUY,1265459,13.37,13124.59,16932311.42
2832,17,251,2026-03-03,SELL,265537,1044.74,969225.30,276447900.08
2833,23,90,2026-03-03,DIVIDEND,0,0.00,0.00,736967.37
2834,24,166,2026-03-03,SELL,46599,231.23,19147.77,10755939.00
2835,36,401,2026-03-03,BUY,17306,1252.01,41094.29,21708379.35
2836,39,197,2026-03-03,BUY,186047,716.35,87243.09,133362011.54
2837,3,186,2026-03-05,BUY,119373,393.62,97839.24,47085439.50
2838,4,50,2026-03-05,DIVIDEND,0,0.00,0.00,532311.06
2839,4,399,2026-03-05,BUY,27381,519.36,40290.50,14260886.66
2840,5,178,2026-03-05,BUY,25408,2974.97,359679.08,75947716.84
2841,7,50,2026-03-05,DIVIDEND,0,0.00,0.00,2978974.06
2842,7,381,2026-03-05,BUY,6391,5765.23,57085.30,36902670.23
2843,9,340,2026-03-05,BUY,23161,384.72,7359.71,8917859.63
2844,11,181,2026-03-05,SELL,13467,685.50,29924.18,9201704.32
2845,12,50,2026-03-05,DIVIDEND,0,0.00,0.00,528367.73
2846,12,473,2026-03-05,BUY,16697,721.94,56563.18,12110795.36
2847,16,386,2026-03-05,BUY,132594,207.39,14020.96,27512690.62
2848,17,251,2026-03-05,BUY,242056,1038.35,878114.39,252216961.99
2849,18,464,2026-03-05,SELL,128250,386.93,124489.12,49499283.38
2850,20,116,2026-03-05,SELL,22122,1791.65,117576.12,39517305.18
2851,24,423,2026-03-05,SELL,20939,601.63,22386.32,12575144.25
2852,25,484,2026-03-05,SELL,16256,3965.74,90839.76,64376229.68
2853,27,325,2026-03-05,BUY,35069,224.66,7236.45,7885837.99
2854,28,306,2026-03-05,BUY,5254,1205.17,21934.15,6353897.33
2855,31,82,2026-03-05,BUY,20923,1772.44,39532.73,37124294.85
2856,32,50,2026-03-05,DIVIDEND,0,0.00,0.00,1089021.45
2857,32,522,2026-03-05,SELL,1508235,13.47,77753.23,20238172.22
2858,35,50,2026-03-05,DIVIDEND,0,0.00,0.00,2166421.46
2859,38,513,2026-03-05,BUY,477846,147.67,259621.89,70823140.71
2860,39,481,2026-03-05,BUY,170496,988.47,110321.66,168640502.78
2861,3,200,2026-03-06,BUY,47403,572.73,56530.86,27205651.05
2862,4,142,2026-03-06,BUY,11862,379.89,12767.35,4519022.53
2863,5,290,2026-03-06,SELL,248022,162.44,191710.23,40096983.45
2864,10,385,2026-03-06,BUY,59153,240.44,46586.58,14269333.90
2865,11,287,2026-03-06,SELL,7926,781.06,20067.00,6170614.56
2866,14,517,2026-03-06,BUY,1101739,25.77,22024.15,28413838.18
2867,19,397,2026-03-06,BUY,33195,680.58,55555.98,22647409.08
2868,20,24,2026-03-06,BUY,18871,1179.11,66007.12,22316991.93
2869,24,432,2026-03-06,BUY,362256,253.50,163188.99,91995084.99
2870,33,522,2026-03-06,SELL,66390,13.40,513.57,889112.43
2871,36,516,2026-03-06,BUY,34497,1082.12,70800.07,37400693.71
2872,37,516,2026-03-06,SELL,15408,1080.70,81659.22,16569766.38
2873,38,508,2026-03-06,BUY,2143732,74.18,585084.23,159607123.99
2874,39,224,2026-03-06,BUY,127350,1854.04,154561.44,236266555.44
2875,2,62,2026-03-09,DIVIDEND,0,0.00,0.00,239135.91
2876,2,204,2026-03-09,BUY,16185,539.27,28568.52,8756653.47
2877,3,180,2026-03-09,SELL,1139266,158.83,376779.68,180572839.10
2878,4,508,2026-03-09,SELL,247342,73.62,51591.55,18157726.49
2879,8,158,2026-03-09,DIVIDEND,0,0.00,0.00,54522.19
2880,11,519,2026-03-09,BUY,483062,12.86,20136.67,6232313.99
2881,14,203,2026-03-09,BUY,37754,531.13,15555.00,20067837.02
2882,15,31,2026-03-09,BUY,24203,1519.91,133865.76,36920247.49
2883,18,520,2026-03-09,BUY,928992,26.74,62318.22,24903564.30
2884,24,230,2026-03-09,BUY,4879,943.25,8178.15,4610294.90
2885,31,352,2026-03-09,BUY,13107,2451.03,34246.27,32159896.48
2886,35,60,2026-03-09,BUY,14916,2239.62,35202.69,33441374.61
2887,36,158,2026-03-09,DIVIDEND,0,0.00,0.00,1083643.30
2888,37,516,2026-03-09,BUY,9256,1077.66,48916.90,10023737.86
2889,38,519,2026-03-09,BUY,9629903,12.87,455996.52,124392848.13
2890,39,67,2026-03-09,BUY,104617,771.29,52820.57,80742866.50
2891,1,301,2026-03-10,BUY,2011,2348.80,6046.85,4729483.65
2892,3,148,2026-03-10,SELL,206445,393.66,169221.47,81099917.23
2893,6,516,2026-03-10,SELL,2484,1078.53,5171.61,2673896.91
2894,7,197,2026-03-10,SELL,50768,724.44,56981.16,36721388.76
2895,24,166,2026-03-10,BUY,70191,230.77,28784.46,16226761.53
2896,28,78,2026-03-10,SELL,15474,757.99,40630.16,11688507.10
2897,32,519,2026-03-10,BUY,3750316,12.83,184151.97,48300706.25
2898,39,361,2026-03-10,BUY,40288,867.20,22870.63,34960624.23
2899,40,511,2026-03-10,BUY,2589889,94.26,604617.89,244727555.03
2900,3,388,2026-03-11,SELL,68904,839.63,120465.36,57733400.16
2901,4,391,2026-03-11,BUY,16016,630.59,28614.49,10128143.93
2902,6,262,2026-03-11,DIVIDEND,0,0.00,0.00,27911.58
2903,10,262,2026-03-11,DIVIDEND,0,0.00,0.00,1033969.28
2904,10,325,2026-03-11,DIVIDEND,0,0.00,0.00,1250341.71
2905,16,262,2026-03-11,DIVIDEND,0,0.00,0.00,1895570.44
2906,17,307,2026-03-11,BUY,115569,342.45,138270.65,39714874.70
2907,18,449,2026-03-11,BUY,24418,631.79,38701.20,15465749.42
2908,19,397,2026-03-11,BUY,27679,686.27,46711.56,19041978.89
2909,24,446,2026-03-11,SELL,38395,704.07,48038.32,26984729.33
2910,27,325,2026-03-11,DIVIDEND,0,0.00,0.00,403765.39
2911,28,443,2026-03-11,SELL,74235,203.99,52456.59,15090741.06
2912,31,262,2026-03-11,DIVIDEND,0,0.00,0.00,2471067.06
2913,34,515,2026-03-11,SELL,2044379,90.85,402600.08,185329232.07
2914,36,158,2026-03-11,BUY,72982,1685.73,233335.45,123261282.31
2915,36,325,2026-03-11,DIVIDEND,0,0.00,0.00,1318932.81
2916,37,325,2026-03-11,DIVIDEND,0,0.00,0.00,192487.32
2917,39,91,2026-03-11,SELL,61044,323.47,12925.88,19732976.80
2918,3,111,2026-03-12,BUY,59120,456.65,56214.41,27053362.41
2919,6,517,2026-03-12,SELL,237994,26.04,11963.24,6185400.52
2920,12,371,2026-03-12,SELL,2633,4322.17,53400.71,11326872.90
2921,12,375,2026-03-12,DIVIDEND,0,0.00,0.00,305873.47
2922,15,8,2026-03-12,SELL,8905,7858.68,254663.06,69726882.34
2923,17,485,2026-03-12,BUY,464938,688.00,1117570.57,320994914.57
2924,23,317,2026-03-12,BUY,358621,277.11,237245.88,99614711.19
2925,24,198,2026-03-12,SELL,428480,106.85,81358.40,45701729.60
2926,36,171,2026-03-12,BUY,8767,1857.89,30892.14,16319013.77
2927,38,500,2026-03-12,BUY,127028,820.53,383490.84,104613775.68
2928,39,91,2026-03-12,BUY,89812,316.58,18612.34,28451295.30
2929,40,501,2026-03-12,BUY,2378568,241.65,1423556.72,576204513.92
2930,2,383,2026-03-13,BUY,15732,922.84,47520.29,14565639.17
2931,3,388,2026-03-13,BUY,44513,854.21,79173.77,38102623.50
2932,7,245,2026-03-13,BUY,17195,961.95,25626.75,16566357.00
2933,10,207,2026-03-13,BUY,6963,3963.34,90393.05,27687129.47
2934,11,521,2026-03-13,BUY,319358,28.94,29958.51,9272179.03
2935,13,447,2026-03-13,SELL,6878,2131.54,20074.77,14640657.35
2936,17,21,2026-03-13,BUY,2215138,191.42,1481424.68,425503140.64
2937,24,41,2026-03-13,BUY,15304,890.60,24220.60,13653963.00
2938,28,107,2026-03-13,DIVIDEND,0,0.00,0.00,111644.53
2939,30,93,2026-03-13,SELL,19939,678.56,28562.01,13501245.83
2940,33,397,2026-03-13,SELL,1411,690.58,562.52,973845.86
2941,36,521,2026-03-13,SELL,799505,29.01,43989.18,23149650.87
2942,38,505,2026-03-13,BUY,368884,281.96,382682.31,104393214.95
2943,40,503,2026-03-13,BUY,5596904,53.55,742300.47,300456509.67
2944,1,522,2026-03-16,BUY,1608328,13.36,27507.57,21514769.65
2945,2,324,2026-03-16,SELL,23951,670.39,52555.71,16003955.18
2946,3,388,2026-03-16,SELL,36868,874.69,67148.07,32180922.85
2947,5,404,2026-03-16,SELL,65480,502.05,156429.17,32717804.83
2948,7,473,2026-03-16,SELL,51367,716.59,57028.74,36752049.79
2949,13,519,2026-03-16,BUY,2775493,13.16,50013.91,36575501.79
2950,15,473,2026-03-16,BUY,34778,713.89,90347.95,24918014.37
2951,21,518,2026-03-16,SELL,1020716,12.11,60920.27,12299950.49
2952,24,198,2026-03-16,BUY,693371,109.93,135450.06,76357724.09
2953,28,138,2026-03-16,BUY,14618,453.39,22958.44,6650613.46
2954,32,317,2026-03-16,BUY,42194,273.52,44169.41,11585072.29
2955,33,137,2026-03-16,SELL,275,1214.55,192.82,333808.43
2956,36,73,2026-03-16,BUY,6618,2988.97,37516.76,19818520.22
2957,39,271,2026-03-16,BUY,10207,1717.94,11478.61,17546492.19
2958,2,513,2026-03-17,BUY,121785,167.23,66661.76,20432767.31
2959,3,138,2026-03-17,BUY,142800,455.13,135329.81,65127893.81
2960,6,90,2026-03-17,BUY,728,1538.83,2162.54,1122430.78
2961,7,502,2026-03-17,BUY,108753,603.71,101720.49,65756994.12
2962,12,136,2026-03-17,BUY,548,11817.46,30387.78,6506355.86
2963,16,87,2026-03-17,SELL,24494,2353.97,29398.61,57628742.57
2964,17,21,2026-03-17,BUY,533838,194.35,362481.22,104113896.52
2965,22,515,2026-03-17,SELL,1034871,96.14,242673.64,99249824.30
2966,24,198,2026-03-17,SELL,347644,107.81,66602.59,37412897.05
2967,27,318,2026-03-17,SELL,6067,792.79,4417.82,4805439.11
2968,33,247,2026-03-17,BUY,487,882.47,248.10,430010.99
2969,36,171,2026-03-17,BUY,7439,1828.77,25801.84,13630021.87
2970,37,521,2026-03-17,SELL,328822,29.27,47199.50,9577420.44
2971,40,514,2026-03-17,BUY,1825188,99.81,451184.39,182623198.67
2972,3,354,2026-03-18,BUY,48670,536.30,54349.92,26156070.92
2973,4,166,2026-03-18,BUY,82147,232.58,54131.36,19159880.62
2974,9,283,2026-03-18,BUY,51852,257.89,11044.83,13383157.11
2975,16,320,2026-03-18,BUY,54879,1256.47,35158.02,68988975.15
2976,17,78,2026-03-18,BUY,47402,765.87,126836.19,36430605.93
2977,18,517,2026-03-18,BUY,1216580,26.19,79931.47,31942161.67
2978,19,489,2026-03-18,BUY,19583,1537.20,74026.73,30177014.33
2979,23,141,2026-03-18,BUY,26108,989.01,61643.18,25882716.26
2980,24,412,2026-03-18,BUY,151338,456.54,122779.01,69214629.53
2981,25,521,2026-03-18,BUY,2189685,29.08,89725.13,63765764.93
2982,27,46,2026-03-18,DIVIDEND,0,0.00,0.00,133459.15
2983,28,417,2026-03-18,BUY,7497,374.11,9715.59,2814418.26
2984,30,480,2026-03-18,SELL,8575,5439.65,98469.61,46546529.14
2985,32,189,2026-03-18,BUY,7613,1863.10,54284.25,14238064.55
2986,35,397,2026-03-18,SELL,38209,702.25,28275.26,26803994.99
2987,40,506,2026-03-18,BUY,2042791,103.56,523948.23,212075384.19
2988,3,200,2026-03-19,BUY,67466,584.29,82081.11,39501790.25
2989,4,50,2026-03-19,BUY,8086,1557.17,35674.23,12626950.85
2990,5,447,2026-03-19,BUY,16920,2140.40,172328.62,36387896.62
2991,8,362,2026-03-19,BUY,15104,816.70,28209.05,12363645.85
2992,10,68,2026-03-19,DIVIDEND,0,0.00,0.00,1565577.70
2993,15,30,2026-03-19,BUY,32696,902.64,107396.87,29620114.31
2994,16,68,2026-03-19,DIVIDEND,0,0.00,0.00,1295244.94
2995,24,198,2026-03-19,SELL,74017,112.05,14738.07,8278866.78
2996,26,260,2026-03-19,BUY,129544,332.64,163680.95,43255197.11
2997,31,68,2026-03-19,DIVIDEND,0,0.00,0.00,1472884.71
2998,31,245,2026-03-19,SELL,31190,995.02,33083.28,31001590.52
2999,32,68,2026-03-19,DIVIDEND,0,0.00,0.00,802182.83
3000,32,502,2026-03-19,SELL,46606,589.30,105113.89,27359801.91
3001,33,492,2026-03-19,SELL,1392,670.11,538.49,932254.63
3002,35,463,2026-03-19,SELL,15249,1929.94,31012.32,29398642.74
3003,39,218,2026-03-19,SELL,47604,1031.86,32154.91,49088508.53
3004,40,520,2026-03-19,BUY,8500003,26.79,563980.64,228279061.01
3005,3,138,2026-03-23,SELL,182258,450.25,170871.69,81890792.81
3006,5,34,2026-03-23,SELL,60038,1422.66,406433.45,85007227.63
3007,7,34,2026-03-23,BUY,28477,1420.80,62685.34,40522806.94
3008,10,520,2026-03-23,BUY,2766767,26.90,243782.29,74669814.59
3009,17,226,2026-03-23,BUY,33674,1185.60,139483.99,40063378.39
3010,20,383,2026-03-23,BUY,88669,918.35,241558.10,81670734.25
3011,23,517,2026-03-23,SELL,1759862,26.23,110201.54,46050978.72
3012,24,423,2026-03-23,SELL,12214,615.91,13368.19,7509356.55
3013,28,393,2026-03-23,SELL,14530,1350.91,67994.61,19560727.69
3014,30,93,2026-03-23,BUY,22977,638.78,30984.31,14708232.37
3015,32,310,2026-03-23,SELL,11273,1285.13,55445.77,14431824.72
3016,33,517,2026-03-23,BUY,31846,26.21,481.86,835165.52
3017,35,480,2026-03-23,BUY,2026,5305.86,11327.77,10761000.13
3018,36,20,2026-03-23,BUY,18443,1328.81,46480.57,24553723.40
3019,37,82,2026-03-23,BUY,2132,1782.13,18632.90,3818134.06
3020,39,218,2026-03-23,SELL,243183,1012.61,161197.58,246088340.05
3021,1,518,2026-03-24,SELL,2461992,12.14,38262.78,29850320.10
3022,2,374,2026-03-24,BUY,109348,151.42,54195.45,16611669.61
3023,4,371,2026-03-24,DIVIDEND,0,0.00,0.00,433652.84
3024,4,393,2026-03-24,BUY,7353,1339.75,27910.86,9879092.61
3025,5,44,2026-03-24,DIVIDEND,0,0.00,0.00,2524161.05
3026,12,371,2026-03-24,DIVIDEND,0,0.00,0.00,106273.80
3027,18,449,2026-03-24,SELL,94043,621.87,146712.70,58335807.71
3028,20,276,2026-03-24,SELL,3939,4894.77,57195.23,19223303.80
3029,23,287,2026-03-24,BUY,34917,803.30,66961.54,28115787.64
3030,24,423,2026-03-24,SELL,6078,601.86,6500.60,3651604.48
3031,26,16,2026-03-24,BUY,93987,127.68,45582.38,12045842.54
3032,27,44,2026-03-24,DIVIDEND,0,0.00,0.00,81215.73
3033,28,264,2026-03-24,BUY,6304,1169.25,25533.25,7396485.25
3034,34,508,2026-03-24,BUY,2573996,71.58,399380.70,184646014.38
3035,36,158,2026-03-24,BUY,16254,1710.96,52744.49,27862688.33
3036,39,271,2026-03-24,BUY,7768,1606.64,8169.79,12488549.31
3037,40,509,2026-03-24,BUY,3004720,110.32,820976.38,332301686.78
3038,2,28,2026-03-25,BUY,4806,1527.20,24024.17,7363747.37
3039,3,180,2026-03-25,SELL,1433974,155.18,463347.50,222060737.82
3040,6,31,2026-03-25,BUY,466,1494.26,1344.17,697669.33
3041,10,519,2026-03-25,BUY,1578016,13.10,67711.12,20739720.72
3042,13,522,2026-03-25,BUY,7174627,13.42,131839.84,96415334.18
3043,14,522,2026-03-25,SELL,5053221,13.58,53232.17,68569509.01
3044,17,169,2026-03-25,BUY,196290,310.42,212882.20,61145224.00
3045,18,502,2026-03-25,SELL,43990,582.37,64267.97,25554188.33
3046,24,432,2026-03-25,SELL,171683,234.55,71558.31,40196689.34
3047,25,519,2026-03-25,BUY,8292380,13.30,155406.40,110444060.40
3048,27,42,2026-03-25,BUY,7877,1261.02,9123.45,9942177.99
3049,28,422,2026-03-25,SELL,689669,48.87,116752.32,33587371.71
3050,31,468,2026-03-25,SELL,46858,879.37,43925.50,41161593.96
3051,35,178,2026-03-25,BUY,11829,2983.22,37186.26,35325695.64
3052,37,313,2026-03-25,BUY,3409,1177.68,19688.30,4034399.42
3053,39,113,2026-03-25,BUY,53071,196.74,6834.91,10448023.45
3054,40,502,2026-03-25,BUY,349397,588.48,509240.91,206122387.47
3055,41,160,2026-03-25,BUY,12795,1370.80,42931.22,17582317.22
3056,2,9,2026-03-27,SELL,11483,2829.89,106363.76,32389263.11
3057,3,286,2026-03-27,BUY,39985,742.64,61830.85,29756291.25
3058,5,1,2026-03-27,BUY,38810,204.74,37810.15,7983769.55
3059,7,197,2026-03-27,DIVIDEND,0,0.00,0.00,426938.59
3060,8,480,2026-03-27,DIVIDEND,0,0.00,0.00,183882.43
3061,10,480,2026-03-27,DIVIDEND,0,0.00,0.00,1051987.26
3062,11,517,2026-03-27,BUY,373618,26.17,31693.88,9809276.94
3063,14,380,2026-03-27,BUY,146181,102.66,11641.21,15018582.67
3064,16,418,2026-03-27,SELL,226303,660.52,76215.34,149401442.22
3065,16,480,2026-03-27,DIVIDEND,0,0.00,0.00,2384554.39
3066,17,316,2026-03-27,BUY,280623,177.45,173976.56,49970527.91
3067,18,521,2026-03-27,BUY,1600722,29.32,117739.32,47050908.36
3068,23,480,2026-03-27,DIVIDEND,0,0.00,0.00,6035762.85
3069,24,166,2026-03-27,BUY,63154,240.82,27026.56,15235772.84
3070,26,491,2026-03-27,SELL,597315,161.68,366831.05,96207058.15
3071,27,325,2026-03-27,SELL,27228,238.12,5955.08,6477576.28
3072,28,393,2026-03-27,BUY,22511,1346.99,105036.84,30427128.73
3073,32,464,2026-03-27,SELL,18432,387.05,27303.69,7106801.91
3074,32,480,2026-03-27,DIVIDEND,0,0.00,0.00,978434.29
3075,33,480,2026-03-27,DIVIDEND,0,0.00,0.00,22919.77
3076,35,480,2026-03-27,DIVIDEND,0,0.00,0.00,874546.33
3077,36,515,2026-03-27,BUY,156372,94.62,28062.02,14823980.66
3078,37,261,2026-03-27,BUY,10864,1107.79,59020.25,12094050.81
3079,39,197,2026-03-27,DIVIDEND,0,0.00,0.00,1415094.03
3080,39,224,2026-03-27,BUY,28204,1964.17,36263.76,55433714.44
3081,40,503,2026-03-27,BUY,834055,50.83,104999.49,42500015.14
3082,41,172,2026-03-27,BUY,3856,2640.71,24923.93,10207501.69
3083,3,200,2026-03-30,SELL,171046,537.68,191499.04,91776514.24
3084,4,505,2026-03-30,BUY,27367,269.88,20925.83,7406731.79
3085,6,495,2026-03-30,SELL,14860,855.48,24539.76,12687893.04
3086,7,463,2026-03-30,BUY,19647,1926.43,58639.23,37907209.44
3087,11,516,2026-03-30,BUY,6722,1085.77,23658.12,7322204.06
3088,15,31,2026-03-30,BUY,26061,1443.79,136923.35,37763534.54
3089,16,227,2026-03-30,BUY,162211,314.84,26039.72,51096550.96
3090,17,316,2026-03-30,SELL,1197353,173.05,723911.18,206478025.47
3091,20,344,2026-03-30,SELL,22844,1452.20,98410.21,33075646.59
3092,23,323,2026-03-30,BUY,33473,1412.56,112878.78,47395499.66
3093,24,110,2026-03-30,SELL,1348307,47.31,113354.57,63675049.60
3094,26,488,2026-03-30,SELL,1407743,50.97,272548.87,71480111.84
3095,28,422,2026-03-30,SELL,647852,49.47,111019.74,31938218.70
3096,33,492,2026-03-30,SELL,761,717.97,315.42,546059.75
3097,34,504,2026-03-30,BUY,3487350,22.78,172201.43,79614034.43
3098,36,241,2026-03-30,BUY,6139,2854.19,33232.08,17555104.49
3099,39,237,2026-03-30,SELL,172450,333.33,37628.83,57445129.67
3100,41,324,2026-03-30,BUY,23629,673.18,38934.57,15945504.79
3101,1,518,2026-04-01,BUY,1637613,12.04,25241.14,19742101.66
3102,2,414,2026-04-01,SELL,2249,8278.92,60944.13,18558346.95
3103,3,200,2026-04-01,BUY,125616,529.89,138599.12,66701261.36
3104,5,141,2026-04-01,BUY,55427,960.41,253302.89,53485947.96
3105,7,521,2026-04-01,BUY,2278429,29.13,102828.81,66473465.58
3106,8,468,2026-04-01,SELL,6576,871.25,13102.03,5716237.97
3107,11,103,2026-04-01,BUY,3873,422.75,5307.32,1642618.07
3108,12,447,2026-04-01,BUY,3396,2098.58,33441.64,7160219.32
3109,14,103,2026-04-01,BUY,56655,423.14,18596.38,23991593.08
3110,17,78,2026-04-01,SELL,176628,721.19,445041.72,126937305.60
3111,20,344,2026-04-01,SELL,5929,1446.12,25434.74,8548610.74
3112,24,253,2026-04-01,SELL,87215,650.19,100769.43,56605551.42
3113,27,492,2026-04-01,SELL,13265,733.80,8940.49,9724916.51
3114,28,172,2026-04-01,SELL,6403,2667.88,59174.18,17023261.46
3115,30,470,2026-04-01,BUY,31890,310.63,20911.98,9926902.68
3116,32,502,2026-04-01,BUY,23361,569.78,50942.53,13361573.11
3117,33,178,2026-04-01,BUY,252,2957.66,430.27,745760.59
3118,36,237,2026-04-01,BUY,75597,325.43,46659.39,24648191.10
3119,37,504,2026-04-01,BUY,516932,22.80,57799.24,11843848.84
3120,39,271,2026-04-01,SELL,16772,1590.68,17464.28,26661420.68
3121,41,182,2026-04-01,BUY,3785,2463.22,22820.64,9346108.34
3122,4,371,2026-04-02,BUY,5397,4147.71,63422.84,22448613.71
3123,5,9,2026-04-02,SELL,2371,2807.86,31678.83,6625757.23
3124,8,29,2026-04-02,BUY,547,1947.41,2436.01,1067669.28
3125,14,447,2026-04-02,SELL,37979,2056.48,60586.26,78042467.66
3126,15,397,2026-04-02,SELL,54969,676.39,135299.89,37045182.02
3127,17,251,2026-04-02,SELL,96362,1046.80,352420.36,100519321.24
3128,18,506,2026-04-02,BUY,163965,99.02,40730.12,16276544.42
3129,23,323,2026-04-02,SELL,22135,1407.25,74363.80,31075114.95
3130,24,110,2026-04-02,BUY,1279899,46.05,104737.61,59044086.56
3131,25,519,2026-04-02,SELL,18345849,13.42,346919.25,245854374.33
3132,26,260,2026-04-02,BUY,125982,318.85,152581.29,40321941.99
3133,27,399,2026-04-02,BUY,33297,417.99,12783.42,13930596.45
3134,31,19,2026-04-02,DIVIDEND,0,0.00,0.00,1368506.23
3135,33,430,2026-04-02,SELL,2191,365.59,462.42,800545.27
3136,35,462,2026-04-02,BUY,19731,1345.54,27976.60,26576826.34
3137,39,67,2026-04-02,SELL,18587,630.78,7674.86,11716633.00
3138,41,463,2026-04-02,BUY,4557,1953.79,21792.93,8925213.96
3139,1,520,2026-04-06,SELL,859665,26.79,29483.10,23000942.25
3140,2,287,2026-04-06,DIVIDEND,0,0.00,0.00,465095.76
3141,2,374,2026-04-06,SELL,157572,141.57,73016.17,22234451.87
3142,3,56,2026-04-06,BUY,39647,405.66,33489.01,16116691.03
3143,4,287,2026-04-06,DIVIDEND,0,0.00,0.00,438406.38
3144,6,321,2026-04-06,SELL,6961,240.56,3232.49,1671305.67
3145,9,120,2026-04-06,BUY,154063,557.60,70954.50,85976483.30
3146,11,287,2026-04-06,DIVIDEND,0,0.00,0.00,373333.59
3147,14,60,2026-04-06,BUY,9117,2223.73,15726.79,20289473.20
3148,15,52,2026-04-06,DIVIDEND,0,0.00,0.00,285957.48
3149,17,307,2026-04-06,SELL,1150531,327.14,1314993.03,375069718.31
3150,20,287,2026-04-06,DIVIDEND,0,0.00,0.00,1502343.12
3151,23,287,2026-04-06,DIVIDEND,0,0.00,0.00,3145601.89
3152,24,110,2026-04-06,SELL,674851,46.86,56196.27,31567321.59
3153,27,287,2026-04-06,DIVIDEND,0,0.00,0.00,484008.35
3154,28,422,2026-04-06,BUY,365986,51.28,65012.22,18832774.30
3155,33,287,2026-04-06,DIVIDEND,0,0.00,0.00,22127.25
3156,33,506,2026-04-06,SELL,5159,98.42,293.12,507455.66
3157,35,87,2026-04-06,BUY,19892,2313.91,48503.61,46076801.33
3158,36,522,2026-04-06,SELL,5366367,13.46,136994.26,72094305.56
3159,37,520,2026-04-06,SELL,514196,26.77,67504.22,13697522.70
3160,38,500,2026-04-06,BUY,22228,801.77,65570.92,17887314.48
3161,39,481,2026-04-06,BUY,41451,912.01,24746.72,37828473.23
3162,41,520,2026-04-06,BUY,435555,26.64,28401.16,11631586.36
3163,1,439,2026-04-07,BUY,18722,1772.31,42477.90,33223665.72
3164,3,425,2026-04-07,SELL,23468,1370.72,66981.46,32101075.50
3165,4,515,2026-04-07,SELL,555017,93.67,147296.24,51841146.15
3166,5,301,2026-04-07,SELL,17474,2128.66,176994.89,37019209.95
3167,6,305,2026-04-07,BUY,5839,72.44,816.50,423793.66
3168,7,337,2026-04-07,SELL,14441,1095.82,24517.45,15800219.17
3169,15,241,2026-04-07,BUY,13889,2825.59,142811.29,39387430.80
3170,16,518,2026-04-07,SELL,2696568,12.14,16691.53,32719643.99
3171,17,485,2026-04-07,BUY,162306,604.18,342603.97,98404643.05
3172,18,263,2026-04-07,BUY,617182,74.02,114605.11,45798416.75
3173,23,423,2026-04-07,BUY,28599,618.12,42202.13,17719816.01
3174,24,198,2026-04-07,SELL,79321,104.25,14694.73,8254519.52
3175,26,451,2026-04-07,BUY,141814,173.14,93265.90,24646941.86
3176,28,264,2026-04-07,BUY,8393,1164.88,33867.32,9810705.16
3177,32,521,2026-04-07,BUY,386820,29.48,43643.37,11447096.97
3178,36,171,2026-04-07,BUY,3467,1797.42,11818.99,6243474.13
3179,39,237,2026-04-07,SELL,146547,311.32,29865.31,45593146.73
3180,41,500,2026-04-07,BUY,12993,809.50,25744.54,10543578.04
3181,3,200,2026-04-08,SELL,415162,529.00,457301.96,219163396.04
3182,4,464,2026-04-08,BUY,98592,372.56,104069.33,36835504.85
3183,7,50,2026-04-08,BUY,29585,1537.75,70484.91,45564818.66
3184,17,307,2026-04-08,BUY,471871,311.39,513356.93,147449267.62
3185,18,352,2026-04-08,BUY,9080,2296.89,52319.99,20908081.19
3186,20,317,2026-04-08,SELL,97428,267.78,77393.32,26011876.52
3187,23,254,2026-04-08,BUY,45478,710.59,77149.16,32393361.18
3188,24,230,2026-04-08,BUY,14970,783.88,20853.01,11755536.61
3189,25,484,2026-04-08,BUY,6155,3990.75,34611.52,24597677.77
3190,26,437,2026-04-08,BUY,26951,657.27,67286.05,17781369.82
3191,30,270,2026-04-08,SELL,42955,453.42,41116.07,19435540.03
3192,32,277,2026-04-08,SELL,14590,1463.95,81745.41,21277285.09
3193,33,404,2026-04-08,SELL,3867,450.93,1006.65,1742739.66
3194,39,360,2026-04-08,SELL,98946,357.56,23159.56,35355972.20
3195,41,476,2026-04-08,BUY,5382,1696.09,22343.51,9150699.89
3196,2,374,2026-04-09,SELL,61859,139.68,28281.72,8612183.40
3197,3,200,2026-04-09,BUY,422052,539.25,473899.13,228065440.13
3198,8,27,2026-04-09,BUY,3807,767.01,6677.56,2926684.63
3199,14,518,2026-04-09,BUY,3882376,12.13,36531.25,47129752.13
3200,17,21,2026-04-09,BUY,674356,192.04,452451.88,129955778.12
3201,18,61,2026-04-09,BUY,122340,594.47,182448.40,72909908.20
3202,24,172,2026-04-09,SELL,3189,2740.05,15527.81,8722491.64
3203,30,323,2026-04-09,SELL,16343,1412.33,48726.49,23032982.70
3204,39,271,2026-04-09,SELL,11637,1556.41,11856.27,18100086.90
3205,41,64,2026-04-09,BUY,43421,293.08,31149.05,12756975.73
3206,2,267,2026-04-10,SELL,1373,1767.29,7942.32,2418546.85
3207,3,388,2026-04-10,SELL,88284,901.30,165684.23,79404684.97
3208,4,518,2026-04-10,BUY,1019790,12.18,35191.91,12456234.11
3209,7,340,2026-04-10,BUY,37964,381.17,22419.68,14493157.56
3210,8,480,2026-04-10,BUY,340,5176.97,4025.21,1764195.01
3211,9,315,2026-04-10,BUY,357329,91.55,27020.01,32740489.96
3212,11,103,2026-04-10,DIVIDEND,0,0.00,0.00,102608.85
3213,14,103,2026-04-10,DIVIDEND,0,0.00,0.00,1490507.17
3214,15,473,2026-04-10,BUY,22673,685.18,56532.23,15591618.37
3215,17,316,2026-04-10,BUY,415972,160.36,233051.35,66938321.27
3216,21,517,2026-04-10,BUY,188366,26.06,24193.00,4933010.96
3217,23,103,2026-04-10,DIVIDEND,0,0.00,0.00,2791187.96
3218,28,103,2026-04-10,DIVIDEND,0,0.00,0.00,569917.67
3219,28,417,2026-04-10,DIVIDEND,0,0.00,0.00,460287.96
3220,28,443,2026-04-10,BUY,41717,206.44,29832.48,8641889.96
3221,36,517,2026-04-10,SELL,1000828,26.28,49884.06,26251875.78
3222,39,218,2026-04-10,BUY,302877,975.32,193373.31,295595368.95
3223,40,509,2026-04-10,BUY,793165,109.31,214731.54,86915597.69
3224,41,519,2026-04-10,BUY,621687,13.29,20223.46,8282443.69
3225,42,312,2026-04-10,BUY,86721,1640.88,79327.32,142378081.80
3226,2,324,2026-04-13,SELL,19704,691.01,44566.39,13571094.65
3227,3,148,2026-04-13,SELL,88789,434.86,80396.74,38530387.80
3228,5,385,2026-04-13,DIVIDEND,0,0.00,0.00,514827.93
3229,7,245,2026-04-13,BUY,16638,1020.40,26303.31,17003718.51
3230,10,385,2026-04-13,DIVIDEND,0,0.00,0.00,618059.68
3231,11,31,2026-04-13,SELL,4897,1455.48,23103.63,7104381.93
3232,14,418,2026-04-13,SELL,53694,657.63,27391.35,35283393.87
3233,19,518,2026-04-13,BUY,1445782,12.03,42770.80,17435528.26
3234,24,446,2026-04-13,BUY,11242,684.05,13665.60,7703755.70
3235,27,325,2026-04-13,BUY,40010,234.87,8631.22,9405779.92
3236,28,107,2026-04-13,BUY,60963,179.18,37838.89,10961189.23
3237,33,201,2026-04-13,BUY,766,1944.45,859.85,1490308.55
3238,35,220,2026-04-13,SELL,98858,246.32,25660.24,24325042.32
3239,36,20,2026-04-13,BUY,15523,1298.16,38219.13,20189556.81
3240,39,360,2026-04-13,SELL,99593,357.68,23318.82,35599105.42
3241,41,23,2026-04-13,BUY,2235,2155.58,11792.35,4829513.65
3242,42,111,2026-04-13,BUY,1090766,393.54,239299.69,429499351.33
3243,2,9,2026-04-15,BUY,21663,2615.79,185477.07,56851335.84
3244,3,48,2026-04-15,SELL,135494,765.88,216078.02,103556066.70
3245,4,518,2026-04-15,BUY,2052497,12.17,70771.43,25049659.92
3246,5,44,2026-04-15,SELL,20267,2473.91,238580.79,49900153.18
3247,6,37,2026-04-15,BUY,1718,448.57,1487.63,772130.89
3248,15,261,2026-04-15,BUY,35554,1030.31,133302.66,36764944.40
3249,17,169,2026-04-15,SELL,324176,318.55,360786.22,102905478.58
3250,18,502,2026-04-15,BUY,62949,587.40,92760.78,37069003.38
3251,23,87,2026-04-15,SELL,22215,2196.00,116463.39,48667676.61
3252,28,21,2026-04-15,BUY,19391,202.50,13602.15,3940279.65
3253,35,489,2026-04-15,BUY,37205,1563.31,61290.84,58224239.39
3254,39,218,2026-04-15,SELL,111986,932.37,68349.47,104344037.35
3255,39,271,2026-04-15,DIVIDEND,0,0.00,0.00,109141.56
3256,41,202,2026-04-15,BUY,2457,4081.77,24547.79,10053456.68
3257,42,122,2026-04-15,BUY,45408,1523.79,38572.62,69230828.94
3258,43,78,2026-04-15,BUY,122856,679.54,157395.25,83642961.49
3259,3,56,2026-04-16,BUY,102828,416.98,89280.46,42966499.90
3260,4,484,2026-04-16,DIVIDEND,0,0.00,0.00,39323.09
3261,4,520,2026-04-16,BUY,299027,26.72,22637.67,8012639.11
3262,5,404,2026-04-16,DIVIDEND,0,0.00,0.00,572923.58
3263,5,447,2026-04-16,BUY,25135,1977.96,236569.36,49952593.96
3264,6,37,2026-04-16,DIVIDEND,0,0.00,0.00,28839.72
3265,7,501,2026-04-16,SELL,98073,240.09,36480.63,23509865.94
3266,8,34,2026-04-16,SELL,2227,1237.20,6300.78,2748943.62
3267,8,489,2026-04-16,DIVIDEND,0,0.00,0.00,70795.35
3268,12,489,2026-04-16,DIVIDEND,0,0.00,0.00,121305.16
3269,15,397,2026-04-16,SELL,43147,689.69,108289.65,29649764.78
3270,15,484,2026-04-16,DIVIDEND,0,0.00,0.00,874938.73
3271,17,251,2026-04-16,SELL,30902,1045.43,112868.57,32193009.29
3272,18,326,2026-04-16,SELL,426000,247.46,264457.72,105153502.28
3273,19,489,2026-04-16,DIVIDEND,0,0.00,0.00,626071.93
3274,20,276,2026-04-16,BUY,4064,4689.36,56533.89,19114092.93
3275,24,446,2026-04-16,SELL,29222,656.04,34067.29,19136733.59
3276,25,484,2026-04-16,DIVIDEND,0,0.00,0.00,861709.98
3277,27,42,2026-04-16,BUY,3312,1164.15,3541.40,3859206.20
3278,31,37,2026-04-16,DIVIDEND,0,0.00,0.00,1771264.94
3279,33,404,2026-04-16,DIVIDEND,0,0.00,0.00,17744.40
3280,33,489,2026-04-16,DIVIDEND,0,0.00,0.00,11772.82
3281,35,489,2026-04-16,DIVIDEND,0,0.00,0.00,729914.71
3282,36,521,2026-04-16,BUY,1338667,29.17,74060.38,39122976.77
3283,37,519,2026-04-16,SELL,636395,13.39,41788.92,8479540.13
3284,39,237,2026-04-16,BUY,340983,301.36,67266.90,102825903.78
3285,41,362,2026-04-16,BUY,16767,788.02,32340.85,13245072.19
3286,42,341,2026-04-16,BUY,18042,3093.36,31112.64,55841513.76
3287,43,423,2026-04-16,BUY,686233,611.33,790910.85,420305730.74
3288,2,209,2026-04-17,SELL,2592,9008.82,76431.37,23274430.07
3289,3,186,2026-04-17,SELL,522225,386.03,419767.21,201174749.54
3290,4,517,2026-04-17,SELL,370193,26.20,27479.85,9671576.75
3291,7,34,2026-04-17,BUY,20231,1242.45,38943.51,25174949.46
3292,10,497,2026-04-17,BUY,8430,1851.98,51137.70,15663329.10
3293,12,375,2026-04-17,BUY,1479,1645.77,11421.72,2445515.55
3294,14,380,2026-04-17,BUY,282520,104.77,22961.08,29622581.48
3295,16,391,2026-04-17,BUY,72649,618.15,22897.58,44930876.93
3296,17,316,2026-04-17,BUY,267299,149.76,139857.14,40170555.38
3297,21,516,2026-04-17,SELL,9812,1093.71,52889.87,10678592.65
3298,24,110,2026-04-17,BUY,415895,47.35,34994.60,19727622.85
3299,28,51,2026-04-17,SELL,7707,2425.26,64747.97,18626730.85
3300,32,176,2026-04-17,BUY,14905,2220.18,126649.07,33218431.97
3301,39,113,2026-04-17,SELL,487064,195.51,62335.88,95163546.76
3302,41,468,2026-04-17,BUY,14793,836.76,30298.14,12408488.82
3303,42,468,2026-04-17,BUY,199192,840.57,93339.92,167528159.36
3304,43,387,2026-04-17,BUY,70957,704.23,94208.48,50064256.59
3305,2,9,2026-04-20,BUY,5314,2583.47,44935.93,13773495.51
3306,4,287,2026-04-20,BUY,4390,753.89,9376.86,3318953.96
3307,6,519,2026-04-20,BUY,156108,13.42,4044.08,2099013.44
3308,8,473,2026-04-20,BUY,6565,689.55,10352.24,4537247.99
3309,11,516,2026-04-20,BUY,10716,1082.74,37609.78,11640251.62
3310,21,521,2026-04-20,BUY,93183,29.24,13428.48,2738099.40
3311,24,255,2026-04-20,BUY,89065,373.92,59181.11,33362365.91
3312,25,516,2026-04-20,BUY,117792,1092.72,181368.87,128895043.11
3313,28,107,2026-04-20,BUY,54800,188.79,35837.86,10381529.86
3314,30,140,2026-04-20,BUY,6115,1391.51,17963.04,8527046.69
3315,34,505,2026-04-20,BUY,254861,256.39,141641.98,65485453.77
3316,36,521,2026-04-20,BUY,1186758,29.23,65791.22,34754727.56
3317,37,176,2026-04-20,SELL,1819,2233.00,19919.35,4041907.65
3318,39,67,2026-04-20,DIVIDEND,0,0.00,0.00,824374.93
3319,41,9,2026-04-20,BUY,7085,2589.48,44906.71,18391372.51
3320,42,423,2026-04-20,BUY,336285,617.54,115769.52,207785208.42
3321,3,186,2026-04-21,BUY,121182,378.13,95413.33,45917962.99
3322,5,430,2026-04-21,SELL,86445,334.05,137408.46,28739543.79
3323,10,399,2026-04-21,SELL,111605,430.04,157206.25,47837407.95
3324,13,519,2026-04-21,BUY,2595027,13.41,47650.28,34846962.35
3325,33,123,2026-04-21,BUY,302,1515.48,264.21,457939.17
3326,37,176,2026-04-21,SELL,2263,2285.94,25368.99,5147713.23
3327,38,500,2026-04-21,SELL,61590,830.14,188114.65,50940207.95
3328,39,113,2026-04-21,BUY,470746,196.49,60549.45,92557430.99
3329,41,287,2026-04-21,BUY,11961,750.72,21978.81,9001340.73
3330,42,5,2026-04-21,BUY,125328,843.41,58926.21,105761814.69
3331,43,208,2026-04-21,BUY,164268,496.11,153642.43,81648639.91
3332,1,66,2026-04-22,DIVIDEND,0,0.00,0.00,159128.21
3333,2,515,2026-04-22,SELL,716361,92.97,217993.49,66382088.68
3334,3,286,2026-04-22,BUY,77815,624.64,101209.88,48707571.48
3335,4,515,2026-04-22,SELL,79029,94.03,21054.15,7410042.72
3336,9,120,2026-04-22,BUY,128667,567.44,60303.98,73071106.46
3337,10,34,2026-04-22,BUY,12132,1299.58,51643.15,15818147.71
3338,16,207,2026-04-22,BUY,3629,3902.82,7221.57,14170555.35
3339,17,368,2026-04-22,BUY,70729,751.80,185776.73,53359838.93
3340,18,317,2026-04-22,SELL,98456,272.37,67273.36,26749187.36
3341,24,432,2026-04-22,SELL,80112,244.01,34737.82,19513391.30
3342,28,326,2026-04-22,SELL,359555,251.49,313233.74,90111253.21
3343,39,271,2026-04-22,BUY,5593,1397.64,5117.09,7822117.61
3344,40,502,2026-04-22,BUY,100549,585.16,145721.89,58982974.73
3345,41,512,2026-04-22,BUY,109689,91.80,24647.03,10094097.23
3346,42,9,2026-04-22,BUY,17333,2647.73,25584.04,45918688.13
3347,43,425,2026-04-22,BUY,60937,1377.74,158280.92,84113623.30
3348,2,479,2026-04-23,DIVIDEND,0,0.00,0.00,508796.83
3349,7,520,2026-04-23,BUY,1358414,27.34,57539.95,37196578.71
3350,8,27,2026-04-23,DIVIDEND,0,0.00,0.00,65356.35
3351,17,485,2026-04-23,SELL,110768,585.52,226593.54,64630285.82
3352,18,100,2026-04-23,BUY,71189,910.32,162573.07,64967343.55
3353,19,519,2026-04-23,BUY,6682940,13.20,216930.42,88431738.42
3354,20,344,2026-04-23,BUY,10992,1499.60,48898.29,16532501.49
3355,22,504,2026-04-23,BUY,2144020,22.95,120017.29,49325276.29
3356,23,287,2026-04-23,SELL,96439,775.29,178495.65,74589696.66
3357,24,41,2026-04-23,BUY,33142,831.82,48989.77,27617168.21
3358,27,42,2026-04-23,BUY,3633,1190.78,3973.50,4330077.24
3359,31,325,2026-04-23,BUY,362716,224.84,86936.39,81640001.83
3360,32,27,2026-04-23,DIVIDEND,0,0.00,0.00,550407.50
3361,33,480,2026-04-23,BUY,70,5070.62,204.91,355148.31
3362,35,479,2026-04-23,DIVIDEND,0,0.00,0.00,1342194.65
3363,36,325,2026-04-23,BUY,113331,222.12,47743.40,25220825.12
3364,37,27,2026-04-23,DIVIDEND,0,0.00,0.00,186590.47
3365,41,510,2026-04-23,BUY,69721,200.91,34286.56,14041932.67
3366,42,446,2026-04-23,BUY,254652,658.88,93535.20,167878644.96
3367,43,285,2026-04-23,BUY,394480,227.04,168852.54,89731591.74
3368,44,314,2026-04-23,BUY,570348,425.60,822960.35,243563069.15
3369,2,287,2026-04-24,DIVIDEND,0,0.00,0.00,488769.82
3370,3,180,2026-04-24,BUY,317963,155.05,102654.54,49402817.69
3371,4,287,2026-04-24,DIVIDEND,0,0.00,0.00,505125.20
3372,5,447,2026-04-24,SELL,30865,2009.12,295076.26,61716412.54
3373,6,90,2026-04-24,BUY,1014,1624.67,3180.13,1650595.51
3374,9,313,2026-04-24,DIVIDEND,0,0.00,0.00,2563817.17
3375,11,287,2026-04-24,DIVIDEND,0,0.00,0.00,392336.83
3376,12,251,2026-04-24,SELL,49400,1065.05,246883.03,52366586.97
3377,14,120,2026-04-24,BUY,28914,586.14,13146.67,16960798.63
3378,18,263,2026-04-24,BUY,339236,80.11,68175.81,27244371.77
3379,20,287,2026-04-24,DIVIDEND,0,0.00,0.00,1578814.63
3380,23,287,2026-04-24,DIVIDEND,0,0.00,0.00,2330271.81
3381,27,287,2026-04-24,DIVIDEND,0,0.00,0.00,508645.09
3382,28,145,2026-04-24,BUY,29124,289.68,29224.83,8465865.15
3383,32,292,2026-04-24,BUY,15367,975.83,57391.17,15052970.78
3384,33,287,2026-04-24,DIVIDEND,0,0.00,0.00,23253.56
3385,37,313,2026-04-24,DIVIDEND,0,0.00,0.00,152646.99
3386,37,516,2026-04-24,BUY,13909,1078.09,73536.80,15068690.61
3387,41,199,2026-04-24,BUY,16573,548.28,22241.41,9108885.85
3388,41,287,2026-04-24,DIVIDEND,0,0.00,0.00,120981.23
3389,43,171,2026-04-24,BUY,36117,1701.35,115847.21,61563505.16
3390,44,54,2026-04-24,BUY,281523,1230.43,1174378.70,347568723.59
3391,1,320,2026-04-27,BUY,5809,1302.03,9682.63,7573174.90
3392,4,516,2026-04-27,BUY,8280,1089.51,25559.15,9046701.95
3393,6,517,2026-04-27,BUY,46215,26.54,2367.69,1228913.79
3394,7,522,2026-04-27,BUY,608788,13.61,12836.98,8298441.66
3395,10,68,2026-04-27,BUY,23077,679.81,51385.93,15739361.30
3396,15,43,2026-04-27,SELL,24493,2183.19,194587.95,53278284.72
3397,17,251,2026-04-27,SELL,18967,1091.97,72360.38,20639034.61
3398,18,519,2026-04-27,BUY,3215244,13.30,107277.15,42870022.35
3399,24,253,2026-04-27,SELL,94582,624.45,104955.08,58956774.82
3400,28,443,2026-04-27,SELL,157679,196.93,107564.32,30944161.15
3401,30,161,2026-04-27,DIVIDEND,0,0.00,0.00,197272.01
3402,32,518,2026-04-27,SELL,2004240,12.17,93351.68,24298249.12
3403,33,230,2026-04-27,BUY,888,831.96,426.49,739206.97
3404,35,150,2026-04-27,BUY,34600,696.62,25399.27,24128451.27
3405,36,92,2026-04-27,BUY,17907,1249.10,42422.57,22410056.27
3406,39,342,2026-04-27,SELL,495231,132.78,43045.09,65713727.09
3407,41,304,2026-04-27,BUY,1699,5477.91,22780.70,9329749.79
3408,42,305,2026-04-27,BUY,3007820,69.48,116501.98,209099835.58
3409,43,469,2026-04-27,BUY,507036,386.07,369049.89,196120438.41
3410,44,45,2026-04-27,BUY,506994,558.47,959931.05,284100870.23
3411,1,241,2026-04-28,SELL,8298,2846.88,30242.23,23593168.01
3412,3,56,2026-04-28,SELL,146144,427.31,130033.08,62318759.56
3413,6,521,2026-04-28,SELL,84684,29.80,4871.46,2518711.74
3414,16,516,2026-04-28,BUY,17290,1093.24,9637.77,18911757.37
3415,17,485,2026-04-28,BUY,142886,609.65,304341.89,87414791.79
3416,19,522,2026-04-28,BUY,18924786,13.52,629197.00,256492303.72
3417,21,310,2026-04-28,SELL,1756,1337.15,11572.24,2336463.16
3418,24,110,2026-04-28,BUY,127932,50.27,11428.40,6442570.04
3419,30,323,2026-04-28,SELL,22562,1519.25,72360.90,34204957.60
3420,31,395,2026-04-28,BUY,6539,5672.22,39539.01,37130185.59
3421,32,519,2026-04-28,SELL,7781511,13.33,396986.68,103330554.95
3422,33,230,2026-04-28,SELL,1204,836.52,581.43,1006588.65
3423,35,128,2026-04-28,SELL,21003,1849.21,40927.64,38798029.99
3424,36,123,2026-04-28,SELL,13809,1392.93,36481.15,19198489.22
3425,37,501,2026-04-28,BUY,103202,255.53,129325.40,26500532.46
3426,39,224,2026-04-28,SELL,41420,2005.12,54366.77,82997703.63
3427,41,383,2026-04-28,BUY,5883,894.42,12879.50,5274752.36
3428,42,132,2026-04-28,BUY,362858,443.01,89613.18,160839335.76
3429,42,312,2026-04-28,DIVIDEND,0,0.00,0.00,583162.64
3430,43,360,2026-04-28,BUY,388673,361.19,264667.32,140649468.19
3431,44,301,2026-04-28,BUY,49142,2223.06,370374.76,109615989.28
3432,2,28,2026-04-29,BUY,7247,1447.24,34329.51,10522477.79
3433,3,148,2026-04-29,BUY,111835,409.38,95331.00,45878343.30
3434,4,514,2026-04-29,BUY,197421,96.65,54060.50,19134800.15
3435,7,522,2026-04-29,SELL,712468,13.53,14934.89,9624757.15
3436,8,86,2026-04-29,SELL,4813,1532.84,16871.23,7360687.69
3437,10,341,2026-04-29,BUY,3993,3058.90,40007.54,12254195.24
3438,16,517,2026-04-29,SELL,2702077,26.41,36385.83,71325467.74
3439,17,120,2026-04-29,BUY,61166,591.79,126464.66,36323891.80
3440,18,449,2026-04-29,SELL,17850,632.82,28337.40,11267499.60
3441,20,220,2026-04-29,DIVIDEND,0,0.00,0.00,563154.86
3442,23,446,2026-04-29,BUY,28548,678.02,46209.25,19402324.21
3443,28,443,2026-04-29,BUY,161295,204.20,114093.03,33050532.03
3444,29,220,2026-04-29,DIVIDEND,0,0.00,0.00,237520.76
3445,35,220,2026-04-29,DIVIDEND,0,0.00,0.00,1189202.44
3446,40,514,2026-04-29,SELL,746933,95.53,176723.31,71177786.18
3447,41,375,2026-04-29,BUY,6952,1748.49,29753.06,12185255.54
3448,42,480,2026-04-29,BUY,14275,5113.57,40693.21,73036904.96
3449,43,255,2026-04-29,BUY,151880,410.08,117421.98,62400372.38
3450,44,420,2026-04-29,BUY,343649,682.47,795126.12,235325259.15
3451,2,398,2026-04-30,BUY,4438,1536.08,22313.61,6839436.65
3452,3,388,2026-04-30,BUY,34599,1011.71,72886.88,35077041.17
3453,4,517,2026-04-30,BUY,3714082,26.16,275279.63,97435664.75
3454,7,369,2026-04-30,BUY,7906,6485.21,79436.42,51351506.68
3455,11,141,2026-04-30,SELL,4206,1009.38,13761.57,4231690.71
3456,15,484,2026-04-30,BUY,5525,4226.66,84979.08,23437275.58
3457,17,307,2026-04-30,BUY,65248,310.36,70749.67,20321118.95
3458,23,487,2026-04-30,BUY,17093,1391.15,56767.92,23835694.87
3459,26,48,2026-04-30,BUY,38899,775.94,114649.71,30297939.77
3460,32,481,2026-04-30,BUY,23623,952.93,86154.49,22597219.88
3461,37,518,2026-04-30,BUY,1441427,12.42,87794.65,17990317.99
3462,39,91,2026-04-30,BUY,59565,308.21,12017.69,18370546.34
3463,41,505,2026-04-30,BUY,34216,257.27,21546.52,8824296.84
3464,42,325,2026-04-30,BUY,1363019,224.92,170903.77,306741137.25
3465,43,211,2026-04-30,BUY,1251176,95.45,225151.36,119649900.56
3466,44,308,2026-04-30,BUY,450914,424.59,649083.92,192102659.18
3467,3,388,2026-05-04,BUY,31976,991.44,66011.62,31768297.06
3468,5,44,2026-05-04,DIVIDEND,0,0.00,0.00,2380896.47
3469,8,210,2026-05-04,SELL,5620,987.97,12697.38,5539694.02
3470,9,240,2026-05-04,BUY,232633,207.56,39881.72,48325187.20
3471,18,120,2026-05-04,BUY,18311,560.60,25751.75,10290898.35
3472,19,516,2026-05-04,SELL,24211,1093.11,65081.20,26400205.01
3473,27,44,2026-05-04,DIVIDEND,0,0.00,0.00,91136.71
3474,28,21,2026-05-04,SELL,186051,223.85,144268.52,41503247.83
3475,34,518,2026-05-04,BUY,7792917,12.48,210815.31,97466419.47
3476,35,480,2026-05-04,SELL,4447,4943.54,23166.17,21960756.21
3477,36,210,2026-05-04,BUY,9974,979.94,18537.27,9792458.83
3478,41,521,2026-05-04,BUY,505690,29.46,36464.97,14934092.37
3479,42,317,2026-05-04,BUY,438946,282.09,69027.23,123891304.37
3480,43,33,2026-05-04,BUY,456225,421.69,362704.22,192748224.47
3481,44,313,2026-05-04,BUY,239387,1227.69,996383.79,294889409.82
3482,4,4,2026-05-05,DIVIDEND,0,0.00,0.00,351751.00
3483,4,24,2026-05-05,SELL,17789,1184.00,59674.40,21002501.60
3484,7,4,2026-05-05,DIVIDEND,0,0.00,0.00,772200.13
3485,9,4,2026-05-05,DIVIDEND,0,0.00,0.00,3016902.88
3486,14,446,2026-05-05,BUY,64637,667.87,33487.23,43202600.42
3487,16,449,2026-05-05,SELL,56876,633.79,18379.79,36029060.25
3488,21,521,2026-05-05,SELL,345452,29.70,50565.81,10209358.59
3489,23,446,2026-05-05,BUY,44265,672.83,71101.14,29853921.09
3490,26,16,2026-05-05,BUY,108536,151.51,62462.80,16506752.16
3491,28,184,2026-05-05,SELL,184839,164.65,105423.60,30328317.75
3492,30,323,2026-05-05,BUY,37608,1502.62,119296.18,56629829.14
3493,33,178,2026-05-05,BUY,124,2936.15,210.18,364292.78
3494,41,515,2026-05-05,BUY,251416,92.93,57188.36,23421277.24
3495,42,68,2026-05-05,BUY,143927,692.83,55589.22,99772532.63
3496,43,130,2026-05-05,BUY,723395,143.24,195352.98,103814452.78
3497,44,476,2026-05-05,BUY,57801,1711.15,335321.04,99241502.19
3498,3,186,2026-05-06,SELL,553936,385.89,445095.20,213313267.84
3499,7,513,2026-05-06,BUY,241132,149.13,55713.27,36015728.43
3500,8,189,2026-05-06,BUY,792,1926.06,3488.42,1528927.94
3501,17,413,2026-05-06,SELL,56817,1014.86,201454.01,57459846.61
3502,20,435,2026-05-06,BUY,25089,1285.39,95666.49,32344816.20
3503,23,522,2026-05-06,BUY,1126324,13.56,36461.44,15309414.88
3504,24,253,2026-05-06,BUY,214206,613.16,233401.03,131575951.99
3505,25,521,2026-05-06,SELL,4129133,29.88,173851.13,123204642.91
3506,30,140,2026-05-06,SELL,50372,1355.75,144167.03,68147671.97
3507,31,245,2026-05-06,BUY,19779,1110.48,23414.04,21987597.96
3508,35,462,2026-05-06,SELL,33436,1415.79,49884.12,47288470.32
3509,37,27,2026-05-06,BUY,4001,776.33,15232.41,3121328.74
3510,39,218,2026-05-06,BUY,51221,910.46,30527.56,46665199.22
3511,41,518,2026-05-06,BUY,742846,12.44,22619.24,9263623.48
3512,42,324,2026-05-06,BUY,55798,721.59,22445.58,40285724.40
3513,43,356,2026-05-06,BUY,257526,506.73,246024.26,130742174.24
3514,2,209,2026-05-07,BUY,886,8424.41,24431.04,7488458.30
3515,3,148,2026-05-07,SELL,71182,426.43,63204.46,30290935.80
3516,4,24,2026-05-07,BUY,27797,1239.68,97632.04,34557017.00
3517,7,245,2026-05-07,SELL,27524,1124.96,47971.96,30915427.08
3518,11,31,2026-05-07,SELL,2045,1391.00,9220.71,2835374.29
3519,14,203,2026-05-07,BUY,23692,514.59,9457.34,12201123.62
3520,17,316,2026-05-07,SELL,609716,165.08,351652.35,100300264.93
3521,26,437,2026-05-07,DIVIDEND,0,0.00,0.00,459432.74
3522,28,295,2026-05-07,BUY,20778,491.63,35385.44,10250473.58
3523,31,380,2026-05-07,BUY,271387,109.49,31675.60,29745838.23
3524,32,506,2026-05-07,BUY,277962,102.23,108754.10,28524809.36
3525,33,480,2026-05-07,BUY,89,5124.41,263.29,456335.78
3526,41,169,2026-05-07,BUY,42984,314.02,33038.70,13530874.38
3527,42,103,2026-05-07,BUY,247192,439.74,60597.13,108760807.21
3528,44,296,2026-05-07,BUY,395412,421.80,565449.46,167350231.06
3529,3,148,2026-05-08,BUY,114074,429.82,102094.67,49133381.35
3530,4,166,2026-05-08,BUY,83724,245.07,58133.30,20576373.98
3531,5,152,2026-05-08,BUY,22504,3162.58,338659.56,71509359.88
3532,16,480,2026-05-08,BUY,5492,5088.02,14247.72,27957653.56
3533,18,136,2026-05-08,BUY,2729,13055.89,89382.33,35718906.14
3534,24,446,2026-05-08,BUY,30689,699.42,38143.29,21502643.67
3535,26,343,2026-05-08,DIVIDEND,0,0.00,0.00,681444.31
3536,26,406,2026-05-08,BUY,50862,2168.99,419041.81,110738211.19
3537,28,422,2026-05-08,BUY,294546,65.52,66851.24,19365505.16
3538,29,522,2026-05-08,SELL,2714834,13.67,71529.75,37040251.03
3539,33,492,2026-05-08,BUY,625,743.33,268.20,464849.45
3540,37,152,2026-05-08,SELL,12037,3159.05,186478.42,37839006.43
3541,39,271,2026-05-08,BUY,12410,1523.05,12372.83,18913423.33
3542,40,520,2026-05-08,BUY,1683864,27.02,112684.65,45610689.93
3543,41,517,2026-05-08,BUY,338598,26.01,21556.76,8828490.74
3544,43,218,2026-05-08,BUY,105960,949.34,189646.12,100781712.52
3545,44,253,2026-05-08,BUY,386849,616.42,808454.48,239269915.06
3546,44,296,2026-05-08,DIVIDEND,0,0.00,0.00,919242.71
3547,3,286,2026-05-11,SELL,225066,668.50,313286.08,150143334.92
3548,6,254,2026-05-11,SELL,8297,756.90,12122.75,6267876.55
3549,24,423,2026-05-11,BUY,18501,618.80,20344.30,11468763.10
3550,28,145,2026-05-11,SELL,30300,311.63,32708.78,9409680.22
3551,31,68,2026-05-11,BUY,17146,716.58,13097.51,12299578.19
3552,32,310,2026-05-11,BUY,5568,1435.06,30580.96,8020995.04
3553,36,445,2026-05-11,BUY,12855,2163.63,52751.16,27866214.81
3554,37,152,2026-05-11,BUY,9833,3253.01,156864.71,32143712.04
3555,39,113,2026-05-11,SELL,470746,221.72,68324.21,104305478.91
3556,41,287,2026-05-11,SELL,5768,849.75,11997.07,4889360.93
3557,42,254,2026-05-11,BUY,218208,766.30,93216.15,167306006.55
3558,44,245,2026-05-11,BUY,175283,1096.74,651749.72,192891627.14
3559,45,430,2026-05-11,BUY,418164,351.70,566393.12,147634671.92
3560,1,423,2026-05-12,SELL,49133,623.77,39234.57,30608456.84
3561,2,204,2026-05-12,BUY,9086,611.80,18194.95,5577009.75
3562,10,199,2026-05-12,DIVIDEND,0,0.00,0.00,1649593.65
3563,11,199,2026-05-12,DIVIDEND,0,0.00,0.00,288993.07
3564,14,519,2026-05-12,BUY,3375020,13.17,34480.08,44483493.48
3565,15,324,2026-05-12,BUY,31346,720.65,82203.24,22671698.14
3566,18,24,2026-05-12,SELL,53120,1227.49,163575.28,65040693.52
3567,22,503,2026-05-12,SELL,1285461,48.83,153100.96,62615959.67
3568,24,166,2026-05-12,SELL,349952,242.34,150706.12,84656661.56
3569,28,426,2026-05-12,BUY,17516,269.87,16374.65,4743417.57
3570,33,404,2026-05-12,SELL,1538,474.70,421.47,729667.13
3571,36,445,2026-05-12,BUY,14682,2138.20,59540.23,31452592.63
3572,37,13,2026-05-12,BUY,6516,1407.87,44988.08,9218669.00
3573,41,199,2026-05-12,DIVIDEND,0,0.00,0.00,120949.57
3574,41,520,2026-05-12,SELL,118739,27.38,7957.66,3243116.16
3575,42,267,2026-05-12,BUY,204016,1750.24,199059.77,357276023.61
3576,43,3,2026-05-12,BUY,85657,826.45,133462.63,70924690.28
3577,44,194,2026-05-12,BUY,181368,623.11,383144.64,113395359.12
3578,45,400,2026-05-12,BUY,63153,916.04,222796.00,58073470.12
3579,2,209,2026-05-13,BUY,692,8437.51,19111.25,5857868.17
3580,3,180,2026-05-13,SELL,364669,164.57,124962.39,59888614.94
3581,4,61,2026-05-13,BUY,18089,626.29,32097.77,11361057.58
3582,5,34,2026-05-13,DIVIDEND,0,0.00,0.00,1629832.67
3583,5,178,2026-05-13,DIVIDEND,0,0.00,0.00,3864859.72
3584,6,518,2026-05-13,BUY,74661,12.47,1797.22,932819.89
3585,7,34,2026-05-13,DIVIDEND,0,0.00,0.00,3653676.98
3586,7,178,2026-05-13,DIVIDEND,0,0.00,0.00,537370.77
3587,8,34,2026-05-13,DIVIDEND,0,0.00,0.00,42234.63
3588,8,178,2026-05-13,DIVIDEND,0,0.00,0.00,348192.30
3589,10,34,2026-05-13,DIVIDEND,0,0.00,0.00,1893264.47
3590,15,178,2026-05-13,DIVIDEND,0,0.00,0.00,4260258.57
3591,15,261,2026-05-13,BUY,28870,1039.64,109222.52,30123629.32
3592,16,480,2026-05-13,SELL,5745,4963.77,14540.11,28502318.54
3593,18,277,2026-05-13,SELL,32221,1504.96,121648.18,48369667.98
3594,20,34,2026-05-13,DIVIDEND,0,0.00,0.00,862296.64
3595,23,34,2026-05-13,DIVIDEND,0,0.00,0.00,3470819.38
3596,24,432,2026-05-13,BUY,65729,237.57,27748.91,15642987.44
3597,28,306,2026-05-13,SELL,35440,1324.59,162613.90,46780855.70
3598,31,75,2026-05-13,SELL,81622,1204.51,104804.27,98209710.95
3599,33,34,2026-05-13,DIVIDEND,0,0.00,0.00,34788.20
3600,33,38,2026-05-13,BUY,1211,372.45,260.38,451297.33
3601,33,178,2026-05-13,DIVIDEND,0,0.00,0.00,54340.37
3602,35,178,2026-05-13,DIVIDEND,0,0.00,0.00,2503047.78
3603,39,91,2026-05-13,BUY,71229,313.99,14640.50,22379834.21
3604,41,182,2026-05-13,BUY,570,2774.16,3870.48,1585141.68
3605,42,66,2026-05-13,BUY,38716,2359.50,50925.13,91401327.13
3606,43,212,2026-05-13,BUY,101288,492.26,94001.06,49954031.94
3607,44,53,2026-05-13,BUY,1006451,191.23,652508.29,193116133.02
3608,45,182,2026-05-13,BUY,39834,2779.07,426336.35,111127810.73
3609,1,520,2026-05-14,SELL,387133,27.33,13544.75,10566800.14
3610,3,56,2026-05-14,DIVIDEND,0,0.00,0.00,1301434.76
3611,3,186,2026-05-14,BUY,443146,396.88,366214.76,176241999.24
3612,4,166,2026-05-14,BUY,143479,233.67,94989.62,33621727.55
3613,11,411,2026-05-14,SELL,7937,2298.50,59135.02,18184059.48
3614,13,520,2026-05-14,SELL,1116018,26.96,41198.93,30046646.35
3615,17,102,2026-05-14,SELL,75279,1237.16,325380.25,92806787.39
3616,18,210,2026-05-14,SELL,34961,977.50,85731.86,34088645.64
3617,24,172,2026-05-14,SELL,4462,2559.95,20298.24,11402198.66
3618,27,42,2026-05-14,DIVIDEND,0,0.00,0.00,550659.79
3619,28,362,2026-05-14,BUY,8645,822.15,24620.59,7132107.34
3620,33,287,2026-05-14,BUY,681,845.60,332.44,576186.04
3621,36,267,2026-05-14,SELL,12300,1698.04,39612.29,20846279.71
3622,37,290,2026-05-14,BUY,14427,187.70,13279.88,2721227.78
3623,39,91,2026-05-14,BUY,58162,318.56,12128.68,18540215.40
3624,39,271,2026-05-14,DIVIDEND,0,0.00,0.00,213257.29
3625,43,27,2026-05-14,BUY,264423,769.22,383468.79,203782928.85
3626,44,82,2026-05-14,BUY,83565,1799.08,509697.22,150849817.42
3627,45,154,2026-05-14,BUY,70651,868.81,236397.07,61618692.38
3628,2,374,2026-05-15,BUY,57422,143.90,27046.30,8290072.10
3629,7,501,2026-05-15,BUY,32167,251.62,12539.91,8106400.45
3630,11,301,2026-05-15,BUY,984,2319.09,7397.02,2289381.58
3631,17,485,2026-05-15,BUY,99490,564.93,196365.66,56401251.36
3632,21,520,2026-05-15,SELL,202736,27.00,26977.86,5446894.14
3633,24,446,2026-05-15,SELL,57579,683.36,69921.54,39277263.90
3634,26,131,2026-05-15,BUY,244195,190.53,176728.46,46703201.81
3635,28,443,2026-05-15,BUY,39239,194.25,26403.50,7648579.25
3636,32,259,2026-05-15,BUY,20222,716.08,55420.12,14535989.88
3637,35,150,2026-05-15,SELL,39995,660.28,27828.06,26380070.54
3638,38,522,2026-05-15,BUY,2124044,13.52,105657.73,28822732.61
3639,39,91,2026-05-15,BUY,83093,313.57,17056.19,26072528.20
3640,39,117,2026-05-15,DIVIDEND,0,0.00,0.00,362857.71
3641,42,165,2026-05-15,BUY,238324,628.41,83489.63,149848674.47
3642,43,171,2026-05-15,BUY,8072,1695.06,25795.65,13708319.97
3643,1,519,2026-05-18,SELL,4069019,13.12,68343.11,53317186.17
3644,2,287,2026-05-18,SELL,23229,879.96,66905.56,20373685.28
3645,3,111,2026-05-18,BUY,55983,416.78,48583.95,23381178.69
3646,4,24,2026-05-18,SELL,7854,1209.44,26912.87,9472028.89
3647,14,447,2026-05-18,BUY,20523,2232.52,35542.04,45853550.00
3648,17,120,2026-05-18,SELL,223183,539.06,420329.33,119888698.65
3649,17,316,2026-05-18,DIVIDEND,0,0.00,0.00,887098.22
3650,28,393,2026-05-18,SELL,22511,1247.93,97312.25,27994839.98
3651,32,514,2026-05-18,SELL,641990,96.58,237299.77,61766094.43
3652,39,360,2026-05-18,BUY,142859,387.07,36197.64,55332630.77
3653,42,50,2026-05-18,BUY,152458,1711.86,145492.34,261132244.22
3654,43,27,2026-05-18,BUY,26339,772.89,38379.31,20395529.02
3655,44,487,2026-05-18,BUY,90393,1420.71,435389.16,128857628.19
3656,2,267,2026-05-19,SELL,3684,1676.71,20218.38,6156781.26
3657,3,200,2026-05-19,SELL,164914,621.51,213420.16,102282279.98
3658,4,140,2026-05-19,SELL,4412,1337.44,16718.40,5884066.88
3659,5,165,2026-05-19,BUY,59001,624.97,175461.02,37049315.99
3660,7,522,2026-05-19,BUY,723574,13.53,15167.69,9805123.91
3661,9,255,2026-05-19,SELL,659081,446.28,242943.38,293891725.30
3662,13,519,2026-05-19,BUY,1948238,13.23,35293.66,25810482.40
3663,14,518,2026-05-19,BUY,4218942,12.46,40778.17,52608795.49
3664,15,261,2026-05-19,BUY,75397,1012.49,277796.79,76616505.32
3665,18,277,2026-05-19,SELL,36889,1539.11,142432.20,56633796.59
3666,24,255,2026-05-19,BUY,8713,442.21,6846.89,3859822.62
3667,26,343,2026-05-19,DIVIDEND,0,0.00,0.00,660638.39
3668,28,172,2026-05-19,SELL,8386,2591.32,75276.32,21655533.20
3669,36,512,2026-05-19,BUY,442171,91.09,76390.25,40353746.64
3670,37,521,2026-05-19,BUY,108961,30.00,16030.47,3284860.47
3671,39,360,2026-05-19,SELL,183102,383.46,45961.72,70166331.20
3672,40,501,2026-05-19,SELL,742877,249.25,458589.90,184703502.35
3673,42,401,2026-05-19,BUY,152058,1160.68,98388.30,176589067.74
3674,43,78,2026-05-19,BUY,15249,682.68,19626.32,10429813.64
3675,44,90,2026-05-19,BUY,244907,1626.19,1350236.54,399615550.87
3676,45,129,2026-05-19,BUY,504698,194.48,378011.92,98531678.96
3677,3,286,2026-05-20,BUY,221186,690.35,317948.49,153013703.59
3678,7,116,2026-05-20,BUY,10053,2024.41,31530.65,20382924.38
3679,15,241,2026-05-20,BUY,10871,2962.45,117193.34,32321987.29
3680,18,514,2026-05-20,BUY,389125,97.07,94757.98,37867121.73
3681,24,423,2026-05-20,BUY,20576,624.49,22834.09,12872340.33
3682,32,317,2026-05-20,BUY,49230,276.15,52030.35,13646894.85
3683,34,511,2026-05-20,BUY,720123,98.77,154176.88,71280725.59
3684,37,519,2026-05-20,BUY,426266,13.32,27844.46,5705707.58
3685,39,361,2026-05-20,BUY,26652,878.18,15321.33,23420574.69
3686,41,169,2026-05-20,BUY,8890,314.71,6848.12,2804620.02
3687,42,17,2026-05-20,BUY,241104,717.34,96416.45,173049959.81
3688,43,27,2026-05-20,BUY,87092,769.06,126275.39,67105248.91
3689,44,223,2026-05-20,BUY,115197,1166.63,455629.34,134847905.45
3690,45,437,2026-05-20,BUY,88794,638.85,218464.80,56944511.70
3691,1,521,2026-05-21,SELL,1342544,29.86,51320.34,40037043.50
3692,5,290,2026-05-21,SELL,111739,183.86,97758.41,20446574.13
3693,7,116,2026-05-21,DIVIDEND,0,0.00,0.00,1958338.70
3694,10,199,2026-05-21,BUY,30820,607.57,61334.70,18786642.10
3695,11,391,2026-05-21,SELL,9327,678.80,20522.38,6310645.22
3696,18,514,2026-05-21,BUY,883364,96.48,213805.38,85440764.10
3697,20,116,2026-05-21,DIVIDEND,0,0.00,0.00,406765.28
3698,24,41,2026-05-21,SELL,36960,884.91,58120.37,32648153.23
3699,26,16,2026-05-21,BUY,134665,160.47,82083.33,21691775.88
3700,28,115,2026-05-21,SELL,59693,22.49,4650.45,1337845.12
3701,33,519,2026-05-21,BUY,55352,13.39,427.87,741591.15
3702,36,171,2026-05-21,BUY,8337,1680.29,26568.74,14035146.47
3703,42,312,2026-05-21,DIVIDEND,0,0.00,0.00,592439.17
3704,42,442,2026-05-21,BUY,360347,499.00,100240.48,179913393.48
3705,43,423,2026-05-21,BUY,121505,623.12,142740.12,75854935.72
3706,45,43,2026-05-21,BUY,37641,2036.74,295253.94,76960184.28
3707,2,374,2026-05-22,BUY,117760,144.40,55658.79,17060202.79
3708,3,388,2026-05-22,SELL,47266,1002.70,98684.66,47294933.54
3709,10,199,2026-05-22,SELL,116634,592.67,226420.32,68899052.46
3710,17,368,2026-05-22,BUY,61116,759.30,162128.66,46567507.46
3711,23,516,2026-05-22,SELL,62610,1087.01,162475.55,67895220.55
3712,26,488,2026-05-22,SELL,2461932,54.88,513211.67,134597616.49
3713,28,417,2026-05-22,SELL,103212,394.09,140899.06,40533918.02
3714,33,506,2026-05-22,BUY,10984,98.84,626.74,1086285.30
3715,36,92,2026-05-22,BUY,7306,1260.75,17469.71,9228509.21
3716,37,518,2026-05-22,SELL,2379622,12.59,146922.24,29812518.74
3717,43,425,2026-05-22,SELL,60937,1367.00,157047.06,83143831.94
3718,44,275,2026-05-22,BUY,693809,477.99,1124335.99,332758099.90
3719,45,158,2026-05-22,BUY,61367,1598.02,377673.11,98443366.45
3720,1,241,2026-05-25,BUY,9936,3079.68,39173.14,30638873.62
3721,7,34,2026-05-25,SELL,64275,1408.59,140270.23,90396852.02
3722,9,191,2026-05-25,BUY,179399,136.52,20229.03,24511780.51
3723,11,399,2026-05-25,BUY,6552,474.84,10084.75,3121236.43
3724,17,78,2026-05-25,SELL,100664,653.56,229853.50,65560110.34
3725,24,166,2026-05-25,BUY,233505,229.80,95355.01,53754804.01
3726,28,138,2026-05-25,SELL,16297,470.95,26586.73,7648485.42
3727,36,237,2026-05-25,SELL,78879,328.47,49139.88,25860245.25
3728,37,522,2026-05-25,BUY,209523,13.53,13902.19,2848748.38
3729,39,271,2026-05-25,SELL,14675,1508.70,14493.19,22125679.31
3730,42,10,2026-05-25,BUY,166865,884.78,82304.24,147721118.94
3731,43,208,2026-05-25,DIVIDEND,0,0.00,0.00,820201.49
3732,43,211,2026-05-25,SELL,1251176,98.75,232935.53,123320694.47
3733,44,86,2026-05-25,BUY,109654,1630.00,605967.67,179341987.67
3734,45,398,2026-05-25,BUY,43375,1660.49,277379.72,72301133.47
3735,2,383,2026-05-26,SELL,173198,855.21,484824.32,147635837.26
3736,8,480,2026-05-26,BUY,370,4909.53,4154.09,1820680.19
3737,17,316,2026-05-26,SELL,388356,158.82,215489.78,61463210.14
3738,18,61,2026-05-26,SELL,389511,647.12,632333.49,251428024.83
3739,19,449,2026-05-26,BUY,87321,601.36,129131.50,52640488.06
3740,23,34,2026-05-26,SELL,34386,1372.18,112642.82,47071138.66
3741,25,518,2026-05-26,BUY,6069111,12.57,107497.51,76396222.78
3742,31,10,2026-05-26,BUY,23387,876.75,21858.06,20526410.31
3743,33,516,2026-05-26,SELL,630,1101.85,400.74,693764.76
3744,39,197,2026-05-26,BUY,36319,715.05,17000.18,25986901.13
3745,42,289,2026-05-26,BUY,116908,1148.83,74872.38,134382290.02
3746,43,3,2026-05-26,BUY,30458,790.09,45368.89,24109930.11
3747,44,220,2026-05-26,BUY,327958,224.86,250016.00,73994651.88
3748,45,107,2026-05-26,BUY,405841,188.89,295232.28,76954538.77
3749,2,508,2026-05-28,BUY,61411,77.82,15642.50,4794646.52
3750,3,48,2026-05-28,BUY,55205,767.59,88234.32,42463040.27
3751,4,61,2026-05-28,SELL,32968,649.55,60672.24,21353692.16
3752,7,277,2026-05-28,BUY,35381,1479.56,81103.85,52429416.21
3753,8,295,2026-05-28,DIVIDEND,0,0.00,0.00,14373.42
3754,9,313,2026-05-28,SELL,142672,1296.06,152729.42,184758742.90
3755,12,295,2026-05-28,DIVIDEND,0,0.00,0.00,73764.89
3756,17,316,2026-05-28,BUY,230888,158.51,127864.36,36725921.24
3757,18,61,2026-05-28,SELL,206063,647.46,334699.14,133082850.84
3758,18,295,2026-05-28,DIVIDEND,0,0.00,0.00,249898.32
3759,20,295,2026-05-28,DIVIDEND,0,0.00,0.00,141719.99
3760,20,463,2026-05-28,BUY,8560,2381.04,60461.93,20442164.33
3761,21,295,2026-05-28,DIVIDEND,0,0.00,0.00,64672.53
3762,23,317,2026-05-28,BUY,286081,282.56,192979.18,81028026.54
3763,24,432,2026-05-28,SELL,29696,224.49,11846.56,6654608.48
3764,27,181,2026-05-28,BUY,10758,720.98,7124.12,7763426.96
3765,28,295,2026-05-28,DIVIDEND,0,0.00,0.00,176161.76
3766,28,362,2026-05-28,SELL,31176,757.99,81858.98,23549237.26
3767,29,521,2026-05-28,BUY,649914,29.65,37141.16,19307091.26
3768,30,161,2026-05-28,SELL,831479,39.06,68561.56,32409008.18
3769,32,189,2026-05-28,BUY,11575,2041.04,90417.89,23715455.89
3770,36,148,2026-05-28,BUY,53309,407.75,41226.02,21777970.77
3771,39,237,2026-05-28,SELL,186927,322.08,39411.13,60166037.03
3772,41,505,2026-05-28,BUY,7877,247.86,4778.88,1957172.10
3773,42,446,2026-05-28,BUY,61254,662.84,22634.18,40624235.54
3774,43,3,2026-05-28,SELL,43118,790.04,64222.60,34000722.12
3775,44,82,2026-05-28,SELL,35087,1576.51,187534.14,55127472.23
3776,45,184,2026-05-28,BUY,931658,142.34,510719.50,133122919.22
3777,3,56,2026-05-29,BUY,110266,364.07,83590.38,40228133.00
3778,17,102,2026-05-29,BUY,164992,1106.50,637831.23,183201479.23
3779,18,61,2026-05-29,BUY,141705,640.48,227683.93,90986902.33
3780,24,412,2026-05-29,SELL,151338,372.40,100150.93,56258120.27
3781,27,146,2026-05-29,BUY,32563,536.13,16035.06,17474036.25
3782,28,115,2026-05-29,SELL,19939,21.27,1469.11,422633.42
3783,36,517,2026-05-29,BUY,1755580,26.04,86703.88,45802007.08
3784,39,117,2026-05-29,DIVIDEND,0,0.00,0.00,292932.29
3785,39,342,2026-05-29,BUY,623639,126.77,51752.68,79110468.71
3786,42,5,2026-05-29,SELL,41676,821.28,19080.90,34208584.38
3787,43,211,2026-05-29,BUY,1287459,92.76,225151.26,119649848.10
3788,44,54,2026-05-29,BUY,86960,1171.54,345393.39,102222511.79
3789,45,38,2026-05-29,BUY,128149,334.29,164982.38,43003911.59
3790,46,41,2026-05-29,BUY,46538,867.81,151061.30,40537203.08
3791,2,62,2026-06-01,DIVIDEND,0,0.00,0.00,219281.54
3792,2,508,2026-06-01,SELL,194394,76.75,48834.87,14870904.63
3793,3,200,2026-06-01,BUY,108612,565.99,128001.89,61601307.77
3794,4,65,2026-06-01,BUY,9314,1780.17,46976.71,16627480.09
3795,6,254,2026-06-01,BUY,6780,668.93,8754.92,4544100.32
3796,7,507,2026-06-01,BUY,72425,124.80,14003.67,9052643.67
3797,13,517,2026-06-01,BUY,883516,26.37,31902.11,23330219.03
3798,14,519,2026-06-01,BUY,3128250,13.41,32541.41,41982373.91
3799,17,226,2026-06-01,BUY,10855,1344.50,50989.66,14645537.16
3800,18,24,2026-06-01,BUY,93065,1185.85,276858.45,110637988.70
3801,20,241,2026-06-01,SELL,8440,2993.93,74959.32,25193809.88
3802,26,488,2026-06-01,BUY,4278726,52.31,850169.59,224670326.65
3803,28,115,2026-06-01,SELL,13612,19.76,931.73,268041.39
3804,31,19,2026-06-01,SELL,66106,766.85,54039.66,50639346.44
3805,35,178,2026-06-01,BUY,13767,2921.23,42379.34,40258952.75
3806,37,160,2026-06-01,BUY,10741,1379.63,72671.01,14891276.84
3807,39,113,2026-06-01,BUY,478490,193.31,60549.46,92557451.36
3808,43,425,2026-06-01,BUY,62786,1337.18,158282.51,84114465.99
3809,45,82,2026-06-01,BUY,59832,1504.36,346644.45,90355511.97
3810,46,301,2026-06-01,BUY,47784,2285.33,408462.59,109610671.31
3811,47,61,2026-06-01,BUY,113887,636.16,43768.07,72494121.99
3812,3,186,2026-06-02,BUY,52053,342.35,37106.15,17857450.70
3813,12,447,2026-06-02,BUY,1727,1980.21,16047.15,3435869.82
3814,16,522,2026-06-02,SELL,12667910,13.78,89006.21,174474793.59
3815,17,21,2026-06-02,BUY,678549,214.16,507704.54,145825758.38
3816,19,519,2026-06-02,BUY,3711395,13.35,121842.11,49668965.36
3817,24,423,2026-06-02,SELL,15063,544.64,14578.68,8189333.64
3818,28,295,2026-06-02,SELL,25998,439.57,39586.81,11388354.05
3819,33,520,2026-06-02,SELL,46750,28.08,757.84,1311982.16
3820,34,499,2026-06-02,BUY,100059,289.12,62707.83,28991765.91
3821,36,209,2026-06-02,BUY,3824,7849.07,56926.31,30071769.99
3822,42,10,2026-06-02,SELL,166865,896.75,83417.72,149552771.03
3823,43,356,2026-06-02,BUY,55564,457.99,47976.63,25495732.99
3824,45,197,2026-06-02,BUY,164346,652.20,412799.24,107599260.44
3825,46,100,2026-06-02,BUY,120402,875.86,394447.55,105849743.27
3826,47,31,2026-06-02,BUY,47159,1298.46,36992.19,61271067.33
3827,1,320,2026-06-03,DIVIDEND,0,0.00,0.00,710515.07
3828,2,383,2026-06-03,BUY,116720,857.39,327561.19,100402121.99
3829,3,56,2026-06-03,SELL,220996,368.43,169538.84,81252017.44
3830,7,51,2026-06-03,BUY,29586,2313.89,106063.94,68564813.48
3831,11,399,2026-06-03,BUY,9002,464.11,13542.66,4191460.88
3832,16,320,2026-06-03,DIVIDEND,0,0.00,0.00,4985044.23
3833,17,169,2026-06-03,SELL,233220,308.25,251165.71,71638899.29
3834,22,504,2026-06-03,BUY,2965252,23.05,166711.21,68515769.81
3835,24,230,2026-06-03,BUY,16390,935.40,27244.17,15358450.17
3836,26,195,2026-06-03,SELL,1198372,190.79,868467.62,227768926.26
3837,28,306,2026-06-03,BUY,22123,1242.37,95208.88,27580160.39
3838,33,397,2026-06-03,BUY,1205,656.96,457.01,792093.81
3839,36,241,2026-06-03,SELL,11152,3032.51,64140.44,33754411.08
3840,39,67,2026-06-03,SELL,46995,592.47,18226.41,27824901.24
3841,41,172,2026-06-03,BUY,747,2540.09,4644.39,1902091.62
3842,43,130,2026-06-03,BUY,121338,138.31,31639.58,16813898.36
3843,46,518,2026-06-03,BUY,11586993,12.68,549554.62,147472625.86
3844,47,411,2026-06-03,BUY,9005,2034.22,11066.20,18329217.30
3845,3,251,2026-06-04,BUY,71352,1100.07,163439.22,78655633.86
3846,3,286,2026-06-04,DIVIDEND,0,0.00,0.00,1961541.68
3847,4,505,2026-06-04,BUY,41104,254.19,29602.43,10477828.19
3848,8,414,2026-06-04,BUY,205,8243.90,3864.74,1693864.24
3849,9,340,2026-06-04,BUY,32476,411.46,11036.95,13373611.91
3850,10,199,2026-06-04,DIVIDEND,0,0.00,0.00,1123791.60
3851,11,199,2026-06-04,DIVIDEND,0,0.00,0.00,317365.74
3852,16,480,2026-06-04,SELL,10012,5087.51,25971.21,50910178.91
3853,17,368,2026-06-04,SELL,162567,767.07,435671.21,124264597.48
3854,18,520,2026-06-04,BUY,2299028,27.88,160797.27,64257697.91
3855,23,34,2026-06-04,SELL,39147,1366.23,127683.00,53356122.81
3856,24,198,2026-06-04,BUY,121042,116.83,25129.73,14166466.59
3857,28,107,2026-06-04,BUY,92075,181.84,57998.08,16800916.08
3858,30,140,2026-06-04,BUY,43753,1344.11,124148.02,58932992.85
3859,32,259,2026-06-04,BUY,50965,720.63,140561.45,36867469.40
3860,33,201,2026-06-04,BUY,788,1918.61,872.79,1512737.47
3861,35,487,2026-06-04,SELL,24009,1355.07,34283.48,32499592.15
3862,41,199,2026-06-04,DIVIDEND,0,0.00,0.00,132824.12
3863,43,212,2026-06-04,SELL,33264,530.70,33281.57,17619923.23
3864,44,82,2026-06-04,SELL,14553,1530.59,75517.70,22199158.57
3865,45,207,2026-06-04,BUY,32858,3554.81,449838.35,117253785.33
3866,46,519,2026-06-04,BUY,10496685,13.47,528859.88,141919206.83
3867,47,492,2026-06-04,BUY,178659,725.54,78307.45,129702558.31
3868,2,324,2026-06-05,BUY,17051,697.43,38924.16,11930803.09
3869,3,111,2026-06-05,SELL,298128,437.80,271774.26,130248664.14
3870,5,34,2026-06-05,DIVIDEND,0,0.00,0.00,1560721.45
3871,7,34,2026-06-05,DIVIDEND,0,0.00,0.00,2323557.18
3872,7,511,2026-06-05,BUY,289594,96.34,43225.00,27942710.96
3873,8,34,2026-06-05,DIVIDEND,0,0.00,0.00,40443.71
3874,10,34,2026-06-05,DIVIDEND,0,0.00,0.00,1812982.72
3875,11,399,2026-06-05,BUY,6291,485.97,9909.99,3067147.26
3876,14,160,2026-06-05,BUY,6700,1489.95,7743.77,9990408.77
3877,15,397,2026-06-05,SELL,17913,674.20,43948.04,12032996.56
3878,20,34,2026-06-05,DIVIDEND,0,0.00,0.00,825731.92
3879,20,344,2026-06-05,BUY,8752,1623.51,42150.61,14251110.13
3880,23,34,2026-06-05,DIVIDEND,0,0.00,0.00,1979182.25
3881,24,412,2026-06-05,BUY,189781,364.06,122778.69,69214449.55
3882,26,342,2026-06-05,DIVIDEND,0,0.00,0.00,240782.58
3883,28,443,2026-06-05,SELL,62797,185.04,40251.96,11579704.92
3884,29,220,2026-06-05,BUY,34775,231.62,15524.52,8070110.02
3885,30,480,2026-06-05,BUY,8710,5189.31,95416.82,45294306.92
3886,31,317,2026-06-05,SELL,142030,287.75,43566.91,40825565.59
3887,32,514,2026-06-05,BUY,447641,96.21,164828.35,43232368.96
3888,33,34,2026-06-05,DIVIDEND,0,0.00,0.00,33313.04
3889,37,501,2026-06-05,BUY,125409,250.01,153758.78,31507262.87
3890,39,342,2026-06-05,DIVIDEND,0,0.00,0.00,476403.42
3891,39,361,2026-06-05,BUY,25469,865.48,14429.52,22057339.64
3892,41,476,2026-06-05,BUY,1618,1643.76,6509.92,2666113.60
3893,43,130,2026-06-05,SELL,331964,144.03,90141.37,47722633.55
3894,45,176,2026-06-05,BUY,70420,2258.03,612385.20,159622857.80
3895,46,172,2026-06-05,BUY,36098,2565.07,346340.46,92940237.32
3896,47,251,2026-06-05,BUY,79635,1113.06,53547.52,88692080.62
3897,2,374,2026-06-08,BUY,54374,147.12,26183.74,8025686.62
3898,4,515,2026-06-08,BUY,186084,90.56,47745.26,16899512.30
3899,8,447,2026-06-08,SELL,1297,1963.88,5824.91,2541327.45
3900,9,407,2026-06-08,SELL,63572,752.49,39511.68,47797782.60
3901,10,380,2026-06-08,DIVIDEND,0,0.00,0.00,2587086.72
3902,14,380,2026-06-08,DIVIDEND,0,0.00,0.00,3273868.02
3903,17,78,2026-06-08,DIVIDEND,0,0.00,0.00,930414.59
3904,18,24,2026-06-08,BUY,20124,1298.26,65541.69,26191725.93
3905,18,326,2026-06-08,DIVIDEND,0,0.00,0.00,1111758.64
3906,28,78,2026-06-08,DIVIDEND,0,0.00,0.00,202203.43
3907,28,362,2026-06-08,SELL,6326,786.02,17224.45,4955138.07
3908,31,82,2026-06-08,DIVIDEND,0,0.00,0.00,3529253.52
3909,31,380,2026-06-08,DIVIDEND,0,0.00,0.00,3137596.63
3910,32,506,2026-06-08,SELL,288780,95.33,105360.68,27424036.72
3911,37,82,2026-06-08,DIVIDEND,0,0.00,0.00,757813.98
3912,37,326,2026-06-08,DIVIDEND,0,0.00,0.00,234646.61
3913,39,113,2026-06-08,SELL,180707,217.27,25701.46,39236508.43
3914,41,304,2026-06-08,DIVIDEND,0,0.00,0.00,194377.78
3915,41,468,2026-06-08,BUY,3840,1000.80,9406.70,3852478.70
3916,43,78,2026-06-08,DIVIDEND,0,0.00,0.00,685149.04
3917,43,469,2026-06-08,SELL,82344,306.94,47650.30,25227017.06
3918,44,45,2026-06-08,BUY,92768,543.39,170902.02,50580105.54
3919,44,82,2026-06-08,DIVIDEND,0,0.00,0.00,1097121.13
3920,45,81,2026-06-08,BUY,3192956,60.67,746046.49,194462687.01
3921,45,82,2026-06-08,DIVIDEND,0,0.00,0.00,1934943.29
3922,46,472,2026-06-08,BUY,92086,1046.69,360522.65,96746017.99
3923,47,435,2026-06-08,BUY,55542,1240.81,41633.57,68958702.59
3924,2,374,2026-06-09,DIVIDEND,0,0.00,0.00,169708.09
3925,3,354,2026-06-09,DIVIDEND,0,0.00,0.00,3408564.53
3926,4,421,2026-06-09,BUY,48178,158.38,21618.92,7652050.56
3927,5,423,2026-06-09,BUY,101626,601.60,290920.79,61429122.39
3928,7,340,2026-06-09,DIVIDEND,0,0.00,0.00,2723274.13
3929,7,501,2026-06-09,BUY,40576,256.34,16114.78,10417366.62
3930,9,340,2026-06-09,DIVIDEND,0,0.00,0.00,3131989.78
3931,10,341,2026-06-09,BUY,7365,2927.24,70616.86,21629739.46
3932,12,397,2026-06-09,DIVIDEND,0,0.00,0.00,400226.59
3933,15,397,2026-06-09,DIVIDEND,0,0.00,0.00,144487.22
3934,16,262,2026-06-09,SELL,25979,1347.45,17848.48,34987555.07
3935,17,102,2026-06-09,BUY,49755,1236.19,214888.63,61721522.08
3936,18,519,2026-06-09,BUY,2810837,13.49,95123.81,38013314.94
3937,19,397,2026-06-09,DIVIDEND,0,0.00,0.00,2300926.36
3938,23,497,2026-06-09,BUY,12403,1658.26,49100.98,20616499.76
3939,24,412,2026-06-09,BUY,60767,382.11,41262.31,23260940.68
3940,31,59,2026-06-09,BUY,75091,630.91,50502.94,47426165.75
3941,33,397,2026-06-09,DIVIDEND,0,0.00,0.00,26081.00
3942,35,337,2026-06-09,SELL,10718,1165.99,13169.15,12483911.67
3943,35,397,2026-06-09,DIVIDEND,0,0.00,0.00,311271.31
3944,37,501,2026-06-09,SELL,270311,255.33,338469.38,68680038.25
3945,39,237,2026-06-09,SELL,67348,349.58,15411.84,23528102.00
3946,41,518,2026-06-09,BUY,79911,12.67,2478.23,1014950.60
3947,42,341,2026-06-09,BUY,1941,2924.78,3164.76,5680162.74
3948,43,212,2026-06-09,SELL,68024,578.57,74199.04,39282446.64
3949,45,307,2026-06-09,BUY,444590,280.31,479951.38,125102974.28
3950,46,207,2026-06-09,BUY,18038,3677.70,248133.58,66586486.18
3951,47,489,2026-06-09,BUY,49600,1520.00,45545.15,75437545.15
3952,2,202,2026-06-10,DIVIDEND,0,0.00,0.00,258898.57
3953,3,48,2026-06-10,SELL,30140,768.72,48243.77,23120977.03
3954,8,202,2026-06-10,DIVIDEND,0,0.00,0.00,58157.06
3955,9,20,2026-06-10,SELL,51118,1355.05,57212.12,69210233.78
3956,10,60,2026-06-10,SELL,24838,2041.75,166110.27,50546876.23
3957,12,202,2026-06-10,DIVIDEND,0,0.00,0.00,311393.93
3958,12,219,2026-06-10,DIVIDEND,0,0.00,0.00,55611.79
3959,15,92,2026-06-10,DIVIDEND,0,0.00,0.00,1204767.13
3960,18,92,2026-06-10,DIVIDEND,0,0.00,0.00,1327030.15
3961,20,202,2026-06-10,DIVIDEND,0,0.00,0.00,1105980.65
3962,22,506,2026-06-10,BUY,497773,97.83,118777.91,48815910.50
3963,24,423,2026-06-10,SELL,55888,604.63,60048.97,33731512.47
3964,25,518,2026-06-10,BUY,3614227,12.75,64932.73,46146326.98
3965,28,103,2026-06-10,SELL,35858,427.08,53049.07,15261185.57
3966,30,398,2026-06-10,BUY,4828,1767.05,18009.98,8549327.38
3967,32,317,2026-06-10,BUY,58364,285.28,63723.29,16713805.21
3968,33,519,2026-06-10,BUY,47288,13.54,369.63,640649.15
3969,35,17,2026-06-10,SELL,90309,715.44,68085.31,64542585.65
3970,36,92,2026-06-10,DIVIDEND,0,0.00,0.00,553385.03
3971,38,508,2026-06-10,SELL,349116,87.01,111763.50,30264819.66
3972,39,197,2026-06-10,BUY,30957,765.90,15520.80,23725487.10
3973,41,202,2026-06-10,DIVIDEND,0,0.00,0.00,111286.53
3974,44,53,2026-06-10,BUY,224769,215.75,164408.62,48658320.37
3975,45,400,2026-06-10,BUY,11826,1055.87,48089.17,12534807.79
3976,46,92,2026-06-10,DIVIDEND,0,0.00,0.00,313547.23
3977,46,501,2026-06-10,BUY,215169,254.06,204473.42,54870309.56
3978,47,337,2026-06-10,BUY,38283,1145.52,26492.65,43880434.81
3979,2,398,2026-06-11,BUY,5344,1824.05,31905.97,9779629.17
3980,3,180,2026-06-11,SELL,1770503,185.23,682869.62,327267401.07
3981,9,101,2026-06-11,DIVIDEND,0,0.00,0.00,1268424.41
3982,13,447,2026-06-11,BUY,1557,2088.98,4453.67,3256995.53
3983,16,276,2026-06-11,BUY,3901,4649.12,9247.26,18145464.38
3984,24,423,2026-06-11,BUY,96578,618.10,106080.18,59800941.98
3985,28,115,2026-06-11,BUY,468916,21.53,34972.09,10130733.57
3986,30,101,2026-06-11,DIVIDEND,0,0.00,0.00,1451399.03
3987,33,247,2026-06-11,DIVIDEND,0,0.00,0.00,35796.69
3988,39,113,2026-06-11,DIVIDEND,0,0.00,0.00,517269.65
3989,39,271,2026-06-11,BUY,10445,1536.68,10506.91,16061129.51
3990,42,10,2026-06-11,BUY,158307,932.61,82304.17,147720995.44
3991,43,255,2026-06-11,BUY,16602,467.02,14617.60,7768083.64
3992,45,430,2026-06-11,SELL,210782,403.42,327483.86,84706190.58
3993,46,522,2026-06-11,BUY,7438526,13.64,379509.04,101841003.68
3994,47,464,2026-06-11,BUY,182230,382.67,42127.06,69776081.16
3995,1,241,2026-06-12,DIVIDEND,0,0.00,0.00,1670721.40
3996,4,30,2026-06-12,DIVIDEND,0,0.00,0.00,1144902.01
3997,6,241,2026-06-12,DIVIDEND,0,0.00,0.00,97706.11
3998,15,30,2026-06-12,DIVIDEND,0,0.00,0.00,5460356.34
3999,15,241,2026-06-12,DIVIDEND,0,0.00,0.00,10809069.22
4000,17,102,2026-06-12,BUY,33051,1285.47,148435.58,42634504.55
4001,18,8,2026-06-12,BUY,4001,9076.39,91101.04,36405737.43
4002,20,241,2026-06-12,DIVIDEND,0,0.00,0.00,2156866.70
4003,23,254,2026-06-12,BUY,25681,676.14,41453.32,17405404.66
4004,24,221,2026-06-12,SELL,37025,433.28,28507.62,16013684.38
4005,26,16,2026-06-12,DIVIDEND,0,0.00,0.00,4501669.70
4006,26,195,2026-06-12,BUY,1990256,196.28,1483854.64,392131302.32
4007,26,322,2026-06-12,DIVIDEND,0,0.00,0.00,4482999.46
4008,28,107,2026-06-12,DIVIDEND,0,0.00,0.00,219627.61
4009,28,264,2026-06-12,SELL,14497,1530.93,76880.46,22117011.75
4010,30,370,2026-06-12,BUY,35394,316.71,23664.02,11233297.76
4011,31,317,2026-06-12,BUY,269845,290.76,83639.30,78543771.50
4012,32,277,2026-06-12,SELL,6839,1530.21,40052.12,10425054.07
4013,34,507,2026-06-12,BUY,284922,130.97,80888.23,37397122.57
4014,35,241,2026-06-12,DIVIDEND,0,0.00,0.00,2302100.73
4015,36,209,2026-06-12,BUY,5078,8086.57,77881.44,41141483.90
4016,36,241,2026-06-12,DIVIDEND,0,0.00,0.00,3756649.58
4017,37,30,2026-06-12,DIVIDEND,0,0.00,0.00,497369.91
4018,39,91,2026-06-12,BUY,53078,314.93,10942.38,16726796.92
4019,41,324,2026-06-12,BUY,3892,694.49,6616.03,2709571.11
4020,43,255,2026-06-12,SELL,45903,464.28,40179.20,21271665.64
4021,45,107,2026-06-12,DIVIDEND,0,0.00,0.00,187751.88
4022,46,92,2026-06-12,BUY,43338,1371.64,222346.28,59666480.60
4023,47,116,2026-06-12,BUY,12993,2173.74,17062.15,28260465.97
4024,3,186,2026-06-15,SELL,83236,355.72,61652.30,29547057.62
4025,3,251,2026-06-15,DIVIDEND,0,0.00,0.00,11780196.63
4026,4,393,2026-06-15,SELL,6528,1223.10,22621.79,7961775.01
4027,6,9,2026-06-15,BUY,171,2843.91,938.76,487247.37
4028,7,197,2026-06-15,BUY,13231,766.34,15709.16,10155153.70
4029,7,463,2026-06-15,DIVIDEND,0,0.00,0.00,3481257.05
4030,9,13,2026-06-15,BUY,20046,1448.20,23978.12,29054595.32
4031,9,120,2026-06-15,DIVIDEND,0,0.00,0.00,12669556.59
4032,9,315,2026-06-15,DIVIDEND,0,0.00,0.00,1869417.49
4033,10,34,2026-06-15,BUY,22696,1442.79,107258.01,32852819.85
4034,12,251,2026-06-15,DIVIDEND,0,0.00,0.00,2492395.81
4035,12,463,2026-06-15,DIVIDEND,0,0.00,0.00,913663.86
4036,14,120,2026-06-15,DIVIDEND,0,0.00,0.00,1353302.65
4037,17,120,2026-06-15,DIVIDEND,0,0.00,0.00,3150995.52
4038,17,251,2026-06-15,DIVIDEND,0,0.00,0.00,3051604.53
4039,17,485,2026-06-15,BUY,185219,585.60,378946.66,108843193.06
4040,18,100,2026-06-15,BUY,31883,990.41,79216.53,31656458.56
4041,18,120,2026-06-15,DIVIDEND,0,0.00,0.00,1456291.66
4042,20,362,2026-06-15,BUY,18855,775.66,43384.99,14668454.29
4043,20,463,2026-06-15,DIVIDEND,0,0.00,0.00,694550.38
4044,24,253,2026-06-15,BUY,59843,659.75,70160.08,39551579.33
4045,25,463,2026-06-15,DIVIDEND,0,0.00,0.00,2506808.07
4046,28,107,2026-06-15,BUY,65069,193.03,43509.23,12603778.30
4047,32,459,2026-06-15,DIVIDEND,0,0.00,0.00,265356.76
4048,35,251,2026-06-15,DIVIDEND,0,0.00,0.00,2844034.92
4049,35,384,2026-06-15,BUY,38040,540.17,21653.10,20569719.90
4050,35,463,2026-06-15,DIVIDEND,0,0.00,0.00,663373.76
4051,39,237,2026-06-15,BUY,43653,369.51,10559.01,16140779.04
4052,41,64,2026-06-15,BUY,4948,297.82,3606.97,1477220.33
4053,41,463,2026-06-15,DIVIDEND,0,0.00,0.00,121118.40
4054,43,211,2026-06-15,SELL,354374,96.58,64525.19,34160915.73
4055,45,398,2026-06-15,BUY,4654,1790.32,32088.99,8364238.27
4056,46,30,2026-06-15,BUY,116088,917.50,398395.36,106909135.36
4057,47,10,2026-06-15,BUY,35236,947.70,20173.18,33413330.38
4058,47,251,2026-06-15,DIVIDEND,0,0.00,0.00,2536024.28
4059,1,341,2026-06-16,DIVIDEND,0,0.00,0.00,273581.59
4060,3,48,2026-06-16,DIVIDEND,0,0.00,0.00,1479888.69
4061,3,186,2026-06-16,BUY,114432,352.56,84006.00,40428151.92
4062,5,341,2026-06-16,DIVIDEND,0,0.00,0.00,2022330.46
4063,8,150,2026-06-16,DIVIDEND,0,0.00,0.00,174862.52
4064,8,362,2026-06-16,DIVIDEND,0,0.00,0.00,145622.04
4065,10,111,2026-06-16,SELL,75201,444.90,109588.08,33347336.82
4066,10,341,2026-06-16,DIVIDEND,0,0.00,0.00,1613763.17
4067,12,150,2026-06-16,DIVIDEND,0,0.00,0.00,599673.42
4068,12,249,2026-06-16,BUY,2169,1372.21,13966.08,2990289.57
4069,13,362,2026-06-16,DIVIDEND,0,0.00,0.00,456158.33
4070,13,518,2026-06-16,BUY,687520,12.73,11984.19,8764113.79
4071,14,120,2026-06-16,SELL,53054,521.74,21472.29,27658921.67
4072,15,324,2026-06-16,SELL,164106,687.60,410622.51,112428663.09
4073,17,485,2026-06-16,SELL,944071,590.38,1947277.16,555413359.82
4074,20,150,2026-06-16,DIVIDEND,0,0.00,0.00,1642482.13
4075,20,362,2026-06-16,DIVIDEND,0,0.00,0.00,958392.37
4076,24,110,2026-06-16,BUY,367571,53.20,34749.63,19589526.83
4077,24,110,2026-06-16,DIVIDEND,0,0.00,0.00,556065.36
4078,26,48,2026-06-16,DIVIDEND,0,0.00,0.00,1802598.83
4079,28,145,2026-06-16,SELL,8212,305.76,8697.85,2502203.27
4080,28,362,2026-06-16,DIVIDEND,0,0.00,0.00,258916.83
4081,29,384,2026-06-16,DIVIDEND,0,0.00,0.00,875139.04
4082,30,362,2026-06-16,DIVIDEND,0,0.00,0.00,1269227.54
4083,31,10,2026-06-16,SELL,29499,948.69,29832.73,27955573.58
4084,32,216,2026-06-16,SELL,38875,372.36,55400.70,14420094.30
4085,33,489,2026-06-16,BUY,576,1503.91,500.08,866752.24
4086,35,150,2026-06-16,DIVIDEND,0,0.00,0.00,1909693.81
4087,35,384,2026-06-16,DIVIDEND,0,0.00,0.00,2255444.38
4088,37,501,2026-06-16,BUY,156730,266.00,204450.23,41894630.23
4089,41,362,2026-06-16,DIVIDEND,0,0.00,0.00,161655.50
4090,42,341,2026-06-16,DIVIDEND,0,0.00,0.00,721427.95
4091,43,212,2026-06-16,BUY,82835,601.92,94001.09,49954044.29
4092,45,43,2026-06-16,BUY,8344,1913.22,61480.61,16025388.29
4093,46,509,2026-06-16,BUY,940318,119.45,420128.14,112741113.24
4094,47,277,2026-06-16,BUY,25120,1515.44,22997.21,38090850.01
4095,47,384,2026-06-16,DIVIDEND,0,0.00,0.00,712455.76
4096,4,310,2026-06-17,DIVIDEND,0,0.00,0.00,1696717.92
4097,7,511,2026-06-17,BUY,248854,107.27,41358.21,26735926.79
4098,9,1,2026-06-17,BUY,79960,222.42,14689.45,17799392.65
4099,12,136,2026-06-17,BUY,484,13967.76,31722.43,6792118.27
4100,12,310,2026-06-17,DIVIDEND,0,0.00,0.00,391954.12
4101,17,485,2026-06-17,BUY,548148,583.56,1117570.23,320994817.11
4102,19,449,2026-06-17,BUY,90030,661.81,146520.89,59729275.19
4103,21,310,2026-06-17,DIVIDEND,0,0.00,0.00,37509.25
4104,24,423,2026-06-17,BUY,30624,606.87,33025.92,18617812.80
4105,28,289,2026-06-17,SELL,15452,1112.11,59527.13,17124796.59
4106,30,232,2026-06-17,BUY,19604,519.63,21504.83,10208331.35
4107,31,395,2026-06-17,SELL,14356,6005.47,91905.56,86122621.76
4108,32,310,2026-06-17,DIVIDEND,0,0.00,0.00,383386.71
4109,32,481,2026-06-17,BUY,30737,1019.34,119911.93,31451365.51
4110,36,267,2026-06-17,SELL,5343,1671.86,16941.90,8915806.08
4111,37,512,2026-06-17,BUY,69453,88.63,30187.39,6185806.78
4112,39,224,2026-06-17,SELL,25561,1685.26,28198.62,43048732.24
4113,41,64,2026-06-17,SELL,26082,285.53,18228.52,7428964.94
4114,43,425,2026-06-17,BUY,13112,1349.10,33349.81,17722749.01
4115,46,516,2026-06-17,BUY,78144,1092.19,319238.09,85667333.45
4116,47,384,2026-06-17,BUY,64767,529.94,20734.68,34343358.66
4117,2,521,2026-06-18,SELL,486062,29.99,47713.02,14529286.36
4118,3,180,2026-06-18,BUY,2454583,173.58,887170.73,426953687.87
4119,7,502,2026-06-18,SELL,108753,682.34,114969.04,74091552.98
4120,15,30,2026-06-18,BUY,74386,890.57,241069.18,66487009.20
4121,17,226,2026-06-18,BUY,13904,1615.62,78482.07,22542062.55
4122,17,226,2026-06-18,DIVIDEND,0,0.00,0.00,2213734.92
4123,18,277,2026-06-18,BUY,106112,1470.47,391437.39,156425950.03
4124,21,520,2026-06-18,BUY,164953,27.95,22722.43,4633158.78
4125,24,198,2026-06-18,SELL,117181,126.06,26250.15,14745586.71
4126,27,44,2026-06-18,BUY,1102,3261.91,3301.64,3597926.46
4127,28,289,2026-06-18,SELL,10943,1163.00,44085.79,12682623.21
4128,32,176,2026-06-18,DIVIDEND,0,0.00,0.00,1907183.22
4129,37,176,2026-06-18,DIVIDEND,0,0.00,0.00,248025.60
4130,38,499,2026-06-18,SELL,272875,311.96,313201.43,84812883.57
4131,40,514,2026-06-18,BUY,255795,93.66,59336.05,24017095.75
4132,41,202,2026-06-18,BUY,438,4711.80,5051.49,2068819.89
4133,43,469,2026-06-18,SELL,212466,297.29,119083.06,63044934.08
4134,45,107,2026-06-18,BUY,69600,191.52,51336.04,13381128.04
4135,45,176,2026-06-18,DIVIDEND,0,0.00,0.00,2283729.40
4136,46,489,2026-06-18,BUY,37006,1482.28,205174.44,55058428.12
4137,47,276,2026-06-18,BUY,11809,4620.79,32964.48,54599873.59
4138,4,520,2026-06-19,BUY,183715,28.17,14662.78,5189914.33
4139,5,430,2026-06-19,BUY,39173,405.79,75639.78,15971651.45
4140,9,280,2026-06-19,DIVIDEND,0,0.00,0.00,934823.44
4141,15,52,2026-06-19,DIVIDEND,0,0.00,0.00,328394.46
4142,17,485,2026-06-19,BUY,98085,562.96,192917.49,55410849.09
4143,18,38,2026-06-19,DIVIDEND,0,0.00,0.00,1188970.14
4144,18,61,2026-06-19,BUY,74684,697.37,130656.94,52213038.02
4145,24,172,2026-06-19,SELL,1629,2782.13,8053.71,4524036.06
4146,26,38,2026-06-19,DIVIDEND,0,0.00,0.00,5035425.21
4147,27,181,2026-06-19,SELL,9584,816.97,7191.66,7822648.82
4148,28,306,2026-06-19,BUY,3180,1352.67,14900.52,4316391.12
4149,33,38,2026-06-19,DIVIDEND,0,0.00,0.00,34875.07
4150,37,261,2026-06-19,BUY,9272,944.10,42928.45,8796623.65
4151,39,218,2026-06-19,SELL,242112,1019.55,161587.57,246683702.03
4152,45,38,2026-06-19,DIVIDEND,0,0.00,0.00,601103.59
4153,45,398,2026-06-19,BUY,11008,1720.59,72943.19,19013197.91
4154,46,62,2026-06-19,BUY,158370,525.53,311308.73,83539494.83
4155,47,8,2026-06-19,BUY,11770,8808.23,62629.93,103735497.03
4156,1,439,2026-06-22,DIVIDEND,0,0.00,0.00,2900565.52
4157,2,479,2026-06-22,DIVIDEND,0,0.00,0.00,476442.43
4158,2,521,2026-06-22,BUY,294700,29.52,28475.10,8728019.10
4159,4,65,2026-06-22,SELL,23179,1784.10,117165.23,41236488.67
4160,5,17,2026-06-22,BUY,44087,760.19,159475.81,33673972.34
4161,5,17,2026-06-22,DIVIDEND,0,0.00,0.00,4961938.66
4162,5,141,2026-06-22,DIVIDEND,0,0.00,0.00,8240801.11
4163,6,90,2026-06-22,DIVIDEND,0,0.00,0.00,123468.88
4164,6,439,2026-06-22,DIVIDEND,0,0.00,0.00,90344.43
4165,7,8,2026-06-22,DIVIDEND,0,0.00,0.00,9131078.04
4166,7,481,2026-06-22,DIVIDEND,0,0.00,0.00,4147014.94
4167,11,141,2026-06-22,DIVIDEND,0,0.00,0.00,232238.39
4168,12,8,2026-06-22,DIVIDEND,0,0.00,0.00,673964.77
4169,14,17,2026-06-22,DIVIDEND,0,0.00,0.00,1485928.26
4170,15,8,2026-06-22,DIVIDEND,0,0.00,0.00,2788405.45
4171,15,17,2026-06-22,DIVIDEND,0,0.00,0.00,4527088.37
4172,16,17,2026-06-22,DIVIDEND,0,0.00,0.00,1255523.54
4173,18,8,2026-06-22,DIVIDEND,0,0.00,0.00,2403932.17
4174,21,136,2026-06-22,BUY,59,13940.95,4053.75,826569.80
4175,23,90,2026-06-22,DIVIDEND,0,0.00,0.00,828705.24
4176,23,141,2026-06-22,DIVIDEND,0,0.00,0.00,5234241.95
4177,23,439,2026-06-22,DIVIDEND,0,0.00,0.00,6067799.05
4178,24,166,2026-06-22,SELL,45592,224.23,18166.85,10204927.31
4179,27,285,2026-06-22,BUY,16306,240.34,3599.56,3922583.60
4180,32,17,2026-06-22,DIVIDEND,0,0.00,0.00,4916495.31
4181,32,481,2026-06-22,DIVIDEND,0,0.00,0.00,3471983.98
4182,32,518,2026-06-22,BUY,648912,12.76,31689.71,8311806.83
4183,35,17,2026-06-22,DIVIDEND,0,0.00,0.00,1657741.75
4184,35,479,2026-06-22,DIVIDEND,0,0.00,0.00,1256844.46
4185,36,123,2026-06-22,SELL,18144,1371.01,47179.20,24828426.24
4186,37,366,2026-06-22,BUY,7633,684.61,25626.68,5251254.81
4187,39,361,2026-06-22,SELL,205649,919.39,123768.31,188947865.80
4188,39,481,2026-06-22,DIVIDEND,0,0.00,0.00,4556539.60
4189,41,519,2026-06-22,BUY,138330,13.55,4587.91,1878959.41
4190,42,17,2026-06-22,DIVIDEND,0,0.00,0.00,4774106.15
4191,43,208,2026-06-22,BUY,31392,552.59,32704.10,17379609.38
4192,43,356,2026-06-22,DIVIDEND,0,0.00,0.00,1344176.21
4193,44,90,2026-06-22,DIVIDEND,0,0.00,0.00,5532088.08
4194,46,503,2026-06-22,BUY,1877265,47.88,336202.23,90219650.43
4195,47,8,2026-06-22,DIVIDEND,0,0.00,0.00,1911001.06
4196,47,178,2026-06-22,BUY,7936,3221.04,15442.39,25577615.83
4197,2,509,2026-06-23,BUY,114009,113.90,42504.18,13028129.28
4198,3,48,2026-06-23,DIVIDEND,0,0.00,0.00,1368374.40
4199,3,111,2026-06-23,BUY,214439,438.21,195666.22,94164980.41
4200,4,393,2026-06-23,DIVIDEND,0,0.00,0.00,100083.02
4201,10,276,2026-06-23,DIVIDEND,0,0.00,0.00,1356407.93
4202,10,522,2026-06-23,BUY,1340303,13.60,59706.17,18287826.97
4203,16,276,2026-06-23,DIVIDEND,0,0.00,0.00,4951137.77
4204,17,485,2026-06-23,BUY,80951,542.60,153459.40,44077472.00
4205,18,136,2026-06-23,BUY,3250,13758.89,112178.18,44828570.68
4206,20,276,2026-06-23,DIVIDEND,0,0.00,0.00,2733062.43
4207,22,503,2026-06-23,BUY,2160297,48.11,253501.83,104185390.50
4208,24,432,2026-06-23,BUY,97435,244.62,42354.96,23876904.66
4209,26,48,2026-06-23,DIVIDEND,0,0.00,0.00,1666767.31
4210,27,44,2026-06-23,BUY,867,3266.22,2601.00,2834413.74
4211,28,326,2026-06-23,BUY,260488,268.62,242386.57,70214673.13
4212,32,276,2026-06-23,DIVIDEND,0,0.00,0.00,4345210.71
4213,33,123,2026-06-23,DIVIDEND,0,0.00,0.00,25969.93
4214,36,123,2026-06-23,DIVIDEND,0,0.00,0.00,455354.62
4215,39,224,2026-06-23,SELL,88573,1635.78,94843.89,144791098.05
4216,41,383,2026-06-23,BUY,1921,919.15,4321.88,1770009.03
4217,42,324,2026-06-23,SELL,24367,663.25,9009.51,16152403.24
4218,43,255,2026-06-23,BUY,23184,451.46,19732.76,10486381.40
4219,44,420,2026-06-23,DIVIDEND,0,0.00,0.00,6234899.71
4220,45,307,2026-06-23,BUY,65222,258.13,64838.29,16900593.15
4221,46,512,2026-06-23,BUY,1953545,87.47,639150.91,171515732.06
4222,47,276,2026-06-23,DIVIDEND,0,0.00,0.00,1335708.90
4223,47,362,2026-06-23,BUY,42393,758.76,19431.91,32185544.59
4224,3,180,2026-06-24,BUY,631892,166.70,219335.16,105555731.56
4225,7,501,2026-06-24,SELL,42413,253.35,16647.87,10728685.68
4226,8,202,2026-06-24,BUY,349,4673.71,3730.11,1634854.90
4227,12,492,2026-06-24,BUY,3427,768.07,12351.20,2644527.09
4228,15,261,2026-06-24,BUY,67664,922.58,227166.42,62652619.54
4229,18,61,2026-06-24,BUY,67357,696.29,117656.12,47017661.65
4230,20,476,2026-06-24,BUY,3066,1728.70,15722.92,5315917.12
4231,25,128,2026-06-24,SELL,114063,1682.05,270347.12,191589322.03
4232,26,80,2026-06-24,DIVIDEND,0,0.00,0.00,6716355.40
4233,27,453,2026-06-24,DIVIDEND,0,0.00,0.00,830619.28
4234,28,115,2026-06-24,DIVIDEND,0,0.00,0.00,229797.39
4235,30,51,2026-06-24,SELL,23780,2560.94,128560.75,60770592.45
4236,31,71,2026-06-24,DIVIDEND,0,0.00,0.00,425394.78
4237,33,516,2026-06-24,BUY,370,1087.96,232.39,402777.59
4238,35,476,2026-06-24,SELL,15363,1725.32,27931.54,26478159.62
4239,39,91,2026-06-24,SELL,321783,313.11,65954.30,100687520.83
4240,43,212,2026-06-24,BUY,25611,559.20,27000.63,14348671.83
4241,44,245,2026-06-24,SELL,81391,1147.81,316726.03,93104677.68
4242,46,513,2026-06-24,BUY,320751,138.97,166728.54,44741495.01
4243,47,207,2026-06-24,BUY,9835,3728.91,22155.07,36695984.92
4244,48,457,2026-06-24,BUY,217194,674.34,676641.79,147139243.75
4245,2,383,2026-06-25,BUY,18541,920.14,55841.34,17116157.08
4246,2,438,2026-06-25,DIVIDEND,0,0.00,0.00,1179957.75
4247,3,200,2026-06-25,BUY,128603,618.16,165531.94,79662762.42
4248,4,65,2026-06-25,DIVIDEND,0,0.00,0.00,450148.15
4249,4,142,2026-06-25,DIVIDEND,0,0.00,0.00,392227.65
4250,4,522,2026-06-25,SELL,1245626,13.59,47961.41,16880095.93
4251,7,142,2026-06-25,DIVIDEND,0,0.00,0.00,1135013.31
4252,9,182,2026-06-25,DIVIDEND,0,0.00,0.00,700660.66
4253,16,17,2026-06-25,SELL,55591,766.13,21715.66,42568217.17
4254,17,307,2026-06-25,BUY,127816,255.25,113983.62,32739017.62
4255,23,518,2026-06-25,SELL,6014563,12.86,184652.76,77162627.42
4256,26,451,2026-06-25,DIVIDEND,0,0.00,0.00,1682925.97
4257,28,172,2026-06-25,BUY,15208,2763.49,145583.61,42172739.53
4258,33,520,2026-06-25,SELL,17182,27.98,277.53,480474.83
4259,35,476,2026-06-25,SELL,12030,1727.92,21904.76,20764972.84
4260,36,20,2026-06-25,SELL,44461,1411.82,119051.67,62651877.35
4261,37,30,2026-06-25,BUY,4316,861.53,18235.00,3736598.48
4262,39,271,2026-06-25,BUY,6073,1583.78,6296.24,9624592.18
4263,41,182,2026-06-25,DIVIDEND,0,0.00,0.00,119675.93
4264,42,324,2026-06-25,BUY,14882,659.39,5470.48,9818512.46
4265,43,360,2026-06-25,BUY,43356,366.82,29983.51,15933831.43
4266,44,223,2026-06-25,DIVIDEND,0,0.00,0.00,757334.15
4267,45,182,2026-06-25,DIVIDEND,0,0.00,0.00,1094643.16
4268,46,54,2026-06-25,BUY,90131,1163.29,392177.84,105240668.83
4269,47,30,2026-06-25,BUY,62315,862.33,32462.57,53768556.52
4270,48,215,2026-06-25,BUY,59729,613.92,169406.12,36838233.80
4271,49,185,2026-06-25,BUY,123709,918.58,513623.84,114150237.06
4272,3,56,2026-06-26,BUY,78525,397.69,65025.31,31293632.56
4273,4,24,2026-06-26,SELL,4510,1229.32,15708.20,5528525.00
4274,4,421,2026-06-26,DIVIDEND,0,0.00,0.00,553841.48
4275,8,366,2026-06-26,BUY,3256,667.29,4968.59,2177664.83
4276,13,516,2026-06-26,BUY,15642,1099.93,23558.75,17228663.81
4277,15,464,2026-06-26,BUY,27525,378.00,37861.83,10442311.83
4278,16,87,2026-06-26,BUY,24041,2088.18,25596.85,50227532.23
4279,17,169,2026-06-26,BUY,276367,363.05,350545.26,100685584.61
4280,18,517,2026-06-26,BUY,1618267,26.55,107784.51,43072773.36
4281,23,497,2026-06-26,BUY,15028,1492.83,53557.75,22487806.99
4282,24,329,2026-06-26,BUY,15941,733.98,20792.04,11721167.22
4283,24,412,2026-06-26,DIVIDEND,0,0.00,0.00,706927.53
4284,35,128,2026-06-26,DIVIDEND,0,0.00,0.00,1046601.79
4285,35,401,2026-06-26,DIVIDEND,0,0.00,0.00,3151596.03
4286,36,401,2026-06-26,DIVIDEND,0,0.00,0.00,2438513.55
4287,37,128,2026-06-26,DIVIDEND,0,0.00,0.00,91054.16
4288,37,520,2026-06-26,SELL,598303,28.00,82154.82,16670329.18
4289,39,218,2026-06-26,BUY,282592,1045.33,193373.24,295595268.60
4290,41,362,2026-06-26,SELL,3744,771.45,7069.72,2881239.08
4291,42,401,2026-06-26,DIVIDEND,0,0.00,0.00,4490408.63
4292,45,82,2026-06-26,SELL,59832,1671.70,385204.03,99635950.37
4293,46,189,2026-06-26,BUY,27245,2274.54,231793.50,62201635.80
4294,47,413,2026-06-26,BUY,32177,976.50,18981.68,31439822.18
4295,48,274,2026-06-26,BUY,275635,367.33,467759.74,101716764.29
4296,49,94,2026-06-26,BUY,102330,2037.56,942410.84,209445925.64
4297,50,520,2026-06-26,BUY,4169778,27.90,277184.35,116613990.55
4298,6,305,2026-06-29,SELL,7640,70.82,1044.46,540020.34
4299,11,520,2026-06-29,SELL,1028272,27.99,93294.23,28688039.05
4300,15,391,2026-06-29,SELL,62122,679.58,153627.32,42063241.44
4301,16,17,2026-06-29,SELL,63407,755.51,24425.50,47880197.07
4302,20,476,2026-06-29,BUY,5694,1706.78,28829.46,9747234.78
4303,21,136,2026-06-29,BUY,73,13653.78,4912.34,1001638.28
4304,23,317,2026-06-29,SELL,426616,274.95,280028.11,117018041.09
4305,24,198,2026-06-29,BUY,184563,124.61,40869.08,23039264.51
4306,26,45,2026-06-29,BUY,251803,496.65,475026.36,125532986.31
4307,28,103,2026-06-29,BUY,16174,440.10,24657.63,7142835.03
4308,28,145,2026-06-29,DIVIDEND,0,0.00,0.00,157073.52
4309,29,518,2026-06-29,SELL,1209538,12.78,29793.76,15428101.88
4310,30,364,2026-06-29,BUY,66590,362.27,50925.88,24174485.18
4311,32,512,2026-06-29,BUY,343637,86.01,113117.74,29669336.11
4312,35,351,2026-06-29,SELL,3252,11670.21,39992.48,37911530.44
4313,39,91,2026-06-29,BUY,58388,303.49,11599.82,17731773.94
4314,41,519,2026-06-29,SELL,369310,13.57,12266.76,4999269.94
4315,42,446,2026-06-29,BUY,52579,660.94,19372.96,34770937.22
4316,43,171,2026-06-29,SELL,21024,1684.48,66766.93,35347740.59
4317,45,107,2026-06-29,BUY,64670,187.03,46581.46,12141811.56
4318,46,517,2026-06-29,BUY,2147960,26.75,214917.04,57672847.04
4319,47,60,2026-06-29,BUY,14232,2185.05,18786.43,31116418.03
4320,48,435,2026-06-29,BUY,123479,1308.72,746572.38,162346009.26
4321,49,154,2026-06-29,BUY,95198,1028.95,442740.23,98396722.33
4322,50,511,2026-06-29,BUY,1514910,107.53,388121.80,163286394.10
4323,2,267,2026-06-30,DIVIDEND,0,0.00,0.00,127042.37
4324,6,517,2026-06-30,SELL,135055,26.31,6859.20,3546437.85
4325,13,317,2026-06-30,DIVIDEND,0,0.00,0.00,352535.82
4326,16,17,2026-06-30,BUY,122743,760.95,47623.24,93448909.09
4327,17,102,2026-06-30,SELL,83840,1293.69,378942.20,108084027.40
4328,17,368,2026-06-30,DIVIDEND,0,0.00,0.00,966462.98
4329,18,317,2026-06-30,DIVIDEND,0,0.00,0.00,251106.50
4330,20,317,2026-06-30,DIVIDEND,0,0.00,0.00,587038.86
4331,23,317,2026-06-30,DIVIDEND,0,0.00,0.00,2910469.98
4332,26,260,2026-06-30,DIVIDEND,0,0.00,0.00,1470814.70
4333,26,368,2026-06-30,DIVIDEND,0,0.00,0.00,1242479.42
4334,28,78,2026-06-30,BUY,15666,624.04,33865.15,9810075.79
4335,30,212,2026-06-30,DIVIDEND,0,0.00,0.00,319569.48
4336,30,273,2026-06-30,DIVIDEND,0,0.00,0.00,751581.70
4337,30,364,2026-06-30,DIVIDEND,0,0.00,0.00,1186714.62
4338,31,317,2026-06-30,DIVIDEND,0,0.00,0.00,2666971.42
4339,32,317,2026-06-30,DIVIDEND,0,0.00,0.00,941537.44
4340,33,317,2026-06-30,DIVIDEND,0,0.00,0.00,28122.10
4341,36,267,2026-06-30,DIVIDEND,0,0.00,0.00,450977.94
4342,39,342,2026-06-30,BUY,156457,129.48,13261.14,20271313.50
4343,42,267,2026-06-30,DIVIDEND,0,0.00,0.00,6555052.33
4344,42,317,2026-06-30,DIVIDEND,0,0.00,0.00,1301432.15
4345,42,446,2026-06-30,BUY,71548,662.76,26434.76,47445587.24
4346,43,3,2026-06-30,DIVIDEND,0,0.00,0.00,541141.90
4347,43,130,2026-06-30,DIVIDEND,0,0.00,0.00,1743875.83
4348,43,212,2026-06-30,DIVIDEND,0,0.00,0.00,422516.02
4349,44,245,2026-06-30,BUY,57925,1141.40,224151.31,66339746.31
4350,45,107,2026-06-30,SELL,222004,192.81,164850.14,42639741.10
4351,46,86,2026-06-30,BUY,56815,1414.58,300615.51,80669978.21
4352,47,97,2026-06-30,BUY,42524,839.57,21567.90,35723442.58
4353,48,367,2026-06-30,BUY,216531,295.76,295863.64,64337072.20
4354,49,256,2026-06-30,BUY,578125,247.14,645790.55,143523603.05
4355,4,166,2026-07-01,DIVIDEND,0,0.00,0.00,1137349.98
4356,5,131,2026-07-01,BUY,65067,182.30,56442.93,11918157.03
4357,7,381,2026-07-01,DIVIDEND,0,0.00,0.00,1564216.59
4358,7,522,2026-07-01,BUY,752431,13.81,16099.01,10407171.12
4359,8,210,2026-07-01,DIVIDEND,0,0.00,0.00,165524.32
4360,10,325,2026-07-01,DIVIDEND,0,0.00,0.00,1293360.12
4361,11,522,2026-07-01,BUY,622423,13.65,27539.89,8523613.84
4362,13,317,2026-07-01,BUY,20862,267.61,7644.57,5590524.39
4363,14,301,2026-07-01,BUY,9625,2599.36,19407.66,25038247.66
4364,17,102,2026-07-01,DIVIDEND,0,0.00,0.00,1401240.32
4365,17,413,2026-07-01,BUY,32391,926.71,104872.03,30121935.64
4366,18,100,2026-07-01,SELL,108831,1018.04,277945.15,110516366.09
4367,18,210,2026-07-01,DIVIDEND,0,0.00,0.00,457586.63
4368,22,509,2026-07-01,BUY,1227383,116.70,349368.09,143584964.19
4369,24,166,2026-07-01,DIVIDEND,0,0.00,0.00,349811.93
4370,27,325,2026-07-01,DIVIDEND,0,0.00,0.00,453109.00
4371,28,264,2026-07-01,BUY,5973,1457.80,30162.89,8737602.29
4372,31,325,2026-07-01,DIVIDEND,0,0.00,0.00,1006022.57
4373,33,480,2026-07-01,SELL,141,5150.70,419.26,725829.44
4374,36,210,2026-07-01,DIVIDEND,0,0.00,0.00,576363.45
4375,36,325,2026-07-01,DIVIDEND,0,0.00,0.00,1678643.94
4376,37,325,2026-07-01,DIVIDEND,0,0.00,0.00,199109.90
4377,39,91,2026-07-01,SELL,137646,298.74,26917.83,41093448.21
4378,41,505,2026-07-01,BUY,11718,244.39,7009.64,2870771.66
4379,42,325,2026-07-01,DIVIDEND,0,0.00,0.00,3780444.96
4380,43,33,2026-07-01,BUY,111114,435.33,91194.28,48462451.90
4381,45,182,2026-07-01,BUY,12592,2540.73,123211.77,32116083.93
4382,46,297,2026-07-01,BUY,90280,455.24,153727.95,41252795.15
4383,47,87,2026-07-01,BUY,18607,2070.93,23278.69,38557073.20
4384,48,204,2026-07-01,BUY,149280,632.74,436374.12,94891801.32
4385,49,400,2026-07-01,BUY,51181,1069.20,247340.14,54970065.34
4386,50,502,2026-07-01,BUY,434916,648.16,671644.05,282566798.61
4387,2,513,2026-07-02,BUY,57754,130.86,24737.61,7582426.05
4388,3,200,2026-07-02,SELL,203742,543.46,230556.81,110495070.51
4389,4,24,2026-07-02,BUY,8790,1179.21,29367.36,10394623.26
4390,5,34,2026-07-02,BUY,17011,1378.85,111611.51,23567228.86
4391,7,245,2026-07-02,DIVIDEND,0,0.00,0.00,3329973.95
4392,17,251,2026-07-02,BUY,46389,1163.79,188617.12,54175671.43
4393,20,295,2026-07-02,BUY,27813,480.79,39668.41,13411880.68
4394,24,198,2026-07-02,SELL,182048,126.02,40768.31,22900920.65
4395,26,491,2026-07-02,BUY,412862,126.32,198099.51,52350827.35
4396,27,245,2026-07-02,DIVIDEND,0,0.00,0.00,704398.73
4397,27,245,2026-07-02,SELL,7863,1096.12,7916.31,8610875.25
4398,28,115,2026-07-02,SELL,95120,19.48,6418.64,1846518.96
4399,31,245,2026-07-02,DIVIDEND,0,0.00,0.00,2662455.89
4400,32,137,2026-07-02,BUY,7881,1314.55,39649.73,10399618.28
4401,36,92,2026-07-02,BUY,6104,1249.69,14467.51,7642575.27
4402,37,192,2026-07-02,SELL,11320,2707.87,150323.91,30502764.49
4403,39,271,2026-07-02,BUY,10834,1443.32,10236.10,15647164.98
4404,44,245,2026-07-02,DIVIDEND,0,0.00,0.00,4797868.96
4405,45,400,2026-07-02,BUY,16721,1072.47,69063.15,18001834.02
4406,46,243,2026-07-02,BUY,130233,490.76,239062.29,64152209.37
4407,47,397,2026-07-02,BUY,57148,635.56,21941.91,36342924.79
4408,48,370,2026-07-02,BUY,179647,293.88,243905.77,53038566.13
4409,49,428,2026-07-02,BUY,221256,548.74,548767.73,121960785.17
4410,50,499,2026-07-02,BUY,865907,302.18,623431.19,262283208.45
4411,2,324,2026-07-03,DIVIDEND,0,0.00,0.00,950201.30
4412,2,383,2026-07-03,DIVIDEND,0,0.00,0.00,1076880.76
4413,3,138,2026-07-03,SELL,338683,529.72,373567.91,179033590.85
4414,4,464,2026-07-03,DIVIDEND,0,0.00,0.00,3860731.23
4415,6,411,2026-07-03,DIVIDEND,0,0.00,0.00,173414.04
4416,7,97,2026-07-03,DIVIDEND,0,0.00,0.00,102517.18
4417,7,513,2026-07-03,BUY,301826,128.92,60285.90,38971693.82
4418,8,324,2026-07-03,DIVIDEND,0,0.00,0.00,548045.08
4419,9,240,2026-07-03,BUY,191366,226.49,35799.15,43378284.49
4420,10,68,2026-07-03,DIVIDEND,0,0.00,0.00,1687011.79
4421,10,276,2026-07-03,SELL,5880,4485.04,86381.54,26285653.66
4422,11,411,2026-07-03,DIVIDEND,0,0.00,0.00,583681.43
4423,12,428,2026-07-03,DIVIDEND,0,0.00,0.00,219380.24
4424,14,411,2026-07-03,DIVIDEND,0,0.00,0.00,6439255.76
4425,14,517,2026-07-03,BUY,994146,26.52,20451.72,26385203.64
4426,15,324,2026-07-03,DIVIDEND,0,0.00,0.00,2192867.36
4427,15,324,2026-07-03,SELL,82243,695.37,208112.09,56981202.82
4428,15,464,2026-07-03,DIVIDEND,0,0.00,0.00,1855204.30
4429,16,68,2026-07-03,DIVIDEND,0,0.00,0.00,1195298.65
4430,18,464,2026-07-03,DIVIDEND,0,0.00,0.00,2117731.21
4431,20,383,2026-07-03,DIVIDEND,0,0.00,0.00,705938.44
4432,20,411,2026-07-03,DIVIDEND,0,0.00,0.00,4300283.72
4433,25,128,2026-07-03,BUY,136152,1792.43,343877.92,244386807.28
4434,25,411,2026-07-03,DIVIDEND,0,0.00,0.00,10824390.39
4435,26,195,2026-07-03,DIVIDEND,0,0.00,0.00,2512858.18
4436,28,264,2026-07-03,BUY,2647,1461.21,13398.28,3881221.15
4437,31,68,2026-07-03,DIVIDEND,0,0.00,0.00,1539213.38
4438,32,68,2026-07-03,DIVIDEND,0,0.00,0.00,740283.19
4439,32,464,2026-07-03,DIVIDEND,0,0.00,0.00,545301.62
4440,33,34,2026-07-03,BUY,424,1402.99,343.41,595211.17
4441,33,383,2026-07-03,DIVIDEND,0,0.00,0.00,27276.11
4442,35,178,2026-07-03,BUY,6673,3551.55,24974.01,23724467.16
4443,35,464,2026-07-03,DIVIDEND,0,0.00,0.00,1990131.68
4444,39,361,2026-07-03,BUY,118446,907.34,70351.53,107541145.17
4445,39,361,2026-07-03,DIVIDEND,0,0.00,0.00,1245182.46
4446,41,64,2026-07-03,DIVIDEND,0,0.00,0.00,138307.74
4447,41,324,2026-07-03,DIVIDEND,0,0.00,0.00,540232.41
4448,41,383,2026-07-03,DIVIDEND,0,0.00,0.00,62131.56
4449,42,68,2026-07-03,DIVIDEND,0,0.00,0.00,1510808.37
4450,42,122,2026-07-03,DIVIDEND,0,0.00,0.00,229489.75
4451,42,324,2026-07-03,DIVIDEND,0,0.00,0.00,909116.08
4452,43,425,2026-07-03,BUY,12705,1336.64,32016.17,17014027.37
4453,45,43,2026-07-03,BUY,9997,1871.33,72047.52,18779733.53
4454,46,192,2026-07-03,BUY,46095,2683.61,462694.23,124163697.18
4455,47,97,2026-07-03,DIVIDEND,0,0.00,0.00,151558.92
4456,47,411,2026-07-03,DIVIDEND,0,0.00,0.00,596939.39
4457,47,464,2026-07-03,DIVIDEND,0,0.00,0.00,1375234.43
4458,47,481,2026-07-03,BUY,49925,930.65,28068.63,46490769.88
4459,49,428,2026-07-03,DIVIDEND,0,0.00,0.00,1132056.68
4460,3,186,2026-07-06,BUY,95005,350.89,69414.03,33405718.48
4461,5,290,2026-07-06,DIVIDEND,0,0.00,0.00,1296764.54
4462,6,411,2026-07-06,BUY,654,2314.68,2922.20,1516722.92
4463,7,522,2026-07-06,SELL,659764,13.62,13922.09,8972063.59
4464,8,447,2026-07-06,BUY,823,2146.55,4039.94,1770650.59
4465,17,102,2026-07-06,SELL,79015,1280.39,353462.46,100816553.39
4466,17,485,2026-07-06,DIVIDEND,0,0.00,0.00,2402850.25
4467,18,522,2026-07-06,BUY,3033510,13.59,103420.47,41328821.37
4468,30,485,2026-07-06,DIVIDEND,0,0.00,0.00,291550.26
4469,33,489,2026-07-06,BUY,796,1442.56,662.89,1148940.65
4470,37,290,2026-07-06,DIVIDEND,0,0.00,0.00,384214.95
4471,41,512,2026-07-06,SELL,37566,87.90,8082.44,3293968.96
4472,43,356,2026-07-06,BUY,92481,483.03,84218.37,44755315.80
4473,45,400,2026-07-06,SELL,31896,1086.70,133488.81,34527894.39
4474,46,374,2026-07-06,BUY,297262,145.38,161645.99,43377595.55
4475,47,353,2026-07-06,BUY,26888,2632.18,42755.39,70816811.23
4476,48,1,2026-07-06,BUY,326937,187.94,283867.30,61728407.08
4477,49,256,2026-07-06,DIVIDEND,0,0.00,0.00,3886230.64
4478,49,312,2026-07-06,BUY,46048,1558.12,324293.74,72072603.50
4479,2,202,2026-07-07,BUY,1439,4553.78,21448.73,6574338.15
4480,3,200,2026-07-07,BUY,44535,512.51,47526.26,22872159.11
4481,6,305,2026-07-07,DIVIDEND,0,0.00,0.00,60030.22
4482,8,468,2026-07-07,DIVIDEND,0,0.00,0.00,157428.92
4483,9,315,2026-07-07,BUY,354493,95.61,27994.31,33921070.04
4484,11,305,2026-07-07,DIVIDEND,0,0.00,0.00,278516.53
4485,13,468,2026-07-07,DIVIDEND,0,0.00,0.00,276541.81
4486,14,468,2026-07-07,DIVIDEND,0,0.00,0.00,1856339.31
4487,15,52,2026-07-07,SELL,13561,3284.84,162101.99,44383613.25
4488,18,277,2026-07-07,SELL,24183,1354.32,82162.40,32669358.16
4489,20,476,2026-07-07,DIVIDEND,0,0.00,0.00,766460.46
4490,23,468,2026-07-07,DIVIDEND,0,0.00,0.00,2339588.87
4491,24,166,2026-07-07,BUY,28139,198.51,9926.32,5595799.21
4492,30,305,2026-07-07,DIVIDEND,0,0.00,0.00,948420.61
4493,31,468,2026-07-07,DIVIDEND,0,0.00,0.00,2590846.40
4494,35,476,2026-07-07,DIVIDEND,0,0.00,0.00,276756.25
4495,36,204,2026-07-07,BUY,44627,621.80,52629.03,27801697.63
4496,37,391,2026-07-07,SELL,16206,653.95,51972.57,10545941.13
4497,41,468,2026-07-07,DIVIDEND,0,0.00,0.00,500661.05
4498,41,476,2026-07-07,DIVIDEND,0,0.00,0.00,136592.66
4499,42,305,2026-07-07,DIVIDEND,0,0.00,0.00,5863483.41
4500,42,446,2026-07-07,SELL,190151,668.91,70906.81,127122998.60
4501,42,468,2026-07-07,DIVIDEND,0,0.00,0.00,5352207.20
4502,43,33,2026-07-07,BUY,80801,434.33,66163.24,35160461.57
4503,44,476,2026-07-07,DIVIDEND,0,0.00,0.00,1127884.65
4504,45,184,2026-07-07,BUY,127958,134.60,66330.22,17289477.02
4505,46,481,2026-07-07,BUY,92877,889.93,309161.13,82963189.74
4506,47,428,2026-07-07,BUY,81406,563.24,27699.17,45878814.61
4507,48,294,2026-07-07,BUY,21352,4358.32,429922.08,93488770.72
4508,48,457,2026-07-07,DIVIDEND,0,0.00,0.00,1896453.71
4509,49,160,2026-07-07,BUY,58619,1484.14,393224.14,87392026.80
4510,50,507,2026-07-07,BUY,1375135,124.69,408534.30,171874117.45
4511,3,138,2026-07-08,SELL,288408,517.87,310998.19,149046852.77
4512,3,180,2026-07-08,DIVIDEND,0,0.00,0.00,13469049.81
4513,4,24,2026-07-08,BUY,4007,1130.46,12833.92,4542587.14
4514,4,131,2026-07-08,DIVIDEND,0,0.00,0.00,262567.54
4515,5,131,2026-07-08,DIVIDEND,0,0.00,0.00,645530.90
4516,9,315,2026-07-08,BUY,140600,94.65,10991.70,13318781.70
4517,12,489,2026-07-08,BUY,2733,1447.75,18566.39,3975267.14
4518,15,324,2026-07-08,BUY,51745,689.49,129831.11,35807491.16
4519,17,307,2026-07-08,DIVIDEND,0,0.00,0.00,2022482.77
4520,23,517,2026-07-08,BUY,937777,26.25,58767.83,24675414.08
4521,24,412,2026-07-08,SELL,250548,355.31,158196.07,88864013.81
4522,26,131,2026-07-08,DIVIDEND,0,0.00,0.00,1573259.63
4523,27,131,2026-07-08,DIVIDEND,0,0.00,0.00,232206.22
4524,28,172,2026-07-08,BUY,5155,2618.33,46755.80,13544246.95
4525,30,140,2026-07-08,SELL,24043,1303.34,66152.08,31270051.54
4526,31,468,2026-07-08,BUY,18941,952.62,19234.63,18062810.05
4527,32,292,2026-07-08,BUY,15679,899.11,53952.68,14151098.37
4528,33,230,2026-07-08,BUY,807,940.11,437.97,759106.74
4529,37,13,2026-07-08,SELL,4412,1316.27,28479.63,5778903.61
4530,41,199,2026-07-08,BUY,2010,588.17,2893.73,1185115.43
4531,43,208,2026-07-08,DIVIDEND,0,0.00,0.00,990097.52
4532,43,423,2026-07-08,SELL,142417,484.42,130066.10,68859577.04
4533,45,307,2026-07-08,DIVIDEND,0,0.00,0.00,1550656.81
4534,45,400,2026-07-08,BUY,16739,1082.07,69756.36,18182526.09
4535,46,54,2026-07-08,SELL,42671,1147.34,183124.23,48775020.91
4536,47,119,2026-07-08,BUY,14191,1509.86,12943.94,21439367.20
4537,48,414,2026-07-08,BUY,11255,8445.08,439118.10,95488493.50
4538,49,339,2026-07-08,BUY,73227,945.18,312833.07,69525528.93
4539,1,395,2026-07-09,DIVIDEND,0,0.00,0.00,1581514.89
4540,2,28,2026-07-09,SELL,34019,1322.12,147218.09,44829982.19
4541,3,388,2026-07-09,BUY,29616,1172.80,72323.62,34805968.42
4542,4,140,2026-07-09,DIVIDEND,0,0.00,0.00,287499.60
4543,4,399,2026-07-09,SELL,201467,414.89,236821.83,83349821.80
4544,5,9,2026-07-09,BUY,5295,2486.76,62655.90,13230050.10
4545,6,495,2026-07-09,SELL,2939,711.66,4037.51,2087531.23
4546,8,140,2026-07-09,DIVIDEND,0,0.00,0.00,135595.39
4547,8,395,2026-07-09,DIVIDEND,0,0.00,0.00,480458.17
4548,9,236,2026-07-09,DIVIDEND,0,0.00,0.00,2630845.92
4549,16,132,2026-07-09,DIVIDEND,0,0.00,0.00,2062053.45
4550,19,140,2026-07-09,DIVIDEND,0,0.00,0.00,476990.63
4551,20,383,2026-07-09,BUY,17284,844.64,43306.94,14642064.70
4552,23,323,2026-07-09,DIVIDEND,0,0.00,0.00,3755992.18
4553,25,521,2026-07-09,SELL,1976720,29.30,81611.40,57836284.60
4554,26,45,2026-07-09,DIVIDEND,0,0.00,0.00,8024336.97
4555,27,94,2026-07-09,DIVIDEND,0,0.00,0.00,1299032.13
4556,30,45,2026-07-09,DIVIDEND,0,0.00,0.00,1665202.18
4557,30,140,2026-07-09,DIVIDEND,0,0.00,0.00,255725.31
4558,30,323,2026-07-09,DIVIDEND,0,0.00,0.00,1629224.05
4559,31,395,2026-07-09,DIVIDEND,0,0.00,0.00,4510222.20
4560,32,50,2026-07-09,BUY,16166,1672.51,103479.22,27141275.88
4561,36,323,2026-07-09,DIVIDEND,0,0.00,0.00,3298996.74
4562,39,224,2026-07-09,BUY,145547,1622.24,154561.55,236266726.83
4563,41,324,2026-07-09,SELL,8950,687.27,15055.99,6136010.51
4564,42,132,2026-07-09,DIVIDEND,0,0.00,0.00,4385348.76
4565,43,218,2026-07-09,SELL,54977,986.72,102271.63,54144633.81
4566,44,45,2026-07-09,DIVIDEND,0,0.00,0.00,7699913.59
4567,44,54,2026-07-09,DIVIDEND,0,0.00,0.00,4768902.54
4568,45,129,2026-07-09,SELL,254507,174.79,171322.84,44313955.69
4569,46,54,2026-07-09,DIVIDEND,0,0.00,0.00,614226.75
4570,46,516,2026-07-09,SELL,37119,1105.52,153491.29,40882305.59
4571,47,20,2026-07-09,BUY,29441,1364.58,24269.92,40198869.70
4572,48,221,2026-07-09,BUY,224352,409.43,424367.07,92280806.43
4573,49,94,2026-07-09,DIVIDEND,0,0.00,0.00,2422811.17
4574,50,522,2026-07-09,BUY,7355722,13.81,242030.75,101824551.57
4575,1,160,2026-07-10,DIVIDEND,0,0.00,0.00,1471352.36
4576,2,28,2026-07-10,BUY,37175,1348.30,164061.34,50287113.84
4577,2,204,2026-07-10,DIVIDEND,0,0.00,0.00,994840.48
4578,5,341,2026-07-10,BUY,9551,2902.11,131893.93,27849946.54
4579,7,277,2026-07-10,DIVIDEND,0,0.00,0.00,1260688.28
4580,7,463,2026-07-10,SELL,33663,2477.27,129200.73,83263139.28
4581,9,407,2026-07-10,DIVIDEND,0,0.00,0.00,1394632.08
4582,12,9,2026-07-10,SELL,9539,2537.63,113586.17,24092866.40
4583,12,277,2026-07-10,DIVIDEND,0,0.00,0.00,225718.95
4584,13,468,2026-07-10,BUY,1849,959.00,2428.01,1775619.01
4585,14,120,2026-07-10,BUY,27349,515.34,10933.05,14104966.71
4586,14,160,2026-07-10,DIVIDEND,0,0.00,0.00,1358502.41
4587,17,169,2026-07-10,SELL,326361,336.52,383707.79,109443295.93
4588,18,277,2026-07-10,DIVIDEND,0,0.00,0.00,1012091.07
4589,22,505,2026-07-10,BUY,363417,244.73,216932.55,89155974.96
4590,24,221,2026-07-10,SELL,11330,409.52,8245.22,4631616.38
4591,24,253,2026-07-10,DIVIDEND,0,0.00,0.00,1242445.67
4592,28,172,2026-07-10,BUY,2193,2582.58,19618.91,5683216.85
4593,30,161,2026-07-10,BUY,882828,44.53,82990.03,39395320.87
4594,31,494,2026-07-10,BUY,42147,1333.29,59903.56,56254077.19
4595,32,277,2026-07-10,DIVIDEND,0,0.00,0.00,72328.40
4596,32,292,2026-07-10,DIVIDEND,0,0.00,0.00,884582.93
4597,33,123,2026-07-10,BUY,282,1361.17,221.59,384071.53
4598,36,171,2026-07-10,DIVIDEND,0,0.00,0.00,1521272.80
4599,36,204,2026-07-10,DIVIDEND,0,0.00,0.00,1643938.47
4600,37,152,2026-07-10,BUY,3307,3347.93,54295.57,11125900.08
4601,37,160,2026-07-10,DIVIDEND,0,0.00,0.00,1297542.35
4602,39,218,2026-07-10,SELL,282592,988.75,182906.64,279229933.36
4603,40,511,2026-07-10,SELL,403365,108.57,108462.71,43684875.34
4604,41,160,2026-07-10,DIVIDEND,0,0.00,0.00,539781.33
4605,43,171,2026-07-10,DIVIDEND,0,0.00,0.00,683136.60
4606,44,253,2026-07-10,DIVIDEND,0,0.00,0.00,1753842.80
4607,46,192,2026-07-10,BUY,14110,2691.01,142024.47,38112175.57
4608,47,277,2026-07-10,DIVIDEND,0,0.00,0.00,310314.15
4609,47,371,2026-07-10,BUY,21520,3612.69,46966.67,77792055.47
4610,48,204,2026-07-10,DIVIDEND,0,0.00,0.00,1159100.78
4611,49,64,2026-07-10,BUY,528381,277.86,663590.43,147479535.09
4612,49,160,2026-07-10,DIVIDEND,0,0.00,0.00,2472953.63
4613,50,510,2026-07-10,BUY,1528508,235.26,856776.15,360453568.23
4614,2,204,2026-07-13,BUY,10537,616.37,21258.24,6515948.93
4615,3,138,2026-07-13,BUY,747761,498.62,776358.48,373624948.30
4616,6,207,2026-07-13,SELL,589,3684.70,4189.47,2166098.83
4617,9,255,2026-07-13,DIVIDEND,0,0.00,0.00,8290150.72
4618,12,86,2026-07-13,SELL,5904,1431.49,39657.83,8411859.13
4619,17,78,2026-07-13,BUY,124518,612.49,266454.23,76532484.05
4620,20,391,2026-07-13,SELL,18302,653.56,35483.43,11925971.69
4621,22,502,2026-07-13,BUY,50128,638.38,78053.42,32078766.06
4622,24,255,2026-07-13,DIVIDEND,0,0.00,0.00,1178030.23
4623,26,255,2026-07-13,DIVIDEND,0,0.00,0.00,7487946.09
4624,28,145,2026-07-13,SELL,12233,289.68,12275.35,3531380.09
4625,30,273,2026-07-13,BUY,24719,636.34,33206.05,15762894.51
4626,31,321,2026-07-13,SELL,312901,243.79,81317.53,76200817.26
4627,36,209,2026-07-13,BUY,2779,7596.52,40038.72,21150767.80
4628,43,255,2026-07-13,DIVIDEND,0,0.00,0.00,1756153.95
4629,43,360,2026-07-13,BUY,113047,387.03,82486.69,43835067.10
4630,45,82,2026-07-13,BUY,47226,1905.91,346643.06,90355148.72
4631,45,154,2026-07-13,DIVIDEND,0,0.00,0.00,1106911.88
4632,47,261,2026-07-13,BUY,45658,906.54,25004.64,41415807.96
4633,49,154,2026-07-13,DIVIDEND,0,0.00,0.00,1491497.61
4634,49,468,2026-07-13,BUY,213487,956.99,923433.71,205228357.84
4635,50,500,2026-07-13,BUY,319723,825.94,629178.60,264701193.22
4636,1,301,2026-07-14,DIVIDEND,0,0.00,0.00,560574.37
4637,2,209,2026-07-14,SELL,1488,7717.60,37588.41,11446200.39
4638,3,56,2026-07-14,SELL,125931,399.57,104774.43,50213475.24
4639,3,200,2026-07-14,DIVIDEND,0,0.00,0.00,2853008.53
4640,4,24,2026-07-14,DIVIDEND,0,0.00,0.00,332073.07
4641,4,166,2026-07-14,SELL,324546,204.64,188170.54,66226922.90
4642,5,301,2026-07-14,DIVIDEND,0,0.00,0.00,1294629.02
4643,5,430,2026-07-14,DIVIDEND,0,0.00,0.00,612107.78
4644,8,24,2026-07-14,DIVIDEND,0,0.00,0.00,79424.63
4645,8,86,2026-07-14,DIVIDEND,0,0.00,0.00,41695.39
4646,8,366,2026-07-14,DIVIDEND,0,0.00,0.00,74628.08
4647,9,222,2026-07-14,DIVIDEND,0,0.00,0.00,1055021.89
4648,9,366,2026-07-14,DIVIDEND,0,0.00,0.00,637236.16
4649,10,207,2026-07-14,BUY,5790,3587.22,68032.10,20838035.90
4650,11,301,2026-07-14,DIVIDEND,0,0.00,0.00,462318.84
4651,12,86,2026-07-14,DIVIDEND,0,0.00,0.00,106015.42
4652,14,301,2026-07-14,DIVIDEND,0,0.00,0.00,2549942.20
4653,15,366,2026-07-14,DIVIDEND,0,0.00,0.00,574763.34
4654,16,165,2026-07-14,SELL,18980,562.42,5442.81,10669288.79
4655,17,21,2026-07-14,DIVIDEND,0,0.00,0.00,23810566.99
4656,17,307,2026-07-14,SELL,246868,248.35,214200.48,61095467.32
4657,18,24,2026-07-14,DIVIDEND,0,0.00,0.00,1331456.58
4658,20,24,2026-07-14,DIVIDEND,0,0.00,0.00,695753.67
4659,23,446,2026-07-14,BUY,17134,681.58,27879.59,11706071.31
4660,24,412,2026-07-14,BUY,198477,348.11,122778.97,69214607.44
4661,26,343,2026-07-14,SELL,23996,1165.98,106276.27,27872579.81
4662,28,362,2026-07-14,BUY,5817,708.15,14269.44,4133577.99
4663,33,247,2026-07-14,BUY,478,926.31,255.61,443031.79
4664,33,430,2026-07-14,DIVIDEND,0,0.00,0.00,32287.50
4665,33,445,2026-07-14,DIVIDEND,0,0.00,0.00,21817.37
4666,34,511,2026-07-14,BUY,795159,107.75,185720.04,85864102.29
4667,35,366,2026-07-14,DIVIDEND,0,0.00,0.00,599304.93
4668,35,489,2026-07-14,SELL,76025,1404.88,112549.82,106693452.18
4669,36,237,2026-07-14,SELL,92943,327.32,57698.72,30364404.04
4670,36,445,2026-07-14,DIVIDEND,0,0.00,0.00,1473939.98
4671,37,172,2026-07-14,BUY,2226,2646.95,28895.13,5921005.83
4672,37,366,2026-07-14,DIVIDEND,0,0.00,0.00,309901.44
4673,42,10,2026-07-14,BUY,18123,918.42,9278.83,16653804.49
4674,43,33,2026-07-14,SELL,270521,416.39,212364.30,112429874.89
4675,44,86,2026-07-14,DIVIDEND,0,0.00,0.00,767125.14
4676,44,301,2026-07-14,DIVIDEND,0,0.00,0.00,3348455.75
4677,45,430,2026-07-14,DIVIDEND,0,0.00,0.00,1132777.11
4678,46,86,2026-07-14,DIVIDEND,0,0.00,0.00,397470.36
4679,46,301,2026-07-14,DIVIDEND,0,0.00,0.00,3255923.85
4680,47,202,2026-07-14,BUY,17334,4510.10,47228.24,78225301.64
4681,48,159,2026-07-14,BUY,152175,318.22,223718.99,48648847.49
4682,49,137,2026-07-14,BUY,89860,1302.71,529104.01,117590624.61
4683,50,513,2026-07-14,BUY,1359446,128.24,415371.82,174750726.86
4684,2,28,2026-07-15,DIVIDEND,0,0.00,0.00,541923.56
4685,3,111,2026-07-15,SELL,43105,405.62,36406.32,17447843.78
4686,3,138,2026-07-15,DIVIDEND,0,0.00,0.00,3417395.76
4687,3,286,2026-07-15,DIVIDEND,0,0.00,0.00,1730797.30
4688,6,254,2026-07-15,DIVIDEND,0,0.00,0.00,147237.42
4689,8,28,2026-07-15,BUY,1001,1391.89,3186.20,1396468.09
4690,8,28,2026-07-15,DIVIDEND,0,0.00,0.00,103224.23
4691,9,191,2026-07-15,DIVIDEND,0,0.00,0.00,3836135.78
4692,11,297,2026-07-15,DIVIDEND,0,0.00,0.00,523767.96
4693,14,411,2026-07-15,SELL,32455,2337.85,58857.85,75816063.90
4694,16,138,2026-07-15,DIVIDEND,0,0.00,0.00,2048308.41
4695,17,169,2026-07-15,SELL,97866,353.05,120714.53,34430876.77
4696,19,449,2026-07-15,BUY,37910,630.04,58735.53,23943551.93
4697,20,24,2026-07-15,SELL,32889,1152.03,112397.34,37776717.33
4698,23,254,2026-07-15,BUY,32503,747.76,58022.50,24362465.78
4699,23,254,2026-07-15,DIVIDEND,0,0.00,0.00,5055498.89
4700,24,230,2026-07-15,SELL,30889,933.65,51248.98,28788265.87
4701,26,260,2026-07-15,SELL,258384,421.74,413920.35,108556947.81
4702,28,138,2026-07-15,DIVIDEND,0,0.00,0.00,303980.20
4703,28,393,2026-07-15,BUY,22506,1347.28,105036.12,30426919.80
4704,31,75,2026-07-15,DIVIDEND,0,0.00,0.00,2033243.25
4705,32,28,2026-07-15,DIVIDEND,0,0.00,0.00,303856.21
4706,35,480,2026-07-15,SELL,1300,4881.18,6686.78,6338847.22
4707,37,504,2026-07-15,BUY,702390,23.51,80981.31,16594170.21
4708,42,254,2026-07-15,DIVIDEND,0,0.00,0.00,4738699.55
4709,45,176,2026-07-15,BUY,11417,2403.56,105683.19,27547127.71
4710,46,297,2026-07-15,DIVIDEND,0,0.00,0.00,919652.48
4711,46,489,2026-07-15,SELL,5680,1393.13,29597.90,7883380.50
4712,47,481,2026-07-15,BUY,9167,946.23,5240.11,8679330.52
4713,48,244,2026-07-15,BUY,157237,715.48,519737.82,113019666.58
4714,49,194,2026-07-15,BUY,173719,635.14,498704.95,110834590.61
4715,3,138,2026-07-16,SELL,210363,494.11,216432.66,103726029.27
4716,5,203,2026-07-16,DIVIDEND,0,0.00,0.00,11433395.15
4717,7,502,2026-07-16,BUY,104223,629.95,101720.49,65756999.34
4718,8,27,2026-07-16,DIVIDEND,0,0.00,0.00,61234.68
4719,8,189,2026-07-16,BUY,688,2174.05,3420.52,1499166.92
4720,14,203,2026-07-16,DIVIDEND,0,0.00,0.00,2499303.78
4721,15,473,2026-07-16,SELL,93242,627.18,212807.14,58266710.42
4722,16,87,2026-07-16,BUY,23765,2072.98,25118.81,49289488.51
4723,27,318,2026-07-16,DIVIDEND,0,0.00,0.00,21671.34
4724,28,306,2026-07-16,SELL,25303,1252.93,109819.97,31593067.82
4725,32,27,2026-07-16,DIVIDEND,0,0.00,0.00,515696.28
4726,32,259,2026-07-16,SELL,100058,756.94,289864.56,75448037.96
4727,33,247,2026-07-16,BUY,1024,929.34,549.38,952193.54
4728,37,27,2026-07-16,DIVIDEND,0,0.00,0.00,195291.05
4729,37,344,2026-07-16,BUY,3380,1669.31,27669.90,5669937.70
4730,39,117,2026-07-16,SELL,486343,178.06,56688.13,86541546.45
4731,41,169,2026-07-16,BUY,4735,347.20,4024.00,1648016.00
4732,43,27,2026-07-16,DIVIDEND,0,0.00,0.00,1932979.86
4733,43,387,2026-07-16,SELL,29342,718.72,39758.47,21048923.77
4734,46,503,2026-07-16,BUY,545432,45.47,92765.49,24893558.53
4735,47,116,2026-07-16,SELL,2949,2076.39,3699.14,6119574.97
4736,48,212,2026-07-16,BUY,167014,518.60,400145.06,87013605.46
4737,1,391,2026-07-17,BUY,19057,637.54,15553.68,12165153.46
4738,3,148,2026-07-17,BUY,285517,433.35,257632.45,123986424.40
4739,9,313,2026-07-17,DIVIDEND,0,0.00,0.00,1383013.03
4740,12,8,2026-07-17,BUY,1011,8013.08,38014.12,8139238.00
4741,17,368,2026-07-17,SELL,33806,779.23,92034.56,26250614.82
4742,18,326,2026-07-17,SELL,190936,274.91,131680.05,52358535.71
4743,21,41,2026-07-17,BUY,2468,866.61,10541.00,2149334.48
4744,28,138,2026-07-17,BUY,12752,491.00,21689.14,6282921.14
4745,31,352,2026-07-17,BUY,19771,2292.23,48311.24,45367990.57
4746,32,68,2026-07-17,BUY,27812,710.33,75609.13,19831307.09
4747,37,313,2026-07-17,DIVIDEND,0,0.00,0.00,158393.21
4748,39,342,2026-07-17,BUY,200816,125.80,16537.20,25279190.00
4749,42,9,2026-07-17,BUY,5903,2540.45,8359.98,15004636.33
4750,43,387,2026-07-17,BUY,7483,715.42,10092.93,5363580.79
4751,44,313,2026-07-17,DIVIDEND,0,0.00,0.00,2143187.64
4752,45,107,2026-07-17,BUY,90389,188.61,65656.73,17113926.02
4753,46,503,2026-07-17,BUY,566347,45.88,97191.19,26081191.55
4754,47,202,2026-07-17,BUY,2768,4367.84,7303.81,12097484.93
4755,48,137,2026-07-17,BUY,76379,1429.86,504544.60,109715821.54
4756,49,123,2026-07-17,BUY,113862,1438.67,740400.81,164550244.35
4757,50,506,2026-07-17,BUY,1350892,99.79,321187.93,135126700.61
4758,1,395,2026-07-20,BUY,2945,5598.82,21108.29,16509633.19
4759,2,519,2026-07-20,BUY,533087,13.85,24166.66,7407421.61
4760,3,251,2026-07-20,BUY,21200,1261.15,55671.43,26792051.43
4761,7,473,2026-07-20,DIVIDEND,0,0.00,0.00,1232409.99
4762,8,473,2026-07-20,DIVIDEND,0,0.00,0.00,273929.58
4763,10,519,2026-07-20,BUY,963101,13.77,43439.32,13305340.09
4764,11,519,2026-07-20,BUY,317453,13.75,14149.01,4379127.76
4765,12,306,2026-07-20,SELL,8719,1278.47,52306.00,11094673.93
4766,12,473,2026-07-20,DIVIDEND,0,0.00,0.00,965934.66
4767,15,473,2026-07-20,DIVIDEND,0,0.00,0.00,1116806.47
4768,17,120,2026-07-20,BUY,79169,538.66,148991.46,42794165.00
4769,18,100,2026-07-20,DIVIDEND,0,0.00,0.00,2552501.94
4770,24,166,2026-07-20,BUY,52367,201.39,18741.01,10564931.14
4771,25,522,2026-07-20,BUY,2138408,13.66,41160.38,29251813.66
4772,26,100,2026-07-20,DIVIDEND,0,0.00,0.00,1790233.50
4773,26,437,2026-07-20,SELL,80483,694.42,212291.57,55676713.29
4774,26,488,2026-07-20,DIVIDEND,0,0.00,0.00,1911170.23
4775,28,264,2026-07-20,BUY,3465,1388.83,16669.97,4828965.92
4776,32,27,2026-07-20,BUY,10012,711.98,27281.64,7155625.40
4777,33,178,2026-07-20,SELL,345,3331.25,663.47,1148617.78
4778,35,473,2026-07-20,DIVIDEND,0,0.00,0.00,2440613.57
4779,39,67,2026-07-20,BUY,40083,659.45,17303.15,26450037.50
4780,39,224,2026-07-20,DIVIDEND,0,0.00,0.00,4887856.81
4781,41,518,2026-07-20,SELL,432487,13.09,13857.07,5647397.76
4782,43,212,2026-07-20,BUY,11423,541.31,11657.53,6195041.66
4783,45,400,2026-07-20,SELL,24331,1121.84,105121.09,27190367.95
4784,46,100,2026-07-20,DIVIDEND,0,0.00,0.00,1064643.36
4785,46,516,2026-07-20,BUY,25608,1095.41,104923.61,28156182.89
4786,48,218,2026-07-20,BUY,62470,1011.76,291998.81,63496646.01
4787,49,100,2026-07-20,BUY,53780,1118.08,271781.92,60402124.32
4788,49,100,2026-07-20,DIVIDEND,0,0.00,0.00,475544.59
4789,50,503,2026-07-20,BUY,3248679,46.34,358685.97,150902470.83
4790,2,398,2026-07-21,BUY,9135,1640.22,49043.27,15032452.97
4791,4,371,2026-07-21,SELL,10639,3725.55,112299.04,39523827.41
4792,14,520,2026-07-21,BUY,2690793,28.02,58486.35,75454506.21
4793,17,251,2026-07-21,SELL,27761,1298.27,125919.10,35915354.37
4794,20,435,2026-07-21,DIVIDEND,0,0.00,0.00,1979922.92
4795,26,474,2026-07-21,DIVIDEND,0,0.00,0.00,3628893.39
4796,30,234,2026-07-21,DIVIDEND,0,0.00,0.00,1137090.02
4797,30,373,2026-07-21,DIVIDEND,0,0.00,0.00,1603173.34
4798,35,435,2026-07-21,DIVIDEND,0,0.00,0.00,1906090.66
4799,39,113,2026-07-21,SELL,297783,206.45,40243.70,61437056.65
4800,41,304,2026-07-21,BUY,250,6111.95,3740.06,1531727.56
4801,43,356,2026-07-21,DIVIDEND,0,0.00,0.00,1634078.85
4802,43,387,2026-07-21,BUY,23752,733.36,32839.58,17451606.30
4803,44,476,2026-07-21,BUY,8567,1764.80,51258.00,15170299.60
4804,47,31,2026-07-21,BUY,13180,1373.09,10932.80,18108259.00
4805,47,435,2026-07-21,DIVIDEND,0,0.00,0.00,815266.70
4806,48,435,2026-07-21,DIVIDEND,0,0.00,0.00,1812471.94
4807,49,185,2026-07-21,DIVIDEND,0,0.00,0.00,2870759.27
4808,3,354,2026-07-22,SELL,43587,527.25,47852.36,22933393.39
4809,5,203,2026-07-22,BUY,77751,495.14,183187.61,38680817.75
4810,7,502,2026-07-22,SELL,43554,641.75,43304.47,27907475.03
4811,10,60,2026-07-22,SELL,7149,2319.95,54325.19,16530997.36
4812,15,52,2026-07-22,BUY,5938,3122.57,67473.74,18609294.40
4813,17,102,2026-07-22,SELL,13079,1319.57,60297.38,17198358.65
4814,17,169,2026-07-22,DIVIDEND,0,0.00,0.00,407636.74
4815,18,210,2026-07-22,BUY,16306,1010.31,41327.94,16515442.80
4816,18,263,2026-07-22,DIVIDEND,0,0.00,0.00,1055762.88
4817,27,169,2026-07-22,DIVIDEND,0,0.00,0.00,153639.20
4818,27,169,2026-07-22,SELL,13141,360.60,4352.42,4734292.18
4819,30,146,2026-07-22,BUY,29700,531.74,33339.03,15826017.03
4820,32,276,2026-07-22,BUY,9358,4583.24,164148.72,43054108.64
4821,35,207,2026-07-22,BUY,9557,3574.22,35995.82,34194816.36
4822,36,209,2026-07-22,BUY,5512,7724.24,80749.89,42656760.77
4823,37,520,2026-07-22,BUY,552116,27.77,75189.99,15407451.31
4824,41,169,2026-07-22,DIVIDEND,0,0.00,0.00,121678.86
4825,47,31,2026-07-22,BUY,6875,1376.29,5716.10,9467709.85
4826,48,282,2026-07-22,BUY,277107,242.35,310257.72,67467139.17
4827,49,113,2026-07-22,BUY,782116,205.58,726739.77,161514147.05
4828,50,506,2026-07-22,BUY,236091,102.97,57921.75,24368212.02
4829,3,354,2026-07-23,SELL,174409,507.35,184249.52,88302156.63
4830,5,152,2026-07-23,DIVIDEND,0,0.00,0.00,13554306.24
4831,7,519,2026-07-23,BUY,1638739,13.89,35265.57,22797350.28
4832,9,26,2026-07-23,DIVIDEND,0,0.00,0.00,1371683.35
4833,11,152,2026-07-23,DIVIDEND,0,0.00,0.00,832987.38
4834,12,414,2026-07-23,BUY,755,8626.00,30559.81,6543189.81
4835,14,160,2026-07-23,BUY,11250,1547.06,13501.00,17417926.00
4836,17,251,2026-07-23,BUY,65053,1283.63,291741.80,83795724.19
4837,19,521,2026-07-23,BUY,3560669,29.90,261807.31,106725810.41
4838,21,516,2026-07-23,SELL,8783,1108.59,47987.33,9688758.64
4839,24,41,2026-07-23,BUY,37391,865.32,57496.46,32412676.58
4840,27,26,2026-07-23,DIVIDEND,0,0.00,0.00,767813.93
4841,28,78,2026-07-23,SELL,56424,632.05,123537.21,35539251.99
4842,29,26,2026-07-23,DIVIDEND,0,0.00,0.00,290288.32
4843,31,152,2026-07-23,DIVIDEND,0,0.00,0.00,5280244.96
4844,31,494,2026-07-23,DIVIDEND,0,0.00,0.00,5137248.12
4845,35,61,2026-07-23,BUY,11909,716.75,8994.81,8544770.56
4846,37,152,2026-07-23,DIVIDEND,0,0.00,0.00,1126539.13
4847,37,192,2026-07-23,SELL,4142,2593.49,52680.33,10689555.25
4848,42,111,2026-07-23,SELL,1090766,399.29,242796.09,435289160.05
4849,43,211,2026-07-23,SELL,398848,74.73,56193.05,29749717.99
4850,44,301,2026-07-23,BUY,5018,2467.26,41974.25,12422684.93
4851,48,273,2026-07-23,BUY,119509,640.02,353367.20,76841517.38
4852,49,382,2026-07-23,BUY,394148,155.84,277629.21,61701653.53
4853,1,492,2026-07-24,DIVIDEND,0,0.00,0.00,1980287.83
4854,2,414,2026-07-24,BUY,1153,8650.39,32646.28,10006545.95
4855,2,492,2026-07-24,DIVIDEND,0,0.00,0.00,2274801.13
4856,3,111,2026-07-24,SELL,26962,399.55,22431.23,10750235.87
4857,6,207,2026-07-24,DIVIDEND,0,0.00,0.00,155679.16
4858,6,495,2026-07-24,DIVIDEND,0,0.00,0.00,258746.46
4859,7,41,2026-07-24,DIVIDEND,0,0.00,0.00,1000493.24
4860,7,495,2026-07-24,DIVIDEND,0,0.00,0.00,2204449.86
4861,8,43,2026-07-24,DIVIDEND,0,0.00,0.00,89665.06
4862,10,207,2026-07-24,DIVIDEND,0,0.00,0.00,2501868.26
4863,11,399,2026-07-24,SELL,27485,396.55,35329.51,10863847.24
4864,11,492,2026-07-24,DIVIDEND,0,0.00,0.00,481133.85
4865,11,495,2026-07-24,DIVIDEND,0,0.00,0.00,638372.68
4866,12,492,2026-07-24,DIVIDEND,0,0.00,0.00,235111.78
4867,15,43,2026-07-24,DIVIDEND,0,0.00,0.00,908103.28
4868,15,397,2026-07-24,BUY,26593,629.86,60952.82,16810819.80
4869,16,207,2026-07-24,DIVIDEND,0,0.00,0.00,1490197.13
4870,17,102,2026-07-24,SELL,71864,1305.13,327685.06,93464177.26
4871,20,207,2026-07-24,DIVIDEND,0,0.00,0.00,1202886.81
4872,21,41,2026-07-24,DIVIDEND,0,0.00,0.00,60797.35
4873,23,520,2026-07-24,SELL,2655899,27.70,175631.37,73392770.93
4874,24,41,2026-07-24,DIVIDEND,0,0.00,0.00,996260.23
4875,26,368,2026-07-24,BUY,54992,740.53,154685.12,40877910.88
4876,27,169,2026-07-24,BUY,15468,360.52,5122.00,5581645.36
4877,27,492,2026-07-24,DIVIDEND,0,0.00,0.00,127200.55
4878,28,443,2026-07-24,BUY,62543,178.90,38758.91,11227701.61
4879,31,321,2026-07-24,SELL,348541,246.10,91438.02,85684502.08
4880,32,259,2026-07-24,DIVIDEND,0,0.00,0.00,2524287.60
4881,33,492,2026-07-24,DIVIDEND,0,0.00,0.00,14910.43
4882,35,207,2026-07-24,DIVIDEND,0,0.00,0.00,5462011.56
4883,37,492,2026-07-24,DIVIDEND,0,0.00,0.00,779360.90
4884,37,492,2026-07-24,SELL,17541,727.90,62615.22,12705478.68
4885,39,67,2026-07-24,SELL,16392,683.49,7334.11,11196433.97
4886,41,500,2026-07-24,BUY,4383,817.87,8774.34,3593498.55
4887,42,9,2026-07-24,SELL,5429,2504.64,7580.31,13590110.25
4888,43,33,2026-07-24,BUY,58061,411.34,45026.24,23927837.98
4889,45,43,2026-07-24,DIVIDEND,0,0.00,0.00,883115.69
4890,45,207,2026-07-24,DIVIDEND,0,0.00,0.00,3199065.54
4891,45,437,2026-07-24,SELL,88794,703.56,240593.41,62231313.23
4892,46,41,2026-07-24,DIVIDEND,0,0.00,0.00,294023.38
4893,46,86,2026-07-24,SELL,23042,1394.26,120166.89,32006372.03
4894,46,207,2026-07-24,DIVIDEND,0,0.00,0.00,1756185.53
4895,47,207,2026-07-24,DIVIDEND,0,0.00,0.00,957538.79
4896,47,492,2026-07-24,DIVIDEND,0,0.00,0.00,1650484.67
4897,48,257,2026-07-24,BUY,50771,822.87,193009.65,41970942.42
4898,49,204,2026-07-24,BUY,362797,615.20,1008804.26,224201518.66
4899,50,506,2026-07-24,BUY,378948,101.04,91227.24,38380133.16
4900,1,391,2026-07-27,DIVIDEND,0,0.00,0.00,1972189.55
4901,3,186,2026-07-27,BUY,137158,328.93,93940.84,45209321.78
4902,4,391,2026-07-27,DIVIDEND,0,0.00,0.00,1006495.91
4903,5,391,2026-07-27,DIVIDEND,0,0.00,0.00,1588720.51
4904,9,13,2026-07-27,DIVIDEND,0,0.00,0.00,4296714.75
4905,11,391,2026-07-27,DIVIDEND,0,0.00,0.00,216930.02
4906,12,391,2026-07-27,DIVIDEND,0,0.00,0.00,500927.67
4907,15,52,2026-07-27,BUY,2381,3054.60,26466.48,7299469.08
4908,15,391,2026-07-27,DIVIDEND,0,0.00,0.00,1600569.35
4909,16,320,2026-07-27,BUY,34473,1615.22,28390.75,55709869.81
4910,16,391,2026-07-27,DIVIDEND,0,0.00,0.00,5354377.42
4911,17,169,2026-07-27,SELL,101450,362.41,128452.84,36638041.66
4912,18,514,2026-07-27,BUY,449583,86.63,97705.68,39045080.97
4913,20,391,2026-07-27,DIVIDEND,0,0.00,0.00,960999.58
4914,23,323,2026-07-27,BUY,22381,1482.93,79233.88,33268690.21
4915,24,329,2026-07-27,SELL,135936,687.42,166055.77,93279069.35
4916,28,51,2026-07-27,SELL,2731,2389.70,22607.24,6503663.46
4917,28,264,2026-07-27,DIVIDEND,0,0.00,0.00,1017836.45
4918,33,264,2026-07-27,DIVIDEND,0,0.00,0.00,37510.08
4919,37,13,2026-07-27,DIVIDEND,0,0.00,0.00,473316.95
4920,37,391,2026-07-27,DIVIDEND,0,0.00,0.00,368544.32
4921,39,224,2026-07-27,SELL,66205,1512.01,65528.25,100037093.80
4922,41,515,2026-07-27,BUY,88923,81.90,17826.12,7300619.82
4923,42,111,2026-07-27,BUY,1067785,402.01,239299.80,429499547.65
4924,43,171,2026-07-27,SELL,23165,1601.22,69930.00,37022331.30
4925,46,192,2026-07-27,BUY,11248,2644.54,111261.86,29857047.78
4926,48,221,2026-07-27,SELL,224352,391.94,406238.99,87526283.89
4927,48,282,2026-07-27,DIVIDEND,0,0.00,0.00,921694.07
4928,2,509,2026-07-28,BUY,141492,119.44,55315.96,16955120.44
4929,3,48,2026-07-28,SELL,48991,890.94,90885.49,43557156.05
4930,3,56,2026-07-28,DIVIDEND,0,0.00,0.00,671430.56
4931,4,518,2026-07-28,SELL,4494105,13.12,167055.93,58795601.67
4932,5,165,2026-07-28,DIVIDEND,0,0.00,0.00,1415881.89
4933,5,321,2026-07-28,DIVIDEND,0,0.00,0.00,2702894.33
4934,6,37,2026-07-28,SELL,1110,599.94,1285.50,664647.90
4935,6,321,2026-07-28,DIVIDEND,0,0.00,0.00,74159.32
4936,7,495,2026-07-28,SELL,49375,788.73,60335.69,38883208.06
4937,8,480,2026-07-28,DIVIDEND,0,0.00,0.00,221412.79
4938,10,262,2026-07-28,SELL,12063,1348.67,53289.09,16215717.12
4939,10,480,2026-07-28,DIVIDEND,0,0.00,0.00,982541.13
4940,16,165,2026-07-28,DIVIDEND,0,0.00,0.00,581390.35
4941,16,386,2026-07-28,DIVIDEND,0,0.00,0.00,1224764.40
4942,16,480,2026-07-28,DIVIDEND,0,0.00,0.00,1509034.87
4943,17,413,2026-07-28,SELL,196578,990.50,680269.29,194030239.71
4944,18,92,2026-07-28,SELL,57774,1272.22,184389.55,73316848.73
4945,21,522,2026-07-28,SELL,442022,13.66,29758.25,6008262.27
4946,23,480,2026-07-28,DIVIDEND,0,0.00,0.00,5637316.64
4947,24,198,2026-07-28,DIVIDEND,0,0.00,0.00,911234.64
4948,24,230,2026-07-28,BUY,8949,972.11,15459.21,8714871.60
4949,27,10,2026-07-28,DIVIDEND,0,0.00,0.00,498818.22
4950,28,138,2026-07-28,SELL,13346,520.67,24071.11,6924790.71
4951,28,422,2026-07-28,DIVIDEND,0,0.00,0.00,1942838.87
4952,28,443,2026-07-28,DIVIDEND,0,0.00,0.00,466287.11
4953,30,198,2026-07-28,DIVIDEND,0,0.00,0.00,2474236.72
4954,30,480,2026-07-28,DIVIDEND,0,0.00,0.00,609322.41
4955,31,10,2026-07-28,DIVIDEND,0,0.00,0.00,3078679.52
4956,31,321,2026-07-28,DIVIDEND,0,0.00,0.00,3356943.89
4957,32,480,2026-07-28,DIVIDEND,0,0.00,0.00,913843.70
4958,33,480,2026-07-28,DIVIDEND,0,0.00,0.00,22665.95
4959,35,366,2026-07-28,BUY,28487,667.62,20041.27,19038532.21
4960,35,480,2026-07-28,DIVIDEND,0,0.00,0.00,414772.97
4961,39,113,2026-07-28,BUY,449123,205.95,60549.45,92557431.30
4962,41,515,2026-07-28,BUY,73163,81.75,14639.90,5995715.15
4963,42,10,2026-07-28,DIVIDEND,0,0.00,0.00,4211643.32
4964,42,165,2026-07-28,DIVIDEND,0,0.00,0.00,1572678.59
4965,42,480,2026-07-28,DIVIDEND,0,0.00,0.00,998631.16
4966,43,255,2026-07-28,SELL,145763,459.41,126249.01,66838730.82
4967,45,430,2026-07-28,BUY,70929,386.95,105700.65,27551677.20
4968,46,243,2026-07-28,DIVIDEND,0,0.00,0.00,954067.55
4969,47,10,2026-07-28,DIVIDEND,0,0.00,0.00,841135.09
4970,48,221,2026-07-28,BUY,225548,407.26,424368.18,92281046.66
4971,49,410,2026-07-28,BUY,748093,138.89,469627.44,104372264.21
4972,2,136,2026-07-29,BUY,436,13302.21,18983.62,5818747.18
4973,5,136,2026-07-29,BUY,1660,13155.50,103914.84,21942044.84
4974,6,31,2026-07-29,DIVIDEND,0,0.00,0.00,146244.14
4975,7,513,2026-07-29,SELL,525828,114.05,92913.28,59877770.12
4976,11,31,2026-07-29,DIVIDEND,0,0.00,0.00,342303.41
4977,12,31,2026-07-29,DIVIDEND,0,0.00,0.00,1160349.22
4978,15,31,2026-07-29,DIVIDEND,0,0.00,0.00,9797498.18
4979,15,344,2026-07-29,DIVIDEND,0,0.00,0.00,979166.21
4980,15,397,2026-07-29,SELL,9536,657.97,22832.57,6251569.35
4981,16,87,2026-07-29,DIVIDEND,0,0.00,0.00,7998262.43
4982,17,485,2026-07-29,SELL,727184,484.37,1230589.00,350995525.08
4983,20,241,2026-07-29,BUY,11647,2937.46,101491.02,34314087.64
4984,20,344,2026-07-29,DIVIDEND,0,0.00,0.00,529408.84
4985,23,87,2026-07-29,DIVIDEND,0,0.00,0.00,1163212.48
4986,24,198,2026-07-29,BUY,111993,119.66,23814.27,13424896.65
4987,28,362,2026-07-29,SELL,16509,748.54,42807.34,12314839.52
4988,30,104,2026-07-29,SELL,19494,925.94,38104.91,18012169.45
4989,31,71,2026-07-29,BUY,11754,3850.90,48251.33,45311729.93
4990,35,87,2026-07-29,DIVIDEND,0,0.00,0.00,6642021.68
4991,36,325,2026-07-29,BUY,53283,242.06,24461.81,12922144.79
4992,37,344,2026-07-29,DIVIDEND,0,0.00,0.00,173901.75
4993,37,516,2026-07-29,SELL,9123,1112.70,49781.68,10101380.42
4994,42,103,2026-07-29,BUY,42291,458.03,10798.50,19381345.23
4995,43,130,2026-07-29,SELL,512769,148.96,144003.04,76238067.20
4996,45,43,2026-07-29,SELL,26164,1862.92,187714.28,48553724.60
4997,45,81,2026-07-29,DIVIDEND,0,0.00,0.00,2513658.08
4998,45,184,2026-07-29,DIVIDEND,0,0.00,0.00,3092432.11
4999,46,100,2026-07-29,BUY,18528,1145.75,79403.43,21307859.43
5000,47,31,2026-07-29,DIVIDEND,0,0.00,0.00,2624039.86
5001,47,87,2026-07-29,DIVIDEND,0,0.00,0.00,1042576.81
5002,48,274,2026-07-29,BUY,40895,320.69,60588.15,13175205.70
5003,49,261,2026-07-29,BUY,98063,958.63,424896.43,94431030.12
5004,1,391,2026-07-30,BUY,25395,612.19,19902.41,15566467.46
5005,1,492,2026-07-30,DIVIDEND,0,0.00,0.00,2104630.17
5006,2,492,2026-07-30,DIVIDEND,0,0.00,0.00,2417635.96
5007,11,492,2026-07-30,DIVIDEND,0,0.00,0.00,511344.26
5008,12,492,2026-07-30,DIVIDEND,0,0.00,0.00,249874.45
5009,13,519,2026-07-30,BUY,2969654,13.93,56643.72,41423923.94
5010,17,316,2026-07-30,SELL,594160,167.80,348326.76,99351721.24
5011,19,516,2026-07-30,BUY,57120,1103.66,155025.26,63196084.46
5012,24,255,2026-07-30,SELL,18419,455.30,14902.56,8371268.14
5013,26,491,2026-07-30,DIVIDEND,0,0.00,0.00,4524081.30
5014,27,492,2026-07-30,DIVIDEND,0,0.00,0.00,135187.48
5015,33,264,2026-07-30,BUY,245,1509.89,213.55,370136.60
5016,33,492,2026-07-30,DIVIDEND,0,0.00,0.00,15846.65
5017,37,27,2026-07-30,BUY,10017,743.79,36537.75,7487082.18
5018,37,492,2026-07-30,DIVIDEND,0,0.00,0.00,828296.99
5019,40,514,2026-07-30,BUY,476514,83.64,98710.21,39954341.17
5020,41,23,2026-07-30,BUY,380,1952.47,1816.05,743754.65
5021,43,255,2026-07-30,BUY,138591,449.40,117421.69,62400217.09
5022,45,38,2026-07-30,BUY,13556,346.26,18077.27,4711977.83
5023,46,472,2026-07-30,DIVIDEND,0,0.00,0.00,1701881.97
5024,47,492,2026-07-30,DIVIDEND,0,0.00,0.00,1754118.65
5025,49,269,2026-07-30,BUY,383532,221.61,384165.05,85378691.57
5026,2,374,2026-07-31,SELL,314728,145.25,149630.55,45564611.45
5027,5,9,2026-07-31,SELL,6684,2773.72,88218.80,18451325.68
5028,7,116,2026-07-31,DIVIDEND,0,0.00,0.00,2032326.80
5029,16,9,2026-07-31,SELL,6901,2735.44,9625.10,18867646.34
5030,17,169,2026-07-31,SELL,24948,351.49,30636.57,8738335.95
5031,18,8,2026-07-31,BUY,3695,8110.49,75180.15,30043440.70
5032,20,116,2026-07-31,DIVIDEND,0,0.00,0.00,422133.30
5033,20,344,2026-07-31,BUY,7596,1628.14,36687.51,12404038.95
5034,22,522,2026-07-31,BUY,3344487,13.65,111351.08,45763598.63
5035,23,487,2026-07-31,SELL,35786,1514.10,129353.59,54054229.01
5036,24,446,2026-07-31,SELL,66684,667.37,79083.46,44423817.62
5037,27,146,2026-07-31,DIVIDEND,0,0.00,0.00,1263177.47
5038,27,325,2026-07-31,BUY,14867,241.04,3291.46,3586833.14
5039,30,146,2026-07-31,DIVIDEND,0,0.00,0.00,639947.90
5040,30,221,2026-07-31,BUY,57524,403.52,49001.72,23261086.20
5041,31,19,2026-07-31,DIVIDEND,0,0.00,0.00,1114257.59
5042,31,494,2026-07-31,BUY,24341,1474.99,38272.68,35941004.27
5043,32,423,2026-07-31,BUY,30305,510.02,59153.89,15515309.99
5044,35,487,2026-07-31,SELL,14471,1506.32,22970.21,21774986.51
5045,37,27,2026-07-31,BUY,10438,749.60,38370.79,7862695.59
5046,39,218,2026-07-31,BUY,274736,1075.22,193373.08,295595015.00
5047,42,122,2026-07-31,DIVIDEND,0,0.00,0.00,217567.99
5048,43,33,2026-07-31,SELL,83487,443.41,69791.83,36949178.84
5049,44,194,2026-07-31,BUY,63217,594.90,127501.48,37735294.78
5050,45,82,2026-07-31,BUY,6316,1913.26,46538.79,12130688.95
5051,47,116,2026-07-31,DIVIDEND,0,0.00,0.00,213468.28
5052,48,244,2026-07-31,BUY,23066,723.51,77099.03,16765580.69
5053,49,96,2026-07-31,BUY,220810,568.07,566953.56,126002490.26
5054,3,286,2026-08-03,SELL,36852,565.19,43369.59,20785012.29
5055,4,516,2026-08-03,SELL,18647,1108.38,58557.50,20609404.36
5056,6,241,2026-08-03,BUY,196,2870.26,1085.97,563656.93
5057,8,5,2026-08-03,DIVIDEND,0,0.00,0.00,436403.21
5058,12,5,2026-08-03,DIVIDEND,0,0.00,0.00,761492.30
5059,12,397,2026-08-03,DIVIDEND,0,0.00,0.00,381454.41
5060,15,397,2026-08-03,DIVIDEND,0,0.00,0.00,239730.84
5061,17,226,2026-08-03,BUY,17627,1248.26,76873.20,22079952.22
5062,19,397,2026-08-03,DIVIDEND,0,0.00,0.00,2193004.00
5063,23,480,2026-08-03,SELL,37277,4892.33,435378.98,181936006.43
5064,24,198,2026-08-03,SELL,152026,116.31,31421.89,17650722.17
5065,26,342,2026-08-03,BUY,245541,113.52,105877.28,27979691.60
5066,26,406,2026-08-03,DIVIDEND,0,0.00,0.00,5874505.97
5067,28,289,2026-08-03,DIVIDEND,0,0.00,0.00,227677.44
5068,31,5,2026-08-03,DIVIDEND,0,0.00,0.00,2401380.20
5069,32,189,2026-08-03,BUY,11200,2074.49,88922.41,23323210.41
5070,33,5,2026-08-03,DIVIDEND,0,0.00,0.00,75990.50
5071,33,397,2026-08-03,DIVIDEND,0,0.00,0.00,14815.33
5072,35,61,2026-08-03,BUY,34447,731.91,26567.96,25238671.73
5073,35,397,2026-08-03,DIVIDEND,0,0.00,0.00,296671.48
5074,36,209,2026-08-03,BUY,3014,7220.06,41272.52,21802533.36
5075,39,117,2026-08-03,BUY,615907,165.35,66665.70,101906888.15
5076,42,5,2026-08-03,DIVIDEND,0,0.00,0.00,1870184.49
5077,42,289,2026-08-03,DIVIDEND,0,0.00,0.00,2654564.07
5078,43,171,2026-08-03,BUY,37497,1638.75,115848.24,61564056.99
5079,47,397,2026-08-03,DIVIDEND,0,0.00,0.00,341811.29
5080,48,273,2026-08-03,BUY,20875,632.22,60971.49,13258563.99
5081,2,414,2026-08-04,BUY,1125,8456.43,31139.26,9544623.01
5082,3,354,2026-08-04,BUY,242046,475.16,239479.08,115250056.44
5083,7,97,2026-08-04,BUY,25432,714.66,28159.10,18203392.22
5084,11,103,2026-08-04,DIVIDEND,0,0.00,0.00,105272.69
5085,12,219,2026-08-04,DIVIDEND,0,0.00,0.00,60232.23
5086,12,306,2026-08-04,DIVIDEND,0,0.00,0.00,112680.51
5087,13,520,2026-08-04,BUY,506006,28.08,19455.73,14228104.21
5088,14,17,2026-08-04,BUY,24176,758.73,14229.11,18357285.59
5089,14,103,2026-08-04,DIVIDEND,0,0.00,0.00,1529202.31
5090,17,120,2026-08-04,BUY,73877,491.28,126803.08,36421095.64
5091,17,368,2026-08-04,DIVIDEND,0,0.00,0.00,712916.57
5092,18,517,2026-08-04,BUY,1429827,26.22,94049.79,37584113.73
5093,21,516,2026-08-04,BUY,7169,1106.68,39101.50,7972890.42
5094,22,503,2026-08-04,BUY,1424849,47.42,164802.07,67731141.65
5095,23,103,2026-08-04,DIVIDEND,0,0.00,0.00,2863650.15
5096,26,368,2026-08-04,DIVIDEND,0,0.00,0.00,1552236.37
5097,28,51,2026-08-04,SELL,4069,2405.66,33908.18,9754722.36
5098,28,103,2026-08-04,DIVIDEND,0,0.00,0.00,478009.55
5099,28,306,2026-08-04,DIVIDEND,0,0.00,0.00,260483.05
5100,33,489,2026-08-04,BUY,842,1393.02,677.12,1173599.96
5101,36,445,2026-08-04,BUY,15901,2148.51,64794.59,34228252.10
5102,37,504,2026-08-04,BUY,902573,22.79,100874.29,20670512.96
5103,41,520,2026-08-04,BUY,98941,28.22,6834.27,2798949.29
5104,42,103,2026-08-04,DIVIDEND,0,0.00,0.00,1821710.76
5105,43,356,2026-08-04,BUY,72598,450.84,61705.99,32791788.31
5106,45,437,2026-08-04,BUY,77117,735.59,218466.53,56944960.56
5107,46,189,2026-08-04,SELL,5547,2115.28,43888.11,11689570.05
5108,49,185,2026-08-04,BUY,19981,999.12,90232.25,20053648.97
5109,3,148,2026-08-05,DIVIDEND,0,0.00,0.00,1829850.87
5110,3,388,2026-08-05,SELL,68194,1047.94,148803.24,71314417.12
5111,4,399,2026-08-05,BUY,223849,364.28,231033.70,81774747.42
5112,6,207,2026-08-05,SELL,264,3310.04,1686.86,872163.70
5113,7,23,2026-08-05,DIVIDEND,0,0.00,0.00,1645156.27
5114,9,330,2026-08-05,DIVIDEND,0,0.00,0.00,907959.52
5115,17,316,2026-08-05,DIVIDEND,0,0.00,0.00,427785.32
5116,18,506,2026-08-05,BUY,227722,104.06,59447.07,23756198.39
5117,24,446,2026-08-05,BUY,98486,674.29,118009.92,66526134.86
5118,28,172,2026-08-05,BUY,4040,3107.68,43491.07,12598518.27
5119,28,426,2026-08-05,DIVIDEND,0,0.00,0.00,1755558.57
5120,32,137,2026-08-05,DIVIDEND,0,0.00,0.00,385186.42
5121,32,276,2026-08-05,SELL,16216,4552.97,282566.30,73548395.22
5122,33,137,2026-08-05,DIVIDEND,0,0.00,0.00,9188.99
5123,33,489,2026-08-05,SELL,1947,1361.41,1530.21,2649135.06
5124,36,148,2026-08-05,DIVIDEND,0,0.00,0.00,1382905.06
5125,39,117,2026-08-05,BUY,182603,156.06,18654.46,28515678.64
5126,41,23,2026-08-05,DIVIDEND,0,0.00,0.00,58949.61
5127,41,520,2026-08-05,SELL,98965,28.56,6918.29,2819522.11
5128,42,103,2026-08-05,BUY,46574,421.67,10948.08,19649806.66
5129,43,218,2026-08-05,SELL,20079,1013.56,38368.23,20312903.01
5130,45,38,2026-08-05,BUY,16775,321.65,20779.98,5416458.73
5131,46,509,2026-08-05,BUY,290259,113.27,122976.31,33000613.24
5132,48,137,2026-08-05,DIVIDEND,0,0.00,0.00,667153.92
5133,48,414,2026-08-05,BUY,3835,8479.05,150225.84,32667382.59
5134,49,137,2026-08-05,DIVIDEND,0,0.00,0.00,784907.52
5135,49,339,2026-08-05,BUY,14555,924.29,60806.13,13513847.08
5136,1,519,2026-08-06,BUY,2331362,13.96,41664.51,32587478.03
5137,2,209,2026-08-06,BUY,977,6938.83,22189.60,6801426.51
5138,3,180,2026-08-06,BUY,803022,148.82,248839.05,119754573.09
5139,4,50,2026-08-06,BUY,6771,1721.93,33033.39,11692221.42
5140,4,61,2026-08-06,DIVIDEND,0,0.00,0.00,640124.34
5141,5,447,2026-08-06,DIVIDEND,0,0.00,0.00,2751809.05
5142,7,51,2026-08-06,SELL,61600,2335.98,222940.33,143673427.67
5143,7,369,2026-08-06,DIVIDEND,0,0.00,0.00,3992108.59
5144,8,61,2026-08-06,DIVIDEND,0,0.00,0.00,119545.05
5145,8,447,2026-08-06,DIVIDEND,0,0.00,0.00,288807.01
5146,11,447,2026-08-06,DIVIDEND,0,0.00,0.00,601653.58
5147,12,369,2026-08-06,DIVIDEND,0,0.00,0.00,433410.58
5148,12,447,2026-08-06,DIVIDEND,0,0.00,0.00,753091.70
5149,13,447,2026-08-06,DIVIDEND,0,0.00,0.00,637712.91
5150,14,447,2026-08-06,DIVIDEND,0,0.00,0.00,3348311.30
5151,18,61,2026-08-06,DIVIDEND,0,0.00,0.00,3741191.92
5152,23,487,2026-08-06,SELL,54881,1450.90,190094.81,79436748.09
5153,24,423,2026-08-06,SELL,51620,507.34,46538.72,26142352.08
5154,25,518,2026-08-06,BUY,2343458,12.97,42828.73,30437478.99
5155,27,201,2026-08-06,BUY,4624,1928.55,8190.77,8925805.97
5156,28,306,2026-08-06,BUY,20121,1365.98,95208.64,27580092.22
5157,30,93,2026-08-06,SELL,17983,645.20,24493.66,11578137.94
5158,35,61,2026-08-06,DIVIDEND,0,0.00,0.00,1504686.68
5159,36,502,2026-08-06,BUY,24884,628.40,29657.42,15666763.02
5160,37,176,2026-08-06,SELL,1575,2439.72,18844.06,3823714.94
5161,38,522,2026-08-06,BUY,2327258,13.62,116622.60,31813876.56
5162,41,169,2026-08-06,BUY,12390,336.95,10218.70,4185029.20
5163,43,425,2026-08-06,SELL,28060,1291.25,68309.05,36164165.95
5164,45,129,2026-08-06,DIVIDEND,0,0.00,0.00,461666.74
5165,47,61,2026-08-06,DIVIDEND,0,0.00,0.00,844475.04
5166,1,521,2026-08-07,BUY,736807,29.98,28278.51,22117752.37
5167,3,111,2026-08-07,DIVIDEND,0,0.00,0.00,1412002.75
5168,4,119,2026-08-07,DIVIDEND,0,0.00,0.00,1094206.26
5169,5,111,2026-08-07,DIVIDEND,0,0.00,0.00,1889643.70
5170,6,442,2026-08-07,DIVIDEND,0,0.00,0.00,25554.34
5171,10,111,2026-08-07,DIVIDEND,0,0.00,0.00,651632.64
5172,10,442,2026-08-07,DIVIDEND,0,0.00,0.00,744709.37
5173,12,492,2026-08-07,BUY,8177,745.18,28592.33,6121929.19
5174,17,78,2026-08-07,SELL,104855,547.61,200609.73,57219036.82
5175,18,517,2026-08-07,BUY,1783756,26.34,117867.17,47102000.21
5176,24,432,2026-08-07,DIVIDEND,0,0.00,0.00,984474.15
5177,27,448,2026-08-07,SELL,22083,195.44,3964.13,4311937.39
5178,28,51,2026-08-07,SELL,3538,2356.14,28876.29,8307147.03
5179,30,323,2026-08-07,BUY,7892,1518.36,25296.42,12008193.54
5180,31,442,2026-08-07,DIVIDEND,0,0.00,0.00,4962823.78
5181,32,480,2026-08-07,SELL,4666,4892.47,87368.47,22740896.55
5182,33,397,2026-08-07,SELL,1679,610.25,591.50,1024018.25
5183,35,220,2026-08-07,BUY,98075,257.06,26566.97,25237726.47
5184,37,519,2026-08-07,SELL,829036,13.70,55699.05,11302094.15
5185,40,509,2026-08-07,SELL,1335944,110.68,366209.67,147496072.25
5186,42,111,2026-08-07,DIVIDEND,0,0.00,0.00,10443267.10
5187,42,442,2026-08-07,DIVIDEND,0,0.00,0.00,3908501.26
5188,43,212,2026-08-07,BUY,26416,472.63,23537.95,12508532.03
5189,43,387,2026-08-07,DIVIDEND,0,0.00,0.00,766582.42
5190,45,82,2026-08-07,SELL,23750,1939.55,177404.06,45886908.44
5191,47,119,2026-08-07,DIVIDEND,0,0.00,0.00,373589.67
5192,48,257,2026-08-07,BUY,17391,839.32,67434.82,14664048.94
5193,48,294,2026-08-07,DIVIDEND,0,0.00,0.00,666896.28
5194,49,94,2026-08-07,SELL,102330,1962.06,907490.63,199870109.17
5195,3,138,2026-08-10,BUY,198250,532.36,219759.88,105760129.88
5196,3,425,2026-08-10,DIVIDEND,0,0.00,0.00,2983548.75
5197,4,131,2026-08-10,DIVIDEND,0,0.00,0.00,274024.77
5198,5,1,2026-08-10,DIVIDEND,0,0.00,0.00,1721776.99
5199,5,131,2026-08-10,DIVIDEND,0,0.00,0.00,673698.87
5200,5,152,2026-08-10,BUY,12584,3525.15,211085.51,44571573.11
5201,7,463,2026-08-10,BUY,13996,2404.81,52146.30,33709867.06
5202,9,1,2026-08-10,DIVIDEND,0,0.00,0.00,4288279.88
5203,17,169,2026-08-10,SELL,21092,339.73,25034.74,7140550.42
5204,18,210,2026-08-10,SELL,13383,956.26,32104.88,12765522.70
5205,26,131,2026-08-10,DIVIDEND,0,0.00,0.00,1999311.92
5206,27,131,2026-08-10,DIVIDEND,0,0.00,0.00,242338.62
5207,31,1,2026-08-10,DIVIDEND,0,0.00,0.00,3257730.75
5208,32,28,2026-08-10,BUY,6255,1427.84,34181.31,8965320.51
5209,33,38,2026-08-10,BUY,754,327.72,142.65,247243.53
5210,36,171,2026-08-10,SELL,11536,1663.95,36405.96,19158921.24
5211,37,520,2026-08-10,BUY,259764,28.06,35745.42,7324723.26
5212,39,360,2026-08-10,SELL,26680,327.31,5716.47,8726914.33
5213,43,425,2026-08-10,BUY,21313,1346.33,54097.39,28748428.68
5214,43,425,2026-08-10,DIVIDEND,0,0.00,0.00,1783835.62
5215,47,384,2026-08-10,BUY,9956,540.42,3250.37,5383671.89
5216,48,1,2026-08-10,DIVIDEND,0,0.00,0.00,1802496.70
5217,48,137,2026-08-10,BUY,19862,1439.50,132089.02,28723438.02
5218,49,113,2026-08-10,SELL,387233,216.66,379208.44,83518693.34
5219,3,200,2026-08-11,BUY,147580,507.12,155836.09,74996605.69
5220,7,337,2026-08-11,DIVIDEND,0,0.00,0.00,291151.82
5221,10,262,2026-08-11,BUY,9725,1344.08,42814.61,13113992.61
5222,20,476,2026-08-11,SELL,14576,1707.53,73832.62,24815124.66
5223,24,172,2026-08-11,BUY,3960,3128.76,22017.34,12411906.94
5224,26,131,2026-08-11,BUY,234624,186.82,166495.37,43998951.05
5225,33,519,2026-08-11,BUY,17003,13.89,136.34,236308.01
5226,34,504,2026-08-11,SELL,4665449,22.56,228149.78,105024379.66
5227,35,337,2026-08-11,DIVIDEND,0,0.00,0.00,88446.07
5228,36,73,2026-08-11,DIVIDEND,0,0.00,0.00,907930.22
5229,36,522,2026-08-11,SELL,2091607,13.88,55061.31,28976443.85
5230,39,360,2026-08-11,SELL,50184,327.71,10765.60,16435033.04
5231,41,64,2026-08-11,BUY,13979,293.46,10041.16,4112318.50
5232,43,387,2026-08-11,BUY,16610,769.51,24097.06,12805658.16
5233,47,337,2026-08-11,DIVIDEND,0,0.00,0.00,257651.24
5234,48,1,2026-08-11,BUY,117481,164.80,89445.17,19450313.97
5235,49,123,2026-08-11,SELL,36761,1508.42,250631.98,55200395.64
5236,1,521,2026-08-12,SELL,466281,29.83,17806.24,13891355.99
5237,2,9,2026-08-12,DIVIDEND,0,0.00,0.00,1635969.98
5238,3,56,2026-08-12,BUY,86431,352.26,63396.12,30509580.18
5239,4,20,2026-08-12,DIVIDEND,0,0.00,0.00,278073.41
5240,5,9,2026-08-12,DIVIDEND,0,0.00,0.00,496182.17
5241,6,9,2026-08-12,DIVIDEND,0,0.00,0.00,72468.55
5242,7,512,2026-08-12,BUY,529548,80.67,66184.49,42784821.65
5243,8,61,2026-08-12,SELL,7698,697.70,12282.33,5358612.27
5244,12,9,2026-08-12,DIVIDEND,0,0.00,0.00,558705.25
5245,12,375,2026-08-12,DIVIDEND,0,0.00,0.00,411823.41
5246,16,9,2026-08-12,DIVIDEND,0,0.00,0.00,1609165.71
5247,17,21,2026-08-12,SELL,936659,197.57,646537.90,184409180.73
5248,18,500,2026-08-12,SELL,42011,811.93,85570.34,34024420.89
5249,20,9,2026-08-12,DIVIDEND,0,0.00,0.00,1573325.61
5250,20,220,2026-08-12,DIVIDEND,0,0.00,0.00,611082.44
5251,24,329,2026-08-12,BUY,133211,703.27,166479.01,93849778.98
5252,28,362,2026-08-12,BUY,16111,726.32,40535.26,11742276.78
5253,29,220,2026-08-12,DIVIDEND,0,0.00,0.00,351405.27
5254,30,93,2026-08-12,DIVIDEND,0,0.00,0.00,311422.43
5255,30,470,2026-08-12,DIVIDEND,0,0.00,0.00,812234.36
5256,33,520,2026-08-12,BUY,20838,28.27,340.08,589430.34
5257,35,9,2026-08-12,DIVIDEND,0,0.00,0.00,2693828.90
5258,35,220,2026-08-12,DIVIDEND,0,0.00,0.00,1554585.61
5259,35,378,2026-08-12,DIVIDEND,0,0.00,0.00,2406844.79
5260,36,20,2026-08-12,DIVIDEND,0,0.00,0.00,528336.13
5261,36,507,2026-08-12,SELL,757895,122.47,176041.76,92643358.89
5262,37,9,2026-08-12,DIVIDEND,0,0.00,0.00,1039787.27
5263,37,516,2026-08-12,SELL,7959,1098.70,42883.62,8701669.68
5264,39,91,2026-08-12,BUY,49027,310.12,9952.87,15214206.11
5265,41,9,2026-08-12,DIVIDEND,0,0.00,0.00,429656.64
5266,41,287,2026-08-12,SELL,3201,966.87,7575.52,3087375.35
5267,41,375,2026-08-12,DIVIDEND,0,0.00,0.00,122230.13
5268,42,9,2026-08-12,DIVIDEND,0,0.00,0.00,1079872.39
5269,43,130,2026-08-12,BUY,674603,153.60,195352.83,103814373.63
5270,44,220,2026-08-12,DIVIDEND,0,0.00,0.00,883389.94
5271,45,182,2026-08-12,BUY,5671,2419.00,52831.69,13770980.69
5272,46,192,2026-08-12,BUY,9129,2669.35,91148.51,24459644.66
5273,47,20,2026-08-12,DIVIDEND,0,0.00,0.00,246841.92
5274,48,244,2026-08-12,BUY,24363,709.33,79838.28,17361245.07
5275,4,4,2026-08-13,DIVIDEND,0,0.00,0.00,315031.77
5276,7,4,2026-08-13,DIVIDEND,0,0.00,0.00,691590.28
5277,9,4,2026-08-13,DIVIDEND,0,0.00,0.00,2701968.87
5278,16,516,2026-08-13,BUY,21472,1107.86,12128.96,23800098.88
5279,17,368,2026-08-13,SELL,47590,699.90,116370.57,33191870.43
5280,24,172,2026-08-13,BUY,2443,3183.86,13822.12,7791992.10
5281,27,285,2026-08-13,BUY,10897,246.20,2464.17,2685305.57
5282,28,422,2026-08-13,SELL,791436,49.43,135515.48,38985166.00
5283,31,380,2026-08-13,BUY,245656,109.55,28688.05,26940302.85
5284,38,510,2026-08-13,BUY,159858,228.76,134547.47,36703663.55
5285,39,237,2026-08-13,SELL,48235,272.48,8603.60,13134469.20
5286,41,476,2026-08-13,SELL,2609,1639.94,10472.75,4268130.71
5287,43,33,2026-08-13,SELL,169859,428.43,137198.28,72635493.09
5288,44,245,2026-08-13,BUY,44814,895.16,136004.02,40251704.26
5289,45,207,2026-08-13,SELL,32858,3251.27,411427.32,106418802.34
5290,48,137,2026-08-13,BUY,25597,1441.71,170490.06,37073940.93
5291,49,269,2026-08-13,SELL,209310,209.17,197886.55,43583486.15
5292,2,202,2026-08-14,BUY,1480,4472.92,21668.14,6641589.74
5293,3,425,2026-08-14,BUY,30264,1280.69,80704.94,38839507.10
5294,4,47,2026-08-14,DIVIDEND,0,0.00,0.00,625813.01
5295,4,522,2026-08-14,BUY,462623,13.78,18061.81,6393006.75
5296,5,178,2026-08-14,DIVIDEND,0,0.00,0.00,4307050.25
5297,7,178,2026-08-14,DIVIDEND,0,0.00,0.00,598853.02
5298,8,178,2026-08-14,DIVIDEND,0,0.00,0.00,388030.06
5299,8,249,2026-08-14,DIVIDEND,0,0.00,0.00,257655.42
5300,9,26,2026-08-14,BUY,68416,633.54,35800.62,43380073.26
5301,9,283,2026-08-14,DIVIDEND,0,0.00,0.00,2076080.87
5302,10,522,2026-08-14,SELL,3575361,13.90,162784.10,49534733.80
5303,12,249,2026-08-14,DIVIDEND,0,0.00,0.00,230604.28
5304,14,418,2026-08-14,DIVIDEND,0,0.00,0.00,755045.81
5305,15,178,2026-08-14,DIVIDEND,0,0.00,0.00,4747687.90
5306,16,418,2026-08-14,DIVIDEND,0,0.00,0.00,1241421.30
5307,16,418,2026-08-14,SELL,84434,523.16,22522.57,44149968.87
5308,17,307,2026-08-14,BUY,68788,273.65,65765.72,18889601.92
5309,18,92,2026-08-14,BUY,41334,1252.36,129860.86,51894909.10
5310,19,521,2026-08-14,BUY,3894162,30.07,287956.19,117385407.53
5311,22,504,2026-08-14,BUY,3835938,22.59,211358.68,86865198.10
5312,24,255,2026-08-14,SELL,23078,451.13,18501.08,10392677.06
5313,26,255,2026-08-14,BUY,121490,449.51,207437.02,54818406.92
5314,27,146,2026-08-14,BUY,28636,485.04,12757.51,13902362.95
5315,30,270,2026-08-14,DIVIDEND,0,0.00,0.00,230829.09
5316,32,137,2026-08-14,BUY,10696,1493.33,61130.65,16033788.33
5317,33,178,2026-08-14,DIVIDEND,0,0.00,0.00,43627.00
5318,33,247,2026-08-14,DIVIDEND,0,0.00,0.00,47521.93
5319,35,178,2026-08-14,DIVIDEND,0,0.00,0.00,3792506.78
5320,37,516,2026-08-14,SELL,16583,1106.48,89983.01,18258774.83
5321,39,237,2026-08-14,BUY,118663,289.05,22452.85,34321993.00
5322,43,27,2026-08-14,SELL,120614,749.67,170470.05,90250227.33
5323,45,400,2026-08-14,DIVIDEND,0,0.00,0.00,622498.88
5324,47,178,2026-08-14,DIVIDEND,0,0.00,0.00,389453.21
5325,47,337,2026-08-14,BUY,9547,1179.05,6800.11,11263190.46
5326,48,457,2026-08-14,BUY,31146,735.01,105761.50,22998382.96
5327,49,204,2026-08-14,BUY,78302,588.11,208141.32,46258330.54
5328,49,400,2026-08-14,DIVIDEND,0,0.00,0.00,610206.76
5329,17,120,2026-08-17,SELL,74782,458.72,119849.50,34184149.54
5330,18,326,2026-08-17,BUY,215960,246.41,133497.55,53348201.15
5331,19,489,2026-08-17,SELL,48082,1410.37,166761.03,67646649.31
5332,24,221,2026-08-17,BUY,9939,424.69,7500.88,4228494.79
5333,28,426,2026-08-17,BUY,46877,302.11,49057.72,14211068.19
5334,33,201,2026-08-17,SELL,1165,2005.69,1348.92,2335279.93
5335,36,209,2026-08-17,SELL,20333,6542.11,252287.80,132768434.83
5336,37,290,2026-08-17,BUY,33748,186.08,30796.51,6310624.35
5337,38,508,2026-08-17,BUY,616562,78.88,178938.88,48813349.44
5338,39,360,2026-08-17,BUY,64923,317.40,13489.27,20620049.47
5339,43,423,2026-08-17,SELL,331871,535.44,335011.99,177361996.25
5340,1,521,2026-08-18,BUY,550403,29.71,20934.11,16373407.24
5341,4,310,2026-08-18,SELL,34901,1645.32,162694.59,57260618.73
5342,4,399,2026-08-18,DIVIDEND,0,0.00,0.00,1967551.86
5343,5,399,2026-08-18,DIVIDEND,0,0.00,0.00,977873.69
5344,6,241,2026-08-18,BUY,154,2851.07,847.56,439912.34
5345,7,116,2026-08-18,SELL,41723,2255.10,145774.02,93943763.28
5346,7,337,2026-08-18,DIVIDEND,0,0.00,0.00,309284.88
5347,8,28,2026-08-18,BUY,1290,1433.12,4227.72,1852952.52
5348,10,399,2026-08-18,DIVIDEND,0,0.00,0.00,1005367.68
5349,11,399,2026-08-18,DIVIDEND,0,0.00,0.00,215592.26
5350,12,413,2026-08-18,BUY,4455,1029.41,21519.41,4607540.96
5351,17,102,2026-08-18,BUY,125426,1455.55,637831.81,183201646.11
5352,23,439,2026-08-18,BUY,14223,1832.74,62230.43,26129291.45
5353,24,230,2026-08-18,SELL,12181,874.40,18927.38,10632139.02
5354,26,491,2026-08-18,SELL,430510,167.46,273842.40,71819362.20
5355,27,399,2026-08-18,DIVIDEND,0,0.00,0.00,1590449.98
5356,28,417,2026-08-18,BUY,65474,391.58,88812.04,25727120.96
5357,35,337,2026-08-18,DIVIDEND,0,0.00,0.00,93954.53
5358,36,507,2026-08-18,BUY,713261,124.98,169069.76,89312429.54
5359,37,27,2026-08-18,BUY,10185,759.35,37927.73,7771907.48
5360,39,117,2026-08-18,BUY,192946,156.21,19730.03,30159824.69
5361,40,514,2026-08-18,SELL,705063,87.26,152375.64,61371421.74
5362,43,285,2026-08-18,BUY,41374,253.71,19789.98,10516787.52
5363,44,487,2026-08-18,BUY,16139,1476.55,80790.85,23910831.30
5364,46,207,2026-08-18,BUY,2572,3176.53,30559.40,8200594.56
5365,47,119,2026-08-18,BUY,4655,1522.65,4281.90,7092217.65
5366,47,337,2026-08-18,DIVIDEND,0,0.00,0.00,273697.86
5367,49,468,2026-08-18,SELL,213487,964.15,930342.65,204903148.40
5368,1,341,2026-08-19,DIVIDEND,0,0.00,0.00,282906.86
5369,2,209,2026-08-19,DIVIDEND,0,0.00,0.00,291777.62
5370,5,341,2026-08-19,DIVIDEND,0,0.00,0.00,2447827.50
5371,7,34,2026-08-19,BUY,36826,1481.18,84508.66,54630443.34
5372,7,277,2026-08-19,DIVIDEND,0,0.00,0.00,1407206.88
5373,10,262,2026-08-19,SELL,11187,1450.89,53164.95,16177941.48
5374,10,341,2026-08-19,DIVIDEND,0,0.00,0.00,1668769.66
5375,12,277,2026-08-19,DIVIDEND,0,0.00,0.00,251952.26
5376,17,485,2026-08-19,BUY,635812,503.10,1117569.43,320994586.63
5377,18,277,2026-08-19,DIVIDEND,0,0.00,0.00,1129717.42
5378,18,514,2026-08-19,BUY,721715,86.73,157027.86,62751369.81
5379,24,172,2026-08-19,BUY,1911,3379.96,11478.09,6470581.65
5380,27,42,2026-08-19,SELL,8274,1262.96,9598.01,10440133.03
5381,28,172,2026-08-19,BUY,3249,3437.27,38685.29,11206375.52
5382,30,370,2026-08-19,DIVIDEND,0,0.00,0.00,412146.75
5383,32,277,2026-08-19,DIVIDEND,0,0.00,0.00,80734.48
5384,36,92,2026-08-19,SELL,82592,1328.65,208125.61,109527735.19
5385,36,209,2026-08-19,DIVIDEND,0,0.00,0.00,1580394.01
5386,42,341,2026-08-19,DIVIDEND,0,0.00,0.00,746018.44
5387,43,211,2026-08-19,BUY,378773,78.25,55878.35,29694865.60
5388,47,277,2026-08-19,DIVIDEND,0,0.00,0.00,346379.20
5389,48,273,2026-08-19,BUY,30417,703.24,98821.63,21489272.71
5390,48,370,2026-08-19,DIVIDEND,0,0.00,0.00,524380.31
5391,2,136,2026-08-20,DIVIDEND,0,0.00,0.00,1314222.48
5392,2,518,2026-08-20,SELL,493594,12.93,20889.94,6361280.48
5393,3,148,2026-08-20,SELL,173169,407.82,147051.16,70474730.42
5394,5,136,2026-08-20,DIVIDEND,0,0.00,0.00,4485060.93
5395,5,227,2026-08-20,DIVIDEND,0,0.00,0.00,3712005.21
5396,8,29,2026-08-20,BUY,869,2331.50,4633.29,2030706.79
5397,11,518,2026-08-20,BUY,626761,12.96,26330.00,8149152.56
5398,12,136,2026-08-20,DIVIDEND,0,0.00,0.00,1265584.84
5399,16,227,2026-08-20,DIVIDEND,0,0.00,0.00,7786538.50
5400,17,102,2026-08-20,SELL,125426,1455.62,637862.49,181934731.63
5401,18,136,2026-08-20,DIVIDEND,0,0.00,0.00,6825705.25
5402,18,517,2026-08-20,BUY,2038958,26.39,134986.18,53943087.80
5403,21,136,2026-08-20,DIVIDEND,0,0.00,0.00,209309.55
5404,24,423,2026-08-20,BUY,36409,550.61,35624.61,20082784.10
5405,28,306,2026-08-20,BUY,3050,1430.70,15115.79,4378750.79
5406,30,373,2026-08-20,SELL,65232,331.26,45617.01,21563135.31
5407,30,462,2026-08-20,DIVIDEND,0,0.00,0.00,173655.59
5408,31,59,2026-08-20,DIVIDEND,0,0.00,0.00,2277104.11
5409,33,522,2026-08-20,SELL,23448,13.90,188.16,325739.04
5410,34,511,2026-08-20,BUY,1108467,103.06,247628.38,114486237.40
5411,35,462,2026-08-20,DIVIDEND,0,0.00,0.00,428364.32
5412,37,521,2026-08-20,SELL,80080,29.69,11659.72,2365915.48
5413,43,360,2026-08-20,BUY,152220,312.92,89801.85,47722484.25
5414,44,54,2026-08-20,BUY,94185,1285.97,410629.31,121529713.76
5415,45,398,2026-08-20,SELL,59037,1664.32,378407.79,97878052.05
5416,46,189,2026-08-20,BUY,3297,2357.13,29068.55,7800526.16
5417,48,244,2026-08-20,BUY,31561,746.16,108796.47,23658352.23
5418,1,423,2026-08-21,DIVIDEND,0,0.00,0.00,1104423.19
5419,2,508,2026-08-21,BUY,117983,80.46,31071.93,9523984.11
5420,3,138,2026-08-21,SELL,139143,503.12,145768.18,69859857.98
5421,3,186,2026-08-21,DIVIDEND,0,0.00,0.00,6336758.54
5422,4,522,2026-08-21,SELL,1600926,13.82,62685.08,22062112.24
5423,5,423,2026-08-21,DIVIDEND,0,0.00,0.00,11286694.62
5424,9,120,2026-08-21,BUY,72173,446.12,26594.10,32224412.86
5425,10,111,2026-08-21,SELL,24841,424.97,34578.38,10522101.39
5426,17,413,2026-08-21,BUY,190097,1054.05,700048.21,201071791.06
5427,22,503,2026-08-21,SELL,3262217,46.78,372224.83,152234286.43
5428,23,423,2026-08-21,DIVIDEND,0,0.00,0.00,2200344.43
5429,24,329,2026-08-21,DIVIDEND,0,0.00,0.00,2528965.38
5430,24,423,2026-08-21,DIVIDEND,0,0.00,0.00,1756721.04
5431,28,115,2026-08-21,BUY,225568,24.06,18799.90,5445965.98
5432,30,104,2026-08-21,DIVIDEND,0,0.00,0.00,416201.19
5433,32,423,2026-08-21,DIVIDEND,0,0.00,0.00,2886932.46
5434,32,522,2026-08-21,BUY,1838335,13.87,97584.98,25595291.43
5435,33,522,2026-08-21,SELL,19556,13.92,157.15,272062.37
5436,39,360,2026-08-21,DIVIDEND,0,0.00,0.00,706174.38
5437,39,360,2026-08-21,SELL,43922,303.27,8719.56,13311505.38
5438,41,510,2026-08-21,BUY,9166,226.00,5070.46,2076586.46
5439,42,423,2026-08-21,DIVIDEND,0,0.00,0.00,5275057.22
5440,43,33,2026-08-21,BUY,45421,442.00,37849.42,20113931.42
5441,43,33,2026-08-21,DIVIDEND,0,0.00,0.00,2246275.86
5442,43,360,2026-08-21,DIVIDEND,0,0.00,0.00,4747609.56
5443,43,423,2026-08-21,DIVIDEND,0,0.00,0.00,5230586.65
5444,45,176,2026-08-21,BUY,18587,2537.70,181655.49,47349885.39
5445,46,30,2026-08-21,BUY,24004,835.40,75006.51,20127948.11
5446,47,413,2026-08-21,SELL,13486,1044.59,8510.32,14078830.42
5447,49,256,2026-08-21,BUY,96988,213.35,93527.12,20785916.92
5448,2,267,2026-08-24,SELL,689,1676.98,3781.95,1151657.27
5449,5,60,2026-08-24,DIVIDEND,0,0.00,0.00,3205020.66
5450,7,513,2026-08-24,BUY,122013,118.57,22414.02,14489495.43
5451,8,29,2026-08-24,DIVIDEND,0,0.00,0.00,103491.96
5452,10,60,2026-08-24,DIVIDEND,0,0.00,0.00,1483915.22
5453,11,60,2026-08-24,DIVIDEND,0,0.00,0.00,428169.34
5454,14,60,2026-08-24,DIVIDEND,0,0.00,0.00,3019144.25
5455,17,102,2026-08-24,BUY,127637,1430.33,637829.07,183200859.28
5456,20,29,2026-08-24,DIVIDEND,0,0.00,0.00,342643.77
5457,21,517,2026-08-24,SELL,238968,26.40,31092.56,6277662.64
5458,24,172,2026-08-24,BUY,1986,3322.45,11725.60,6610111.30
5459,27,285,2026-08-24,DIVIDEND,0,0.00,0.00,310968.07
5460,28,306,2026-08-24,BUY,2300,1381.85,11009.59,3189264.59
5461,32,464,2026-08-24,SELL,30845,365.16,43107.20,11220253.00
5462,35,60,2026-08-24,DIVIDEND,0,0.00,0.00,5080067.54
5463,36,237,2026-08-24,DIVIDEND,0,0.00,0.00,639170.90
5464,39,67,2026-08-24,BUY,32926,595.21,12828.98,19610713.44
5465,39,237,2026-08-24,DIVIDEND,0,0.00,0.00,1461385.41
5466,43,285,2026-08-24,DIVIDEND,0,0.00,0.00,2031242.32
5467,43,356,2026-08-24,BUY,102136,418.02,80492.63,42775383.35
5468,44,314,2026-08-24,DIVIDEND,0,0.00,0.00,6074618.96
5469,45,38,2026-08-24,SELL,33775,330.22,42953.41,11110227.09
5470,46,512,2026-08-24,BUY,537845,81.64,164240.78,44073906.58
5471,47,60,2026-08-24,DIVIDEND,0,0.00,0.00,815975.64
5472,49,113,2026-08-24,BUY,157006,236.87,168094.38,37358105.60
5473,50,507,2026-08-24,SELL,695406,123.06,203895.15,85372767.21
5474,1,320,2026-08-25,DIVIDEND,0,0.00,0.00,801696.68
5475,3,111,2026-08-25,SELL,144372,430.51,129418.40,62024171.32
5476,7,178,2026-08-25,BUY,4525,3312.49,23222.66,15012239.91
5477,11,301,2026-08-25,BUY,852,2513.13,6940.62,2148127.38
5478,12,86,2026-08-25,SELL,5779,1287.41,34911.13,7405031.26
5479,16,320,2026-08-25,DIVIDEND,0,0.00,0.00,6272426.90
5480,17,120,2026-08-25,SELL,176895,438.04,270720.29,77216365.51
5481,18,352,2026-08-25,DIVIDEND,0,0.00,0.00,4244993.16
5482,22,509,2026-08-25,BUY,1449869,110.35,390241.44,160383285.59
5483,23,516,2026-08-25,SELL,46243,1115.51,123148.81,51461380.12
5484,24,110,2026-08-25,SELL,244389,45.73,19860.04,11156048.93
5485,28,103,2026-08-25,BUY,44734,403.20,62479.96,18099228.76
5486,30,352,2026-08-25,DIVIDEND,0,0.00,0.00,1403530.89
5487,31,352,2026-08-25,DIVIDEND,0,0.00,0.00,6456840.76
5488,33,517,2026-08-25,BUY,29467,26.56,451.81,783095.33
5489,37,172,2026-08-25,BUY,2345,3288.08,37812.82,7748360.42
5490,39,237,2026-08-25,BUY,91634,280.87,16847.87,25754089.45
5491,43,255,2026-08-25,SELL,138591,491.92,128531.55,68047153.17
5492,44,308,2026-08-25,DIVIDEND,0,0.00,0.00,5441158.62
5493,46,481,2026-08-25,BUY,28052,950.47,99729.38,26762313.82
5494,1,487,2026-08-26,DIVIDEND,0,0.00,0.00,2089380.16
5495,2,374,2026-08-26,BUY,357219,153.39,179349.57,54973171.98
5496,8,487,2026-08-26,DIVIDEND,0,0.00,0.00,194282.88
5497,9,313,2026-08-26,BUY,42645,1373.44,48376.75,58618725.55
5498,12,487,2026-08-26,DIVIDEND,0,0.00,0.00,839212.05
5499,16,138,2026-08-26,SELL,322104,513.22,84288.01,165225926.87
5500,17,368,2026-08-26,BUY,69761,684.83,166911.77,47941337.40
5501,18,61,2026-08-26,BUY,89766,683.17,153844.61,61479282.83
5502,23,487,2026-08-26,DIVIDEND,0,0.00,0.00,2773630.68
5503,24,412,2026-08-26,SELL,79749,437.96,62066.46,34864805.58
5504,26,260,2026-08-26,BUY,108876,443.71,183500.71,48492870.67
5505,26,342,2026-08-26,DIVIDEND,0,0.00,0.00,355851.10
5506,28,78,2026-08-26,BUY,105467,554.45,202563.63,58678741.78
5507,31,37,2026-08-26,BUY,64606,646.10,44497.33,41786433.93
5508,32,68,2026-08-26,SELL,26405,878.75,88804.17,23114589.58
5509,35,487,2026-08-26,DIVIDEND,0,0.00,0.00,790595.22
5510,36,445,2026-08-26,SELL,92647,2169.78,381262.43,200642345.23
5511,39,197,2026-08-26,SELL,50621,639.03,21175.57,32327162.06
5512,39,342,2026-08-26,DIVIDEND,0,0.00,0.00,622497.49
5513,43,211,2026-08-26,DIVIDEND,0,0.00,0.00,1446210.84
5514,44,487,2026-08-26,DIVIDEND,0,0.00,0.00,3929626.74
5515,45,430,2026-08-26,SELL,116118,371.35,166066.46,42954352.84
5516,46,192,2026-08-26,BUY,15780,2687.98,158655.05,42574979.45
5517,48,367,2026-08-26,BUY,29118,238.82,32126.57,6986087.33
5518,49,185,2026-08-26,SELL,47271,995.93,212789.65,46865817.38
5519,4,50,2026-08-27,SELL,17113,1884.29,91360.56,32154494.21
5520,8,201,2026-08-27,DIVIDEND,0,0.00,0.00,50433.21
5521,10,516,2026-08-27,BUY,15293,1103.55,55279.23,16931869.38
5522,12,201,2026-08-27,DIVIDEND,0,0.00,0.00,48713.33
5523,14,160,2026-08-27,BUY,9879,1714.68,13140.21,16952463.93
5524,17,316,2026-08-27,BUY,322217,169.62,190948.82,54845396.36
5525,18,295,2026-08-27,SELL,63191,501.68,79528.66,31622132.22
5526,24,230,2026-08-27,DIVIDEND,0,0.00,0.00,568130.77
5527,25,517,2026-08-27,BUY,1060921,26.26,39256.88,27899042.34
5528,27,201,2026-08-27,DIVIDEND,0,0.00,0.00,224910.89
5529,30,480,2026-08-27,SELL,4609,5354.07,52094.02,24624814.61
5530,33,201,2026-08-27,DIVIDEND,0,0.00,0.00,28185.94
5531,33,230,2026-08-27,DIVIDEND,0,0.00,0.00,29156.92
5532,39,481,2026-08-27,SELL,74927,945.70,46384.71,70812079.19
5533,40,503,2026-08-27,BUY,1563195,44.84,173600.58,70267264.38
5534,44,54,2026-08-27,BUY,29637,1305.12,131136.04,38810977.48
5535,47,277,2026-08-27,BUY,6843,1533.58,6339.72,10500627.66
5536,48,257,2026-08-27,SELL,68162,885.46,278832.47,60075892.05
5537,2,9,2026-08-28,BUY,5987,2964.79,58099.44,17808297.17
5538,3,180,2026-08-28,BUY,342817,151.81,108365.87,52151414.64
5539,6,90,2026-08-28,BUY,770,1766.33,2625.45,1362699.55
5540,7,522,2026-08-28,SELL,963078,13.78,20561.25,13250653.59
5541,14,519,2026-08-28,SELL,8075058,13.46,84313.44,108605967.24
5542,17,226,2026-08-28,SELL,27382,1297.95,124169.41,35416297.49
5543,18,512,2026-08-28,BUY,786367,82.98,163696.86,65416430.52
5544,24,329,2026-08-28,BUY,29796,729.60,38631.37,21777792.97
5545,24,412,2026-08-28,DIVIDEND,0,0.00,0.00,386100.46
5546,29,519,2026-08-28,BUY,2059163,13.52,53658.97,27893542.73
5547,35,378,2026-08-28,BUY,10369,1816.14,19844.28,18851399.94
5548,36,516,2026-08-28,SELL,202615,1099.34,422455.12,222320318.98
5549,37,326,2026-08-28,BUY,35871,224.34,39464.27,8086764.41
5550,38,522,2026-08-28,SELL,6792912,13.74,343402.77,92991208.11
5551,39,271,2026-08-28,BUY,9073,1443.88,8575.61,13108898.85
5552,41,362,2026-08-28,SELL,3887,743.92,7077.82,2884539.22
5553,43,360,2026-08-28,BUY,156111,310.09,91264.42,48499724.41
5554,44,275,2026-08-28,SELL,157108,519.27,276585.18,81304885.98
5555,2,28,2026-08-31,SELL,7776,1396.17,35535.57,10821082.35
5556,2,374,2026-08-31,DIVIDEND,0,0.00,0.00,268123.68
5557,3,111,2026-08-31,BUY,209697,448.12,195666.44,94165086.08
5558,5,44,2026-08-31,BUY,15177,3287.23,237398.59,50127688.30
5559,6,398,2026-08-31,BUY,618,1741.07,2077.05,1078058.31
5560,17,368,2026-08-31,SELL,132580,681.37,315611.27,90020423.33
5561,24,255,2026-08-31,SELL,26354,488.40,22872.81,12848420.79
5562,28,107,2026-08-31,BUY,106489,155.55,57379.56,16621743.51
5563,30,221,2026-08-31,SELL,105411,419.48,93345.71,44124460.57
5564,31,262,2026-08-31,SELL,20907,1450.63,32330.30,30295991.11
5565,32,480,2026-08-31,BUY,2838,5426.89,58944.77,15460458.59
5566,37,82,2026-08-31,SELL,8242,2061.72,83332.83,16909363.41
5567,39,197,2026-08-31,BUY,41944,662.43,18188.33,27803152.25
5568,41,512,2026-08-31,BUY,39130,82.05,7858.64,3218475.14
5569,44,223,2026-08-31,BUY,23876,1267.86,102629.03,30374054.39
5570,45,176,2026-08-31,SELL,20161,2503.41,194376.17,50276872.84
5571,46,374,2026-08-31,DIVIDEND,0,0.00,0.00,173051.41
5572,47,178,2026-08-31,SELL,3359,3344.50,6786.69,11227388.81
5573,48,294,2026-08-31,BUY,2806,4265.07,55289.91,12023076.33
5574,49,123,2026-08-31,BUY,26365,1649.72,196591.58,43691459.38
5575,1,66,2026-09-01,DIVIDEND,0,0.00,0.00,216066.87
5576,2,374,2026-09-01,BUY,103355,152.15,51472.14,15776935.39
5577,4,4,2026-09-01,BUY,7531,928.51,19811.81,7012420.62
5578,7,516,2026-09-01,BUY,10677,1114.46,18435.40,11917524.82
5579,8,487,2026-09-01,BUY,1189,1499.58,4077.42,1787078.04
5580,16,68,2026-09-01,BUY,30708,898.89,14074.22,27617188.34
5581,17,368,2026-09-01,BUY,266083,701.30,651947.23,187255955.13
5582,19,397,2026-09-01,BUY,37771,677.93,62968.35,25669062.38
5583,25,463,2026-09-01,BUY,24610,2393.56,83003.04,58988514.64
5584,27,492,2026-09-01,SELL,4308,755.92,2991.08,3253512.28
5585,28,417,2026-09-01,BUY,22142,362.08,27771.79,8044947.15
5586,32,502,2026-09-01,SELL,107651,675.62,278357.17,72452811.45
5587,33,520,2026-09-01,BUY,15812,29.15,266.09,461185.89
5588,36,210,2026-09-01,BUY,6437,950.51,11604.25,6130037.12
5589,39,342,2026-09-01,SELL,526845,113.27,39064.37,59636668.78
5590,41,324,2026-09-01,BUY,4190,736.88,7557.35,3095084.55
5591,42,66,2026-09-01,DIVIDEND,0,0.00,0.00,1757773.65
5592,43,387,2026-09-01,BUY,20449,821.24,31660.84,16825197.60
5593,45,197,2026-09-01,BUY,38575,656.31,97502.09,25414660.34
5594,48,367,2026-09-01,BUY,81592,237.02,89343.85,19428279.69
5595,1,521,2026-09-02,SELL,1164091,30.19,44990.54,35098916.75
5596,2,515,2026-09-02,BUY,207955,76.46,52044.21,15952283.51
5597,3,56,2026-09-02,SELL,96630,375.61,75575.13,36219619.17
5598,4,520,2026-09-02,BUY,282028,29.06,23220.56,8218954.24
5599,10,257,2026-09-02,BUY,18891,943.39,58374.55,17879955.04
5600,17,413,2026-09-02,BUY,54039,1060.25,200173.72,57495023.47
5601,18,502,2026-09-02,SELL,17775,690.64,30796.61,12245329.39
5602,24,446,2026-09-02,BUY,16578,739.42,21783.15,12279887.91
5603,27,46,2026-09-02,DIVIDEND,0,0.00,0.00,216846.27
5604,28,51,2026-09-02,BUY,17098,2406.23,142516.43,41284236.97
5605,30,362,2026-09-02,SELL,45889,767.84,74383.48,35161026.28
5606,33,514,2026-09-02,SELL,4644,81.12,217.48,376503.80
5607,35,128,2026-09-02,BUY,46562,1993.70,97822.91,92928482.31
5608,37,313,2026-09-02,SELL,5022,1364.24,33598.61,6817614.67
5609,38,508,2026-09-02,BUY,594381,87.86,192139.73,52414454.39
5610,39,91,2026-09-02,SELL,75275,339.32,16720.27,25525592.73
5611,41,383,2026-09-02,BUY,909,980.32,2181.18,893292.06
5612,42,9,2026-09-02,BUY,5019,3125.47,8744.89,15695478.82
5613,43,469,2026-09-02,SELL,212226,355.39,142194.90,75280803.24
5614,48,273,2026-09-02,SELL,170801,760.75,600294.61,129336566.14
5615,49,64,2026-09-02,SELL,100919,278.44,127008.11,27972878.25
5616,7,277,2026-09-03,BUY,15626,1554.58,37635.67,24329502.75
5617,17,169,2026-09-03,SELL,16355,333.31,19045.41,5432239.64
5618,18,210,2026-09-03,SELL,13592,968.64,33028.39,13132726.49
5619,24,172,2026-09-03,BUY,2621,3164.76,14740.26,8309576.22
5620,26,45,2026-09-03,SELL,289508,631.17,694086.00,182034678.36
5621,26,260,2026-09-03,DIVIDEND,0,0.00,0.00,1419571.60
5622,28,264,2026-09-03,SELL,7030,1713.46,41726.48,12003897.32
5623,31,181,2026-09-03,SELL,25590,853.11,23272.16,21807812.74
5624,34,508,2026-09-03,BUY,2124929,90.36,416205.83,192424790.27
5625,35,397,2026-09-03,BUY,29833,692.03,21755.60,20667086.59
5626,37,30,2026-09-03,BUY,12072,890.51,52719.57,10802956.29
5627,39,224,2026-09-03,SELL,16489,1430.35,15439.02,23569602.13
5628,43,33,2026-09-03,SELL,92726,477.61,83493.98,44203370.88
5629,46,92,2026-09-03,SELL,9580,1387.78,49728.69,13245203.71
5630,3,138,2026-09-04,BUY,131648,569.37,156076.91,75112498.67
5631,12,295,2026-09-04,BUY,10876,520.73,26575.17,5690034.65
5632,14,301,2026-09-04,BUY,5204,2737.75,11051.91,14258302.91
5633,17,485,2026-09-04,BUY,102986,523.88,188495.72,54140801.40
5634,18,24,2026-09-04,BUY,11798,1146.16,33923.08,13556318.76
5635,20,362,2026-09-04,BUY,10740,780.85,24877.88,8411206.88
5636,22,522,2026-09-04,BUY,4303378,13.88,145690.50,59876577.14
5637,23,317,2026-09-04,BUY,315261,302.36,227564.94,95549880.90
5638,24,412,2026-09-04,SELL,53802,448.56,42886.07,24090539.05
5639,28,103,2026-09-04,BUY,32810,413.13,46954.31,13601749.61
5640,36,241,2026-09-04,BUY,16289,3154.70,97460.68,51484368.98
5641,43,423,2026-09-04,SELL,333450,542.49,341037.93,180552252.57
5642,44,301,2026-09-04,SELL,54160,2754.12,505706.91,148657432.29
5643,48,414,2026-09-04,SELL,5682,8902.95,233704.59,50352857.31
5644,2,513,2026-09-07,SELL,989455,104.65,338925.33,103207540.42
5645,3,48,2026-09-07,SELL,101974,1083.95,230159.29,110304558.01
5646,6,446,2026-09-07,SELL,1545,758.01,2260.71,1168864.74
5647,8,29,2026-09-07,BUY,944,2520.07,5440.25,2384386.33
5648,12,487,2026-09-07,BUY,3051,1571.64,22500.37,4817574.01
5649,16,522,2026-09-07,SELL,4687529,13.93,33293.63,65263985.34
5650,17,485,2026-09-07,BUY,113209,525.88,207997.96,59742346.88
5651,28,326,2026-09-07,SELL,136994,224.43,106503.76,30639059.66
5652,33,509,2026-09-07,BUY,9828,113.23,642.43,1113466.87
5653,37,82,2026-09-07,BUY,3874,1864.51,35422.41,7258534.15
5654,38,499,2026-09-07,BUY,228825,318.68,268299.18,73190250.18
5655,39,342,2026-09-07,BUY,154237,109.39,11044.58,16883030.01
5656,41,519,2026-09-07,SELL,117751,13.60,3919.79,1597493.81
5657,45,207,2026-09-07,BUY,36208,3225.93,449840.38,117254313.82
5658,48,457,2026-09-07,BUY,66023,769.37,234672.70,51030788.21
5659,5,178,2026-09-08,BUY,19771,3538.16,332865.06,70285826.42
5660,7,522,2026-09-08,SELL,1992091,13.75,42437.59,27348813.66
5661,10,442,2026-09-08,BUY,57994,496.48,94310.95,28887172.07
5662,16,480,2026-09-08,BUY,3620,5654.24,10436.36,20478785.16
5663,17,307,2026-09-08,BUY,75440,374.29,98650.97,28335088.57
5664,23,522,2026-09-08,BUY,1176712,13.79,38738.72,16265597.20
5665,24,172,2026-09-08,DIVIDEND,0,0.00,0.00,159399.50
5666,28,172,2026-09-08,DIVIDEND,0,0.00,0.00,254277.51
5667,28,184,2026-09-08,BUY,322444,188.66,210725.27,61043010.31
5668,30,485,2026-09-08,BUY,16421,524.11,18168.51,8624578.82
5669,32,464,2026-09-08,SELL,10769,359.16,14802.84,3852991.20
5670,34,499,2026-09-08,BUY,139251,324.23,97867.62,45247219.35
5671,37,172,2026-09-08,DIVIDEND,0,0.00,0.00,106456.61
5672,39,481,2026-09-08,SELL,41044,995.33,26742.37,40825582.15
5673,41,172,2026-09-08,DIVIDEND,0,0.00,0.00,39217.27
5674,43,255,2026-09-08,BUY,114067,546.02,117421.82,62400285.16
5675,44,223,2026-09-08,SELL,65569,1310.03,291217.30,85606139.77
5676,45,38,2026-09-08,SELL,124705,369.59,177501.91,45912219.04
5677,46,172,2026-09-08,DIVIDEND,0,0.00,0.00,307552.67
5678,48,204,2026-09-08,SELL,41021,641.51,121574.29,26193807.42
5679,3,48,2026-09-09,BUY,171798,1167.70,417714.15,201026238.75
5680,4,50,2026-09-09,DIVIDEND,0,0.00,0.00,635526.24
5681,4,421,2026-09-09,SELL,55424,148.96,23391.19,8232567.85
5682,7,50,2026-09-09,DIVIDEND,0,0.00,0.00,4595468.55
5683,7,381,2026-09-09,DIVIDEND,0,0.00,0.00,1740504.39
5684,10,497,2026-09-09,DIVIDEND,0,0.00,0.00,1456468.63
5685,11,181,2026-09-09,BUY,7830,918.87,23321.67,7218073.77
5686,12,50,2026-09-09,DIVIDEND,0,0.00,0.00,685931.24
5687,15,324,2026-09-09,SELL,163456,774.08,460435.86,126067584.62
5688,20,383,2026-09-09,BUY,28101,995.23,82963.45,28049921.68
5689,23,497,2026-09-09,DIVIDEND,0,0.00,0.00,3550006.20
5690,28,51,2026-09-09,SELL,17098,2595.51,153727.12,44224302.86
5691,30,51,2026-09-09,BUY,12242,2585.60,66820.68,31719735.88
5692,32,50,2026-09-09,DIVIDEND,0,0.00,0.00,1811650.96
5693,35,50,2026-09-09,DIVIDEND,0,0.00,0.00,2812465.74
5694,37,176,2026-09-09,BUY,3183,2798.04,43676.15,8949837.47
5695,39,113,2026-09-09,SELL,449123,260.15,76484.29,116762864.16
5696,42,50,2026-09-09,DIVIDEND,0,0.00,0.00,3752267.83
5697,44,54,2026-09-09,SELL,492305,1378.88,2301431.70,676528086.70
5698,44,296,2026-09-09,DIVIDEND,0,0.00,0.00,986572.26
5699,45,307,2026-09-09,BUY,66117,378.62,96408.57,25129627.11
5700,49,468,2026-09-09,BUY,202401,1009.41,923436.74,205229030.15
5701,3,251,2026-09-10,BUY,57759,1603.46,192844.65,92807090.79
5702,4,4,2026-09-10,SELL,13780,938.39,36636.79,12894377.41
5703,7,97,2026-09-10,DIVIDEND,0,0.00,0.00,186129.21
5704,10,521,2026-09-10,BUY,1056902,30.10,104202.59,31916952.79
5705,11,199,2026-09-10,BUY,9733,677.18,21364.60,6612357.54
5706,15,324,2026-09-10,BUY,173528,764.29,482625.38,133108340.50
5707,17,78,2026-09-10,BUY,150068,595.56,312251.90,89686749.98
5708,18,194,2026-09-10,BUY,26062,625.02,40864.23,16330135.47
5709,22,499,2026-09-10,BUY,267825,322.67,210786.11,86629878.86
5710,23,423,2026-09-10,SELL,50368,548.99,66013.07,27585515.25
5711,24,412,2026-09-10,SELL,28695,446.03,22744.04,12776086.81
5712,26,342,2026-09-10,SELL,274694,112.20,117070.75,30703596.05
5713,27,42,2026-09-10,DIVIDEND,0,0.00,0.00,476317.59
5714,28,138,2026-09-10,SELL,14620,581.25,29436.95,8468438.05
5715,39,481,2026-09-10,BUY,25017,1020.69,16715.22,25551316.95
5716,41,182,2026-09-10,SELL,2285,2704.17,15124.43,6163904.02
5717,43,423,2026-09-10,BUY,772132,543.32,790910.74,420305668.98
5718,45,400,2026-09-10,DIVIDEND,0,0.00,0.00,601358.10
5719,47,97,2026-09-10,DIVIDEND,0,0.00,0.00,146043.22
5720,47,397,2026-09-10,BUY,12940,692.83,5415.99,8970636.19
5721,48,257,2026-09-10,BUY,43532,959.70,193008.39,41970668.79
5722,49,400,2026-09-10,DIVIDEND,0,0.00,0.00,589483.43
5723,17,368,2026-09-11,SELL,65343,714.99,163226.44,46556365.13
5724,24,221,2026-09-11,SELL,18666,441.25,14636.37,8221736.13
5725,25,516,2026-09-11,BUY,98161,1107.58,153197.66,108874358.04
5726,26,406,2026-09-11,BUY,40913,2430.86,377770.15,99831545.33
5727,27,325,2026-09-11,BUY,23041,227.29,4810.14,5241799.03
5728,28,51,2026-09-11,BUY,15885,2589.93,142514.06,41283552.11
5729,29,517,2026-09-11,SELL,1741634,26.89,90265.67,46742272.59
5730,32,517,2026-09-11,SELL,627530,27.10,65085.71,16940977.29
5731,33,383,2026-09-11,BUY,677,994.43,388.65,673617.76
5732,36,517,2026-09-11,BUY,1734711,27.01,88864.57,46943408.68
5733,37,391,2026-09-11,BUY,10056,701.27,34583.13,7086554.25
5734,39,67,2026-09-11,DIVIDEND,0,0.00,0.00,842659.63
5735,39,218,2026-09-11,SELL,53555,1018.05,35690.47,54485977.28
5736,42,267,2026-09-11,BUY,34466,1769.05,33990.12,61006067.42
5737,45,82,2026-09-11,BUY,9686,1857.32,69283.55,18059285.07
5738,46,30,2026-09-11,BUY,30647,915.29,104922.24,28155814.87
5739,47,87,2026-09-11,BUY,5559,2144.99,7203.42,11931202.83
5740,49,137,2026-09-11,BUY,13058,1473.59,86972.15,19329110.37
5741,2,513,2026-09-15,BUY,671299,106.15,233240.92,71491629.77
5742,17,102,2026-09-15,BUY,37953,1648.38,218572.20,62779538.34
5743,20,220,2026-09-15,SELL,68759,298.19,60822.49,20442423.72
5744,22,499,2026-09-15,SELL,259488,323.62,204825.92,83770680.64
5745,24,221,2026-09-15,BUY,9305,453.44,7497.79,4226756.99
5746,27,453,2026-09-15,BUY,68415,122.34,7687.69,8377578.79
5747,28,172,2026-09-15,BUY,3722,3103.49,40013.74,11591203.52
5748,30,93,2026-09-15,BUY,16016,709.76,23997.32,11391513.48
5749,32,502,2026-09-15,BUY,121757,720.29,335647.31,88035996.84
5750,36,522,2026-09-15,SELL,2149089,13.92,56737.55,29858581.33
5751,39,271,2026-09-15,BUY,5560,1488.73,5418.43,8282757.23
5752,41,362,2026-09-15,BUY,3402,786.20,6546.76,2681199.16
5753,44,487,2026-09-15,SELL,37907,1591.76,204566.43,60134279.89
5754,48,294,2026-09-15,SELL,24158,4165.10,464856.05,100155629.75
5755,49,410,2026-09-15,SELL,397906,160.24,288189.61,63472267.83
5756,2,509,2026-09-16,BUY,64561,112.19,23707.90,7266806.49
5757,3,354,2026-09-16,SELL,106829,663.82,147662.19,70767564.59
5758,4,499,2026-09-16,BUY,71694,321.72,65350.02,23130743.70
5759,9,280,2026-09-16,SELL,2294069,59.96,113612.72,137438764.52
5760,10,497,2026-09-16,BUY,16424,2453.25,131976.93,40424154.93
5761,16,520,2026-09-16,BUY,2258537,29.10,33510.92,65756937.62
5762,17,485,2026-09-16,BUY,70109,538.97,132016.99,37918664.72
5763,18,464,2026-09-16,BUY,98563,371.32,91812.94,36690226.10
5764,21,516,2026-09-16,SELL,5375,1122.98,29748.38,6006269.12
5765,24,172,2026-09-16,SELL,8908,3121.82,49418.02,27759754.54
5766,26,437,2026-09-16,SELL,67804,776.09,199882.04,52422124.32
5767,27,453,2026-09-16,SELL,96225,124.96,11044.22,12013231.78
5768,30,232,2026-09-16,DIVIDEND,0,0.00,0.00,364998.04
5769,32,28,2026-09-16,BUY,5874,1406.70,31624.03,8294579.83
5770,33,506,2026-09-16,BUY,7306,110.50,466.06,807779.06
5771,36,516,2026-09-16,BUY,158707,1121.11,337459.19,178265463.96
5772,37,27,2026-09-16,BUY,3553,759.03,13225.37,2710058.96
5773,39,271,2026-09-16,BUY,8572,1475.12,8277.37,12653006.01
5774,41,202,2026-09-16,SELL,904,4712.63,10427.75,4249789.77
5775,44,194,2026-09-16,BUY,60688,610.06,125519.95,37148841.23
5776,45,430,2026-09-16,BUY,108335,355.41,148285.06,38651627.41
5777,48,294,2026-09-16,BUY,22692,4100.90,429916.41,93487539.21
5778,49,64,2026-09-16,BUY,156095,274.04,193343.62,42969617.42
5779,1,518,2026-09-17,SELL,7543039,13.10,126499.50,98687311.40
5780,2,398,2026-09-17,DIVIDEND,0,0.00,0.00,1123280.36
5781,3,56,2026-09-17,SELL,150272,396.63,124106.18,59478277.18
5782,6,262,2026-09-17,SELL,1282,1451.37,3591.76,1857064.58
5783,6,398,2026-09-17,DIVIDEND,0,0.00,0.00,108252.96
5784,8,86,2026-09-17,DIVIDEND,0,0.00,0.00,42572.45
5785,8,413,2026-09-17,DIVIDEND,0,0.00,0.00,288472.12
5786,12,86,2026-09-17,DIVIDEND,0,0.00,0.00,66965.89
5787,12,413,2026-09-17,DIVIDEND,0,0.00,0.00,583613.37
5788,14,398,2026-09-17,DIVIDEND,0,0.00,0.00,589306.37
5789,14,413,2026-09-17,DIVIDEND,0,0.00,0.00,942781.43
5790,15,324,2026-09-17,BUY,25220,782.40,71805.27,19803933.27
5791,15,413,2026-09-17,DIVIDEND,0,0.00,0.00,891716.90
5792,17,413,2026-09-17,BUY,42724,1112.88,166116.10,47712801.22
5793,17,413,2026-09-17,DIVIDEND,0,0.00,0.00,4688979.69
5794,21,413,2026-09-17,DIVIDEND,0,0.00,0.00,90490.80
5795,28,362,2026-09-17,SELL,17637,791.96,48384.97,13919413.55
5796,30,398,2026-09-17,DIVIDEND,0,0.00,0.00,782747.89
5797,30,413,2026-09-17,DIVIDEND,0,0.00,0.00,775824.59
5798,32,502,2026-09-17,BUY,16544,715.39,45296.56,11880708.72
5799,36,267,2026-09-17,BUY,9938,1804.25,34007.34,17964643.84
5800,37,192,2026-09-17,DIVIDEND,0,0.00,0.00,139667.53
5801,39,361,2026-09-17,BUY,11707,1046.16,8017.28,12255412.40
5802,40,514,2026-09-17,BUY,429899,81.11,86360.12,34955468.01
5803,41,515,2026-09-17,BUY,95105,77.65,18076.05,7402979.30
5804,43,423,2026-09-17,SELL,218040,555.77,228460.70,120951630.10
5805,44,86,2026-09-17,DIVIDEND,0,0.00,0.00,783261.64
5806,45,129,2026-09-17,SELL,125787,185.43,89828.62,23234854.79
5807,46,86,2026-09-17,DIVIDEND,0,0.00,0.00,241241.50
5808,46,192,2026-09-17,DIVIDEND,0,0.00,0.00,2547537.93
5809,47,413,2026-09-17,DIVIDEND,0,0.00,0.00,305520.88
5810,48,212,2026-09-17,SELL,71013,519.12,170309.04,36693959.52
5811,49,269,2026-09-17,SELL,65425,218.42,64589.66,14225538.84
5812,1,66,2026-09-18,BUY,816,3401.37,3553.16,2779071.08
5813,2,324,2026-09-18,BUY,11025,779.40,28125.99,8621010.99
5814,3,354,2026-09-18,SELL,33092,654.82,45120.59,21624182.85
5815,4,391,2026-09-18,SELL,75261,725.99,154805.18,54483928.21
5816,6,517,2026-09-18,SELL,141850,26.68,7305.62,3777252.38
5817,7,522,2026-09-18,BUY,3190739,13.81,68269.04,44132374.63
5818,16,17,2026-09-18,BUY,41423,779.25,16458.28,32295331.03
5819,17,102,2026-09-18,SELL,56575,1635.40,323251.12,92199503.88
5820,18,500,2026-09-18,BUY,11488,859.97,24783.88,9904119.24
5821,19,518,2026-09-18,BUY,1973165,12.91,62642.43,25536202.58
5822,20,362,2026-09-18,BUY,19267,797.89,45603.55,15418550.18
5823,24,166,2026-09-18,SELL,48209,224.79,19257.61,10817643.50
5824,28,306,2026-09-18,SELL,25471,1540.75,135944.19,39108499.06
5825,30,305,2026-09-18,BUY,92668,77.89,15237.32,7233147.84
5826,33,522,2026-09-18,BUY,44926,13.86,359.47,623033.83
5827,38,503,2026-09-18,BUY,551048,47.32,95939.01,26171530.37
5828,39,342,2026-09-18,SELL,212114,104.40,14496.16,22130205.44
5829,43,360,2026-09-18,BUY,45410,354.42,30342.40,16124554.60
5830,46,503,2026-09-18,BUY,503120,46.99,88429.65,23730038.45
5831,48,435,2026-09-18,SELL,123479,1319.85,752921.59,162220836.56
5832,49,185,2026-09-18,SELL,50727,1043.45,239242.16,52691845.99
5833,2,519,2026-09-21,BUY,1186364,13.92,54053.76,16568240.64
5834,3,251,2026-09-21,BUY,37931,1550.92,122493.63,58950440.15
5835,7,463,2026-09-21,SELL,18804,2441.22,71120.69,45833580.19
5836,14,519,2026-09-21,BUY,4797755,13.86,51583.10,66548467.40
5837,16,480,2026-09-21,SELL,6288,5726.59,18360.09,35990437.83
5838,24,172,2026-09-21,DIVIDEND,0,0.00,0.00,79532.08
5839,24,198,2026-09-21,SELL,26184,113.90,5299.77,2977057.83
5840,25,521,2026-09-21,SELL,3383441,30.27,144314.21,102272444.86
5841,26,342,2026-09-21,BUY,492315,102.38,191454.05,50594663.75
5842,27,287,2026-09-21,SELL,21321,1103.60,21612.02,23508243.58
5843,28,172,2026-09-21,DIVIDEND,0,0.00,0.00,272385.79
5844,32,521,2026-09-21,BUY,538221,29.97,61734.68,16192218.05
5845,33,123,2026-09-21,BUY,167,1766.42,170.30,295162.44
5846,36,515,2026-09-21,SELL,620269,75.49,88806.85,46735299.96
5847,37,172,2026-09-21,DIVIDEND,0,0.00,0.00,101393.05
5848,39,113,2026-09-21,BUY,341153,271.13,60549.40,92557362.29
5849,41,172,2026-09-21,DIVIDEND,0,0.00,0.00,37351.92
5850,44,223,2026-09-21,DIVIDEND,0,0.00,0.00,501032.73
5851,45,82,2026-09-21,SELL,9656,1866.21,69399.56,17950724.20
5852,46,172,2026-09-21,DIVIDEND,0,0.00,0.00,292924.07
5853,49,94,2026-09-21,BUY,106556,1956.75,942410.56,209445863.56
5854,3,56,2026-09-22,BUY,413792,380.47,327817.63,157763259.87
5855,5,423,2026-09-22,BUY,125699,545.16,326075.31,68852142.15
5856,7,502,2026-09-22,SELL,15428,712.62,17033.60,10977267.76
5857,11,305,2026-09-22,BUY,134922,78.86,34489.22,10674438.14
5858,12,463,2026-09-22,SELL,16454,2471.33,190807.98,40472455.84
5859,17,21,2026-09-22,BUY,344506,213.54,257020.35,73822831.59
5860,21,136,2026-09-22,BUY,122,13490.06,8111.23,1653898.55
5861,24,253,2026-09-22,BUY,63251,646.48,72664.08,40963170.56
5862,26,322,2026-09-22,SELL,98434,573.72,214511.95,56259042.53
5863,30,161,2026-09-22,BUY,123120,53.64,13941.66,6618098.46
5864,32,514,2026-09-22,BUY,277212,79.31,84143.74,22069827.46
5865,33,514,2026-09-22,BUY,4258,79.21,194.71,337470.89
5866,35,462,2026-09-22,BUY,21579,1460.28,33206.00,31544588.12
5867,36,241,2026-09-22,BUY,8072,3170.49,48538.29,25640733.57
5868,39,224,2026-09-22,BUY,30599,1410.77,28258.33,43196409.56
5869,41,304,2026-09-22,BUY,235,7434.06,4276.15,1751280.25
5870,48,282,2026-09-22,SELL,96203,341.58,151814.45,32709206.29
5871,49,185,2026-09-22,BUY,35143,1000.40,158905.68,35315962.88
5872,2,438,2026-09-23,BUY,28362,825.51,76635.14,23489749.76
5873,3,186,2026-09-23,BUY,131628,391.44,107286.06,51631750.38
5874,5,446,2026-09-23,DIVIDEND,0,0.00,0.00,2515342.50
5875,6,446,2026-09-23,DIVIDEND,0,0.00,0.00,14997.99
5876,7,495,2026-09-23,BUY,28440,905.12,39881.78,25781494.58
5877,14,446,2026-09-23,DIVIDEND,0,0.00,0.00,2050797.52
5878,15,464,2026-09-23,BUY,37775,357.28,49112.90,13545364.90
5879,16,262,2026-09-23,BUY,15601,1486.32,11823.09,23199901.41
5880,17,413,2026-09-23,SELL,78918,1109.83,306001.82,87279562.12
5881,23,446,2026-09-23,DIVIDEND,0,0.00,0.00,2042266.63
5882,24,255,2026-09-23,BUY,9919,549.32,9682.57,5458387.65
5883,24,446,2026-09-23,DIVIDEND,0,0.00,0.00,961408.73
5884,28,306,2026-09-23,BUY,17760,1547.52,95205.43,27579160.63
5885,33,230,2026-09-23,BUY,582,894.29,300.47,520777.25
5886,37,501,2026-09-23,BUY,65093,262.98,83948.09,17202105.23
5887,39,481,2026-09-23,BUY,25035,1004.19,16456.85,25156353.50
5888,42,446,2026-09-23,DIVIDEND,0,0.00,0.00,2087870.55
5889,43,356,2026-09-23,SELL,176829,425.82,141957.97,75155366.81
5890,44,82,2026-09-23,BUY,15689,1903.07,101224.91,29958490.14
5891,46,86,2026-09-23,SELL,9605,1490.86,53561.79,14266148.51
5892,2,438,2026-09-24,BUY,13896,853.28,38810.58,11895989.46
5893,3,388,2026-09-24,BUY,20338,1360.79,57627.42,27733374.44
5894,4,519,2026-09-24,BUY,1365265,13.93,53883.14,19072024.59
5895,5,141,2026-09-24,SELL,84227,1303.71,522509.79,109285072.38
5896,8,201,2026-09-24,SELL,1638,2217.90,8307.87,3624612.33
5897,14,521,2026-09-24,SELL,2348897,29.97,54608.07,70341835.02
5898,17,78,2026-09-24,BUY,107434,583.90,219165.25,62949877.85
5899,18,522,2026-09-24,BUY,3676148,14.10,130033.05,51963719.85
5900,24,198,2026-09-24,BUY,231702,113.88,46889.39,26433113.15
5901,28,145,2026-09-24,BUY,10685,420.51,15564.43,4508713.78
5902,31,352,2026-09-24,BUY,18278,2696.86,52547.06,49345754.14
5903,39,360,2026-09-24,SELL,19516,348.79,4455.93,6802529.71
5904,43,387,2026-09-24,BUY,15303,877.84,25326.32,13458911.84
5905,45,400,2026-09-24,SELL,52212,1191.52,239591.07,61972051.17
5906,46,522,2026-09-24,SELL,7438526,13.87,385908.38,102786447.24
5907,48,457,2026-09-24,BUY,46540,751.09,161491.78,35117220.38
5908,10,519,2026-09-25,BUY,684579,13.79,30921.83,9471266.24
5909,11,297,2026-09-25,BUY,20178,540.01,35320.25,10931642.03
5910,12,31,2026-09-25,BUY,6534,1398.08,42865.26,9177919.98
5911,17,316,2026-09-25,BUY,283261,212.19,209992.20,60315143.79
5912,24,166,2026-09-25,BUY,48723,218.81,18945.17,10680024.80
5913,31,262,2026-09-25,SELL,30880,1472.59,48475.30,45425103.90
5914,32,518,2026-09-25,SELL,1282778,12.88,63233.79,16458946.85
5915,34,511,2026-09-25,BUY,1124900,111.21,271172.26,125371301.26
5916,35,435,2026-09-25,BUY,40885,1327.52,57194.49,54332849.69
5917,39,113,2026-09-25,DIVIDEND,0,0.00,0.00,707609.44
5918,45,43,2026-09-25,BUY,5670,1695.34,37020.21,9649598.01
5919,48,367,2026-09-25,SELL,94919,243.37,106721.59,22993715.44
5920,49,100,2026-09-25,SELL,10549,1157.16,55173.63,12151707.21
5921,49,113,2026-09-25,DIVIDEND,0,0.00,0.00,1144711.80
5922,1,341,2026-09-28,SELL,3651,3276.30,15313.22,11946458.08
5923,3,148,2026-09-28,BUY,268018,426.05,237768.51,114426837.41
5924,4,166,2026-09-28,DIVIDEND,0,0.00,0.00,379878.30
5925,4,166,2026-09-28,SELL,94445,223.65,59845.67,21062778.58
5926,5,341,2026-09-28,SELL,24728,3251.45,382585.21,80019270.39
5927,8,201,2026-09-28,DIVIDEND,0,0.00,0.00,49413.15
5928,12,201,2026-09-28,DIVIDEND,0,0.00,0.00,52279.57
5929,15,261,2026-09-28,DIVIDEND,0,0.00,0.00,2602056.43
5930,18,517,2026-09-28,BUY,863371,26.75,57937.92,23153112.17
5931,23,446,2026-09-28,SELL,103030,738.43,181628.42,75898814.48
5932,24,166,2026-09-28,DIVIDEND,0,0.00,0.00,532164.82
5933,24,329,2026-09-28,BUY,30108,791.26,42334.89,23865590.97
5934,27,201,2026-09-28,DIVIDEND,0,0.00,0.00,241376.35
5935,27,318,2026-09-28,DIVIDEND,0,0.00,0.00,27230.18
5936,28,362,2026-09-28,BUY,13363,788.13,36482.48,10568263.67
5937,29,519,2026-09-28,BUY,2612858,13.72,69094.71,35917506.47
5938,32,137,2026-09-28,BUY,11415,1429.58,62454.86,16381110.56
5939,33,201,2026-09-28,DIVIDEND,0,0.00,0.00,30249.40
5940,33,492,2026-09-28,BUY,609,779.01,273.88,474690.97
5941,36,267,2026-09-28,BUY,3784,1961.66,14078.35,7436999.79
5942,37,261,2026-09-28,DIVIDEND,0,0.00,0.00,348569.90
5943,39,218,2026-09-28,SELL,88105,1112.44,64159.39,97947366.81
5944,45,43,2026-09-28,BUY,10235,1718.71,67746.90,17658743.75
5945,47,261,2026-09-28,DIVIDEND,0,0.00,0.00,283023.98
5946,48,215,2026-09-28,SELL,11247,596.44,30991.00,6677169.68
5947,48,244,2026-09-28,DIVIDEND,0,0.00,0.00,926756.33
5948,49,64,2026-09-28,BUY,162539,275.32,202265.70,44952503.18
5949,49,261,2026-09-28,DIVIDEND,0,0.00,0.00,607871.14
5950,1,518,2026-09-29,BUY,8200558,12.86,135006.76,105594182.64
5951,2,28,2026-09-29,BUY,6076,1428.57,28411.10,8708402.42
5952,3,200,2026-09-29,SELL,113877,913.89,216700.41,103854351.12
5953,4,142,2026-09-29,DIVIDEND,0,0.00,0.00,191466.36
5954,4,520,2026-09-29,BUY,300947,29.15,24854.98,8797460.03
5955,7,142,2026-09-29,DIVIDEND,0,0.00,0.00,1205682.86
5956,7,522,2026-09-29,BUY,587426,13.92,12668.68,8189638.60
5957,8,201,2026-09-29,BUY,1204,2212.87,6092.79,2670388.27
5958,9,240,2026-09-29,DIVIDEND,0,0.00,0.00,2247214.96
5959,10,442,2026-09-29,SELL,24904,461.60,37654.09,11458032.31
5960,15,324,2026-09-29,BUY,22210,783.33,63310.50,17461069.80
5961,17,169,2026-09-29,BUY,182712,347.11,221577.51,63642739.83
5962,20,411,2026-09-29,BUY,14548,2786.22,120243.13,40654171.69
5963,22,515,2026-09-29,BUY,679696,75.23,124720.56,51258250.64
5964,24,41,2026-09-29,SELL,65575,1240.53,144558.25,81203196.50
5965,36,73,2026-09-29,BUY,10073,3457.26,66049.24,34891029.22
5966,39,197,2026-09-29,BUY,50115,675.82,22170.83,33890890.13
5967,41,182,2026-09-29,BUY,699,2844.23,4866.32,1992983.09
5968,43,208,2026-09-29,SELL,99994,596.98,112541.82,59581876.30
5969,44,301,2026-09-29,BUY,36994,2953.04,370371.87,109615133.63
5970,45,430,2026-09-29,BUY,54846,357.24,75457.78,19668642.82
5971,46,54,2026-09-29,BUY,20227,1305.91,98801.97,26513443.54
5972,49,94,2026-09-29,BUY,28471,2038.96,262384.59,58313614.75
5973,3,388,2026-09-30,DIVIDEND,0,0.00,0.00,1037876.52
5974,7,502,2026-09-30,BUY,11761,751.86,13699.98,8856325.44
5975,8,140,2026-09-30,BUY,1109,1520.22,3855.42,1689779.40
5976,9,120,2026-09-30,SELL,544439,430.22,193463.34,234035083.24
5977,10,385,2026-09-30,BUY,24350,262.87,20966.08,6421850.58
5978,12,428,2026-09-30,BUY,9632,577.68,26109.47,5590323.23
5979,15,351,2026-09-30,BUY,2367,13582.52,116993.31,32266818.15
5980,18,277,2026-09-30,BUY,22415,1767.49,99388.78,39717677.13
5981,28,145,2026-09-30,SELL,7421,427.83,10998.06,3163928.37
5982,30,140,2026-09-30,BUY,12211,1532.38,39501.62,18751393.80
5983,33,287,2026-09-30,BUY,328,1129.63,213.90,370732.54
5984,34,507,2026-09-30,BUY,205735,130.57,58228.97,26921047.92
5985,37,492,2026-09-30,SELL,37675,798.83,147591.54,29948328.71
5986,38,505,2026-09-30,BUY,70498,325.13,84332.49,23005347.23
5987,39,91,2026-09-30,BUY,85724,304.42,17082.79,26113182.87
5988,41,199,2026-09-30,BUY,4309,737.99,7783.69,3187782.60
5989,42,468,2026-09-30,BUY,45924,1038.12,26577.18,47701200.06
5990,43,208,2026-09-30,SELL,46600,614.19,53959.62,28567294.38
5991,45,176,2026-09-30,BUY,18216,2797.82,196278.06,51161367.18
5992,46,512,2026-09-30,SELL,1185255,74.43,329974.73,87888554.92
5993,47,277,2026-09-30,SELL,10633,1761.94,11317.85,18723390.17
5994,48,159,2026-09-30,SELL,76272,397.79,140168.71,30200070.17
5995,3,148,2026-10-01,SELL,120564,432.41,108553.34,52024525.90
5996,4,142,2026-10-01,SELL,61164,398.79,69107.47,24322484.09
5997,7,50,2026-10-01,SELL,84328,2051.54,268034.44,172734230.68
5998,9,255,2026-10-01,BUY,204476,526.32,88889.62,107708697.94
5999,11,411,2026-10-01,BUY,4476,2799.72,40620.81,12572167.53
6000,17,21,2026-10-01,BUY,246749,247.24,213140.32,61219363.08
6001,18,352,2026-10-01,BUY,10773,2821.41,76250.82,30471300.75
6002,21,516,2026-10-01,BUY,8697,1111.42,47638.76,9713658.50
6003,28,264,2026-10-01,BUY,5005,1766.40,30624.97,8871456.97
6004,33,317,2026-10-01,SELL,3151,336.86,612.77,1060833.09
6005,37,13,2026-10-01,SELL,13045,1390.38,88947.02,18048560.08
6006,39,91,2026-10-01,SELL,93955,301.93,18569.89,28349263.26
6007,41,304,2026-10-01,BUY,360,7743.54,6823.40,2794497.80
6008,42,50,2026-10-01,SELL,54703,2062.01,62881.60,112735251.43
6009,45,398,2026-10-01,BUY,33462,2152.36,277374.01,72299644.33
6010,46,518,2026-10-01,SELL,4851103,13.03,236431.74,62973440.35
6011,3,354,2026-10-05,BUY,65327,603.54,82097.24,39509554.82
6012,4,391,2026-10-05,BUY,69210,718.88,140964.61,49894649.41
6013,5,404,2026-10-05,DIVIDEND,0,0.00,0.00,549501.63
6014,5,430,2026-10-05,DIVIDEND,0,0.00,0.00,499183.31
6015,5,446,2026-10-05,DIVIDEND,0,0.00,0.00,2514957.76
6016,6,446,2026-10-05,DIVIDEND,0,0.00,0.00,14995.70
6017,7,277,2026-10-05,BUY,15681,1721.02,41811.76,27029126.38
6018,9,20,2026-10-05,BUY,68151,1571.51,88460.26,107188438.27
6019,11,181,2026-10-05,BUY,5174,864.13,14492.70,4485501.32
6020,12,391,2026-10-05,BUY,13334,710.93,44481.72,9524022.34
6021,14,446,2026-10-05,DIVIDEND,0,0.00,0.00,2050483.84
6022,18,522,2026-10-05,SELL,2139725,14.04,75364.48,29966374.52
6023,23,446,2026-10-05,DIVIDEND,0,0.00,0.00,1181226.39
6024,24,412,2026-10-05,BUY,33008,467.67,27431.91,15464283.27
6025,24,446,2026-10-05,DIVIDEND,0,0.00,0.00,961261.68
6026,25,520,2026-10-05,BUY,1406169,29.13,57718.64,41019421.61
6027,30,373,2026-10-05,SELL,28566,374.62,22591.11,10678803.81
6028,33,404,2026-10-05,DIVIDEND,0,0.00,0.00,11638.68
6029,33,430,2026-10-05,DIVIDEND,0,0.00,0.00,26330.95
6030,36,237,2026-10-05,BUY,55442,297.08,31238.43,16501947.79
6031,39,117,2026-10-05,SELL,339271,178.06,39545.42,60371048.84
6032,41,23,2026-10-05,SELL,788,1479.76,2854.15,1163196.73
6033,42,446,2026-10-05,BUY,48132,723.60,19415.75,34847730.95
6034,42,446,2026-10-05,DIVIDEND,0,0.00,0.00,2489653.05
6035,43,255,2026-10-05,SELL,50129,524.35,49555.35,26235585.80
6036,45,430,2026-10-05,DIVIDEND,0,0.00,0.00,1449400.52
6037,45,437,2026-10-05,BUY,24207,726.40,67719.82,17651684.62
6038,48,215,2026-10-05,DIVIDEND,0,0.00,0.00,203902.13
6039,48,282,2026-10-05,BUY,33755,345.82,53928.74,11727082.84
6040,49,194,2026-10-05,BUY,25008,627.95,70979.17,15774752.77
6041,2,513,2026-10-06,BUY,197002,104.09,67119.45,20573057.63
6042,3,186,2026-10-06,SELL,890186,421.36,781023.07,374307749.89
6043,4,65,2026-10-06,BUY,9420,2037.92,54390.48,19251596.88
6044,8,210,2026-10-06,SELL,6981,1046.91,16713.25,7291765.46
6045,11,522,2026-10-06,BUY,630452,13.94,28487.79,8816988.67
6046,13,468,2026-10-06,SELL,2240,1035.71,3176.74,2316813.66
6047,14,519,2026-10-06,BUY,2781894,13.85,29887.97,38559119.87
6048,17,226,2026-10-06,SELL,124615,1625.56,707725.43,201861433.97
6049,20,150,2026-10-06,BUY,43967,644.57,84069.50,28423878.69
6050,28,21,2026-10-06,BUY,109466,234.92,89080.31,25804833.03
6051,37,192,2026-10-06,DIVIDEND,0,0.00,0.00,143023.89
6052,38,513,2026-10-06,BUY,205853,103.94,78722.88,21475083.70
6053,42,111,2026-10-06,BUY,200155,511.83,57110.22,102502443.87
6054,43,469,2026-10-06,BUY,494184,396.11,369049.58,196120273.82
6055,45,307,2026-10-06,BUY,43831,383.51,64737.67,16874364.48
6056,46,192,2026-10-06,DIVIDEND,0,0.00,0.00,2608758.00
6057,47,353,2026-10-06,BUY,4003,2761.04,6676.90,11059120.02
6058,48,212,2026-10-06,BUY,54161,557.88,139591.68,30354930.36
6059,3,186,2026-10-07,BUY,410254,428.70,366214.98,176242104.78
6060,7,277,2026-10-07,SELL,37529,1639.41,95322.05,61430095.84
6061,15,473,2026-10-07,SELL,45309,832.91,137329.86,37600989.33
6062,18,520,2026-10-07,BUY,1397545,29.22,102444.26,40938709.16
6063,19,517,2026-10-07,BUY,812225,26.81,53549.10,21829301.35
6064,24,221,2026-10-07,DIVIDEND,0,0.00,0.00,89884.49
6065,28,78,2026-10-07,SELL,50815,591.76,104164.57,29966119.83
6066,30,221,2026-10-07,DIVIDEND,0,0.00,0.00,796187.30
6067,37,504,2026-10-07,BUY,679452,24.09,80269.29,16448267.97
6068,41,463,2026-10-07,BUY,1230,2405.94,7243.50,2966549.70
6069,45,437,2026-10-07,SELL,55456,742.54,158586.92,41019711.32
6070,46,489,2026-10-07,SELL,8680,1569.13,50944.76,13569103.64
6071,48,204,2026-10-07,SELL,39566,613.75,112187.82,24171444.68
6072,48,221,2026-10-07,DIVIDEND,0,0.00,0.00,778423.69
6073,48,274,2026-10-07,DIVIDEND,0,0.00,0.00,621000.72
6074,49,410,2026-10-07,SELL,350187,148.61,235220.38,51806069.69
6075,2,62,2026-10-08,BUY,6609,716.32,15495.71,4749654.59
6076,3,425,2026-10-08,BUY,47264,1509.39,148546.27,71488355.23
6077,4,371,2026-10-08,DIVIDEND,0,0.00,0.00,320340.51
6078,12,371,2026-10-08,DIVIDEND,0,0.00,0.00,107144.30
6079,15,366,2026-10-08,SELL,94523,707.01,243189.87,66585516.36
6080,21,310,2026-10-08,BUY,374,1860.80,3429.92,699369.12
6081,24,41,2026-10-08,SELL,92113,1228.05,201017.70,112918351.95
6082,28,443,2026-10-08,SELL,86159,148.35,44276.23,12737411.42
6083,30,398,2026-10-08,SELL,28236,2103.68,125394.94,59274113.54
6084,31,75,2026-10-08,DIVIDEND,0,0.00,0.00,2338844.60
6085,33,509,2026-10-08,BUY,11612,110.11,738.13,1279335.45
6086,39,67,2026-10-08,BUY,27670,602.66,10916.03,16686518.23
6087,40,501,2026-10-08,BUY,233636,259.99,150441.90,60893465.54
6088,41,324,2026-10-08,BUY,3295,768.54,6198.42,2538537.72
6089,43,211,2026-10-08,BUY,148981,81.26,22823.80,12129019.86
6090,45,400,2026-10-08,BUY,50535,1144.78,222799.01,58074256.31
6091,46,522,2026-10-08,BUY,7226602,14.04,379509.03,101841001.11
6092,47,371,2026-10-08,DIVIDEND,0,0.00,0.00,479763.93
6093,49,94,2026-10-08,BUY,34944,1954.94,308768.47,68622191.83
6094,3,354,2026-10-09,SELL,25758,569.30,30533.96,14633495.44
6095,4,508,2026-10-09,SELL,51846,93.57,13744.75,4837485.47
6096,9,315,2026-10-09,SELL,281415,124.88,29026.79,35114078.41
6097,17,21,2026-10-09,BUY,555596,234.16,454530.78,130552890.14
6098,18,38,2026-10-09,SELL,69133,352.53,61139.67,24310316.82
6099,20,287,2026-10-09,BUY,34353,1114.83,113609.56,38411364.55
6100,28,172,2026-10-09,SELL,33567,3210.18,373271.12,107382840.94
6101,30,232,2026-10-09,DIVIDEND,0,0.00,0.00,390281.48
6102,32,189,2026-10-09,BUY,10301,2266.21,89343.18,23433572.39
6103,34,508,2026-10-09,BUY,1381982,93.43,279882.82,129398461.08
6104,37,520,2026-10-09,BUY,351655,29.06,50114.83,10269209.13
6105,43,255,2026-10-09,SELL,27151,531.54,27208.34,14404634.20
6106,45,154,2026-10-09,BUY,17644,1180.86,80240.65,20915334.49
6107,46,481,2026-10-09,BUY,19042,1003.76,71492.97,19185090.89
6108,48,282,2026-10-09,SELL,57153,352.10,92968.78,20030602.52
6109,49,160,2026-10-09,SELL,15232,1578.62,108682.95,23936856.89
6110,2,414,2026-10-12,DIVIDEND,0,0.00,0.00,494374.17
6111,3,251,2026-10-12,BUY,33284,1708.81,118429.28,56994461.32
6112,4,4,2026-10-12,BUY,16221,1041.18,47850.70,16936831.48
6113,7,4,2026-10-12,BUY,20670,1044.60,33452.56,21625334.56
6114,8,395,2026-10-12,SELL,612,5916.76,8280.74,3612776.38
6115,8,414,2026-10-12,DIVIDEND,0,0.00,0.00,42882.52
6116,11,399,2026-10-12,SELL,9408,468.72,14294.03,4395423.73
6117,12,414,2026-10-12,DIVIDEND,0,0.00,0.00,236657.90
6118,22,522,2026-10-12,SELL,5311795,14.03,181773.79,74342710.06
6119,24,412,2026-10-12,SELL,32476,486.97,28103.61,15786734.11
6120,26,368,2026-10-12,BUY,53288,779.96,157873.09,41720381.57
6121,30,398,2026-10-12,BUY,18823,2171.40,86283.12,40958545.32
6122,35,414,2026-10-12,DIVIDEND,0,0.00,0.00,640672.48
6123,36,445,2026-10-12,BUY,58287,2365.51,261501.05,138139982.42
6124,39,237,2026-10-12,BUY,46980,305.63,9399.23,14367896.63
6125,43,255,2026-10-12,BUY,32614,520.92,32029.88,17021314.76
6126,46,41,2026-10-12,BUY,3253,1253.44,15251.36,4092691.68
6127,48,414,2026-10-12,DIVIDEND,0,0.00,0.00,360213.15
6128,49,339,2026-10-12,SELL,14636,1107.47,73262.42,16135668.50
6129,1,519,2026-10-13,BUY,1486643,13.75,26168.60,20467509.85
6130,3,425,2026-10-13,SELL,184172,1553.17,595624.29,285454800.95
6131,8,489,2026-10-13,DIVIDEND,0,0.00,0.00,72195.78
6132,12,489,2026-10-13,DIVIDEND,0,0.00,0.00,137086.30
6133,16,87,2026-10-13,SELL,22977,1947.36,22814.22,44721676.50
6134,17,102,2026-10-13,BUY,13703,1582.33,75753.76,21758421.75
6135,18,521,2026-10-13,SELL,1324950,30.17,100280.49,39873461.01
6136,19,489,2026-10-13,DIVIDEND,0,0.00,0.00,469940.92
6137,24,41,2026-10-13,BUY,92076,1241.21,203090.23,114488742.19
6138,26,80,2026-10-13,SELL,592900,259.61,584667.88,153338101.12
6139,30,221,2026-10-13,BUY,34992,428.92,31684.16,15040452.80
6140,32,464,2026-10-13,BUY,32130,351.04,43166.73,11322081.93
6141,33,489,2026-10-13,DIVIDEND,0,0.00,0.00,13313.01
6142,35,489,2026-10-13,DIVIDEND,0,0.00,0.00,372113.07
6143,42,111,2026-10-13,SELL,513557,521.19,149212.91,267511559.92
6144,43,469,2026-10-13,BUY,133286,394.57,99149.11,52689806.13
6145,44,223,2026-10-13,BUY,34783,1321.50,155837.36,46121571.86
6146,45,184,2026-10-13,SELL,1059616,217.09,885905.27,229146132.17
6147,46,489,2026-10-13,DIVIDEND,0,0.00,0.00,110881.36
6148,47,489,2026-10-13,DIVIDEND,0,0.00,0.00,242855.93
6149,3,286,2026-10-14,SELL,87120,591.18,107242.62,51396358.98
6150,4,50,2026-10-14,SELL,11909,1990.74,67169.90,23640552.76
6151,8,414,2026-10-14,SELL,927,8635.34,18305.99,7986654.19
6152,16,449,2026-10-14,SELL,56234,784.10,22482.08,44070597.32
6153,17,102,2026-10-14,BUY,32023,1582.86,177090.80,50865016.58
6154,18,352,2026-10-14,SELL,28293,2714.68,192681.17,76613760.07
6155,24,329,2026-10-14,BUY,35149,736.99,46033.28,25950494.79
6156,27,492,2026-10-14,BUY,4107,829.87,3130.48,3411406.57
6157,28,326,2026-10-14,SELL,123494,232.94,99648.88,28667043.48
6158,33,515,2026-10-14,BUY,12673,76.51,559.75,970170.98
6159,34,506,2026-10-14,BUY,268009,111.29,64653.65,29891375.26
6160,36,92,2026-10-14,BUY,54305,1326.01,136572.60,72145545.65
6161,40,506,2026-10-14,BUY,426012,111.24,117369.49,47506944.37
6162,43,130,2026-10-14,BUY,172072,178.28,57835.31,30734831.47
6163,48,274,2026-10-14,BUY,81514,412.40,155304.10,33771677.70
6164,49,94,2026-10-14,SELL,32908,1965.09,292287.89,64374893.83
6165,2,518,2026-10-15,BUY,1572587,12.83,66040.46,20242331.67
6166,3,388,2026-10-15,BUY,30108,1328.71,83299.41,40088100.09
6167,6,31,2026-10-15,SELL,637,1405.54,1728.32,893600.66
6168,7,519,2026-10-15,SELL,5599504,13.85,120153.98,77432976.42
6169,18,520,2026-10-15,BUY,996371,29.10,72737.05,29067133.15
6170,19,489,2026-10-15,BUY,13665,1543.10,51854.05,21138315.55
6171,23,254,2026-10-15,BUY,34573,745.16,61503.15,25823919.83
6172,24,166,2026-10-15,BUY,27950,224.65,11157.98,6290125.48
6173,28,426,2026-10-15,BUY,40729,375.11,52923.05,15330778.24
6174,32,216,2026-10-15,DIVIDEND,0,0.00,0.00,149319.10
6175,33,515,2026-10-15,BUY,18850,77.32,841.39,1458323.39
6176,39,113,2026-10-15,BUY,34674,288.88,6556.99,10023182.11
6177,43,171,2026-10-15,SELL,15499,1550.40,45303.07,23984346.53
6178,44,54,2026-10-15,BUY,238935,1449.74,1174376.26,347568003.16
6179,45,400,2026-10-15,SELL,18064,1192.91,82989.01,21465737.23
6180,46,522,2026-10-15,SELL,2029332,13.98,106116.07,28263945.29
6181,48,218,2026-10-15,SELL,30155,1161.55,161818.93,34864721.32
6182,49,64,2026-10-15,BUY,178193,264.23,212813.74,47296750.13
6183,3,200,2026-10-16,BUY,33580,876.10,61258.19,29480696.19
6184,5,391,2026-10-16,BUY,32702,699.04,108777.34,22968783.42
6185,6,411,2026-10-16,BUY,424,2832.10,2318.01,1203128.41
6186,7,463,2026-10-16,BUY,13556,2414.79,50716.55,32785609.79
6187,9,240,2026-10-16,DIVIDEND,0,0.00,0.00,2283669.52
6188,13,362,2026-10-16,BUY,10603,765.93,11120.20,8132275.99
6189,24,166,2026-10-16,BUY,49745,225.22,19909.20,11223478.10
6190,28,184,2026-10-16,BUY,57319,220.89,43858.84,12705052.75
6191,33,509,2026-10-16,BUY,8721,109.89,553.25,958903.94
6192,36,325,2026-10-16,BUY,145561,247.84,68421.62,36144259.86
6193,37,520,2026-10-16,BUY,562545,29.48,81327.72,16665154.32
6194,39,117,2026-10-16,BUY,85738,192.28,10791.72,16496494.36
6195,41,510,2026-10-16,SELL,33332,244.80,19972.46,8139701.14
6196,42,103,2026-10-16,BUY,66639,444.68,16519.53,29649550.05
6197,43,360,2026-10-16,SELL,898817,319.29,541049.28,286442230.65
6198,45,129,2026-10-16,BUY,177025,190.98,130203.14,33938437.64
6199,48,257,2026-10-16,BUY,12118,957.23,53589.45,11653302.59
6200,3,111,2026-10-19,BUY,26540,514.45,28429.81,13681932.81
6201,5,141,2026-10-19,BUY,38455,1357.96,248485.98,52468837.78
6202,7,516,2026-10-19,BUY,12495,1120.84,21697.95,14026593.75
6203,8,480,2026-10-19,SELL,1329,5962.48,18121.16,7906014.76
6204,13,317,2026-10-19,SELL,64644,344.41,30485.88,22233554.16
6205,15,8,2026-10-19,SELL,8556,9306.29,289754.23,79334863.01
6206,17,21,2026-10-19,BUY,377054,244.27,321784.53,92424765.11
6207,23,497,2026-10-19,BUY,16865,2530.21,101871.73,42773863.38
6208,28,306,2026-10-19,SELL,17760,1586.43,97599.22,28077397.58
6209,32,189,2026-10-19,BUY,7965,2199.17,67038.83,17583427.88
6210,35,435,2026-10-19,BUY,40708,1334.95,57265.61,54400410.21
6211,37,515,2026-10-19,BUY,28027,77.49,10650.65,2182462.88
6212,43,33,2026-10-19,BUY,78106,464.10,68340.19,36317334.79
6213,45,43,2026-10-19,BUY,15697,1706.73,103176.42,26893717.23
6214,48,282,2026-10-19,BUY,33749,327.07,50995.72,11089281.15
6215,49,382,2026-10-19,SELL,125088,173.78,98252.21,21639540.43
6216,2,202,2026-10-21,BUY,1567,5359.61,27489.76,8425998.63
6217,3,200,2026-10-21,SELL,184500,858.13,329669.87,157995315.13
6218,4,142,2026-10-21,SELL,27404,386.42,30002.57,10559451.11
6219,7,502,2026-10-21,BUY,14342,722.64,16057.23,10380160.11
6220,9,4,2026-10-21,BUY,37501,1011.98,31345.39,37981607.37
6221,12,249,2026-10-21,SELL,11764,1273.98,70325.35,14916775.37
6222,17,102,2026-10-21,SELL,45938,1539.81,247132.97,70488658.81
6223,24,329,2026-10-21,BUY,40015,742.37,52788.65,29758724.20
6224,28,115,2026-10-21,BUY,207123,30.56,21926.24,6351605.12
6225,29,220,2026-10-21,BUY,16154,311.61,9702.11,5043450.05
6226,32,17,2026-10-21,SELL,60950,737.22,171969.99,44761589.01
6227,33,38,2026-10-21,BUY,1901,353.79,388.26,672943.05
6228,38,507,2026-10-21,SELL,867330,126.86,404827.63,109624656.17
6229,43,211,2026-10-21,BUY,390751,87.95,64791.22,34431341.67
6230,45,38,2026-10-21,BUY,120812,354.59,164981.60,43003708.68
6231,46,86,2026-10-21,BUY,17337,1504.38,97555.64,26178991.70
6232,47,97,2026-10-21,BUY,12696,851.15,6528.15,10812728.55
6233,48,273,2026-10-21,BUY,92408,827.72,353366.27,76841316.03
6234,49,204,2026-10-21,SELL,198226,538.18,482186.52,106199082.16
6235,2,479,2026-10-22,SELL,15695,685.29,35205.01,10720421.54
6236,3,251,2026-10-22,BUY,24665,1686.27,86604.02,41678453.57
6237,9,222,2026-10-22,BUY,33421,681.62,18815.71,22799237.73
6238,12,295,2026-10-22,BUY,11795,547.64,30310.10,6489723.90
6239,18,295,2026-10-22,BUY,30536,542.74,41576.28,16614684.92
6240,21,520,2026-10-22,BUY,136906,29.43,19857.54,4049001.12
6241,24,253,2026-10-22,BUY,25389,701.33,31642.10,17837709.47
6242,28,417,2026-10-22,SELL,87616,393.26,119356.39,34336511.77
6243,32,518,2026-10-22,BUY,1316484,12.81,64542.62,16928702.66
6244,36,123,2026-10-22,BUY,16050,1752.86,53357.96,28186760.96
6245,37,504,2026-10-22,SELL,1343907,24.51,161534.90,32777625.67
6246,39,113,2026-10-22,BUY,41871,270.31,7408.98,11325558.99
6247,45,158,2026-10-22,BUY,20503,1513.22,119486.39,31145036.05
6248,46,517,2026-10-22,BUY,577756,26.92,58175.53,15611367.05
6249,48,204,2026-10-22,SELL,68693,555.80,176385.59,38003183.81
6250,49,468,2026-10-22,SELL,55377,976.52,244420.40,53832327.64
6251,3,56,2026-10-23,BUY,89340,391.88,72900.22,35083459.42
6252,3,388,2026-10-23,DIVIDEND,0,0.00,0.00,1364009.83
6253,4,140,2026-10-23,BUY,7564,1487.43,31876.67,11282797.19
6254,8,158,2026-10-23,DIVIDEND,0,0.00,0.00,49995.13
6255,11,411,2026-10-23,BUY,6026,2797.46,54643.30,16912137.26
6256,14,160,2026-10-23,BUY,4341,1513.01,5094.92,6573071.33
6257,17,78,2026-10-23,BUY,143158,595.33,297758.98,85524011.12
6258,18,8,2026-10-23,SELL,7613,9318.22,177963.29,70761645.57
6259,23,520,2026-10-23,BUY,1645287,29.34,115242.47,48387963.05
6260,28,417,2026-10-23,BUY,64595,396.91,88812.36,25727213.81
6261,30,161,2026-10-23,DIVIDEND,0,0.00,0.00,330721.40
6262,30,270,2026-10-23,BUY,10175,738.65,15866.10,7531629.85
6263,31,352,2026-10-23,SELL,57319,2665.48,162867.85,152619780.27
6264,33,201,2026-10-23,SELL,910,2002.40,1051.93,1821132.07
6265,36,158,2026-10-23,DIVIDEND,0,0.00,0.00,1214968.80
6266,39,481,2026-10-23,SELL,42083,1020.97,28125.66,42937354.85
6267,41,510,2026-10-23,BUY,19404,249.90,11869.06,4860928.66
6268,43,3,2026-10-23,SELL,72997,865.70,119138.65,63074364.25
6269,45,43,2026-10-23,SELL,10508,1714.13,69368.58,17942709.46
6270,45,154,2026-10-23,DIVIDEND,0,0.00,0.00,1419541.00
6271,45,158,2026-10-23,DIVIDEND,0,0.00,0.00,1114679.01
6272,46,522,2026-10-23,SELL,932565,13.85,48311.41,12867713.84
6273,47,61,2026-10-23,BUY,22354,808.75,10921.60,18089719.10
6274,49,154,2026-10-23,DIVIDEND,0,0.00,0.00,1055471.62
6275,49,154,2026-10-23,SELL,29548,1088.16,145327.48,32007624.20
6276,2,519,2026-10-26,BUY,531840,13.85,24110.13,7390094.13
6277,4,505,2026-10-26,BUY,14857,324.75,13669.89,4838480.64
6278,5,385,2026-10-26,DIVIDEND,0,0.00,0.00,624913.34
6279,5,404,2026-10-26,BUY,102869,510.26,249768.78,52739704.72
6280,10,385,2026-10-26,DIVIDEND,0,0.00,0.00,823059.07
6281,11,495,2026-10-26,BUY,3595,1042.24,12145.36,3758998.16
6282,16,132,2026-10-26,BUY,39864,446.61,9077.69,17812738.73
6283,17,368,2026-10-26,SELL,60475,804.47,169971.93,48480351.32
6284,23,487,2026-10-26,BUY,24854,1624.76,96404.27,40478189.31
6285,27,46,2026-10-26,BUY,1454,3704.86,4947.80,5391814.24
6286,33,247,2026-10-26,BUY,1103,930.32,592.38,1026735.34
6287,39,117,2026-10-26,BUY,125413,196.76,16153.35,24692415.23
6288,41,304,2026-10-26,SELL,993,8006.48,19460.31,7930974.33
6289,43,360,2026-10-26,BUY,419522,334.63,264667.03,140649313.89
6290,45,107,2026-10-26,SELL,61592,180.05,42708.70,11046930.90
6291,47,251,2026-10-26,SELL,21945,1653.64,21922.67,36267207.13
6292,49,123,2026-10-26,SELL,55390,1759.97,440619.31,97044118.99
6293,2,518,2026-10-27,BUY,1581228,12.74,65937.53,20210782.25
6294,3,148,2026-10-27,SELL,97095,409.43,82776.36,39670829.49
6295,5,152,2026-10-27,BUY,22567,3475.75,373236.81,78810487.06
6296,8,27,2026-10-27,SELL,6510,792.86,11803.52,5149715.08
6297,15,484,2026-10-27,BUY,4327,5244.52,82580.04,22775618.08
6298,16,132,2026-10-27,SELL,88451,439.92,19840.04,38891523.88
6299,24,41,2026-10-27,BUY,23293,1225.34,50720.01,28592564.63
6300,27,146,2026-10-27,SELL,75545,499.04,34627.19,37665349.61
6301,28,138,2026-10-27,BUY,18884,565.09,36965.29,10708124.85
6302,32,499,2026-10-27,BUY,98959,337.74,127914.46,33550327.12
6303,36,73,2026-10-27,SELL,11938,3430.33,77668.41,40873611.13
6304,45,182,2026-10-27,SELL,21831,2728.02,229361.30,59326043.32
6305,48,159,2026-10-27,SELL,36238,389.81,65260.33,14060674.45
6306,49,410,2026-10-27,BUY,625731,166.05,469627.42,104372259.97
6307,50,499,2026-10-27,BUY,170679,339.98,138256.33,58165702.75
6308,3,111,2026-10-28,BUY,45649,539.98,51326.16,24700873.18
6309,4,20,2026-10-28,BUY,8347,1693.42,40047.92,14175024.66
6310,9,280,2026-10-28,BUY,2658028,59.30,130188.64,157751249.04
6311,10,442,2026-10-28,BUY,48030,526.01,82753.03,25347013.33
6312,12,86,2026-10-28,BUY,2798,1533.08,20128.29,4309686.13
6313,14,398,2026-10-28,BUY,8854,1829.54,12565.72,16211312.88
6314,15,92,2026-10-28,DIVIDEND,0,0.00,0.00,1152508.45
6315,15,351,2026-10-28,DIVIDEND,0,0.00,0.00,802501.59
6316,17,316,2026-10-28,SELL,626866,213.53,467654.47,133387042.51
6317,18,92,2026-10-28,DIVIDEND,0,0.00,0.00,1155685.23
6318,18,317,2026-10-28,SELL,23980,348.45,20961.93,8334869.07
6319,22,522,2026-10-28,BUY,3763820,13.89,127515.62,52406975.42
6320,23,497,2026-10-28,SELL,73487,2663.56,467287.07,195269746.65
6321,24,255,2026-10-28,BUY,11851,539.04,11352.02,6399515.06
6322,26,260,2026-10-28,SELL,231015,434.34,381132.84,99957922.26
6323,28,295,2026-10-28,BUY,24564,516.55,43953.55,12732487.75
6324,31,10,2026-10-28,BUY,41201,950.77,41758.47,39214433.24
6325,35,351,2026-10-28,DIVIDEND,0,0.00,0.00,722666.06
6326,36,92,2026-10-28,DIVIDEND,0,0.00,0.00,375850.32
6327,37,501,2026-10-28,BUY,127647,270.17,169122.57,34655512.56
6328,39,91,2026-10-28,SELL,187646,304.20,37366.43,57044546.77
6329,43,211,2026-10-28,BUY,180826,87.42,29802.45,15837611.37
6330,45,437,2026-10-28,SELL,13727,797.06,42137.19,10899105.43
6331,46,92,2026-10-28,DIVIDEND,0,0.00,0.00,233642.48
6332,46,374,2026-10-28,BUY,43601,184.81,30139.97,8088040.78
6333,47,481,2026-10-28,BUY,6150,1060.78,3941.10,6527738.10
6334,8,201,2026-10-29,BUY,883,2101.07,4242.63,1859487.44
6335,9,20,2026-10-29,BUY,10602,1693.05,14825.74,17964541.84
6336,10,520,2026-10-29,BUY,2321886,29.37,223368.61,68417160.43
6337,13,519,2026-10-29,BUY,1543445,14.04,29672.43,21699640.23
6338,14,520,2026-10-29,BUY,1081361,29.22,24510.77,31621879.19
6339,17,102,2026-10-29,BUY,26543,1421.49,131821.21,37862430.28
6340,18,500,2026-10-29,SELL,21321,899.61,48117.55,19132467.26
6341,28,295,2026-10-29,BUY,12122,513.25,21551.91,6243168.41
6342,30,398,2026-10-29,SELL,8662,1868.83,34173.16,16153632.30
6343,35,473,2026-10-29,BUY,68867,807.29,58585.47,55654225.90
6344,36,516,2026-10-29,SELL,46753,1129.25,100132.84,52695692.41
6345,38,510,2026-10-29,BUY,425028,243.87,381361.62,104032939.98
6346,39,113,2026-10-29,BUY,75933,306.68,15244.01,23302376.45
6347,43,78,2026-10-29,SELL,22047,632.22,26278.34,13912276.00
6348,45,437,2026-10-29,BUY,11411,791.94,34802.86,9071630.20
6349,46,86,2026-10-29,SELL,9084,1516.69,51534.11,13726077.85
6350,48,435,2026-10-29,BUY,117937,1370.21,746567.85,162345024.62
6351,49,400,2026-10-29,SELL,20659,1159.19,108240.76,23839465.45
6352,6,262,2026-10-30,BUY,1131,1572.62,3433.43,1782066.65
6353,7,142,2026-10-30,BUY,88498,408.72,56040.00,36226942.56
6354,12,413,2026-10-30,BUY,6861,1179.98,37988.87,8133831.65
6355,15,30,2026-10-30,BUY,75090,1039.46,284035.29,78337086.69
6356,17,169,2026-10-30,BUY,223510,320.05,249923.02,71784298.52
6357,18,512,2026-10-30,SELL,4218079,76.42,808655.19,321536941.99
6358,20,202,2026-10-30,BUY,5411,5506.54,88388.93,29884276.87
6359,28,417,2026-10-30,SELL,12548,391.95,17036.79,4901151.81
6360,31,10,2026-10-30,BUY,57430,952.31,58301.33,54749464.63
6361,33,492,2026-10-30,BUY,583,929.42,312.81,542164.67
6362,36,171,2026-10-30,SELL,10279,1464.72,28555.02,15027301.86
6363,39,91,2026-10-30,BUY,305816,299.44,59945.02,91633488.06
6364,41,383,2026-10-30,BUY,1251,1009.00,3089.64,1265348.64
6365,44,194,2026-10-30,SELL,142807,615.77,298129.80,87638136.59
6366,45,184,2026-10-30,BUY,587898,225.57,510719.31,133122871.17
6367,46,172,2026-10-30,SELL,16830,3489.86,219691.36,58514652.44
6368,49,96,2026-10-30,SELL,57010,660.07,170085.75,37460504.95
6369,3,180,2026-11-02,SELL,4232314,140.16,1235184.32,591965945.92
6370,5,60,2026-11-02,BUY,9471,2881.19,129846.38,27417596.87
6371,12,5,2026-11-02,BUY,9945,1058.04,49374.33,10571582.13
6372,14,418,2026-11-02,BUY,50254,520.76,20300.86,26190573.90
6373,18,61,2026-11-02,SELL,192415,839.48,405220.04,161123324.16
6374,24,432,2026-11-02,SELL,48121,325.01,27792.57,15612013.64
6375,36,209,2026-11-02,BUY,2388,6636.83,30058.82,15878808.86
6376,37,160,2026-11-02,BUY,6371,1427.78,44609.02,9140995.40
6377,41,304,2026-11-02,SELL,717,7877.29,13824.67,5634192.26
6378,48,257,2026-11-02,SELL,27066,947.53,118481.11,25527365.87
6379,49,160,2026-11-02,BUY,19816,1449.35,129812.39,28850131.99
6380,3,388,2026-11-03,BUY,25075,1334.31,69667.06,33527490.31
6381,4,61,2026-11-03,BUY,10019,846.03,24015.69,8500390.26
6382,7,51,2026-11-03,DIVIDEND,0,0.00,0.00,1996165.13
6383,15,178,2026-11-03,SELL,30175,3434.58,377140.64,103261310.86
6384,17,169,2026-11-03,BUY,274260,331.99,318111.19,91369688.59
6385,24,172,2026-11-03,BUY,3442,3552.37,21728.33,12248985.87
6386,25,411,2026-11-03,SELL,88468,2975.81,370962.04,262892997.04
6387,28,51,2026-11-03,DIVIDEND,0,0.00,0.00,409603.99
6388,28,426,2026-11-03,SELL,148758,384.81,198293.81,57045272.17
6389,29,519,2026-11-03,SELL,3374669,14.00,91061.36,47154304.64
6390,30,51,2026-11-03,DIVIDEND,0,0.00,0.00,949373.60
6391,33,506,2026-11-03,SELL,4538,114.36,299.60,518666.08
6392,37,152,2026-11-03,BUY,3042,3654.99,54525.45,11173005.03
6393,41,182,2026-11-03,SELL,715,3042.06,5323.93,2169748.97
6394,47,20,2026-11-03,BUY,7162,1735.30,7508.03,12435726.63
6395,48,215,2026-11-03,BUY,11644,612.96,32973.60,7170279.84
6396,49,154,2026-11-03,BUY,17930,1081.90,87678.74,19486145.74
6397,50,511,2026-11-03,BUY,159935,127.62,48631.07,20459535.77
6398,1,257,2026-11-04,DIVIDEND,0,0.00,0.00,554214.37
6399,2,202,2026-11-04,SELL,3208,5474.02,57479.04,17503177.12
6400,4,421,2026-11-04,SELL,117136,156.51,51941.84,18281013.52
6401,5,131,2026-11-04,SELL,108368,211.55,109087.80,22816162.60
6402,8,413,2026-11-04,DIVIDEND,0,0.00,0.00,307587.92
6403,10,257,2026-11-04,BUY,12010,971.20,38205.77,11702317.77
6404,10,257,2026-11-04,DIVIDEND,0,0.00,0.00,1598154.81
6405,11,522,2026-11-04,SELL,2633415,13.91,118738.16,36512064.49
6406,12,150,2026-11-04,SELL,50299,698.51,164864.17,34969490.32
6407,12,413,2026-11-04,DIVIDEND,0,0.00,0.00,741867.62
6408,14,413,2026-11-04,DIVIDEND,0,0.00,0.00,1005255.46
6409,15,413,2026-11-04,DIVIDEND,0,0.00,0.00,950807.10
6410,17,307,2026-11-04,SELL,105444,356.27,131247.97,37435285.91
6411,17,413,2026-11-04,DIVIDEND,0,0.00,0.00,3624232.03
6412,18,512,2026-11-04,BUY,2483515,75.17,468331.07,187154153.62
6413,21,413,2026-11-04,DIVIDEND,0,0.00,0.00,121463.07
6414,28,326,2026-11-04,BUY,277052,252.56,242386.45,70214639.57
6415,30,413,2026-11-04,DIVIDEND,0,0.00,0.00,827235.12
6416,36,507,2026-11-04,BUY,160134,132.39,40208.30,21240348.56
6417,39,342,2026-11-04,SELL,166715,109.55,11955.57,18251672.68
6418,43,3,2026-11-04,BUY,73368,964.88,133462.79,70924778.63
6419,45,400,2026-11-04,BUY,14091,1172.32,63619.02,16582780.14
6420,47,413,2026-11-04,DIVIDEND,0,0.00,0.00,325766.42
6421,48,257,2026-11-04,DIVIDEND,0,0.00,0.00,404505.87
6422,48,370,2026-11-04,SELL,71464,366.21,120906.48,26049924.96
6423,49,137,2026-11-04,SELL,102918,1619.58,753391.36,165930543.08
6424,2,519,2026-11-05,SELL,856144,13.82,38727.87,11793182.21
6425,3,148,2026-11-05,SELL,216719,432.11,194993.94,93451453.15
6426,7,463,2026-11-05,DIVIDEND,0,0.00,0.00,2678739.36
6427,12,463,2026-11-05,DIVIDEND,0,0.00,0.00,452631.56
6428,13,317,2026-11-05,DIVIDEND,0,0.00,0.00,216661.28
6429,17,226,2026-11-05,BUY,75404,1727.70,455149.63,130730640.43
6430,18,317,2026-11-05,DIVIDEND,0,0.00,0.00,242432.71
6431,20,317,2026-11-05,DIVIDEND,0,0.00,0.00,790616.62
6432,20,463,2026-11-05,DIVIDEND,0,0.00,0.00,659980.36
6433,21,413,2026-11-05,BUY,1433,1200.63,8479.46,1728982.25
6434,23,317,2026-11-05,DIVIDEND,0,0.00,0.00,5178651.48
6435,25,463,2026-11-05,DIVIDEND,0,0.00,0.00,3003577.39
6436,27,245,2026-11-05,BUY,4944,1150.31,5223.60,5692356.24
6437,28,426,2026-11-05,SELL,135604,381.28,179101.41,51523991.71
6438,31,317,2026-11-05,DIVIDEND,0,0.00,0.00,3591843.88
6439,32,317,2026-11-05,DIVIDEND,0,0.00,0.00,1268050.90
6440,32,499,2026-11-05,SELL,107586,355.49,146374.36,38099372.78
6441,33,317,2026-11-05,DIVIDEND,0,0.00,0.00,25292.26
6442,35,463,2026-11-05,DIVIDEND,0,0.00,0.00,630355.50
6443,35,473,2026-11-05,BUY,44566,854.24,40117.39,38110177.23
6444,37,391,2026-11-05,SELL,8798,724.03,31238.80,6338777.14
6445,39,237,2026-11-05,BUY,59437,328.09,12765.36,19513450.69
6446,41,463,2026-11-05,DIVIDEND,0,0.00,0.00,146154.38
6447,41,476,2026-11-05,SELL,1222,2155.24,6446.52,2627256.76
6448,42,317,2026-11-05,DIVIDEND,0,0.00,0.00,1752752.60
6449,46,30,2026-11-05,BUY,13331,1062.66,52988.05,14219308.51
6450,47,353,2026-11-05,SELL,6397,2809.49,10857.27,17961450.26
6451,48,457,2026-11-05,BUY,49529,796.20,182185.50,39617175.30
6452,2,492,2026-11-06,SELL,60675,998.03,198208.44,60357261.81
6453,3,138,2026-11-06,SELL,280681,588.63,344021.20,164873235.83
6454,7,245,2026-11-06,SELL,105369,1076.47,175733.11,113250834.32
6455,8,158,2026-11-06,BUY,1038,1629.58,3868.18,1695372.22
6456,10,497,2026-11-06,BUY,11215,2978.21,109403.67,33510028.82
6457,13,519,2026-11-06,BUY,2675515,13.97,51179.80,37428124.35
6458,18,136,2026-11-06,SELL,7589,14478.35,275641.92,109600556.23
6459,19,521,2026-11-06,BUY,2513928,30.78,190283.19,77568987.03
6460,26,16,2026-11-06,SELL,568721,169.15,365407.65,95833749.50
6461,28,443,2026-11-06,DIVIDEND,0,0.00,0.00,160281.72
6462,28,443,2026-11-06,SELL,43921,178.54,27163.78,7814491.56
6463,30,362,2026-11-06,BUY,21890,769.28,35549.00,16875088.20
6464,32,276,2026-11-06,SELL,6143,5151.51,121114.71,31524611.22
6465,36,241,2026-11-06,SELL,25200,3434.60,164154.83,86387765.17
6466,43,33,2026-11-06,BUY,90212,527.30,89681.39,47658468.99
6467,45,184,2026-11-06,SELL,180245,238.36,165460.97,42797737.23
6468,46,86,2026-11-06,BUY,8475,1583.44,50195.20,13469849.20
6469,48,137,2026-11-06,SELL,20002,1648.74,152355.34,32825742.14
6470,3,180,2026-11-09,BUY,2914272,146.20,887170.83,426953737.23
6471,7,516,2026-11-09,BUY,36886,1116.48,63804.50,41246285.78
6472,9,330,2026-11-09,BUY,122398,317.76,32124.21,38925312.69
6473,14,447,2026-11-09,BUY,15856,2714.13,33383.39,43068628.67
6474,15,261,2026-11-09,DIVIDEND,0,0.00,0.00,2803758.92
6475,16,276,2026-11-09,BUY,9908,5028.15,25401.56,49844311.76
6476,17,120,2026-11-09,SELL,50914,470.49,83691.06,23870836.80
6477,18,92,2026-11-09,SELL,67946,1340.84,228550.67,90876163.97
6478,19,518,2026-11-09,BUY,2416576,12.82,76184.65,31056688.97
6479,20,435,2026-11-09,BUY,23536,1439.61,100512.27,33983173.23
6480,24,221,2026-11-09,DIVIDEND,0,0.00,0.00,97941.71
6481,24,255,2026-11-09,BUY,10636,570.77,10787.90,6081497.62
6482,26,100,2026-11-09,BUY,35228,1204.96,161237.85,42609568.73
6483,27,26,2026-11-09,SELL,56372,819.17,42414.43,46135836.81
6484,28,103,2026-11-09,SELL,56333,487.46,95122.74,27364961.44
6485,30,101,2026-11-09,SELL,14847,729.82,22874.50,10812763.04
6486,30,221,2026-11-09,DIVIDEND,0,0.00,0.00,999149.11
6487,31,245,2026-11-09,BUY,7058,1077.79,8109.18,7615151.00
6488,32,480,2026-11-09,BUY,3636,6451.21,89773.24,23546372.80
6489,35,462,2026-11-09,BUY,33091,1803.95,62904.76,59757414.21
6490,36,516,2026-11-09,BUY,55006,1121.72,117023.07,61818353.39
6491,37,9,2026-11-09,BUY,1640,3543.33,28497.66,5839558.86
6492,37,261,2026-11-09,DIVIDEND,0,0.00,0.00,275113.28
6493,39,342,2026-11-09,SELL,229475,110.73,16633.51,25393133.24
6494,41,160,2026-11-09,BUY,1342,1463.16,4806.21,1968366.93
6495,43,211,2026-11-09,BUY,385554,101.42,73720.63,39176607.31
6496,45,398,2026-11-09,BUY,7111,1921.70,52627.80,13717836.50
6497,47,261,2026-11-09,DIVIDEND,0,0.00,0.00,304963.03
6498,48,221,2026-11-09,DIVIDEND,0,0.00,0.00,848201.39
6499,48,294,2026-11-09,BUY,2230,4647.58,47881.07,10411984.47
6500,49,261,2026-11-09,DIVIDEND,0,0.00,0.00,654991.22
6501,49,312,2026-11-09,BUY,9916,1740.11,77990.21,17332920.97
6502,2,521,2026-11-11,BUY,398046,30.45,39672.48,12160173.18
6503,3,251,2026-11-11,BUY,43851,1797.62,164137.26,78991571.88
6504,10,385,2026-11-11,BUY,37195,300.14,36566.70,11200274.00
6505,11,297,2026-11-11,SELL,27837,710.56,64116.10,19715742.62
6506,12,397,2026-11-11,BUY,13807,830.35,53796.60,11518439.05
6507,14,521,2026-11-11,BUY,1860532,30.50,44019.30,56790245.30
6508,16,518,2026-11-11,SELL,5714805,12.81,37326.45,73169325.60
6509,17,21,2026-11-11,BUY,290489,273.87,277949.33,79834171.76
6510,21,413,2026-11-11,SELL,1500,1136.27,8400.12,1696004.88
6511,23,497,2026-11-11,SELL,30997,2993.43,221513.16,92565836.55
6512,28,417,2026-11-11,SELL,21769,410.89,30984.65,8913679.76
6513,31,19,2026-11-11,SELL,32073,984.95,33675.58,31556625.77
6514,32,189,2026-11-11,SELL,21212,2285.67,185556.85,48298075.19
6515,36,521,2026-11-11,BUY,1258921,30.77,73468.80,38810467.97
6516,37,261,2026-11-11,SELL,15043,1124.85,82981.81,16838136.74
6517,39,481,2026-11-11,SELL,30591,1149.96,23028.17,35155398.19
6518,41,160,2026-11-11,SELL,4505,1559.09,17191.94,7006508.51
6519,43,27,2026-11-11,BUY,73145,808.15,111444.04,59223575.79
6520,46,301,2026-11-11,BUY,6732,3288.27,82800.40,22219434.04
6521,49,137,2026-11-11,BUY,72396,1616.97,529106.90,117591267.02
6522,50,506,2026-11-11,BUY,400225,117.51,112054.84,47142494.59
6523,4,421,2026-11-12,BUY,290699,152.81,125857.81,44547572.00
6524,4,484,2026-11-12,DIVIDEND,0,0.00,0.00,50985.20
6525,5,44,2026-11-12,BUY,6406,4325.26,131844.27,27839459.83
6526,7,51,2026-11-12,BUY,10252,2744.50,43592.39,28180206.39
6527,8,362,2026-11-12,SELL,6442,751.10,11065.03,4827521.17
6528,9,4,2026-11-12,SELL,147273,1049.57,127671.33,154445651.28
6529,13,468,2026-11-12,BUY,3216,1078.03,4747.25,3471691.73
6530,15,52,2026-11-12,SELL,3692,3554.79,47759.31,13076525.37
6531,15,484,2026-11-12,DIVIDEND,0,0.00,0.00,1465757.17
6532,18,24,2026-11-12,BUY,9995,1270.15,31847.80,12726997.05
6533,24,172,2026-11-12,SELL,6993,3638.80,45218.80,25400909.60
6534,25,484,2026-11-12,DIVIDEND,0,0.00,0.00,1117268.63
6535,28,362,2026-11-12,BUY,10413,758.14,27346.88,7921858.70
6536,38,503,2026-11-12,BUY,1308551,53.06,255457.68,69687173.74
6537,39,361,2026-11-12,SELL,48945,1339.28,42910.43,65508149.17
6538,41,202,2026-11-12,BUY,213,5504.75,2869.96,1175381.71
6539,42,401,2026-11-12,BUY,35882,1328.53,26574.78,47696888.24
6540,43,3,2026-11-12,BUY,13761,978.19,25377.77,13486250.36
6541,44,53,2026-11-12,DIVIDEND,0,0.00,0.00,3160240.39
6542,44,487,2026-11-12,BUY,12269,1720.46,71563.42,21179887.16
6543,48,257,2026-11-12,BUY,10165,932.45,43789.00,9522143.25
6544,49,269,2026-11-12,DIVIDEND,0,0.00,0.00,73369.45
6545,1,395,2026-11-13,SELL,4728,7129.16,43150.61,33663517.87
6546,3,48,2026-11-13,SELL,94374,1083.24,212866.27,102016825.49
6547,4,519,2026-11-13,SELL,3739471,13.93,147586.33,51943244.70
6548,6,522,2026-11-13,BUY,119386,13.99,3224.13,1673434.27
6549,8,189,2026-11-13,DIVIDEND,0,0.00,0.00,67285.71
6550,12,189,2026-11-13,DIVIDEND,0,0.00,0.00,195083.99
6551,12,219,2026-11-13,BUY,1775,2037.81,16972.91,3634085.66
6552,17,226,2026-11-13,SELL,34911,1830.30,223242.07,63674361.23
6553,18,514,2026-11-13,SELL,1829045,82.54,378730.68,150590643.62
6554,24,198,2026-11-13,SELL,105532,129.58,24300.74,13650535.82
6555,26,406,2026-11-13,SELL,63972,3341.55,811978.00,212953658.60
6556,27,10,2026-11-13,BUY,4413,964.33,3908.73,4259497.02
6557,32,189,2026-11-13,DIVIDEND,0,0.00,0.00,622916.09
6558,33,514,2026-11-13,BUY,4862,81.30,228.19,395508.79
6559,39,218,2026-11-13,DIVIDEND,0,0.00,0.00,426949.86
6560,39,237,2026-11-13,SELL,96570,319.59,20203.12,30842603.18
6561,43,27,2026-11-13,BUY,28593,870.60,46930.87,24939996.67
6562,43,218,2026-11-13,DIVIDEND,0,0.00,0.00,99149.80
6563,44,90,2026-11-13,SELL,118417,2319.95,931386.74,273790132.41
6564,45,154,2026-11-13,SELL,15148,1098.44,64081.19,16575087.93
6565,46,30,2026-11-13,BUY,17998,1065.83,71751.84,19254560.18
6566,46,189,2026-11-13,DIVIDEND,0,0.00,0.00,242195.62
6567,47,384,2026-11-13,BUY,6651,795.86,3197.72,5296462.58
6568,48,1,2026-11-13,BUY,67415,246.36,76728.87,16685088.27
6569,48,218,2026-11-13,DIVIDEND,0,0.00,0.00,103676.73
6570,49,64,2026-11-13,SELL,293144,307.97,408052.76,89871504.92
6571,2,9,2026-11-16,BUY,2182,3463.01,24733.03,7581020.85
6572,3,251,2026-11-16,SELL,305280,1829.93,1163222.06,557477808.34
6573,6,207,2026-11-16,SELL,452,3209.84,2800.68,1448047.00
6574,7,97,2026-11-16,BUY,24544,943.94,35894.55,23203957.91
6575,9,20,2026-11-16,BUY,16905,1792.05,25022.12,30319627.37
6576,10,442,2026-11-16,SELL,28245,557.40,51568.66,15692194.34
6577,16,132,2026-11-16,BUY,51476,478.32,12554.21,24634554.53
6578,28,295,2026-11-16,SELL,31631,551.09,60383.45,17371144.34
6579,33,404,2026-11-16,SELL,1467,564.44,478.02,827555.46
6580,34,500,2026-11-16,BUY,84963,966.79,178053.08,82319431.85
6581,35,464,2026-11-16,BUY,81343,343.14,29413.09,27941450.11
6582,39,360,2026-11-16,BUY,161542,350.11,37023.12,56594492.74
6583,43,469,2026-11-16,BUY,98320,508.37,94232.78,50077171.18
6584,45,154,2026-11-16,BUY,13805,1116.55,59362.69,15473335.44
6585,48,244,2026-11-16,SELL,76362,673.43,237575.60,51186886.06
6586,49,123,2026-11-16,BUY,17294,1903.74,148809.27,33072088.83
6587,4,515,2026-11-17,BUY,194292,76.37,42039.99,14880120.03
6588,5,111,2026-11-17,SELL,74145,582.74,205597.96,43001659.34
6589,7,381,2026-11-17,BUY,5170,5422.04,43430.22,28075377.02
6590,9,366,2026-11-17,BUY,41929,765.71,26517.81,32131972.40
6591,20,287,2026-11-17,BUY,39002,1206.48,139588.15,47194721.11
6592,24,446,2026-11-17,BUY,15897,759.52,21456.15,12095545.59
6593,28,393,2026-11-17,BUY,3982,1289.12,17781.86,5151057.70
6594,32,459,2026-11-17,BUY,31236,540.32,64593.42,16942028.94
6595,35,207,2026-11-17,SELL,19310,3236.46,65856.96,62430185.64
6596,37,313,2026-11-17,SELL,2527,1386.40,17180.97,3486251.83
6597,39,342,2026-11-17,BUY,706449,111.91,51752.68,79110460.27
6598,41,468,2026-11-17,BUY,2026,1099.75,5453.71,2233547.21
6599,43,212,2026-11-17,BUY,24155,589.98,26867.33,14277834.23
6600,45,158,2026-11-17,BUY,13279,1614.23,82552.41,21517912.58
6601,47,261,2026-11-17,BUY,5549,1175.35,3940.02,6525957.17
6602,48,282,2026-11-17,BUY,57669,387.64,103276.87,22458088.03
6603,49,261,2026-11-17,BUY,10166,1173.58,53924.94,11984539.22
6604,5,60,2026-11-18,SELL,21693,3031.31,312904.69,65445303.14
6605,7,51,2026-11-18,DIVIDEND,0,0.00,0.00,2144606.84
6606,10,207,2026-11-18,BUY,5459,3195.47,57138.01,17501208.74
6607,18,120,2026-11-18,BUY,11993,491.41,14784.73,5908264.86
6608,19,522,2026-11-18,BUY,14188525,14.08,491268.45,200265700.45
6609,23,87,2026-11-18,SELL,7856,2142.21,40176.70,16789025.06
6610,24,412,2026-11-18,BUY,26254,571.35,26656.00,15026878.90
6611,27,146,2026-11-18,BUY,16351,532.37,7995.29,8712777.16
6612,28,51,2026-11-18,DIVIDEND,0,0.00,0.00,388600.82
6613,28,306,2026-11-18,BUY,14516,1893.32,95203.62,27578636.74
6614,30,51,2026-11-18,DIVIDEND,0,0.00,0.00,900692.80
6615,30,198,2026-11-18,BUY,143038,133.87,40423.31,19188920.37
6616,36,502,2026-11-18,BUY,14555,783.70,21634.11,11428387.61
6617,38,510,2026-11-18,BUY,221637,244.81,199633.07,54458587.04
6618,39,481,2026-11-18,BUY,50935,1145.73,38201.61,58395959.16
6619,41,9,2026-11-18,BUY,830,3535.39,7182.48,2941556.18
6620,42,341,2026-11-18,SELL,3274,4201.10,7667.67,13746733.73
6621,43,211,2026-11-18,SELL,553268,91.39,95326.68,50467835.84
6622,45,176,2026-11-18,SELL,19611,3206.21,242153.45,62634830.86
6623,46,243,2026-11-18,SELL,35850,666.39,89359.04,23800722.46
6624,48,457,2026-11-18,BUY,20572,841.77,80002.22,17396894.66
6625,49,312,2026-11-18,SELL,25579,1748.25,202122.19,44516364.56
6626,3,148,2026-11-19,SELL,94019,434.10,84983.62,40728664.28
6627,7,34,2026-11-19,BUY,24764,1714.52,65781.26,42524154.54
6628,11,297,2026-11-19,BUY,11652,711.87,26887.17,8321596.41
6629,14,516,2026-11-19,SELL,145058,1117.57,125754.21,161986714.85
6630,17,226,2026-11-19,BUY,21539,1897.25,142771.52,41007639.27
6631,18,120,2026-11-19,BUY,39535,482.00,47804.68,19103674.68
6632,20,476,2026-11-19,BUY,2534,2183.26,16411.70,5548792.54
6633,23,317,2026-11-19,BUY,250364,348.67,208399.77,87502815.65
6634,24,230,2026-11-19,SELL,18237,1127.92,36553.50,20533323.54
6635,27,10,2026-11-19,BUY,5447,956.10,4783.40,5212660.10
6636,28,172,2026-11-19,BUY,11351,3702.53,145584.52,42173002.55
6637,30,398,2026-11-19,BUY,4342,1988.03,18222.58,8650248.84
6638,36,512,2026-11-19,BUY,308967,74.24,43503.78,22981213.86
6639,37,520,2026-11-19,SELL,568838,29.47,82209.61,16681446.25
6640,39,481,2026-11-19,BUY,45948,1145.74,34461.63,52678923.15
6641,41,383,2026-11-19,SELL,3523,1218.99,10511.67,4283990.10
6642,43,360,2026-11-19,SELL,419522,344.00,272077.99,144043490.01
6643,45,398,2026-11-19,BUY,7367,1979.47,56161.48,14638916.97
6644,48,204,2026-11-19,BUY,140039,674.49,436371.71,94891276.82
6645,49,468,2026-11-19,SELL,147024,1101.86,732219.93,161267644.71
6646,3,48,2026-11-20,SELL,12090,1091.23,27470.87,13165499.83
6647,13,518,2026-11-20,BUY,927775,12.97,16476.97,12049718.72
6648,17,21,2026-11-20,BUY,385232,295.11,397189.50,114083005.02
6649,18,520,2026-11-20,BUY,956889,29.59,71031.04,28385376.55
6650,24,198,2026-11-20,BUY,145093,133.44,34405.65,19395615.57
6651,28,422,2026-11-20,BUY,444806,52.48,80862.46,23424281.34
6652,29,521,2026-11-20,SELL,4766866,30.36,278939.24,144443112.52
6653,32,317,2026-11-20,BUY,30814,350.17,41296.08,10831434.46
6654,33,519,2026-11-20,BUY,28054,14.09,228.19,395509.05
6655,37,176,2026-11-20,SELL,2457,3109.57,37467.90,7602745.59
6656,39,67,2026-11-20,SELL,56738,536.96,19943.39,30446093.09
6657,43,218,2026-11-20,SELL,5112,1232.65,11879.85,6289426.95
6658,44,301,2026-11-20,SELL,11497,3362.30,131056.44,38525306.66
6659,45,398,2026-11-20,BUY,8218,1966.97,62253.37,16226812.83
6660,48,367,2026-11-20,SELL,232322,269.78,289555.73,62386273.43
6661,49,194,2026-11-20,SELL,198727,564.85,507360.79,111743585.16
6662,2,398,2026-11-23,BUY,2943,1934.63,18636.18,5712252.27
6663,3,388,2026-11-23,SELL,47119,1503.37,147499.91,70689791.12
6664,6,518,2026-11-23,BUY,85536,12.80,2113.49,1096974.29
6665,7,337,2026-11-23,SELL,8661,1373.39,18428.96,11876501.83
6666,10,207,2026-11-23,SELL,14731,3133.67,151203.83,46010888.94
6667,11,399,2026-11-23,SELL,3074,477.69,4759.86,1463659.20
6668,15,366,2026-11-23,BUY,90598,741.17,244353.67,67392873.33
6669,17,102,2026-11-23,BUY,17376,1491.12,90521.95,26000223.07
6670,19,518,2026-11-23,BUY,2772395,12.96,88356.62,36018595.82
6671,20,411,2026-11-23,SELL,27407,2813.99,228783.98,76894239.95
6672,22,522,2026-11-23,BUY,5545280,13.95,188681.78,77545337.78
6673,27,285,2026-11-23,BUY,14422,221.92,2939.67,3203469.91
6674,28,426,2026-11-23,BUY,104451,427.29,154602.96,44785470.75
6675,32,216,2026-11-23,BUY,38454,485.27,71417.86,18731990.44
6676,37,13,2026-11-23,BUY,3608,1476.03,26116.53,5351632.77
6677,39,117,2026-11-23,BUY,57837,225.15,8524.34,13030524.89
6678,43,211,2026-11-23,BUY,153133,89.45,25824.35,13723571.20
6679,44,275,2026-11-23,DIVIDEND,0,0.00,0.00,3345953.51
6680,44,308,2026-11-23,BUY,68247,506.48,117188.03,34682928.59
6681,45,176,2026-11-23,BUY,9265,3088.81,110213.70,28728038.35
6682,47,207,2026-11-23,SELL,3520,3151.86,6702.34,11087844.86
6683,48,274,2026-11-23,SELL,73900,373.33,127458.68,27461628.32
6684,49,94,2026-11-23,SELL,42910,1872.25,363119.23,79975128.27
6685,1,439,2026-11-25,BUY,17201,2354.89,51855.58,40558318.47
6686,2,204,2026-11-25,SELL,75867,698.04,173341.27,52784859.41
6687,8,5,2026-11-25,SELL,7478,1084.07,18538.59,8088136.87
6688,16,165,2026-11-25,BUY,37983,690.48,13372.31,26239874.15
6689,17,78,2026-11-25,BUY,39577,664.24,91845.81,26380472.29
6690,18,449,2026-11-25,BUY,26038,952.04,62187.69,24851405.21
6691,21,413,2026-11-25,BUY,1268,1125.89,7036.04,1434664.56
6692,24,255,2026-11-25,BUY,9871,609.35,10688.71,6025582.56
6693,25,128,2026-11-25,SELL,72263,1834.40,186787.62,132372459.58
6694,26,195,2026-11-25,SELL,448655,161.07,274494.43,71990366.42
6695,27,448,2026-11-25,DIVIDEND,0,0.00,0.00,120062.11
6696,28,103,2026-11-25,SELL,109391,491.44,186223.54,53572889.50
6697,28,145,2026-11-25,DIVIDEND,0,0.00,0.00,200094.30
6698,32,423,2026-11-25,BUY,31841,629.04,76656.12,20105918.76
6699,36,516,2026-11-25,SELL,166960,1126.30,356651.02,187690396.98
6700,39,197,2026-11-25,SELL,294761,807.56,155821.69,237881371.47
6701,42,305,2026-11-25,BUY,361484,96.20,19385.89,34794146.69
6702,43,208,2026-11-25,BUY,37642,717.37,50909.18,27054150.72
6703,45,38,2026-11-25,BUY,33959,365.88,47851.17,12472770.09
6704,48,414,2026-11-25,SELL,3318,8396.67,128710.96,27731440.10
6705,1,522,2026-11-26,BUY,2107763,14.01,37803.42,29567563.05
6706,2,398,2026-11-26,DIVIDEND,0,0.00,0.00,1176072.99
6707,4,61,2026-11-26,BUY,8325,856.21,20195.26,7148143.51
6708,5,290,2026-11-26,SELL,115675,205.42,113069.20,23648889.30
6709,6,398,2026-11-26,DIVIDEND,0,0.00,0.00,105666.08
6710,7,519,2026-11-26,SELL,1068114,13.93,23051.94,14855776.08
6711,14,398,2026-11-26,DIVIDEND,0,0.00,0.00,991015.28
6712,15,8,2026-11-26,BUY,1308,10464.45,49808.86,13737309.46
6713,17,307,2026-11-26,SELL,456851,390.18,622774.84,177631348.34
6714,18,194,2026-11-26,DIVIDEND,0,0.00,0.00,708593.37
6715,24,166,2026-11-26,SELL,141445,236.13,59352.10,33340055.75
6716,28,326,2026-11-26,BUY,90912,258.04,81262.60,23540195.08
6717,30,101,2026-11-26,BUY,9233,754.98,14715.51,6985445.85
6718,30,398,2026-11-26,DIVIDEND,0,0.00,0.00,392439.24
6719,31,352,2026-11-26,BUY,19433,2632.15,54527.03,51205097.98
6720,33,317,2026-11-26,BUY,1293,354.97,264.96,459241.17
6721,39,117,2026-11-26,SELL,921173,234.32,141297.23,215707960.13
6722,41,182,2026-11-26,SELL,1087,2720.25,7237.64,2949674.11
6723,43,356,2026-11-26,BUY,38489,536.75,38948.34,20697919.09
6724,44,194,2026-11-26,DIVIDEND,0,0.00,0.00,743588.23
6725,44,275,2026-11-26,BUY,101099,692.82,237467.76,70280876.94
6726,45,158,2026-11-26,BUY,15676,1666.34,100599.97,26222145.81
6727,45,398,2026-11-26,DIVIDEND,0,0.00,0.00,1519589.24
6728,49,468,2026-11-26,BUY,186534,1095.27,923434.48,205228528.66
6729,2,28,2026-11-27,BUY,3332,1646.60,17958.16,5504429.36
6730,3,56,2026-11-27,SELL,503132,418.58,438520.82,210162471.74
6731,3,138,2026-11-27,DIVIDEND,0,0.00,0.00,3816888.99
6732,4,391,2026-11-27,BUY,9330,736.25,19462.19,6888674.69
6733,6,411,2026-11-27,BUY,589,2810.93,3196.00,1658833.77
6734,9,340,2026-11-27,BUY,42407,335.80,11761.89,14252032.49
6735,11,519,2026-11-27,SELL,650407,13.81,29115.40,8953005.27
6736,12,391,2026-11-27,BUY,7391,743.77,25795.04,5522999.11
6737,14,398,2026-11-27,BUY,6512,1974.57,9974.54,12868374.38
6738,20,150,2026-11-27,BUY,29213,732.18,63450.58,21452624.92
6739,23,287,2026-11-27,BUY,33243,1247.99,99042.61,41585974.18
6740,26,45,2026-11-27,SELL,183136,832.68,579239.58,151914444.90
6741,27,42,2026-11-27,SELL,15371,1077.04,15205.83,16539976.01
6742,28,138,2026-11-27,DIVIDEND,0,0.00,0.00,330277.52
6743,28,326,2026-11-27,SELL,87831,257.29,78280.43,22519757.56
6744,31,68,2026-11-27,SELL,44667,1022.55,48689.20,45625551.65
6745,33,397,2026-11-27,SELL,1144,850.06,561.40,971907.24
6746,35,50,2026-11-27,SELL,24381,2106.68,54125.17,51308839.91
6747,36,401,2026-11-27,BUY,12603,1284.88,30712.38,16224055.02
6748,37,519,2026-11-27,SELL,444831,13.84,30191.52,6126269.52
6749,38,508,2026-11-27,BUY,328665,106.25,128482.35,35049138.60
6750,39,342,2026-11-27,SELL,297043,105.28,20471.44,31252215.60
6751,41,520,2026-11-27,BUY,128582,29.53,9293.99,3806320.45
6752,43,255,2026-11-27,SELL,27407,614.45,31748.87,16808482.28
6753,45,400,2026-11-27,BUY,8860,1186.37,40481.15,10551719.35
6754,46,513,2026-11-27,BUY,84534,98.78,31233.55,8381502.07
6755,47,261,2026-11-27,BUY,9375,1152.89,6529.44,10814873.19
6756,48,159,2026-11-27,DIVIDEND,0,0.00,0.00,185740.22
6757,49,100,2026-11-27,SELL,13791,1267.59,79013.53,17402320.16
6758,49,269,2026-11-27,DIVIDEND,0,0.00,0.00,79894.67
6759,50,499,2026-11-27,BUY,113622,362.60,98161.64,41297498.84
6760,4,24,2026-11-30,BUY,6226,1281.69,22608.77,8002410.71
6761,8,366,2026-11-30,DIVIDEND,0,0.00,0.00,82843.67
6762,9,366,2026-11-30,DIVIDEND,0,0.00,0.00,990411.49
6763,15,366,2026-11-30,DIVIDEND,0,0.00,0.00,611543.29
6764,16,138,2026-11-30,BUY,266271,656.94,89189.91,175013260.65
6765,18,512,2026-11-30,SELL,995441,73.87,184469.79,73348756.88
6766,24,423,2026-11-30,SELL,41355,615.60,45240.14,25412897.86
6767,26,437,2026-11-30,DIVIDEND,0,0.00,0.00,178863.55
6768,28,51,2026-11-30,BUY,5436,2523.40,47516.89,13764719.29
6769,33,404,2026-11-30,BUY,1876,632.04,684.50,1186391.54
6770,35,366,2026-11-30,DIVIDEND,0,0.00,0.00,857570.02
6771,36,521,2026-11-30,SELL,2334280,30.40,134587.11,70827524.89
6772,37,366,2026-11-30,DIVIDEND,0,0.00,0.00,344017.57
6773,37,515,2026-11-30,BUY,68015,74.41,24819.32,5085815.47
6774,39,91,2026-11-30,SELL,146353,307.14,29425.31,44921435.11
6775,41,463,2026-11-30,BUY,438,2524.28,2706.27,1108340.91
6776,43,212,2026-11-30,BUY,26769,576.81,29110.20,15469737.09
6777,44,53,2026-11-30,DIVIDEND,0,0.00,0.00,3151139.05
6778,45,437,2026-11-30,DIVIDEND,0,0.00,0.00,105575.19
6779,46,30,2026-11-30,BUY,17796,1008.46,67127.73,18013681.89
6780,48,367,2026-11-30,BUY,240612,266.16,295864.01,64337153.93
6781,49,204,2026-11-30,BUY,101166,687.12,314191.23,69827373.15
6782,6,37,2026-12-01,DIVIDEND,0,0.00,0.00,39492.36
6783,6,305,2026-12-01,SELL,8341,95.99,1545.56,799107.03
6784,7,245,2026-12-01,BUY,81563,1063.12,134342.77,86845599.33
6785,17,307,2026-12-01,BUY,370901,396.16,513357.73,147449497.89
6786,18,277,2026-12-01,BUY,16467,1772.98,73241.96,29268903.62
6787,22,506,2026-12-01,SELL,611563,115.20,171840.67,70280216.93
6788,24,253,2026-12-01,BUY,54111,732.62,70446.86,39713247.68
6789,29,384,2026-12-01,BUY,10528,792.88,16088.97,8363529.61
6790,31,37,2026-12-01,DIVIDEND,0,0.00,0.00,3992232.96
6791,33,515,2026-12-01,BUY,8947,73.83,381.33,660938.34
6792,37,508,2026-12-01,BUY,129639,105.51,67078.47,13745289.36
6793,39,91,2026-12-01,DIVIDEND,0,0.00,0.00,525968.05
6794,39,360,2026-12-01,SELL,103969,314.56,21408.71,32683079.93
6795,43,130,2026-12-01,BUY,131010,188.09,46456.92,24688127.82
6796,44,223,2026-12-01,BUY,19013,1496.04,96434.23,28540642.75
6797,45,154,2026-12-01,BUY,17397,1028.92,68937.41,17969058.65
6798,48,294,2026-12-01,SELL,4039,4734.61,88346.66,19034743.13
6799,49,137,2026-12-01,BUY,21535,1610.29,156738.56,34834333.71
6800,50,503,2026-12-01,BUY,745404,51.21,90949.03,38263087.87
6801,3,286,2026-12-02,BUY,74955,597.83,93305.69,44903653.34
6802,6,254,2026-12-02,BUY,1151,781.28,1735.90,900989.18
6803,6,262,2026-12-02,DIVIDEND,0,0.00,0.00,25263.07
6804,7,521,2026-12-02,BUY,1702870,30.45,80335.52,51932727.02
6805,10,262,2026-12-02,DIVIDEND,0,0.00,0.00,758696.29
6806,10,442,2026-12-02,SELL,62221,523.39,106669.36,32459179.83
6807,16,68,2026-12-02,BUY,33245,1033.93,17526.03,34390528.88
6808,16,262,2026-12-02,DIVIDEND,0,0.00,0.00,1712952.44
6809,17,78,2026-12-02,SELL,182597,617.82,394136.88,112417941.66
6810,18,92,2026-12-02,BUY,56484,1385.29,196294.34,78443014.70
6811,24,198,2026-12-02,BUY,79825,143.03,20289.13,11437658.88
6812,26,342,2026-12-02,BUY,243160,108.40,100121.60,26458665.60
6813,28,51,2026-12-02,SELL,3713,2505.89,32230.68,9272138.89
6814,30,273,2026-12-02,BUY,11392,909.55,21873.77,10383467.37
6815,31,262,2026-12-02,DIVIDEND,0,0.00,0.00,1378434.52
6816,32,481,2026-12-02,BUY,24106,1106.83,102114.62,26783358.60
6817,34,508,2026-12-02,BUY,836244,104.69,189769.20,87736153.56
6818,35,463,2026-12-02,SELL,12843,2514.48,34030.15,32259436.49
6819,36,148,2026-12-02,SELL,75446,406.40,58152.30,30603102.10
6820,37,152,2026-12-02,BUY,1142,3670.56,20556.65,4212336.17
6821,40,509,2026-12-02,BUY,580328,124.54,179000.73,72453049.85
6822,41,517,2026-12-02,BUY,47532,27.30,3176.20,1300799.80
6823,43,360,2026-12-02,BUY,439774,319.22,264667.05,140649323.33
6824,44,301,2026-12-02,SELL,13062,3269.79,144799.45,42565197.53
6825,45,158,2026-12-02,BUY,17831,1588.96,109115.80,28441861.56
6826,48,1,2026-12-02,SELL,181954,246.22,206974.58,44593739.30
6827,49,194,2026-12-02,BUY,206672,533.87,498705.38,110834686.02
6828,7,197,2026-12-03,DIVIDEND,0,0.00,0.00,582628.15
6829,10,497,2026-12-03,BUY,12122,2897.53,115048.12,35238906.78
6830,11,520,2026-12-03,SELL,568904,29.54,54474.51,16750949.65
6831,12,489,2026-12-03,SELL,7384,1494.17,51770.93,10981180.35
6832,17,413,2026-12-03,SELL,62222,1039.49,225972.59,64453174.19
6833,31,468,2026-12-03,SELL,45986,1083.49,53114.35,49772256.79
6834,33,397,2026-12-03,BUY,986,853.29,485.70,841829.64
6835,36,401,2026-12-03,BUY,20498,1277.05,49647.38,26226618.28
6836,39,218,2026-12-03,BUY,34259,1298.54,29121.46,44515803.32
6837,43,130,2026-12-03,SELL,332061,186.98,117055.89,61971709.89
6838,45,129,2026-12-03,SELL,89765,182.27,63011.70,16298454.85
6839,45,197,2026-12-03,DIVIDEND,0,0.00,0.00,1704499.40
6840,46,513,2026-12-03,BUY,128467,97.94,47062.23,12629120.21
6841,48,215,2026-12-03,BUY,20465,607.69,57454.75,12493830.60
6842,49,382,2026-12-03,SELL,114981,216.16,112338.42,24741954.54
6843,2,492,2026-12-04,BUY,21433,993.41,69691.57,21361448.10
6844,3,186,2026-12-04,SELL,116421,559.90,135728.67,65048389.23
6845,7,277,2026-12-04,BUY,17004,1748.49,46063.09,29777387.05
6846,9,236,2026-12-04,BUY,116549,196.66,18931.43,22939457.77
6847,15,17,2026-12-04,BUY,42564,744.98,115390.34,31824719.06
6848,19,521,2026-12-04,BUY,3599312,30.59,270755.91,110373709.99
6849,21,310,2026-12-04,BUY,199,1957.39,1919.74,391440.35
6850,26,488,2026-12-04,BUY,688084,73.62,192417.09,50849161.17
6851,28,138,2026-12-04,SELL,12520,716.18,31060.54,8935513.06
6852,31,325,2026-12-04,BUY,103132,250.94,27588.28,25907532.36
6853,39,67,2026-12-04,BUY,18848,534.62,6596.20,10083113.96
6854,48,274,2026-12-04,SELL,324144,358.00,536108.99,115507443.01
6855,49,312,2026-12-04,SELL,30385,1801.35,247391.19,54486628.56
6856,3,354,2026-12-07,SELL,61530,743.66,95277.67,45662122.13
6857,4,399,2026-12-07,SELL,47399,478.74,64291.53,22627505.73
6858,5,165,2026-12-07,BUY,85356,681.27,276703.99,58427186.11
6859,7,522,2026-12-07,SELL,1421486,14.19,31250.99,20139635.35
6860,10,385,2026-12-07,BUY,72035,289.64,68340.70,20932558.10
6861,17,485,2026-12-07,BUY,170204,615.57,366048.54,105138524.82
6862,24,253,2026-12-07,BUY,27425,712.82,34739.52,19583828.02
6863,30,362,2026-12-07,BUY,46591,741.42,72922.82,34616422.04
6864,33,518,2026-12-07,BUY,32261,13.04,242.86,420926.30
6865,36,209,2026-12-07,SELL,10815,7016.91,143929.36,75743952.29
6866,41,463,2026-12-07,BUY,915,2438.03,5460.33,2236257.78
6867,45,154,2026-12-07,SELL,32965,1019.09,129379.24,33464922.61
6868,46,41,2026-12-07,SELL,17011,1394.30,88717.02,23629720.28
6869,47,435,2026-12-07,BUY,10791,1379.53,8993.11,14895501.34
6870,49,113,2026-12-07,SELL,287735,298.30,387947.39,85443403.11
6871,3,200,2026-12-08,SELL,81829,1064.86,181438.55,86954990.39
6872,7,116,2026-12-08,SELL,15539,2453.36,59064.04,38063697.00
6873,8,5,2026-12-08,SELL,5674,1095.85,14219.18,6203633.72
6874,14,520,2026-12-08,BUY,1903841,29.61,43729.57,56416461.58
6875,17,102,2026-12-08,BUY,26025,1517.72,137998.34,39636661.34
6876,30,462,2026-12-08,DIVIDEND,0,0.00,0.00,207945.82
6877,31,37,2026-12-08,SELL,86677,815.53,75353.80,70612340.01
6878,32,518,2026-12-08,BUY,2077140,12.98,103186.36,27064463.56
6879,35,462,2026-12-08,DIVIDEND,0,0.00,0.00,901878.72
6880,37,366,2026-12-08,SELL,13562,689.02,45825.73,9298663.51
6881,43,285,2026-12-08,SELL,435854,218.52,179561.18,95063254.90
6882,44,45,2026-12-08,BUY,108553,802.83,295462.79,87445067.78
6883,45,430,2026-12-08,BUY,103785,369.10,147529.07,38454572.57
6884,48,274,2026-12-08,BUY,285603,354.51,467760.27,101716879.80
6885,49,400,2026-12-08,BUY,13349,1168.34,70492.82,15666663.48
6886,50,511,2026-12-08,SELL,785488,128.01,239571.42,100310747.46
6887,1,320,2026-12-09,SELL,21996,1795.63,50562.87,39446114.61
6888,2,9,2026-12-09,SELL,15193,3386.67,168416.71,51285260.60
6889,6,305,2026-12-09,SELL,7194,90.84,1261.51,652241.45
6890,7,481,2026-12-09,BUY,38121,1102.53,65116.87,42094663.00
6891,9,26,2026-12-09,BUY,23967,794.45,15726.75,19056309.90
6892,10,497,2026-12-09,DIVIDEND,0,0.00,0.00,3071837.67
6893,13,517,2026-12-09,BUY,643971,27.20,23984.47,17539995.67
6894,17,316,2026-12-09,BUY,306258,205.83,220235.64,63257319.78
6895,20,391,2026-12-09,BUY,5306,687.73,10824.97,3659920.35
6896,23,497,2026-12-09,DIVIDEND,0,0.00,0.00,1453354.86
6897,24,166,2026-12-09,BUY,63746,232.20,26303.44,14828124.64
6898,28,103,2026-12-09,BUY,103227,524.86,187680.55,54367403.77
6899,31,152,2026-12-09,SELL,31274,3529.47,117666.89,110262977.89
6900,32,68,2026-12-09,SELL,11887,1096.86,49900.55,12988474.27
6901,35,489,2026-12-09,SELL,15991,1502.09,25311.67,23994609.52
6902,39,113,2026-12-09,SELL,493631,303.89,98197.84,149911326.75
6903,41,324,2026-12-09,SELL,9231,740.43,16729.83,6818179.50
6904,44,420,2026-12-09,BUY,64764,614.07,134830.74,39904460.22
6905,45,38,2026-12-09,BUY,15112,374.76,21810.93,5685184.05
6906,1,301,2026-12-10,SELL,3237,3222.98,13355.85,10419430.41
6907,3,388,2026-12-10,BUY,22344,1363.98,63459.80,30540228.92
6908,4,50,2026-12-10,BUY,4633,2044.24,26833.61,9497797.53
6909,12,251,2026-12-10,SELL,78265,1857.23,682067.85,144674038.10
6910,17,485,2026-12-10,SELL,447793,625.28,978235.26,279017771.78
6911,18,514,2026-12-10,BUY,351778,81.35,71790.65,28688930.95
6912,24,221,2026-12-10,BUY,6747,521.97,6258.26,3527989.85
6913,28,172,2026-12-10,SELL,5370,3566.87,66350.48,19087741.42
6914,30,161,2026-12-10,SELL,527363,56.76,63190.12,29869933.76
6915,33,520,2026-12-10,BUY,20367,29.34,344.97,597912.75
6916,34,507,2026-12-10,BUY,278639,137.50,83048.56,38395911.06
6917,37,290,2026-12-10,BUY,26371,192.90,24946.67,5111912.57
6918,39,224,2026-12-10,SELL,93452,1476.63,90332.37,137903694.39
6919,40,501,2026-12-10,BUY,448698,291.31,323729.24,131033943.62
6920,43,469,2026-12-10,BUY,97039,451.07,82522.14,43853903.87
6921,45,400,2026-12-10,SELL,20688,1207.22,96184.23,24878783.13
6922,46,522,2026-12-10,BUY,1586690,14.24,84512.89,22678978.49
6923,47,202,2026-12-10,BUY,3648,5549.51,12230.00,20256842.48
6924,48,215,2026-12-10,BUY,10373,614.01,29424.69,6398550.42
6925,1,449,2026-12-11,DIVIDEND,0,0.00,0.00,2463758.02
6926,2,374,2026-12-11,BUY,34630,211.41,23963.31,7345091.61
6927,3,56,2026-12-11,BUY,363835,432.71,327816.80,157762859.65
6928,5,60,2026-12-11,BUY,4083,2939.71,57114.45,12059950.38
6929,6,9,2026-12-11,SELL,295,3374.78,1921.80,993638.30
6930,8,150,2026-12-11,BUY,5097,757.25,8826.49,3868529.74
6931,9,240,2026-12-11,BUY,126522,253.76,26518.45,32132741.17
6932,14,449,2026-12-11,DIVIDEND,0,0.00,0.00,8734605.66
6933,14,522,2026-12-11,SELL,2197947,14.07,23989.29,30901125.00
6934,15,43,2026-12-11,BUY,7398,1786.51,48095.25,13264696.23
6935,16,449,2026-12-11,DIVIDEND,0,0.00,0.00,1693709.25
6936,17,102,2026-12-11,SELL,45188,1498.09,236511.63,67459179.29
6937,18,449,2026-12-11,DIVIDEND,0,0.00,0.00,1571016.10
6938,19,449,2026-12-11,DIVIDEND,0,0.00,0.00,12254570.33
6939,24,432,2026-12-11,BUY,48772,326.68,28313.30,15961150.26
6940,28,443,2026-12-11,BUY,46608,175.70,28367.08,8217392.68
6941,33,230,2026-12-11,BUY,556,1115.13,357.93,620370.21
6942,36,401,2026-12-11,BUY,13980,1315.56,34881.47,18426410.27
6943,39,67,2026-12-11,BUY,46540,552.44,16830.41,25727388.01
6944,43,423,2026-12-11,BUY,147270,591.71,164287.09,87305418.79
6945,46,374,2026-12-11,BUY,25157,210.41,19799.13,5313083.50
6946,49,312,2026-12-11,BUY,38617,1857.90,324285.67,72070809.97
6947,1,423,2026-12-14,BUY,37812,592.54,28682.60,22433805.08
6948,2,414,2026-12-14,SELL,1972,8280.65,53449.06,16275992.74
6949,3,138,2026-12-14,BUY,64361,760.83,101962.44,49069742.07
6950,4,30,2026-12-14,SELL,28599,1063.04,86136.12,30315744.84
6951,6,9,2026-12-14,SELL,354,3452.18,2359.06,1219712.66
6952,7,495,2026-12-14,SELL,18746,1089.43,31640.75,20390814.03
6953,12,189,2026-12-14,SELL,10301,2454.99,118665.21,25170186.78
6954,14,203,2026-12-14,SELL,70763,844.79,46372.56,59733502.21
6955,17,102,2026-12-14,BUY,23635,1531.75,126483.82,36329395.07
6956,19,516,2026-12-14,BUY,72858,1123.56,201304.04,82061638.52
6957,23,446,2026-12-14,BUY,32066,747.28,57205.65,24019486.13
6958,25,411,2026-12-14,SELL,74821,3070.99,323772.51,229450770.28
6959,28,289,2026-12-14,SELL,3642,1488.19,18775.04,5401212.94
6960,32,481,2026-12-14,BUY,11281,1155.06,49869.38,13080101.24
6961,33,123,2026-12-14,BUY,244,2019.40,284.45,493018.05
6962,46,518,2026-12-14,SELL,1218100,12.96,59048.49,15727527.51
6963,3,388,2026-12-15,SELL,108630,1322.13,299056.84,143323925.06
6964,24,446,2026-12-15,SELL,70418,758.18,94875.34,53294643.90
6965,28,51,2026-12-15,BUY,2365,2565.75,21019.77,6089018.52
6966,33,264,2026-12-15,SELL,501,2037.90,589.41,1020398.49
6967,35,251,2026-12-15,SELL,40008,1863.52,78565.17,74477142.99
6968,36,171,2026-12-15,BUY,6710,1666.68,21210.54,11204633.34
6969,41,518,2026-12-15,BUY,233861,12.90,7384.25,3024191.15
6970,48,204,2026-12-15,SELL,25586,645.51,76302.27,16439716.59
6971,49,123,2026-12-15,BUY,8844,2040.66,81572.97,18129170.01
6972,2,414,2026-12-16,BUY,1419,8369.69,38874.12,11915464.23
6973,4,30,2026-12-16,BUY,20065,1061.27,60332.30,21354714.85
6974,8,43,2026-12-16,BUY,1458,1820.92,6071.31,2660972.67
6975,12,369,2026-12-16,SELL,830,10200.47,39727.62,8426662.48
6976,17,120,2026-12-16,BUY,63819,508.89,113465.91,32590316.82
6977,18,100,2026-12-16,BUY,45252,1359.75,154361.32,61685768.32
6978,20,344,2026-12-16,SELL,15827,1929.05,90569.85,30440504.50
6979,23,141,2026-12-16,SELL,53646,1446.18,185212.57,77396559.71
6980,24,253,2026-12-16,SELL,144244,737.20,188964.58,106147712.22
6981,26,437,2026-12-16,SELL,17753,759.31,51203.22,13428827.21
6982,31,68,2026-12-16,SELL,101966,1085.30,117968.63,110545731.17
6983,36,516,2026-12-16,BUY,158645,1121.55,337459.75,178265759.50
6984,39,218,2026-12-16,SELL,51722,1310.79,44380.43,67752299.95
6985,41,375,2026-12-16,BUY,1172,2339.45,6711.20,2748546.60
6986,42,289,2026-12-16,BUY,26584,1559.52,23111.76,41481391.44
6987,43,3,2026-12-16,SELL,26292,954.60,47317.88,25051025.32
6988,44,476,2026-12-16,SELL,32407,2183.42,239890.74,70518201.20
6989,47,31,2026-12-16,SELL,11852,1528.87,10946.59,18109220.65
6990,48,414,2026-12-16,SELL,6090,8365.22,235356.79,50708833.01
6991,49,269,2026-12-16,BUY,87584,247.64,98033.04,21787334.80
6992,3,148,2026-12-17,SELL,39302,411.16,33647.69,16125762.63
6993,7,50,2026-12-17,SELL,36514,2361.42,133589.23,86091300.65
6994,8,249,2026-12-17,SELL,9262,1142.19,24192.30,10554771.48
6995,16,520,2026-12-17,BUY,1566605,29.02,23180.51,45486057.61
6996,17,226,2026-12-17,BUY,15575,1870.39,101777.48,29233101.73
6997,28,443,2026-12-17,BUY,38719,170.29,22839.98,6616298.49
6998,35,207,2026-12-17,BUY,18391,3194.80,61915.33,58817482.13
6999,41,517,2026-12-17,BUY,49953,27.43,3353.87,1373564.66
7000,45,430,2026-12-17,BUY,109252,370.49,155885.19,40632658.67
7001,47,116,2026-12-17,SELL,10044,2625.60,15931.33,26355595.07
7002,48,294,2026-12-17,SELL,11378,5167.62,271636.78,58525543.58
7003,49,382,2026-12-17,BUY,89622,226.03,91560.38,20348821.04
7004,2,479,2026-12-18,BUY,19731,650.91,42037.69,12885142.90
7005,3,425,2026-12-18,BUY,133822,1539.68,429030.12,206472087.08
7006,4,505,2026-12-18,SELL,94450,366.38,98043.45,34506547.55
7007,5,131,2026-12-18,BUY,100964,246.38,118367.94,24993878.26
7008,15,43,2026-12-18,BUY,18890,1917.32,131798.05,36349972.85
7009,17,169,2026-12-18,BUY,258320,338.29,305308.34,87692381.14
7010,20,116,2026-12-18,SELL,9477,2570.94,72277.71,24292520.67
7011,28,184,2026-12-18,SELL,58035,235.25,47293.57,13605440.18
7012,33,247,2026-12-18,BUY,1323,917.12,700.46,1214050.22
7013,37,521,2026-12-18,BUY,104341,30.44,15575.91,3191715.95
7014,39,218,2026-12-18,BUY,73257,1240.20,59473.56,90912804.96
7015,42,111,2026-12-18,SELL,304758,587.05,99735.98,178808447.92
7016,43,285,2026-12-18,BUY,384390,233.00,168852.79,89731722.79
7017,45,182,2026-12-18,BUY,5870,2612.01,59048.91,15391547.61
7018,49,400,2026-12-18,SELL,18842,1259.88,107295.89,23631363.07
7019,2,479,2026-12-21,BUY,7475,643.55,15745.71,4826281.96
7020,3,186,2026-12-21,SELL,114377,565.21,134610.31,64512413.86
7021,4,517,2026-12-21,BUY,1090693,27.28,84300.81,29838405.85
7022,7,519,2026-12-21,BUY,1638506,13.91,35311.32,22826929.78
7023,12,189,2026-12-21,SELL,3853,2416.39,43687.82,9266662.85
7024,14,103,2026-12-21,BUY,28707,532.92,11867.41,15310401.85
7025,15,52,2026-12-21,BUY,6235,3523.70,79949.88,22050219.38
7026,23,520,2026-12-21,BUY,1269027,28.93,87645.59,36800596.70
7027,24,41,2026-12-21,SELL,17584,1393.92,43556.49,24467132.79
7028,26,451,2026-12-21,SELL,190496,203.14,146989.96,38550367.48
7029,28,393,2026-12-21,SELL,6860,1269.71,30172.49,8680038.11
7030,38,505,2026-12-21,BUY,82908,359.21,109573.60,29890956.28
7031,45,184,2026-12-21,BUY,111497,236.64,101613.24,26486263.32
7032,47,397,2026-12-21,BUY,13054,866.30,6831.70,11315511.90
7033,48,435,2026-12-21,BUY,32173,1348.97,200505.33,43600917.14
7034,49,137,2026-12-21,BUY,19390,1697.15,148739.02,33056477.52
7035,2,518,2026-12-22,BUY,1197527,13.12,51426.61,15762980.85
7036,3,388,2026-12-22,BUY,106428,1338.81,296691.19,142783561.87
7037,6,411,2026-12-22,SELL,1646,2997.32,9523.68,4924065.04
7038,7,502,2026-12-22,BUY,10507,773.19,12586.47,8136493.80
7039,12,375,2026-12-22,BUY,3050,2335.48,33424.91,7156638.91
7040,13,518,2026-12-22,BUY,1379489,13.09,24725.93,18082236.94
7041,14,380,2026-12-22,BUY,184427,107.05,15315.01,19758225.36
7042,16,227,2026-12-22,BUY,166998,306.08,26062.28,51140810.12
7043,17,78,2026-12-22,BUY,143270,578.17,289402.51,83123818.41
7044,19,516,2026-12-22,SELL,47824,1136.97,133713.07,54240740.21
7045,24,446,2026-12-22,SELL,20245,741.11,26662.31,14977109.64
7046,28,138,2026-12-22,BUY,12456,745.41,32162.98,9316989.94
7047,33,506,2026-12-22,BUY,4697,124.36,337.21,584456.13
7048,36,210,2026-12-22,BUY,10542,1170.81,23409.19,12366088.21
7049,39,218,2026-12-22,SELL,30693,1217.07,24453.33,37331076.18
7050,43,208,2026-12-22,BUY,29559,619.57,34527.12,18348396.75
7051,45,184,2026-12-22,BUY,100047,235.24,90638.81,23625695.09
7052,48,435,2026-12-22,BUY,36193,1347.52,225315.92,48996107.28
7053,49,137,2026-12-22,BUY,20637,1695.58,158158.21,35149842.67
7054,3,148,2026-12-23,BUY,287098,416.56,249021.89,119842564.77
7055,4,142,2026-12-23,BUY,5621,536.05,8536.97,3021674.02
7056,5,60,2026-12-23,SELL,10782,2897.36,148649.65,31090685.87
7057,18,522,2026-12-23,BUY,4109753,14.13,145679.86,58216489.75
7058,23,317,2026-12-23,BUY,209282,352.90,176317.05,74031934.85
7059,24,432,2026-12-23,BUY,70551,324.61,40697.00,22942257.11
7060,26,451,2026-12-23,SELL,52229,212.04,42066.45,11032570.71
7061,27,46,2026-12-23,BUY,1905,4129.86,7226.14,7874609.44
7062,30,370,2026-12-23,BUY,46207,289.90,28278.29,13423687.59
7063,39,342,2026-12-23,SELL,409406,98.92,26510.71,40471930.81
7064,43,171,2026-12-23,SELL,10855,1655.08,33871.08,17932022.32
7065,44,308,2026-12-23,SELL,129926,629.40,277242.74,81498181.66
7066,45,82,2026-12-23,SELL,11140,1850.18,79377.63,20531627.57
7067,48,414,2026-12-23,BUY,10742,8848.33,439115.26,95487876.12
7068,49,137,2026-12-23,SELL,133958,1739.77,1053385.62,232002724.04
7069,2,202,2026-12-24,BUY,1314,5761.49,24779.86,7595377.72
7070,3,251,2026-12-24,BUY,17106,1809.61,64455.99,31019644.65
7071,5,203,2026-12-24,BUY,67792,860.37,277540.15,58603743.19
7072,6,207,2026-12-24,SELL,466,3313.86,2981.00,1541277.76
7073,7,481,2026-12-24,BUY,39115,1134.76,68767.96,44454905.36
7074,15,413,2026-12-24,SELL,17458,1167.72,74184.92,20311870.84
7075,17,102,2026-12-24,BUY,26818,1555.64,145756.18,41864909.70
7076,21,521,2026-12-24,SELL,334932,30.07,49636.69,10021768.55
7077,27,245,2026-12-24,BUY,8479,1005.36,7829.65,8532277.09
7078,30,398,2026-12-24,SELL,6980,2014.63,29685.74,14032431.66
7079,31,68,2026-12-24,BUY,111429,1066.00,126624.22,118909938.22
7080,32,189,2026-12-24,BUY,5718,2414.40,52836.64,13858375.84
7081,36,210,2026-12-24,BUY,13802,1141.69,29885.96,15787491.34
7082,37,516,2026-12-24,BUY,12311,1125.57,67954.73,13924847.00
7083,39,67,2026-12-24,SELL,131972,599.40,51782.34,79052234.46
7084,41,468,2026-12-24,BUY,2015,1098.39,5417.39,2218673.24
7085,43,469,2026-12-24,SELL,401534,430.65,326007.06,172594610.04
7086,45,400,2026-12-24,BUY,10998,1296.40,54910.03,14312717.23
7087,46,297,2026-12-24,SELL,41398,770.91,119372.39,31794759.79
7088,47,60,2026-12-24,BUY,1167,2847.63,2007.57,3325191.78
7089,48,1,2026-12-24,BUY,56882,240.00,63069.32,13714749.32
7090,49,137,2026-12-24,BUY,67924,1723.41,529101.21,117590002.05
7091,1,439,2026-12-28,SELL,17465,2383.53,53291.80,41575059.65
7092,3,286,2026-12-28,BUY,68979,675.44,97013.79,46688189.55
7093,5,404,2026-12-28,BUY,55526,588.52,155496.18,32833657.70
7094,9,366,2026-12-28,BUY,24011,764.37,15159.08,18368447.15
7095,12,201,2026-12-28,SELL,1462,2333.27,16006.88,3395233.86
7096,13,522,2026-12-28,BUY,2200671,14.22,42849.87,31336391.49
7097,14,521,2026-12-28,SELL,2047773,30.06,47750.39,61508305.99
7098,17,78,2026-12-28,BUY,111477,590.38,229936.75,66043728.01
7099,24,432,2026-12-28,BUY,91113,328.78,53233.26,30009365.40
7100,27,201,2026-12-28,SELL,10154,2307.45,21520.17,23408327.13
7101,28,306,2026-12-28,BUY,2577,1710.22,15266.83,4422503.77
7102,32,189,2026-12-28,SELL,17103,2313.96,151464.20,39424193.68
7103,33,520,2026-12-28,BUY,24734,29.33,418.80,725867.02
7104,36,507,2026-12-28,SELL,409854,136.76,106307.82,55945325.22
7105,37,492,2026-12-28,BUY,19927,1063.51,103929.14,21296492.91
7106,39,224,2026-12-28,BUY,160164,1474.19,154561.55,236266728.71
7107,42,10,2026-12-28,BUY,16547,909.95,8393.80,15065336.45
7108,43,27,2026-12-28,BUY,46890,1005.76,88910.86,47248997.26
7109,45,81,2026-12-28,BUY,721014,69.76,193708.70,50491645.34
7110,48,159,2026-12-28,BUY,10910,468.28,23602.74,5132537.54
7111,49,204,2026-12-28,SELL,344039,642.30,998786.10,219977463.60
7112,1,395,2026-12-29,BUY,2681,7085.03,24316.98,19019282.41
7113,3,48,2026-12-29,BUY,36232,1177.18,88810.64,42740396.40
7114,4,519,2026-12-29,BUY,1946865,13.81,76175.33,26962380.98
7115,7,23,2026-12-29,BUY,24457,1688.21,63968.84,41352520.81
7116,10,380,2026-12-29,SELL,202407,106.38,70528.20,21461528.46
7117,12,219,2026-12-29,BUY,1876,2169.97,19102.09,4089965.81
7118,17,307,2026-12-29,SELL,187053,387.63,253322.37,72254032.02
7119,18,263,2026-12-29,BUY,512397,67.86,87229.24,34858489.66
7120,27,318,2026-12-29,BUY,4842,1285.13,5715.42,6228314.88
7121,28,426,2026-12-29,BUY,32005,406.84,45104.92,13066019.12
7122,37,514,2026-12-29,SELL,145132,78.85,56120.13,11387538.07
7123,42,341,2026-12-29,SELL,16709,4205.37,39172.05,70228355.28
7124,43,130,2026-12-29,BUY,148421,167.31,46816.34,24879133.85
7125,45,184,2026-12-29,BUY,123208,230.77,109500.78,28542210.94
7126,48,274,2026-12-29,SELL,87610,367.83,148878.81,32076707.49
7127,49,339,2026-12-29,SELL,73146,1190.11,393463.62,86658322.44
7128,4,4,2026-12-30,BUY,8499,832.79,20053.41,7097935.62
7129,5,1,2026-12-30,SELL,424516,233.96,472604.42,98847158.94
7130,17,226,2026-12-30,BUY,16078,1781.84,100090.35,28748513.87
7131,28,145,2026-12-30,SELL,11404,479.43,18939.34,5448480.38
7132,32,481,2026-12-30,BUY,19247,1094.72,80639.52,21150715.36
7133,36,123,2026-12-30,BUY,10862,1914.09,39432.03,20830277.61
7134,41,383,2026-12-30,BUY,1304,1260.33,4022.73,1647493.05
7135,45,158,2026-12-30,BUY,16668,1673.10,107400.02,27994630.82
7136,48,257,2026-12-30,SELL,20590,961.61,91471.83,19708078.07
7137,49,256,2026-12-30,SELL,161563,203.99,148962.75,32808273.62
7138,2,267,2026-12-31,SELL,1162,2267.77,8625.29,2626523.45
7139,3,48,2026-12-31,BUY,50297,1146.95,120120.29,57808264.44
7140,4,515,2026-12-31,BUY,277514,74.64,58686.93,20772331.89
7141,8,140,2026-12-31,BUY,2723,1653.38,10295.66,4512449.40
7142,9,407,2026-12-31,SELL,48186,644.29,25642.54,31020115.40
7143,11,60,2026-12-31,SELL,7468,2744.37,66434.07,20428521.09
7144,17,413,2026-12-31,BUY,32615,1186.11,135155.53,38820133.18
7145,24,230,2026-12-31,BUY,5709,1209.05,12265.96,6914732.41
7146,25,484,2026-12-31,SELL,9271,5257.53,68682.55,48673878.08
7147,28,51,2026-12-31,SELL,6220,2513.84,54163.97,15581920.83
7148,29,26,2026-12-31,SELL,22237,813.89,34883.24,18063588.69
7149,30,234,2026-12-31,SELL,13091,2083.04,57566.20,27211510.44
7150,34,499,2026-12-31,BUY,102286,352.59,78176.05,36143196.79
7151,37,172,2026-12-31,BUY,1138,4060.02,22658.14,4642960.90
7152,39,361,2026-12-31,SELL,14048,1272.44,11701.32,17863535.80
7153,41,169,2026-12-31,BUY,4031,335.17,3307.02,1354377.29
7154,43,33,2026-12-31,BUY,64584,627.48,76402.06,40601570.38
7155,45,176,2026-12-31,BUY,9398,3243.12,117380.90,30596222.66
7156,46,297,2026-12-31,BUY,9004,699.00,23541.47,6317337.47
7157,47,10,2026-12-31,SELL,16269,912.78,8971.06,14841046.76
7158,48,370,2026-12-31,SELL,30067,295.43,41037.11,8841656.70
